,,egauge33764,egauge18158,egauge9102,egauge20407,egauge16608,egauge28684,egauge8617,egauge13974,egauge18350,egauge24121
,,0,0,0.5,1,0,0,0.5,0,0,1
,,1,1,1,1,1,1,1,1,1,1
0.999637199897871,0.9999750908462014
0.9975224499654486,0.9999030347053991
0.9964443471963065,1.0000497789064215
0.9959862161792066,1.0001585668417063
0.9988080705355086,0.9999034266177895
0.9968894935370657,0.9998062257292742
0.9980925771484151,1.000282759578483
0.9964145933860031,0.9997412557921791
0.9966158059499803,0.9997973091294156
0.9970167527678788,0.9998346394238652
0.9963991383071257,1.00013646964678
0.9955188816002043,0.9999000779159436
0.9957402117607405,1.0001222012631106
0.9953042014286317,1.0003939475686336
,,egauge8617,egauge24121,egauge18350,egauge13830,egauge22271,egauge28684,egauge30039,egauge32290,egauge18544,egauge27467
,,1,0,1,1,0,0,1,1,1,0.5
,,1,1,1,1,1,1,1,1,1,1
0.9998104380976002,1.0001552618844658
0.9983847366938202,1.0012889554172402
0.9974682839675046,1.0022426175098467
0.997168768248554,1.002833277576671
0.9992591329260887,1.0007439591358012
0.998231210699809,0.9999151200822577
0.9987905454884192,1.0011040479628341
0.9979747694912545,1.0018971715696892
0.9973767075378214,1.0012180535556119
0.997672852054265,1.0012309916739144
0.9970775295743073,1.0025199817395098
0.9969887590103701,1.0021675663419474
0.9969151751345968,1.0032712876518757
0.9970408870229417,1.0031767767008923
,,egauge5198,egauge24121,egauge17073,egauge30039,egauge16608,egauge26086,egauge15623,egauge19821,egauge3167,egauge7692
,,1,0.5,0.5,1,1,0,0,0,1,0.5
,,1,1,1,1,1,1,1,1,1,1
0.9997448579409548,1.0001232916683964
0.9977236060068675,1.0009316311096723
0.9963249303061901,1.0011977837557016
0.9960512598326842,1.0015759517078016
0.9989192150581679,1.0005920653231022
0.9982184356930126,1.0002556345148157
0.9974376520339281,1.0009096021560875
0.9967563593523985,1.0016809749084132
0.9972524230839673,1.0013976556135227
0.9963235163652715,1.000670218255304
0.9958238669063388,1.0011653197384742
0.9956759211503733,1.0011121177419757
0.9958341735302234,1.0018601851948368
0.9959129071875921,1.001797472176021
,,egauge7692,egauge18350,egauge33764,egauge5198,egauge30378,egauge17073,egauge9102,egauge30039,egauge27467,egauge23534
,,0,0.5,1,0.5,0.5,0.5,0.5,0,0.5,1
,,1,1,1,1,1,1,1,1,1,1
0.9997733183887878,1.0001411443864041
0.997815251470422,1.001031454964226
0.9968397559663302,1.001675034610739
0.9965214468902226,1.002310354394948
0.9987502824914121,1.0000860635902102
0.9988671760409058,1.00054104028749
0.9978290304547238,1.0014439589102662
0.9976399377960947,1.0012340353411238
0.9965862877201451,1.0010778663905233
0.9962014367362775,1.0017049011318802
0.9965314653374352,1.0017329375591104
0.9964989584707534,1.0015464696894623
0.9964852377202462,1.0025510556282826
0.9960423933422478,1.0030361593636872
,,egauge22271,egauge5198,egauge20407,egauge23534,egauge7692,egauge15623,egauge19821,egauge18158,egauge18350,egauge17073
,,1,0.5,1,0,1,0.5,0,0.5,0,0
,,1,1,1,1,1,1,1,1,1,1
0.9997121869500855,1.0000750433721424
0.9973722635148502,1.0001990449150824
0.9954296540157538,1.0000612984657178
0.9945349274843811,0.9999461988069053
0.9987012357785172,1.0011441187223855
0.9980810220421992,1.0004926938302394
0.9973120929021958,0.99975247132096
0.996355123179396,1.0000978904679483
0.9973520980662366,1.0006744842333906
0.9956048338460073,1.000507610852266
0.9951793141815726,1.0000241501725093
0.9942931011232967,1.0001629054270351
0.9944121194186141,0.9999171134558444
0.9932194860846659,0.9998172471414501
,,egauge8617,egauge16608,egauge18544,egauge20407,egauge3167,egauge33764,egauge32290,egauge9102,egauge17073,egauge27467
,,0,1,0.5,0,0.5,0.5,0,0.5,0,0
,,1,1,1,1,1,1,1,1,1,1
0.9997332199770622,0.9999899177276432
0.9978208637568015,0.9996404250114874
0.9964575202150637,0.9994889940159465
0.9958342154359224,0.9993931338150559
0.9992361821310227,0.9999106213721518
0.9979723374137114,1.0008502582281205
0.999127099555643,1.0005413839782968
0.9968125176461253,0.9994437185470488
0.9977805128257708,0.9997459568797425
0.9964251613171785,1.000001303537707
0.9962397372567814,0.9994642448807958
0.9956489448329581,0.9994569320425457
0.9949378798914368,0.9993277373825739
0.9957384527259184,0.9993290195685137
,,egauge15623,egauge18158,egauge7692,egauge27467,egauge28684,egauge9102,egauge18544,egauge13974,egauge32290,egauge19821
,,0.5,1,0.5,1,1,1,0.5,1,0.5,0
,,1,1,1,1,1,1,1,1,1,1
0.9997599997785941,1.0001459908029797
0.9979790169392797,1.001216841494493
0.996562802811355,1.001487612304501
0.9957806051375923,1.0011930766756256
0.9984477845975972,1.0003278624456693
0.9971885007389697,1.0008615936775216
0.9977670656758046,1.0005915122557512
0.9979487476882529,1.0019061602600456
0.9978176061299519,1.0017641502429222
0.9965763120593175,1.0019323179459714
0.9965340289192319,1.0016034004929601
0.995573448007536,1.002152338392574
0.9954117426888761,1.0009187946103972
0.9950151614362488,1.0011074111277412
,,egauge17073,egauge15623,egauge30378,egauge9102,egauge22271,egauge13974,egauge4183,egauge3167,egauge28684,egauge33764
,,0.5,1,1,1,0,0,0.5,0.5,1,0
,,1,1,1,1,1,1,1,1,1,1
0.9997214379103404,1.0001197743229804
0.9980946206720676,1.0005775531963315
0.9974491333541633,1.0010612944703299
0.996755337733689,1.0013830274582771
0.9986037447074195,1.0004951657840606
0.9973327529716526,1.0008832709272157
0.996919714639348,1.0008477072319115
0.9973485098462406,1.0009153605574173
0.9972780004100444,1.0005085970362244
0.9963862142460373,1.0003113757220443
0.997338042361151,1.0011074995497802
0.9973679123466789,1.0012506850443448
0.9966177212654594,1.0017911242763253
0.9957976411284085,1.0013294724625772
,,egauge20407,egauge16616,egauge18158,egauge4183,egauge18350,egauge9102,egauge3167,egauge32290,egauge19821,egauge8617
,,0.5,0.5,0,0,1,0.5,0,1,1,0.5
,,1,1,1,1,1,1,1,1,1,1
0.9997420142275507,0.9999988156634948
0.9984152730121227,1.0006803677998137
0.9976007747626827,1.001233651159145
0.9971166173974848,1.0018664216466235
0.9984880973767084,0.9997507201669171
0.9983176279376698,0.9997893907297037
0.9967141820564109,0.9998402755125383
0.9981125218888328,1.0005165030918348
0.9981911215936545,1.0011253543779481
0.9969542706924903,1.0009661784246289
0.9975801964504074,1.0012129842145774
0.9967870581290361,1.0011586892780688
0.9966168527191647,1.0024133808344982
0.9966372839402566,1.0021237264198262
,,egauge32290,egauge5198,egauge18544,egauge15623,egauge18350,egauge3167,egauge33764,egauge4183,egauge17073,egauge13974
,,0.5,0,0.5,0,0,0,0.5,1,1,1
,,1,1,1,1,1,1,1,1,1,1
0.9997911668432913,1.0001108955030813
0.9981384679430899,1.001174145300999
0.9969633419391419,1.0024608735570373
0.9961019836309017,1.0033604753094014
0.9987385624347586,0.9998907046219819
0.9981363660215206,1.0000704773433344
0.9991329686020449,1.0007102724597752
0.9969190998069355,1.0010954030829622
0.9976543294929189,1.0011336339859924
0.997787129905729,1.0011008350553743
0.9965933665682459,1.0025643730445435
0.9966757339933914,1.0028793661352917
0.9955739021386623,1.0039668849226786
0.9951131701149255,1.0039729059991835
,,egauge19821,egauge16608,egauge30378,egauge3167,egauge16616,egauge28684,egauge24121,egauge13830,egauge9102,egauge5198
,,1,0.5,0,1,1,0.5,1,1,1,1
,,1,1,1,1,1,1,1,1,1,1
0.9997483764429053,1.00019439182729
0.9986674977141768,1.0016068812219296
0.9976937105049373,1.0025795737727257
0.9971015252938473,1.0030804755628555
0.9990204377069519,1.0009916044552314
0.9979194250158863,1.00055430412058
0.9969098393999019,0.9997240006833108
0.9986271062903654,1.0019984185707296
0.9980864330348711,1.0020404567426386
0.9981491878142899,1.0021301138571168
0.9974550374320048,1.0026209763457883
0.9973409451021178,1.0032666443353813
0.996642227477683,1.0033470687989645
0.9961966053139085,1.0035422510662937
,,egauge32290,egauge27467,egauge8617,egauge19821,egauge20407,egauge13830,egauge9102,egauge30039,egauge33764,egauge18158
,,0,1,0.5,0,1,0,0.5,0.5,0,0.5
,,1,1,1,1,1,1,1,1,1,1
0.9997251357389115,1.000009699942298
0.9973695430104965,0.9999765391901778
0.9957267795266297,1.0001575314919833
0.9944891696657604,1.0001255536909672
0.998777299356761,0.9998834338226693
0.9994587112998348,1.001424728071518
0.9986140895256721,1.0005139007545223
0.9966240737368248,0.9998500256386111
0.9966991229906975,0.9998147462208961
0.996346624714641,0.9999186652443728
0.995459934823182,1.000215330776141
0.9956699496808705,1.000371509158304
0.9939332402167439,1.0000601005924825
0.9932373491140944,1.0001683389598828
,,egauge9102,egauge27467,egauge13974,egauge20407,egauge16608,egauge18158,egauge24121,egauge28684,egauge15623,egauge18544
,,1,0,0.5,0,0.5,0.5,0,1,1,1
,,1,1,1,1,1,1,1,1,1,1
0.9997270251654435,1.0000578525207917
0.997907121270952,1.0004184184939968
0.9968451658306349,1.0009877098694968
0.9960248116514604,1.001583946546383
0.998931992238361,1.0004300801495725
0.9991552199330902,0.9999579462969854
0.9977617462595233,1.0005688706319118
0.9968244402144366,1.0000846138525654
0.9970254822091121,1.0005398670798216
0.9956422429126343,1.0004377216022744
0.9966066220513146,1.0008789508019797
0.9966960324700186,1.0015662647318024
0.9951427245320816,1.0018681825887878
0.9959503109004832,1.0021629086648995
,,egauge23534,egauge5198,egauge30378,egauge8617,egauge15623,egauge27467,egauge9102,egauge32290,egauge20407,egauge18544
,,1,0.5,0.5,0,1,1,1,0,1,1
,,1,1,1,1,1,1,1,1,1,1
0.9997387453522001,1.0000987323559287
0.9982190620873436,1.000619046974708
0.9969202848368988,1.0006599524227848
0.9962903642459893,1.0009355576112384
0.9988985659454546,1.0008592025494825
0.998061518000327,1.0005129383605111
0.9969025401317232,1.000226933150362
0.9979213088172745,1.000534318222886
0.9969693817292767,1.0009977908530758
0.997992659696654,1.0019578072879949
0.9966037455871813,1.0008004191444342
0.9963665752544634,1.0001931117030587
0.9956103384231884,1.0008263702883062
0.9962371311596582,1.0015569616157478
,,egauge5198,egauge7692,egauge4183,egauge13830,egauge3167,egauge24121,egauge22271,egauge20407,egauge30378,egauge17073
,,0,0,1,0,0,0,1,1,0,0
,,1,1,1,1,1,1,1,1,1,1
0.9997082639963709,1.0000124209141377
0.9971592517179756,1.0000375019464756
0.994864298297853,1.0002877849480745
0.9935518750946416,1.0000639565479639
0.9988673795104184,0.9999910327604087
0.9976724192081178,0.9999122721070893
0.9987367485371828,1.0008392404025053
0.9968468782641912,0.9999880074476447
0.997108853211333,1.0000071588747128
0.996218111447226,0.9998254578616652
0.9945977272192268,1.000688475143846
0.9938769407955758,1.000095267796365
0.9925787661373795,0.9999039895916102
0.9927884611397748,0.9999249443876634
,,egauge32290,egauge8617,egauge26086,egauge16616,egauge28684,egauge18544,egauge13974,egauge18350,egauge22271,egauge3167
,,0,0.5,0,0.5,0,0.5,0,0,1,1
,,1,1,1,1,1,1,1,1,1,1
0.9997820311303318,1.000047807966539
0.9985630795003081,1.0008188006169005
0.9974810299431737,1.001593894987785
0.9969651584586674,1.0024809493129139
0.9987434287195008,0.9998809191252341
0.9987407721981708,1.0005272089467163
0.9974887253045941,0.9999939426829825
0.9979742293470487,1.0007175720773926
0.9982560773335614,1.0007783063040103
0.9980717116650959,1.0013284952733996
0.9971437209578957,1.001536005472963
0.9973637603550101,1.0015510397883878
0.9964075907834998,1.0032109134609033
0.9969225372935916,1.0028994518436787
,,egauge28684,egauge30378,egauge13830,egauge18158,egauge15623,egauge26086,egauge3167,egauge30039,egauge8617,egauge18544
,,1,0,1,0.5,0,0.5,0,1,0.5,0
,,1,1,1,1,1,1,1,1,1,1
0.999767050359264,1.000124563144024
0.9980544632071199,1.0007508114691122
0.9971789455339923,1.0013102067194832
0.9970960916577164,1.001438372194482
0.9992840330539806,1.0007239497784086
0.9971112691438045,0.9996851142436856
0.9982217831710243,1.001510314576288
0.9973554875709475,1.0007811822988535
0.9968251535444379,1.0006580458068213
0.996890491497146,1.0014961892514715
0.9970555528091951,1.001289537907181
0.9961569709234817,1.0020820827849546
0.9970453650492976,1.0016132341839796
0.9970321516864702,1.001395524858471
,,egauge4183,egauge9102,egauge24121,egauge28684,egauge13974,egauge18350,egauge18544,egauge7692,egauge30039,egauge26086
,,0,1,0.5,0,0.5,0.5,0,1,0.5,0
,,1,1,1,1,1,1,1,1,1,1
0.9997677510675914,1.000051920623906
0.9982650721983952,1.0005612529339047
0.9972814286003084,1.000927749107413
0.9963780647646765,1.001023853097146
0.9993259647394613,0.9998807759427969
0.9982547177479818,1.0007874509118504
0.9980604332596283,1.0002255724280495
0.9979926348979647,1.0005308910735597
0.9974482862374667,1.0007921040399903
0.9974007494689304,1.000935424021925
0.9972485162650756,1.0009112214413125
0.9972281327880775,1.0014205075121783
0.9960844020256204,1.0012353706589923
0.9952720864082772,1.0008953869459019
,,egauge24121,egauge30378,egauge5198,egauge7692,egauge18544,egauge17073,egauge19821,egauge13974,egauge20407,egauge18158
,,0,1,0.5,0,1,1,0.5,0,0,0.5
,,1,1,1,1,1,1,1,1,1,1
0.9996580399445094,1.0000053711570593
0.9974850434172358,1.0000774232328402
0.9952507243565231,0.9998485370624349
0.9938942996867047,0.9996631868302833
0.998894746988427,0.9998715704468653
0.9970295013779497,1.0006595285437
0.9979427414177184,1.0004399213846147
0.9972780387535872,1.000016736397324
0.9974455235579487,1.0006216538341557
0.995764913201413,1.0015508640979938
0.995008640950888,0.9999145699050813
0.9942629110232838,0.9996133723421762
0.9930936951747414,0.9994379030384057
0.9924634522407566,0.9997406626184979
,,egauge16616,egauge13830,egauge20407,egauge30378,egauge18350,egauge30039,egauge18158,egauge16608,egauge33764,egauge9102
,,0,0,0,1,0.5,0.5,0.5,0,0,1
,,1,1,1,1,1,1,1,1,1,1
0.9996614462503969,0.999961928683662
0.997427986246079,1.00039054182662
0.9952809284656373,1.0004674437688743
0.9944111142610931,1.000614728242307
0.9988847246899406,0.999844266494398
0.9981645026573147,0.9998840524153526
0.9962778360670079,0.999558313700569
0.996805453478497,1.0007347253344512
0.9972566012865123,1.0005727218482936
0.996427329990452,1.0009188103913806
0.9947968854904548,1.000467443767458
0.9943355228247921,1.0003497590126216
0.9938552379808221,1.0005637899652275
0.9937741903704104,1.0009456462662818
,,egauge20407,egauge30039,egauge26086,egauge7692,egauge32290,egauge27467,egauge33764,egauge18544,egauge22271,egauge19821
,,1,0.5,0.5,1,0.5,0.5,0.5,0,0.5,0.5
,,1,1,1,1,1,1,1,1,1,1
0.999704971572468,1.0001004220716037
0.9981988019336576,1.0008922363633082
0.9969732495144157,1.0015378382279805
0.9959747001700971,1.0020509476972248
0.9985299863767326,0.9999394957944223
0.9978664864205166,1.0006983206914455
0.9975271435504387,1.001049232462395
0.9979898212945278,1.0013550090108387
0.9976669151817885,1.0005278949695233
0.9980063250934061,1.0015300613908373
0.9968622215470645,1.0016453611695892
0.9968667039896424,1.001494985861904
0.9952660326035885,1.002400996652625
0.9953472164789419,1.002403968942292
,,egauge17073,egauge18350,egauge26086,egauge22271,egauge28684,egauge32290,egauge18544,egauge30378,egauge20407,egauge24121
,,0,0,0,0,0,0,0.5,0,1,0.5
,,1,1,1,1,1,1,1,1,1,1
0.9996393143370754,0.9999384831626257
0.9972647547621396,0.9994912434454367
0.9954697778693095,0.9993762610679967
0.9945744146984035,0.9993187698553896
0.998423335287985,0.9998422533895579
0.998849765888463,0.9998762100785236
0.9974295183873512,0.9998931705628377
0.9963853536076643,0.9994204920412022
0.9970296163668806,0.9994377960720807
0.9962851233580268,0.9993249203731867
0.9954410413204918,0.9994546324234729
0.9940362427432554,0.9991091877801634
0.9939029900460838,0.9991879986026599
0.9938874925789467,0.9994149509556585
,,egauge23534,egauge28684,egauge16616,egauge15623,egauge9102,egauge33764,egauge18544,egauge18350,egauge26086,egauge32290
,,1,0,0.5,1,1,1,0,0.5,0.5,0
,,1,1,1,1,1,1,1,1,1,1
0.9997660646825016,1.000083701904006
0.9981269752452602,1.0007164784761355
0.9971875404532453,1.000679859997382
0.9962358861844695,1.0005587013104529
0.9989012572448349,1.000856543345769
0.9987216860790096,1.0000416318891094
0.9982100556514611,0.9998806069541336
0.9969892826148863,1.0010810571428364
0.9975552592739552,1.0010304024906438
0.9963788047745417,1.001822128190483
0.9971546317658712,1.0006633371698896
0.9969752300757094,1.0008618463983574
0.995476404780519,1.000886286218969
0.9955911658701574,0.9998775969991001
,,egauge18158,egauge18350,egauge18544,egauge8617,egauge7692,egauge28684,egauge33764,egauge5198,egauge27467,egauge13830
,,1,0.5,0.5,1,1,0.5,1,0.5,0,1
,,1,1,1,1,1,1,1,1,1,1
0.9998529762391521,1.0001996743308548
0.9987662977015505,1.0016597388474764
0.997788310442417,1.0025246751330386
0.9973804542888565,1.0028820152352014
0.9984483652371442,1.0005748254269915
0.99893326279622,1.0005806760164242
0.999148306561149,1.0007991142066868
0.998651697358205,1.0022174810539595
0.9980724424054086,1.0021261640542578
0.9981145031950249,1.0021819973286503
0.9974179719550719,1.0027814196233888
0.997210170521265,1.0027499831450433
0.9972717253827948,1.0028528289320466
0.9968583849430747,1.0035862975883445
,,egauge19821,egauge15623,egauge13974,egauge7692,egauge16608,egauge13830,egauge32290,egauge28684,egauge24121,egauge3167
,,0,0,0.5,0.5,0.5,0.5,0,1,0.5,0.5
,,1,1,1,1,1,1,1,1,1,1
0.9997350570152101,1.0000439906464
0.9981271220884759,1.0004199802898934
0.9973710436733839,1.0004354950409862
0.9968934070555477,1.0005239753145072
0.9988488803521665,0.9999760403624856
0.9972659334641996,0.9999431757282837
0.9977749334449881,1.0005529490760703
0.9980195518987763,1.000612290404925
0.9972298974268347,1.0006021666405933
0.9966666138321203,1.0009710847028253
0.9971513657501005,1.0001711823055994
0.9971065606667635,1.0010136728157708
0.9963720654567555,1.000584521642742
0.9968614434828994,1.000679808813117
,,egauge18544,egauge13830,egauge27467,egauge3167,egauge20407,egauge32290,egauge17073,egauge18158,egauge23534,egauge15623
,,0,0.5,1,1,0.5,0.5,0.5,0.5,1,0.5
,,1,1,1,1,1,1,1,1,1,1
0.9997608901652748,1.0000903549025721
0.9974524720344632,1.0003295531803136
0.9956007010987868,1.0009985437597266
0.9950986798788756,1.0014757454236995
0.9993769805816364,1.0000467736844731
0.9982786918850132,1.0007103145246448
0.9994515040521035,1.0016031250096822
0.9974625558517519,1.0007040922390624
0.9967673297215778,0.9999426804795674
0.9964918137529974,0.9996064582277291
0.9951451828764613,1.0011266657030535
0.9944639154415995,1.001041373157937
0.9945495666143588,1.0019820390193228
0.9942632017153858,1.0016364685424062
,,egauge8617,egauge16608,egauge20407,egauge4183,egauge24121,egauge26086,egauge22271,egauge18158,egauge30378,egauge16616
,,0,0.5,0.5,1,0.5,0,0,0.5,1,0.5
,,1,1,1,1,1,1,1,1,1,1
0.999676575777461,0.9999822972868831
0.9974357171222161,1.0001482786824443
0.9957741679618011,1.0002331562604532
0.9947582004740084,1.0003291973256034
0.9992733727102634,0.9999035545425539
0.9978235891152069,1.0002902023728835
0.9971752020765773,0.9995482956368782
0.9973147311592135,1.0004822395010482
0.996951981061767,1.0001440904820835
0.9959380735493879,1.0000518125083142
0.9954908916378271,1.0002125137249371
0.9953912757139612,1.000265248875025
0.9938053236202073,1.0005474998891566
0.994460724642819,1.000168752437595
,,egauge7692,egauge4183,egauge27467,egauge30378,egauge18350,egauge18544,egauge16608,egauge17073,egauge23534,egauge19821
,,1,1,0,0.5,0.5,0.5,0,0,1,0
,,1,1,1,1,1,1,1,1,1,1
0.99975636968984,1.0001039004136767
0.997660300975941,1.0005936242396687
0.9956736755605713,1.0008605491004858
0.9948034501826221,1.001277198087245
0.998805254809787,1.0005961795004583
0.9988155919107162,1.000903457513158
0.999150282831287,1.0000071604855496
0.9964649085200632,1.0006442341001505
0.9974989510955039,1.0007577245116361
0.9976123469887844,1.0010765666476995
0.995307163142558,1.0008109719710305
0.9943564427654861,1.0007321077267264
0.9942545283410449,1.0018091926859953
0.9941556117027897,1.0011915240429508
,,egauge3167,egauge13974,egauge18158,egauge13830,egauge27467,egauge19821,egauge8617,egauge7692,egauge18544,egauge5198
,,0.5,0,0.5,0,1,0,0,1,0,1
,,1,1,1,1,1,1,1,1,1,1
0.9998056019591028,1.000081372264005
0.9988649053630362,1.0008456951585645
0.9982001919702332,1.0013543982017552
0.9976604759890098,1.0016108726472934
0.9995455342764498,1.0002637047698364
0.9977528110819038,0.9998326645885909
0.9968501277106092,1.00035985735627
0.9980878656947321,1.0007950762634552
0.9988189733192351,1.0015448528614124
0.9974896663342665,1.0007078890703291
0.9981384161715099,1.0013254606371473
0.9971450389460801,1.0018474049757926
0.9975879628605334,1.00158173005617
0.9967549560467682,1.0020825751808133
,,egauge26086,egauge9102,egauge16608,egauge13830,egauge8617,egauge20407,egauge30039,egauge30378,egauge4183,egauge23534
,,1,1,1,0,0,1,0.5,1,0,1
,,1,1,1,1,1,1,1,1,1,1
0.9996837315863866,1.0001307773760422
0.9976316386857987,1.0003685382519607
0.9962298432909623,1.0010454834083489
0.9957592207412347,1.001365787253849
0.9986797096421425,1.0010899635998398
0.9981484185471315,1.0008426653051041
0.9977323956849866,1.001098950472794
0.9969528972152206,1.0003179478816422
0.9975509587669541,1.0002875965558728
0.9955874703242008,1.0000220891745144
0.9961024813078256,1.0011570775182577
0.9949860383939061,1.0014096916130522
0.9956507008778517,1.0012346992767944
0.9950801636962003,1.0021484450776228
,,egauge30039,egauge23534,egauge19821,egauge32290,egauge3167,egauge8617,egauge18158,egauge17073,egauge24121,egauge7692
,,1,0.5,0,0.5,0.5,1,1,1,1,0.5
,,1,1,1,1,1,1,1,1,1,1
0.9997333638694752,1.000169140276328
0.9980730259113649,1.0011788390403098
0.9965601831250568,1.0020858815237388
0.9963055309333859,1.0022772215678606
0.9987372910566706,1.0009602243286941
0.9979790639894126,1.000829189368186
0.9978269662063757,1.0000160827052194
0.9975687658181049,1.0008051530123556
0.9980528438897549,1.001351056173944
0.9977525144276165,1.002242773568512
0.9961328898590076,1.0022214984693987
0.9955070845905235,1.0029798575093478
0.9960739053152678,1.0023647298841878
0.9960551015340867,1.0024864056436815
,,egauge18158,egauge22271,egauge8617,egauge32290,egauge30039,egauge24121,egauge28684,egauge18544,egauge15623,egauge13974
,,0,0.5,0,1,1,1,0,0.5,0.5,0.5
,,1,1,1,1,1,1,1,1,1,1
0.9997336914974452,1.0000815355467307
0.9974795421273855,1.000778535159707
0.9961439274766926,1.0011528080939425
0.9949246934733672,1.001402714806493
0.9983234401787711,0.9999123926730114
0.997794691504854,1.0010383836309815
0.9986619527497416,0.9999318289221384
0.9970260014621263,1.0007076760169813
0.996512577810709,1.001514534012323
0.9964996614688302,1.0010750347601194
0.9960823025537417,1.001136276035096
0.9960587729082848,1.0014527595234957
0.9940437505293545,1.0015119904935612
0.9941812496384587,1.0016598788800626
,,egauge17073,egauge20407,egauge13830,egauge23534,egauge27467,egauge4183,egauge22271,egauge5198,egauge8617,egauge30378
,,1,0,0.5,0,1,0,0,1,1,1
,,1,1,1,1,1,1,1,1,1,1
0.9997044665663909,1.0000856964768106
0.9981080096650193,1.001009575072164
0.9967884861232763,1.0018138277220205
0.9959115362247402,1.002378489188457
0.9987182035187805,1.000963864184758
0.9966786931182933,0.9995758289115194
0.9981665834089261,1.0007493229558466
0.9975533333575134,1.0009191167131273
0.9980676449760699,1.0016987250139675
0.9978193581243434,1.000662025951679
0.9965048682058719,1.001784874466728
0.9964631971949307,1.0022856430538913
0.9958681169538189,1.0027724665179172
0.9945090709140358,1.0027432704438488
,,egauge3167,egauge27467,egauge30039,egauge17073,egauge18158,egauge32290,egauge15623,egauge16608,egauge20407,egauge8617
,,0,0.5,0,0,0.5,0,0,1,0,0
,,1,1,1,1,1,1,1,1,1,1
0.9997334954985904,0.999953972209083
0.9973674342352945,0.9996110402664369
0.9962837869627802,0.9993951033139349
0.9955885669972163,0.999222600776948
0.9994128923857107,0.9999195026872353
0.9994700956214467,1.0005417229718945
0.9976858272264061,0.9998684319865899
0.9961190152584377,0.9994796355826503
0.9962899510999367,0.999642977286705
0.9963493070995086,0.9994953502887783
0.9961389398478037,0.9993786055622655
0.9953372524077392,0.9996940496794774
0.9945780843812156,0.9990918444037211
0.9954396554941332,0.9991264524518217
,,egauge28684,egauge9102,egauge3167,egauge16608,egauge32290,egauge22271,egauge30378,egauge17073,egauge18158,egauge5198
,,0,0,1,1,0,0,1,0,1,0
,,1,1,1,1,1,1,1,1,1,1
0.9997412452006101,1.000028859631717
0.9975802278509143,1.00014485657433
0.9958949328576605,1.0004538609633207
0.9952150493014411,1.0006331257099452
0.9992571920625759,0.9999967771827678
0.9981859231455297,0.9999507531890478
0.9992112369313402,1.000854961978207
0.996839353377668,1.0006003210706342
0.9970460434401924,0.9995360276589633
0.9961455091145833,1.0000198484079055
0.9956420363057433,1.0005942934972991
0.9945773581333003,1.0003254812804785
0.9944637089569303,1.0008750592491682
0.9951831494146093,1.0006117218607362
,,egauge30378,egauge16616,egauge30039,egauge15623,egauge27467,egauge18350,egauge13974,egauge24121,egauge7692,egauge26086
,,0,0.5,0,0.5,0.5,0.5,0,0.5,0,1
,,1,1,1,1,1,1,1,1,1,1
0.9997144604205188,1.000022338923223
0.9979396233899349,1.0007101053434992
0.9962825734525623,1.0011258859037275
0.9955644388086283,1.0016584459299143
0.9982980146152685,0.9997869721421567
0.9983083795406403,0.9998357557340415
0.9976668364297586,0.999861446942407
0.9967104763982727,1.0008803031787792
0.9977993084699792,1.0010341573068533
0.9970545640155981,1.0010384914413664
0.9959621683070186,1.0010638959818023
0.9954210337842789,1.0010830542387472
0.9954631762427858,1.0016001594711645
0.9945125845668469,1.0026346464658518
,,egauge5198,egauge20407,egauge18544,egauge9102,egauge7692,egauge17073,egauge30039,egauge18158,egauge16608,egauge33764
,,0,0.5,0.5,1,0,0,0,0,0,0
,,1,1,1,1,1,1,1,1,1,1
0.9997101146544988,0.9999570964219089
0.9974809276924507,0.9997123225869163
0.9955141370525488,0.999565168927515
0.9944539740486128,0.999494863259248
0.9988814249128576,0.9999330832147869
0.9974346966816947,0.9995975851760199
0.9990863603000594,1.0005145434050682
0.9968763123475085,0.9999588642353235
0.997367398097097,0.9996603244642228
0.9951199141018825,0.9995113155946309
0.9953212201098806,0.999548667856459
0.9941971652588182,0.9994796680257121
0.9938187140988288,0.9994730607009094
0.9936155164047578,0.9994093694676308
,,egauge33764,egauge8617,egauge16616,egauge28684,egauge13830,egauge19821,egauge22271,egauge20407,egauge30039,egauge3167
,,1,0.5,0.5,1,0,1,0.5,1,0,1
,,1,1,1,1,1,1,1,1,1,1
0.9997432059443842,1.0001290718007327
0.9977980534302447,1.001035319319139
0.996353618694326,1.0013408255558531
0.9960586183905847,1.0014690891586755
0.9987517321224411,1.000775347475213
0.9987553730732515,1.0005916035468159
0.9981747132981262,0.9999186902155156
0.997445123433798,1.0016129309847481
0.9972289724601179,1.0010049404538486
0.9967218220838724,1.0022902494713701
0.9959510642803169,1.0015310327713478
0.9953114000141966,1.0011791226112308
0.9953643299028064,1.0013452676901562
0.9957394096296474,1.0018656466607925
,,egauge8617,egauge18544,egauge16616,egauge24121,egauge23534,egauge20407,egauge16608,egauge32290,egauge17073,egauge18350
,,0,0.5,0.5,0.5,1,0.5,1,1,0.5,0.5
,,1,1,1,1,1,1,1,1,1,1
0.9997382710526325,1.0000386001954757
0.9974480614187168,1.000365308097556
0.9959545112419915,1.0008690161018179
0.9952617721519054,1.0011893372794625
0.9992430231641194,0.9999637440657627
0.9991408722510835,1.0005984904892289
0.9982454708521902,0.9998325538962225
0.996910121179698,1.0003940321983893
0.9967678586033261,1.0009851991920273
0.9955444603637803,0.9998703528156418
0.9956219175917301,1.0010530937757678
0.9954333266780476,1.0007787149581182
0.9945724966384658,1.0014370068984866
0.995091658035762,1.001374257378829
,,egauge26086,egauge30378,egauge7692,egauge33764,egauge9102,egauge32290,egauge18350,egauge18158,egauge3167,egauge15623
,,0,0,0,0.5,0.5,1,0.5,0.5,0.5,1
,,1,1,1,1,1,1,1,1,1,1
0.9997439600361199,1.0000317270703725
0.9980389242971421,1.0006291869690103
0.996721277191891,1.00110463668417
0.9957552457144033,1.0014443106156379
0.9986534611644003,1.0000086431445254
0.9970791764229123,0.9996097056984228
0.9975346916951174,0.9999247946627215
0.9973533055223608,1.0008924352019166
0.9973835303395752,1.0007709157280322
0.9967380331265003,1.0004940558596223
0.996560960721958,1.0011873019353938
0.9959736959427588,1.0011474714624875
0.9955382360812489,1.0015681646048988
0.9944591094328269,1.0018398908001989
,,egauge5198,egauge15623,egauge17073,egauge4183,egauge22271,egauge19821,egauge20407,egauge9102,egauge18544,egauge13974
,,1,0,0,1,1,0.5,0.5,1,1,0.5
,,1,1,1,1,1,1,1,1,1,1
0.9997049284150313,1.000134644649396
0.9974239545849923,1.0012770966649966
0.9958397987559935,1.001601921996823
0.9952436576637672,1.0021279236251894
0.9989041831535145,1.000594817865627
0.9973182562032722,1.0000288849787797
0.9971724510246639,0.9998987392739886
0.9972626499253399,1.001603488191754
0.9966482411322897,1.002276239537481
0.9961947436073303,1.001924389780199
0.9954497986495064,1.0013125506849994
0.9950530572678455,1.001977093215506
0.9952075034269715,1.0025509740958807
0.994245244110935,1.0023853077526184
,,egauge19821,egauge24121,egauge28684,egauge18158,egauge16616,egauge5198,egauge9102,egauge30378,egauge3167,egauge32290
,,0.5,1,1,0.5,0,0.5,0.5,0.5,0.5,0.5
,,1,1,1,1,1,1,1,1,1,1
0.9997300024248208,1.000042537181451
0.9979563018531461,0.99981958443447
0.9963775300066158,0.9997902403895811
0.9960276252201232,0.9996688527152557
0.9989852851322016,1.0003980793582943
0.9982092515129946,1.00056126950469
0.9986253771390129,1.0012492798757577
0.996790680866206,0.9999341156694626
0.9975661457070992,0.9995497175933636
0.996847170557345,1.0001862349425492
0.9960694090159629,0.999839760642436
0.995080429848175,0.9998330087002021
0.9959986746013114,0.9997851759311277
0.995485133737723,0.9993533909636042
,,egauge18544,egauge4183,egauge33764,egauge16616,egauge15623,egauge13830,egauge5198,egauge18350,egauge26086,egauge3167
,,1,0,0,0.5,1,1,0.5,0,1,1
,,1,1,1,1,1,1,1,1,1,1
0.9997791445736801,1.0001498763577978
0.998307615758632,1.0014370965606816
0.9975464323915298,1.0023368637967462
0.9969605342383027,1.0031527192599885
0.999516935584327,1.0007899836480643
0.9988508842515436,0.9998428542632599
0.9978051948394485,1.0000407865684247
0.9976117000793392,1.001315536502409
0.9972209555460546,1.0018019855219398
0.9972894224293932,1.0026464128524146
0.9975052794241099,1.0024113700274602
0.997354538955206,1.0022939710032672
0.9963450804562844,1.003832082775324
0.9967199539384177,1.0035178335668542
,,egauge9102,egauge18158,egauge5198,egauge24121,egauge16608,egauge8617,egauge26086,egauge18350,egauge27467,egauge23534
,,0,0,1,0.5,0,0.5,1,1,0,0
,,1,1,1,1,1,1,1,1,1,1
0.9997658143806608,1.0000646214439637
0.997922546158549,1.000687031722656
0.9967128075232911,1.0013880255615069
0.9960006358110657,1.0012855490335963
0.9989327191086107,1.0000244630814357
0.9969530411970232,0.9998859211689377
0.9980102205744997,1.001003463697798
0.9972627585410269,1.0007497887036438
0.996985270045417,1.0005820031301418
0.9977686078737875,1.0010891173462848
0.9964004550748881,1.001764408521209
0.9966488963990607,1.0018059890832247
0.9958920849874959,1.0012491350903017
0.9949694699106751,1.0011677505002003
,,egauge27467,egauge18350,egauge9102,egauge26086,egauge13974,egauge8617,egauge30039,egauge3167,egauge17073,egauge19821
,,0.5,0.5,0,0,0.5,0,1,1,1,0.5
,,1,1,1,1,1,1,1,1,1,1
0.9997440004459863,1.0001644098096107
0.9978391771851552,1.0014252212882713
0.996739245597,1.0028849151771746
0.9958298422932907,1.0036433445621773
0.999658847071003,1.000513362428737
0.9988484985478935,1.000564316734768
0.9980992766631898,1.0000997048288534
0.9970530113675786,1.0012870632347424
0.9968961580136646,1.0016485200185716
0.9976894893770283,1.0012899630972254
0.9966241376950399,1.0031915000496399
0.9966966358858176,1.0033036169765166
0.9953019311195204,1.00425727007113
0.9950855979519149,1.0040086696184316
,,egauge5198,egauge19821,egauge13974,egauge9102,egauge18158,egauge18544,egauge24121,egauge27467,egauge4183,egauge26086
,,0.5,0.5,1,0.5,0,0.5,0.5,0,0,1
,,1,1,1,1,1,1,1,1,1,1
0.9997473407725979,1.0001059245530972
0.9982702969514856,1.000492034259089
0.9971081844923765,1.0008816780558571
0.9963766213299626,1.0013243371591987
0.9989278146065713,1.0003298163388663
0.9983512704499167,1.0007829336299232
0.99776813087324,1.0014093119810876
0.997493803744115,1.0006208403707724
0.9970879034640678,1.0002087645530569
0.9980498716578259,1.0009555926893103
0.9967751339868812,1.000869282903045
0.9970122767500361,1.0008281547501572
0.996260782899014,1.001178693488546
0.9953237488075614,1.0022786824850685
,,egauge22271,egauge27467,egauge30378,egauge4183,egauge13830,egauge19821,egauge33764,egauge26086,egauge23534,egauge28684
,,0,0.5,0.5,0,0.5,0,0.5,1,1,0
,,1,1,1,1,1,1,1,1,1,1
0.9997009136910143,1.0001265029609951
0.9976683366148986,1.0011104341029056
0.9961123155254291,1.0021923366339818
0.9955573692728004,1.0026031707867407
0.9986341438431318,1.0000606540021622
0.9994153708958416,1.0007711675701574
0.9968455498235984,1.0002548718588318
0.9974868205845853,1.000948424272664
0.9970146187535576,1.001383965748095
0.9963984626593704,1.000955914186777
0.9957567468011544,1.002308220966082
0.9952297030794723,1.0030714554855917
0.9951307879749436,1.003092177830444
0.9951533183861581,1.0025709906633045
,,egauge13974,egauge17073,egauge8617,egauge16616,egauge18158,egauge32290,egauge22271,egauge18350,egauge28684,egauge26086
,,0.5,0.5,0,1,0,1,0,1,0,0
,,1,1,1,1,1,1,1,1,1,1
0.9997273526113442,1.0000399529480457
0.9979140975335329,1.0001801319902943
0.9965273243742903,1.0003549728093195
0.995796028163538,1.0003165851213134
0.9987404372540397,1.000294482600333
0.9975479059653388,1.0007732512288696
0.9986643596027803,0.9998902536819116
0.9976996373566642,1.0005138720082631
0.9970915614310965,0.9999070764526837
0.9966666441702817,1.0000450725712198
0.996120578694125,1.0003301983214332
0.9964314826943993,1.0007724267717466
0.9955283846537938,1.0002947613698432
0.9949668438078484,1.0002844917510878
,,egauge22271,egauge8617,egauge33764,egauge18350,egauge3167,egauge5198,egauge17073,egauge20407,egauge18544,egauge9102
,,0,0.5,1,0.5,0,0.5,0,1,0.5,0.5
,,1,1,1,1,1,1,1,1,1,1
0.9997632476030277,1.0000739086518422
0.9982327112308365,1.0003341252540892
0.9966536991425419,1.000421376955065
0.9961321117721114,1.0006812587142548
0.9987175239677434,1.000014395981201
0.9987460279026517,1.0005337844340183
0.9978421075106401,1.0013778540329068
0.9981217012107869,1.0004859263911523
0.9981822485489035,1.0003037715425707
0.9968829662337423,1.0007396355751952
0.9963413689880878,1.0003718255399165
0.9956536124490024,1.0002609145883978
0.9960886812654554,1.0008778077393106
0.9953238497409865,1.0008311244458379
,,egauge20407,egauge13830,egauge30039,egauge8617,egauge23534,egauge28684,egauge33764,egauge26086,egauge30378,egauge17073
,,0.5,0,0.5,0.5,0.5,0.5,0.5,0,1,0
,,1,1,1,1,1,1,1,1,1,1
0.9996650967629522,1.00001573177357
0.9974985019664009,1.0005955666673323
0.9955572691889342,1.0007857513821046
0.9942627420391443,1.0009266869614315
0.9984449403815797,0.9997489316553566
0.9981677693326566,0.9999557882443958
0.9977265525626843,1.0006402740653226
0.9973815355197057,1.0008385494431362
0.996882625688729,1.0009297037764382
0.9968024106030995,1.0010882512369634
0.9954546369559553,1.000893178847123
0.9947283205046076,1.000625219925984
0.9933104227513295,1.001174279608178
0.9934986782316739,1.000798235554063
,,egauge18544,egauge22271,egauge24121,egauge30039,egauge28684,egauge9102,egauge33764,egauge32290,egauge13974,egauge30378
,,1,0.5,0.5,0.5,0.5,0.5,1,0,0,0
,,1,1,1,1,1,1,1,1,1,1
0.9996972725682923,1.000049875613228
0.9973996088881922,1.0000933214539371
0.995591608260353,0.9997833781595996
0.9942591497222811,0.9995660768028524
0.9994348485568433,1.0006819659249013
0.9977644033664602,1.0010101458446994
0.998061448771677,1.0002201012582144
0.9970972218061986,1.0003665247048799
0.9972383088560614,1.000336160122127
0.9959786965924801,1.0003259965238434
0.9954930767968295,0.9999897489944267
0.9950387717875993,0.9994262405613615
0.9935663426141065,0.9994643325731087
0.9930496214213443,0.9993523566948149
,,egauge9102,egauge26086,egauge3167,egauge7692,egauge30378,egauge17073,egauge18350,egauge16616,egauge20407,egauge13830
,,1,0,0,0,0,0.5,1,0.5,1,0.5
,,1,1,1,1,1,1,1,1,1,1
0.9996875394698468,1.0000300163145766
0.9976253943569265,1.0002199984787687
0.9964794449935345,1.0004544680544918
0.9952975651026227,1.000544159540601
0.9988972003188978,1.0003941926103481
0.9976249854062718,0.9999781542760321
0.9991249579488513,0.9999658537595703
0.9975245476150703,1.0001491860821865
0.9962659900422561,0.999946930070977
0.9960872907360783,1.0008186645092527
0.9963561543101319,1.0006072940467217
0.9962024507968037,1.000347482206164
0.9944884021147868,1.0004224819865064
0.9945113296222997,1.0008760225857825
,,egauge30378,egauge13830,egauge5198,egauge13974,egauge19821,egauge17073,egauge27467,egauge8617,egauge32290,egauge4183
,,1,1,1,0,0.5,1,0.5,1,0,1
,,1,1,1,1,1,1,1,1,1,1
0.9997295157986001,1.0001729080640827
0.997991216500621,1.0010081734789804
0.9974958331802822,1.0013736718301989
0.9969195030188442,1.0011947065298457
0.998320682652959,1.0005367410398047
0.9983155815741456,1.0014653159783562
0.9980056053116508,1.001115236231625
0.9970236606170759,1.0008205055904682
0.997285488307327,1.001352608181251
0.9964517268159337,1.0026348246183125
0.9974752574271594,1.0015059859913085
0.9970871947414147,1.0019632168654966
0.9961977417231688,1.0007070716241395
0.996376435458883,1.0016155705716905
,,egauge23534,egauge16608,egauge18544,egauge33764,egauge13830,egauge8617,egauge19821,egauge20407,egauge4183,egauge18158
,,1,1,0.5,0.5,0.5,0.5,1,0,0.5,0.5
,,1,1,1,1,1,1,1,1,1,1
0.9997091368641431,1.0000854071578158
0.9976323540258035,1.0004463639945749
0.9959206850204186,1.0005287924876607
0.9950761870721038,1.00055439280634
0.998834147353104,1.00084063952494
0.9979093124092011,1.0009759175008865
0.9991063764277714,1.0006722174040361
0.9968954676752837,1.0005981852588643
0.9970803759056849,1.0007298076321751
0.9974737763485245,1.0007347770606543
0.9957071468551469,1.0007022900959683
0.9949957995794819,1.0001971951613142
0.9949894394855472,1.0005822764492625
0.9937103217841821,1.0006270402296535
,,egauge16616,egauge7692,egauge30378,egauge18158,egauge3167,egauge22271,egauge18544,egauge13830,egauge5198,egauge4183
,,1,0.5,0,0.5,0.5,0,1,1,0,0.5
,,1,1,1,1,1,1,1,1,1,1
0.9997956601634724,1.0000973629876824
0.9987464488620486,1.000896454173025
0.9981046112030688,1.0017039836389108
0.9974609924699831,1.001767877042736
0.9990445430701517,1.0005493195683284
0.9979058897577879,1.0005172417358708
0.9969187378519269,0.9996300296885796
0.9975075582268289,1.0009369560597716
0.9986959554653514,1.0010686138927956
0.9968283214995034,1.0007612804063646
0.9980634309977112,1.0019522032887653
0.9975848451019997,1.002347415059247
0.9968451731736926,1.0017533027972791
0.9972904334977761,1.0018964950171119
,,egauge28684,egauge32290,egauge26086,egauge27467,egauge13974,egauge20407,egauge24121,egauge13830,egauge8617,egauge3167
,,1,0.5,0,0.5,0,0,1,0,0.5,0
,,1,1,1,1,1,1,1,1,1,1
0.9997059877292014,0.9999991630456213
0.9977986885261378,0.9999688448394811
0.9969745309239202,1.0001340971287072
0.9968662153538063,1.0001980839309876
0.9992376488886843,1.0005756154430003
0.9978127647718861,0.9998178002684817
0.9974289411774222,0.9999507765428293
0.997748251789031,1.000231887683007
0.9969118796895676,0.9997059650164296
0.9954384112155342,0.9993326715262242
0.9968090846700101,1.0002290545451296
0.9961548207022818,1.0000699266634316
0.9967865266988913,1.0003072041957042
0.9968022927789345,1.000144603836821
,,egauge24121,egauge18544,egauge30039,egauge13974,egauge17073,egauge16608,egauge22271,egauge13830,egauge16616,egauge26086
,,1,0.5,0,0.5,0,1,0.5,0.5,0,1
,,1,1,1,1,1,1,1,1,1,1
0.9997321950563783,1.000101301953245
0.9975517979222174,1.000965260317365
0.9963562152611682,1.0016452287154682
0.9957191037630615,1.0018896753006652
0.9989123304663869,1.0003801074914065
0.9991081302829041,1.0006531184341974
0.9977596993303015,0.9998749946990949
0.9967055065566627,1.001188086377608
0.9968363694015351,1.0008437679535103
0.9959197857890639,1.0018353314887651
0.996031675607093,1.0018313669351113
0.995785454566652,1.0019511934486294
0.9952201675249637,1.0014893499058508
0.994815667948943,1.0028876285892199
,,egauge16608,egauge20407,egauge16616,egauge7692,egauge30039,egauge22271,egauge18158,egauge27467,egauge33764,egauge18350
,,0,0.5,0.5,0,1,1,0.5,1,0.5,0
,,1,1,1,1,1,1,1,1,1,1
0.9997436155522943,1.0000664166483388
0.998435985751596,1.0014872054118267
0.9971761161015409,1.002082604623631
0.9965713045545398,1.0022167394757693
0.9987519284215731,0.9999816300226737
0.9974350905936032,0.9996063242742661
0.9981924896693917,0.9998518591162141
0.9980507273246101,1.0014126651828548
0.997585361218729,1.0022173401065373
0.9967510192706948,1.0034631544720483
0.9966786550268059,1.0020991554708987
0.9973040366703305,1.0028331372905006
0.9960573976801038,1.0024111872793864
0.9963157622824396,1.0021680005173896
,,egauge5198,egauge9102,egauge13830,egauge18350,egauge13974,egauge20407,egauge8617,egauge27467,egauge26086,egauge18544
,,0.5,1,0.5,0.5,1,0.5,0.5,0,0,0
,,1,1,1,1,1,1,1,1,1,1
0.9997521077971614,1.0000547099735222
0.9978749470180149,1.0000984812011084
0.9970438903479292,1.0001274329199028
0.9962931424919425,1.0000767304172453
0.9989288088198877,1.0002780432526583
0.99824971592951,1.000775732945828
0.998130182211844,1.0007183121484542
0.9975522266631935,1.0002634740348146
0.997082979084124,1.0006726625544384
0.9956580322072662,0.999635644049645
0.9969986492842792,1.0002100028026237
0.9969799543011448,1.0000846518766513
0.9955119297523085,1.0000549128504197
0.9961866828417901,1.0000339519378636
,,egauge7692,egauge16608,egauge5198,egauge18544,egauge3167,egauge23534,egauge24121,egauge19821,egauge18350,egauge30039
,,1,0,0,1,0,0.5,1,0.5,0.5,0
,,1,1,1,1,1,1,1,1,1,1
0.9997843418017454,1.0000929906474074
0.9980129948198473,1.0008305715234331
0.9963754842270005,1.001147332060813
0.9954666486409939,1.0011850537163018
0.9988263831988943,1.000594272013774
0.9978332933627854,0.9999149947781484
0.9980108749749619,1.0000502113460121
0.9979511165025646,1.0014384585538136
0.9977103881600587,1.0007988087129578
0.9966430956360322,1.0014618768748693
0.9961700451224479,1.0011927982348037
0.9956307572570715,1.0015115840299167
0.9951268313805609,1.0013307234465374
0.9944467455766317,1.0010474502374842
,,egauge28684,egauge32290,egauge15623,egauge4183,egauge5198,egauge13830,egauge16608,egauge20407,egauge19821,egauge30378
,,0,1,0.5,1,0.5,0.5,0,0.5,1,0.5
,,1,1,1,1,1,1,1,1,1,1
0.9997049966986239,1.0000347149285227
0.9974392690403564,1.0003880558386518
0.9954608389371321,1.0003107169099603
0.9946162188043836,1.000801742408546
0.9992306764280966,1.000002632256799
0.9978203782906403,0.9999042610527203
0.9970989506352705,1.0003908643154917
0.9973586075243586,1.0007266001001545
0.9973000404459232,1.0005702352540375
0.9959799511532527,1.0009618720712463
0.9950874203963379,1.0002548211477889
0.9942499867297621,0.9999603249677024
0.9941179367974023,1.0013480146657543
0.9931948624578257,1.0008231515652732
,,egauge30039,egauge13830,egauge23534,egauge33764,egauge17073,egauge27467,egauge9102,egauge5198,egauge18544,egauge32290
,,1,0,1,0.5,1,0.5,1,0.5,0,1
,,1,1,1,1,1,1,1,1,1,1
0.9997943907059369,1.000178159550527
0.998429968522812,1.0011678773241905
0.9975687661572296,1.0014271894140958
0.9971928811779487,1.0013567280730329
0.9988105307129588,1.0009535330728134
0.9982951693466958,1.0001043975838995
0.9980236462718397,1.0017301363556042
0.9978030603509112,1.0014515626123455
0.9976308060494491,1.001992337272722
0.9982374388374512,1.0018007604329682
0.9972560963772844,1.0015677834524435
0.996801993764315,1.001645511790125
0.9971349018724419,1.0013275942207234
0.9963363610581238,1.0012817552961184
,,egauge23534,egauge4183,egauge13830,egauge18158,egauge16616,egauge8617,egauge16608,egauge30039,egauge7692,egauge30378
,,0.5,1,0,0,0.5,1,0,1,0.5,0
,,1,1,1,1,1,1,1,1,1,1
0.9997706845362166,1.0000760632863726
0.9980774748933142,1.0004499664047357
0.9967893598268306,1.0008192795577122
0.9959756855021709,1.0008001387092789
0.9988251830389993,1.000424688408035
0.9988156134949205,1.0008734613309
0.9981337440896647,0.9999810979772825
0.9968280073164131,1.0001565979936031
0.9977097811963037,1.0002678517817574
0.9980495032755855,1.001493633997708
0.9964071365502244,1.000769704840933
0.9961967769763589,1.0015907082444588
0.9958888450816964,1.0009457422514016
0.9947428745546963,1.0005540111633582
,,egauge19821,egauge4183,egauge22271,egauge3167,egauge8617,egauge26086,egauge7692,egauge13830,egauge20407,egauge16608
,,0.5,0,1,1,1,1,0,0,0,1
,,1,1,1,1,1,1,1,1,1,1
0.9997165558367185,1.0001162156916101
0.9976032698347457,1.0008499290462811
0.9957521662811174,1.000800817788654
0.9944509935044885,1.0008073635311632
0.9989777052191126,1.0004642274403666
0.9988211787206817,0.999837437508075
0.9976600136672512,1.0022665707802263
0.9975931843415234,1.0011233766848
0.9975225926334194,1.0012079405373966
0.9961565785831206,1.0024559018728507
0.9957111008586762,1.0007760302417654
0.9949336448327001,1.0007687060331663
0.9935921742565315,1.0005744998680737
0.993538317731823,1.001160755663635
,,egauge30378,egauge27467,egauge9102,egauge19821,egauge30039,egauge33764,egauge18544,egauge24121,egauge22271,egauge23534
,,1,0,0,0.5,1,0,0.5,1,0.5,1
,,1,1,1,1,1,1,1,1,1,1
0.9997201066885177,1.0001604220790155
0.9979815613514983,1.0015621692696246
0.9967242567184152,1.0025295414666144
0.9958021773358283,1.0032858430344866
0.9983301688641218,1.0005164750911955
0.999216446285467,1.000080485556415
0.9980893223660298,1.0000523255047369
0.9973866630258448,1.0019042044377635
0.9972311505625066,1.0022988804409576
0.9963840112180886,1.0014530259427494
0.9966954773361494,1.0026413311267277
0.9961613463137001,1.0026518345530662
0.9950936546311334,1.0036144834093288
0.99530234300538,1.0040702745120824
,,egauge9102,egauge28684,egauge13830,egauge24121,egauge20407,egauge27467,egauge16608,egauge17073,egauge7692,egauge23534
,,1,0.5,1,1,0,0,0.5,0,0,0.5
,,1,1,1,1,1,1,1,1,1,1
0.9997068609471732,1.0000600481323023
0.9974941159380603,1.000002971136882
0.9957317708653994,1.0000310681650841
0.9950965309145998,1.0000630609371715
0.9988844933519827,1.0004108450164861
0.9987352294782637,1.0005935041312595
0.9981698401295168,1.001416944894881
0.9970573158530941,1.0002356638176464
0.9965136823966573,0.9996693303590006
0.9972315758561712,0.9999065159341444
0.9953500271519512,1.0000806024782978
0.9944748162417787,0.9999027526156268
0.9950097811724623,1.000019427626065
0.9941619392395289,1.0001807219751777
,,egauge18544,egauge22271,egauge32290,egauge19821,egauge13830,egauge15623,egauge9102,egauge23534,egauge30378,egauge18350
,,0,0,1,0.5,0.5,0,0,1,0,0.5
,,1,1,1,1,1,1,1,1,1,1
0.9997219742021731,1.000050169543502
0.9977156519573268,1.0006476626695577
0.996135369323621,1.0009910532409116
0.9952903025517704,1.0009654935070154
0.9994509892216724,0.9999969822488844
0.9977385930580787,0.9999375861009953
0.997669673209361,0.9999004684653102
0.9970101539189107,1.000981820402245
0.9973677074459858,1.0009311735529114
0.9955844754454022,1.000473926828949
0.9958273368774777,1.0009456003298072
0.99565660219545,1.0017197346453914
0.9944017632089884,1.0008053561147048
0.9951839693291423,1.001158252071305
,,egauge33764,egauge9102,egauge19821,egauge13974,egauge27467,egauge18350,egauge3167,egauge7692,egauge4183,egauge20407
,,0.5,0.5,0.5,1,1,1,1,1,0,0.5
,,1,1,1,1,1,1,1,1,1,1
0.9997522584638451,1.000112123616711
0.9983961332808933,1.0009199081504703
0.9974724784740986,1.0009187297907172
0.9965754865783497,1.000643569039627
0.9987943523095261,1.000396407011652
0.9982379368972665,1.000416401071398
0.9982255721337312,1.0008260524908894
0.9975161858274657,1.001525328401818
0.9983152042565195,1.0016292692048585
0.9977139134379078,1.0016676848237114
0.9974642482786055,1.001026174171979
0.9968796802660053,1.001324726975078
0.9964161793195281,1.0005053175416172
0.9953099322894436,1.0003867910281352
,,egauge30378,egauge13830,egauge15623,egauge19821,egauge16608,egauge22271,egauge5198,egauge9102,egauge27467,egauge26086
,,0,0,1,0.5,0.5,0.5,1,1,1,0
,,1,1,1,1,1,1,1,1,1,1
0.9997261042919892,1.0001348268496812
0.9977005001137352,1.0013863807485954
0.99665800347835,1.0022183501611015
0.9961236995903836,1.0026342788996143
0.998305962774524,0.9998995825265141
0.9982344560620613,1.0000665261386574
0.9971436535981058,1.0009555302599418
0.9969950154042863,1.0017208300134959
0.996803729902994,1.0015586398103802
0.9963949341972859,1.0022956173549145
0.9966456701699616,1.0023963341013145
0.9958386022966143,1.0025937942893977
0.9960730315829726,1.0031379111174639
0.9953048180778662,1.0026020975890928
,,egauge27467,egauge16616,egauge19821,egauge23534,egauge16608,egauge20407,egauge18350,egauge32290,egauge4183,egauge13974
,,1,1,0,0.5,0,0.5,0.5,1,0.5,1
,,1,1,1,1,1,1,1,1,1,1
0.9997001740885683,1.0000714390803551
0.9972900687908604,1.000156749276359
0.9963033420654591,1.000593622293727
0.9956966983190205,1.0009848826199388
0.9995968925007456,1.0008121860808545
0.9983093561935973,1.0009224090557303
0.9978053160523224,0.9999431174017636
0.9963836749952399,1.0004082410362527
0.9963534955113478,1.0000592864795166
0.995193826462563,0.9996949951282013
0.9961718608363676,1.0006638443389266
0.9955660416581242,1.000508017380502
0.9955447897799723,1.0010576940001625
0.9948994714247148,1.0016170452291313
,,egauge18544,egauge15623,egauge24121,egauge32290,egauge28684,egauge7692,egauge18350,egauge17073,egauge19821,egauge30378
,,0,1,0,0.5,0.5,0.5,1,0.5,0,0
,,1,1,1,1,1,1,1,1,1,1
0.9997322115053996,1.0000235542008313
0.9977011236574401,1.0003398294339623
0.9959259343819997,1.0006332685416905
0.9946880821791036,1.0004413381576998
0.9994368808078629,0.9999802603092616
0.9972465588547101,1.0007983350888368
0.9981011513503614,0.9997876577707732
0.9971870106285383,0.9999656161983604
0.9975397659753293,1.0006029877025477
0.9969325412138194,1.0007453424542487
0.995884860464763,1.0008109198439035
0.9951284890939245,1.001008011004031
0.9941681046938131,1.0003831354069794
0.9932789733738993,1.000206008602529
,,egauge15623,egauge13974,egauge23534,egauge18350,egauge33764,egauge18158,egauge17073,egauge16608,egauge30039,egauge32290
,,1,0.5,0.5,0.5,0.5,1,0.5,0,0.5,0.5
,,1,1,1,1,1,1,1,1,1,1
0.9996718744066432,1.0000950954941736
0.9975090627632099,1.000572099245873
0.9961184317099215,1.0006440932176284
0.9957686271361397,1.0005848364280174
0.9983909333082109,1.0005012130343904
0.9978179241522442,1.0005421834576465
0.9977945995211783,1.0007987347792402
0.9973779847651678,1.0007644439360786
0.9968943564580339,1.0008353297497705
0.9953980107945986,1.0011903483124853
0.995676860472901,1.0007886893284008
0.9950871229034081,1.0005156846759093
0.9953452275775571,1.0008104858378597
0.995236930141036,1.0001990426110519
,,egauge19821,egauge8617,egauge28684,egauge32290,egauge33764,egauge20407,egauge7692,egauge17073,egauge13974,egauge27467
,,0.5,1,0.5,1,0.5,0,1,0,0.5,1
,,1,1,1,1,1,1,1,1,1,1
0.9997318888033411,1.0000888123515963
0.9977499624150483,1.0004419865586678
0.996579006393823,1.000988387434857
0.9959840128365883,1.0015654874606426
0.998976271095485,1.000437599755641
0.9987182735835509,1.0011743288774135
0.9986139692207968,1.0006862645351782
0.997235819631669,1.0003610378310133
0.9971352006319855,1.0006343016238983
0.995706076643021,0.9998386131913143
0.9965625635584733,1.0011619792687354
0.9954833871253955,1.0008599266691798
0.995304235152976,1.0017112226378826
0.9959520837664171,1.0023161296684153
,,egauge20407,egauge7692,egauge27467,egauge16608,egauge28684,egauge24121,egauge16616,egauge18350,egauge33764,egauge17073
,,0.5,0,1,0,1,1,0.5,0,0.5,1
,,1,1,1,1,1,1,1,1,1,1
0.9997626250838544,1.0000776932712947
0.9980982213476546,1.0008852120792369
0.9968577250042443,1.001472288122117
0.9958404234948552,1.0021525265258786
0.9985397545258363,0.9998093033247801
0.9977485985573937,0.9999716920333322
0.9994569002514421,1.0015706015537684
0.9971290686797104,1.0007839755882917
0.9979569635747896,1.0014446481914285
0.9969719902203408,1.0011825720498637
0.9967796016663817,1.0014350778642305
0.996676638057462,1.0014080161552508
0.9953992420473393,1.0023348294724057
0.9947882237936944,1.003055570503862
,,egauge13830,egauge18544,egauge26086,egauge18350,egauge16616,egauge9102,egauge4183,egauge32290,egauge30039,egauge20407
,,0,0,0,0.5,1,0,0,0,0.5,0.5
,,1,1,1,1,1,1,1,1,1,1
0.9997227598308759,0.9999492832947918
0.9979903729119287,0.9995554213164413
0.9966768038208874,0.9992995160102449
0.9957004030271575,0.9991589761730657
0.9989003768197238,0.9999118252446808
0.9989247876479974,0.9998693667215659
0.997462409697455,0.9998972765616598
0.997649492844018,0.9996157642493143
0.9976270462370372,0.9997302526016869
0.9965109256973769,0.9994963156755919
0.9965534843589721,0.9992500302816137
0.9961126169571165,0.9992354088647349
0.995006410212501,0.9991299178962807
0.9945668559656448,0.9989667158472111
,,egauge18544,egauge27467,egauge18350,egauge17073,egauge33764,egauge5198,egauge15623,egauge23534,egauge19821,egauge13830
,,0.5,0,0,1,1,0,0.5,0,0,1
,,1,1,1,1,1,1,1,1,1,1
0.9997927644062374,1.000117295395653
0.9979407369310112,1.0011838792707606
0.9967511744468324,1.001563887071884
0.995886215345321,1.0019039288019598
0.9995128688433591,1.0004168801555227
0.9991840584307765,1.0000267553812823
0.9987721865659097,1.000020088041416
0.9969329741311604,1.0020141802079352
0.9971323515984837,1.0018034578353323
0.9968444707134048,1.0011452406862165
0.9962537103557614,1.0016259181087166
0.9957190884653399,1.0014781840026576
0.9954160942588821,1.0018456254561767
0.9951312990436835,1.002562789412777
,,egauge22271,egauge4183,egauge30378,egauge9102,egauge8617,egauge28684,egauge18158,egauge23534,egauge13830,egauge18350
,,0.5,0,1,0,0,1,1,0.5,1,0.5
,,1,1,1,1,1,1,1,1,1,1
0.9997583342515022,1.000144721965357
0.9983232269884864,1.0011640853256747
0.9968655217868468,1.002038027701595
0.9966324575334954,1.00255148092826
0.9987238454096028,1.0006477333990769
0.9988257654197464,0.9998200870550971
0.9969484013275434,1.0008726763458873
0.9977268928260413,1.0011033205350166
0.9982323887460516,1.001093193911704
0.9979231875982836,1.00224736976553
0.996376457200255,1.0021828618799855
0.9959502243986271,1.0022961236332768
0.9960986957356032,1.0030258545044424
0.996291743575636,1.0027138789384424
,,egauge30039,egauge13830,egauge18350,egauge15623,egauge13974,egauge19821,egauge27467,egauge3167,egauge26086,egauge5198
,,0,0,0.5,1,1,0,0,0.5,1,0.5
,,1,1,1,1,1,1,1,1,1,1
0.9997438622973522,1.0001213655265007
0.9981484878428002,1.0012746220120465
0.9975404533570911,1.0020182445668855
0.9969291006236853,1.002730965457962
0.9987187737971156,0.9999823439316726
0.9982400752060039,1.0000543676135263
0.9987187737296858,1.0005494106837822
0.9969190413555712,1.0016495793798283
0.9974426291288083,1.0019031164080976
0.9968619011443492,1.0011422708614897
0.9974869556763597,1.0019975584797602
0.9973120578349476,1.002189794470289
0.9962114041716889,1.0034099914251002
0.9964664032311505,1.0029241261894262
,,egauge9102,egauge16616,egauge13830,egauge28684,egauge18544,egauge16608,egauge17073,egauge4183,egauge23534,egauge18158
,,0,0.5,0.5,1,1,0.5,0.5,0,0,0.5
,,1,1,1,1,1,1,1,1,1,1
0.9997398174110287,1.000066879076518
0.9975095063921497,1.0008107217817346
0.9953550228862488,1.0008698651631727
0.9940355554321614,1.0008250591179761
0.9989215470730928,1.0000199573274133
0.9983564610842272,0.9998793016620554
0.9981748844183957,1.0007304907768866
0.9973683472110749,1.0013780426352314
0.9976507125622713,1.0014185945689804
0.9958215530442311,1.0011198208208625
0.9948996373770956,1.0010103667327803
0.9950785921216745,1.000698616763661
0.9933068920506506,1.0007449961118444
0.9929008845708462,1.0008678797590704
,,egauge16608,egauge22271,egauge23534,egauge4183,egauge7692,egauge28684,egauge9102,egauge15623,egauge13974,egauge19821
,,0.5,1,1,0,0.5,0.5,0.5,0.5,0.5,0
,,1,1,1,1,1,1,1,1,1,1
0.9997398671035069,1.0001615201216334
0.9980646788397709,1.0005534280350015
0.9964384089408693,1.0008267773222024
0.9954454797406458,1.0009292585120764
0.9987711381037356,1.000339136266737
0.9978182789516,1.0022006014829696
0.997968891256648,1.0017135752053856
0.9979039808086184,1.000371291145978
0.9979335144932507,1.0007457684892362
0.9977279884467585,1.0010556757122202
0.9961965046789774,1.0008937688261461
0.9951412098100356,1.000998086187661
0.9947661376293037,1.0011040153984465
0.9946803411687528,1.0008436196452497
,,egauge3167,egauge18158,egauge23534,egauge18350,egauge26086,egauge16616,egauge30039,egauge32290,egauge13830,egauge33764
,,1,0,0,0,1,0,0,0,1,0
,,1,1,1,1,1,1,1,1,1,1
0.9997199888374785,0.9999985866146016
0.9979958384461897,0.9999935758227145
0.9967648555179628,0.9998013437123123
0.9959227265548772,1.0001597947529517
0.9994236444591131,1.0003935159353126
0.996880125065837,0.9998587341834387
0.9975798725990205,0.9998642494266157
0.997652907263765,0.9999499670165503
0.9971831413413039,1.0008950958843923
0.9967260823041886,0.9995075121575909
0.9965757605975862,0.9997146960697527
0.9961793318005353,0.9995163393684333
0.9955682630595241,1.000620178712621
0.9949659768145802,1.000084927897771
,,egauge19821,egauge20407,egauge7692,egauge5198,egauge17073,egauge32290,egauge8617,egauge18350,egauge16608,egauge9102
,,0.5,0.5,0.5,0,1,0,1,0.5,0.5,0
,,1,1,1,1,1,1,1,1,1,1
0.9997002446549398,1.0000307547473366
0.997964065700966,1.0005307672470702
0.9968083144338681,1.001025241515994
0.9957465128222439,1.0010793722173015
0.9989525776426846,1.0003873164961596
0.9974010113561307,0.999593138597374
0.9977593579037073,1.0004655516100662
0.9978762677393306,1.0005105264957188
0.9972684339571557,1.0013874260458113
0.9967758669187271,0.9998379706800152
0.996787755411496,1.0012525884541958
0.9967017893950152,1.0012287262203623
0.9951030486317529,1.001188606189955
0.9949173803897604,1.0010404798124772
,,egauge3167,egauge7692,egauge20407,egauge15623,egauge32290,egauge27467,egauge9102,egauge18544,egauge22271,egauge19821
,,0.5,1,1,0,0,1,1,0.5,0,0.5
,,1,1,1,1,1,1,1,1,1,1
0.9997561767980789,1.0000729436510463
0.9981063682825224,1.0005417430645775
0.9966924665089406,1.0011190837033528
0.9957704068457723,1.001292122670324
0.9994629041322162,1.0002642081803295
0.9979040868610486,1.000993052351381
0.9973368722032572,0.9997522117862944
0.9970960160779536,1.000465743559902
0.9975819297238396,0.9999833942939798
0.9980668236751693,1.0018698446203143
0.9963883388767383,1.0012720297137343
0.9966179065744115,1.0014190232181004
0.9951847270776479,1.0012484259755265
0.9950899540496578,1.001645717361948
,,egauge13830,egauge19821,egauge18544,egauge33764,egauge24121,egauge30039,egauge27467,egauge13974,egauge8617,egauge15623
,,1,0.5,0.5,1,0,0.5,0.5,0,0.5,1
,,1,1,1,1,1,1,1,1,1,1
0.9997222765002493,1.0001460047633497
0.997573984785479,1.000797936917484
0.9962364478192062,1.001249052970274
0.9954107031483044,1.0016400921916964
0.9989987126442372,1.0008378276206018
0.9983273597888707,1.0008260545369216
0.9990881861015092,1.0007454063271084
0.99719641843822,1.0013956623515665
0.9970703482141476,1.0005429221232354
0.9957311817105384,1.0013600583290116
0.9961912500931068,1.0013813476724203
0.9954918437698627,1.0010656478544664
0.995319302832513,1.001814995807459
0.9941150872403572,1.002036729723469
,,egauge24121,egauge4183,egauge13974,egauge18350,egauge28684,egauge32290,egauge16608,egauge5198,egauge8617,egauge13830
,,1,1,0.5,1,1,0,0,1,0,0
,,1,1,1,1,1,1,1,1,1,1
0.9997545914250237,1.000073964700734
0.9981741621795747,1.0003760545129288
0.9970507864019477,1.000508132006092
0.9964716851942237,1.0004313484835838
0.9989368368199008,1.0003416612811644
0.9987829050250412,1.0008879094994452
0.9978168189499323,1.0005814769737231
0.9978815829137287,1.0008215140030432
0.9979480078145638,1.0009430841413836
0.9967707434805974,0.9996310617861542
0.996676662132111,1.0004585755112376
0.9970507864019237,1.0009792207597838
0.9963703133607221,1.0003804212422365
0.9956524639135527,1.0003778536441883
,,egauge16608,egauge20407,egauge26086,egauge19821,egauge24121,egauge32290,egauge13974,egauge5198,egauge22271,egauge30039
,,0,0.5,0,0.5,0.5,1,1,1,1,0.5
,,1,1,1,1,1,1,1,1,1,1
0.9996713134856039,1.0000752401791277
0.9977552368287295,1.0014342728726568
0.996584138094466,1.0028865865120382
0.9959035032367876,1.0037030245572702
0.9986692365382625,0.9999771067866599
0.9973214043325276,0.9995933580548133
0.9974101669124579,1.0000206033887884
0.9971101346130036,1.0017688292769202
0.9972914696803753,1.0012765600926827
0.9964900126106331,1.0012990132424753
0.9962636183046003,1.0031310427841615
0.9963407172822908,1.003358999014186
0.9953466382280263,1.004448673639931
0.995090703105942,1.0039723173800492
,,egauge19821,egauge28684,egauge16608,egauge18544,egauge18350,egauge17073,egauge33764,egauge30378,egauge13974,egauge23534
,,0.5,0,0.5,0,0,0,0,0.5,0.5,0.5
,,1,1,1,1,1,1,1,1,1,1
0.9996660716243865,1.0000479217054608
0.997473146372211,1.0001754254556432
0.9955759079535094,1.0004665310880216
0.9946867613299196,1.00077389500795
0.9989260253076679,1.0004086808977461
0.9987429951916575,0.999993236892376
0.9976823991031929,1.000422427376678
0.9973823996249791,1.0001046167961603
0.9972251605729169,1.0001147315609233
0.9952247601111189,0.9999414615540272
0.9954691686065356,1.0004293650005622
0.9941527913831818,1.0005307363109757
0.9940585370736799,1.0009122127070778
0.9938566925896497,1.0010928289578622
,,egauge18350,egauge27467,egauge8617,egauge33764,egauge19821,egauge26086,egauge17073,egauge24121,egauge20407,egauge13830
,,1,1,0.5,0.5,0.5,1,0.5,0,1,0
,,1,1,1,1,1,1,1,1,1,1
0.9997352085954717,1.0001358234078896
0.9973938548873108,1.0007470987489484
0.9958757951686205,1.0005729877804392
0.9947763176921524,1.0004258300115345
0.999296791107026,1.000582102775693
0.9994356736650687,1.0015462080978779
0.9986683979785256,1.000624934908983
0.9964873481975333,1.0010002542534326
0.9967172474308864,1.00102051320154
0.9957383796633562,1.0025079733384714
0.9955320133484553,1.0006721257195719
0.995365286306328,1.0003773482045628
0.9939532295685709,1.000302160992753
0.9939799609650914,1.0003732783659594
,,egauge4183,egauge18158,egauge28684,egauge18544,egauge23534,egauge20407,egauge32290,egauge22271,egauge13974,egauge8617
,,0.5,0,0.5,1,0.5,0,0,0.5,0.5,0
,,1,1,1,1,1,1,1,1,1,1
0.9997209583362823,0.9999941603447557
0.997670278579633,0.9999487800273585
0.9963294624814681,0.9998505231552943
0.9957485819412706,0.9998569234263615
0.9992905466397852,1.0001195398396028
0.9969194165145248,0.9998385754369524
0.9986083686458869,1.0005780341965569
0.9976198495205789,1.0003371055003254
0.9967534108387766,1.0000600448463661
0.9953677655173283,0.9993440429489823
0.9961158200973144,0.9997432414836395
0.9954891294943105,1.000206207020249
0.9951195654313234,0.9999837513798601
0.9956634669600819,0.9997927740054255
,,egauge16608,egauge30039,egauge18350,egauge7692,egauge5198,egauge17073,egauge32290,egauge19821,egauge9102,egauge26086
,,0.5,0.5,1,1,0,1,1,0,0,0
,,1,1,1,1,1,1,1,1,1,1
0.9996992817251733,1.0000994994457353
0.9976682423143252,1.0005681580239072
0.9959238136112802,1.0003337511076524
0.994939206602623,1.0002231442711123
0.9987489056263438,1.0002802234844959
0.9978796458193494,1.0007163251749498
0.9987731710860602,1.0010549038979106
0.9975875588833594,1.0010339824922287
0.9976178133868115,1.000547916378145
0.9963377554634112,1.0022021811215518
0.9957184848514071,1.0003048484036867
0.9951582393687677,1.000248172475156
0.9943757587529327,1.0001722295687525
0.9941214770223972,1.0001868670246539
,,egauge13830,egauge27467,egauge13974,egauge16616,egauge18544,egauge9102,egauge5198,egauge4183,egauge7692,egauge20407
,,0.5,0.5,0.5,0.5,0.5,0,0,1,1,1
,,1,1,1,1,1,1,1,1,1,1
0.999779594385195,1.000096993586066
0.9984885607131329,1.0004814832583908
0.9973086408201002,1.000841552042101
0.9966976684251828,1.0010337882630205
0.9989781059720784,1.0004272490308972
0.9994718314989157,1.0007555535739512
0.9977743721409211,1.0006088473509172
0.9978459368662123,1.0003701775507643
0.998417893227624,1.0007548119796696
0.9970182596973454,1.000365674175509
0.9969590669656104,1.0008250260592748
0.9971381126585537,1.0012006197684309
0.9965539558103176,1.0013615569693048
0.99576129429163,1.0008732097748105
,,egauge24121,egauge18350,egauge16616,egauge15623,egauge26086,egauge9102,egauge23534,egauge27467,egauge16608,egauge22271
,,0.5,0,0.5,1,1,0.5,0,0.5,1,1
,,1,1,1,1,1,1,1,1,1,1
0.999751761872268,1.000163771099898
0.9978300847504759,1.0018630924256688
0.9966754836902575,1.0029168709280716
0.9958804388785842,1.0038292644191076
0.9989361326451752,1.0002326740430805
0.9988505770595507,1.0000838342627878
0.9982332985343485,0.9999500570801299
0.997356891106832,1.0022327735838388
0.997094278259227,1.0028068377233426
0.9963509154061588,1.0021825463853378
0.9964699715448998,1.0028878799844851
0.9965796252117487,1.0032604038257593
0.9952440972353017,1.0041581150750956
0.9954868655453638,1.004892815883837
,,egauge15623,egauge18158,egauge30378,egauge27467,egauge3167,egauge5198,egauge9102,egauge8617,egauge7692,egauge16616
,,0.5,0,1,0.5,0,1,1,0.5,1,0
,,1,1,1,1,1,1,1,1,1,1
0.999813474829139,1.0000671697171746
0.9990192512888535,1.0006846169210037
0.9981987112653178,1.0009428897079753
0.9975041723133977,1.0008472158268642
0.9985025154470514,1.0002410000606266
0.9969900291919429,0.9998677413734491
0.9970239230529411,1.000789037360862
0.9988778392916248,1.0010187894734253
0.9989722601869627,1.0006522591908071
0.9974444261132716,1.0015157076786187
0.9980774684663385,1.0010834033840874
0.9977890005700752,1.0011892017459578
0.9967869733998206,1.0011583949403897
0.9970547715404685,1.000294428046705
,,egauge30378,egauge16616,egauge7692,egauge28684,egauge8617,egauge13974,egauge30039,egauge26086,egauge20407,egauge18158
,,1,0.5,0,1,0.5,1,0,0.5,0.5,0.5
,,1,1,1,1,1,1,1,1,1,1
0.9996876451679313,1.000046097410811
0.9976128157503598,1.0004983890437427
0.9957185084949384,1.0003539760361857
0.9943164028838132,1.0002068692437707
0.9982824121775753,1.0003808744198628
0.9982788720843389,0.9998432864770224
0.9975465229764346,0.9999356134461526
0.9973909880892412,1.0010715768654659
0.997513861570481,1.0007312181779133
0.9960062218785741,1.001585642929445
0.9955050211075417,1.0002548869058892
0.9948527780389483,1.0007607202540312
0.9936956697050762,1.0000323333606134
0.9928848366324418,1.0002910785422146
,,egauge16616,egauge33764,egauge16608,egauge9102,egauge18350,egauge7692,egauge13830,egauge27467,egauge17073,egauge19821
,,1,0,0,0.5,0,1,0.5,1,0.5,1
,,1,1,1,1,1,1,1,1,1,1
0.9997505964447236,1.000166929376816
0.9982210573260799,1.0016337570405593
0.9971105931716163,1.00294821818994
0.9962261927348157,1.0036553127748098
0.9990215139760101,1.0006271201355474
0.9979512457957002,1.000054676980199
0.9977212116601485,0.9999581125558253
0.997444609575448,1.0017890763554267
0.9981100488879355,1.001588788119208
0.9970648743690002,1.0025238885444456
0.9969872101179034,1.003064205970804
0.9970359961545707,1.0036785847721392
0.9957018757029292,1.0039110111773215
0.9955028537312359,1.004461606470291
,,egauge13974,egauge9102,egauge13830,egauge30378,egauge5198,egauge7692,egauge33764,egauge8617,egauge20407,egauge27467
,,0,1,1,0,0,1,0.5,0.5,0,0.5
,,1,1,1,1,1,1,1,1,1,1
0.9997191892390799,1.0000438375974858
0.9979852043654698,1.0001099794174695
0.996748378785221,1.0002403692014845
0.9960422986582739,1.0001957026730737
0.9986941305938234,0.9998900331829318
0.9982452343162292,1.0007116438370487
0.9981735098592366,1.001430572290813
0.9968320525566058,0.9998159674716541
0.9974215419300378,1.0000897487288507
0.9969245176473975,1.0007416057960217
0.9964524472999234,1.000302303362839
0.9965886128702206,1.0003901568566005
0.9953407949383561,0.9999557375364306
0.995893306899759,1.0004739072215887
,,egauge33764,egauge30039,egauge16608,egauge18158,egauge22271,egauge13830,egauge7692,egauge3167,egauge8617,egauge30378
,,1,0.5,0.5,0,1,1,1,0.5,0.5,0
,,1,1,1,1,1,1,1,1,1,1
0.9997648436430074,1.0001724963934204
0.9981986923238352,1.0012426917738955
0.9972156426593289,1.0016379441634178
0.9963128664885669,1.0016444204169754
0.9988293345413964,1.0008040527649615
0.9978939925366068,1.0007690090678398
0.9978012510024725,1.0005430494042769
0.9973329720892355,1.0009490485831725
0.9975134170111509,1.0022669673675306
0.9973060552424994,1.002403567167412
0.997182732855401,1.0018282180492828
0.9971623510878291,1.001820136497286
0.9962621870313689,1.001812035755702
0.9948778949455175,1.0014087563387337
,,egauge4183,egauge16608,egauge33764,egauge26086,egauge18158,egauge30378,egauge13830,egauge27467,egauge5198,egauge18350
,,1,1,1,1,0,0.5,0.5,0,1,1
,,1,1,1,1,1,1,1,1,1,1
0.9997659031770046,1.0001907288990302
0.9981832731073665,1.001122261216312
0.9975298366000444,1.0018188060838455
0.9971875433037829,1.0023770548414777
0.9993333412928043,1.0006076550406806
0.9979319650791783,1.001091069331904
0.997826647236714,1.0014794394615159
0.9973599595905496,1.0019543548556062
0.997288945060433,1.0008286598134257
0.9956320203034167,1.0012381894694606
0.9972254056105793,1.001934639463096
0.9974125603400223,1.0017652235388617
0.9965719237880184,1.0026980452017913
0.9969850778713707,1.0028384473128789
,,egauge13830,egauge19821,egauge3167,egauge5198,egauge13974,egauge18350,egauge18544,egauge22271,egauge8617,egauge33764
,,1,1,1,0.5,0.5,0.5,0.5,0,1,0
,,1,1,1,1,1,1,1,1,1,1
0.999801147922172,1.000183396034401
0.998516966783884,1.0008732786754169
0.9976906101407392,1.0013138544693656
0.9970220560039804,1.0016344279143117
0.9990243606553854,1.0008784884912951
0.9984384753930873,1.001684995761509
0.9991789555905405,1.0009971115673666
0.9979564331735813,1.0010859508977048
0.9977301689342631,1.001039552928269
0.9979374481075994,1.0012403860155035
0.997658823080393,1.001429618925193
0.99672145428961,1.0012388854916197
0.996898884419021,1.002035352731162
0.996085322287821,1.0015808570242821
,,egauge27467,egauge9102,egauge28684,egauge17073,egauge19821,egauge24121,egauge23534,egauge7692,egauge8617,egauge18544
,,1,0,0.5,1,0,0,0.5,0.5,1,0
,,1,1,1,1,1,1,1,1,1,1
0.9997942030317472,1.0001359886587218
0.9981766594395924,1.0008942125567184
0.9975604882343148,1.0015245000346857
0.9975158516114123,1.0018334314988258
0.9996951582058635,1.0008853646692715
0.9982387834675278,1.0000733963514856
0.9986579680691712,1.0007269803356509
0.9971810414822213,1.0017557076207104
0.9975614663945193,1.0008132205787212
0.9971626430675926,1.000324826042701
0.9971984738922052,1.0016609739645
0.996900793342795,1.0017388234203597
0.9975013504345913,1.00222715582708
0.9974625410623099,1.0017798480335618
,,egauge7692,egauge15623,egauge24121,egauge18544,egauge13830,egauge32290,egauge26086,egauge28684,egauge4183,egauge8617
,,0.5,0,0.5,0.5,1,1,0,1,1,0
,,1,1,1,1,1,1,1,1,1,1
0.999789692575337,1.0000917923213362
0.9984166948192299,1.0009741440896036
0.997456039045977,1.001458957024344
0.9972711892060907,1.0016576970701792
0.9988213184129805,1.000310846704245
0.9973021525423528,0.999990308981071
0.9980612004269426,1.000269978087091
0.9983056606607846,1.0012577644891845
0.9976702984456228,1.0016009871130267
0.9969637028475354,1.0008389579142523
0.9970652899574118,1.0014097588577424
0.9970617286609492,1.0020592890066093
0.997169721180355,1.001934666809606
0.9971113241936835,1.001582697660214
,,egauge27467,egauge3167,egauge17073,egauge16608,egauge16616,egauge26086,egauge18544,egauge13830,egauge30378,egauge18350
,,1,1,0.5,0,0.5,0,0,1,1,0.5
,,1,1,1,1,1,1,1,1,1,1
0.9997452243888582,1.0001371009086704
0.9977840209783224,1.0005278235473394
0.996683597343225,1.0011800489369151
0.9960057872858181,1.001500294324043
0.9996243870273188,1.0008698094639745
0.9992257323115833,1.0009147938443408
0.9974626411806691,1.0008896591976373
0.9968786488492261,1.0004266297803632
0.9974915767738192,1.0003863474007042
0.9962857570397281,1.0004506097135908
0.9966137113770211,1.0011635163421058
0.9958960682891225,1.0018445326257845
0.9950904633576502,1.0017480547458002
0.9958148660223306,1.0016931748853768
,,egauge17073,egauge9102,egauge15623,egauge20407,egauge5198,egauge18544,egauge4183,egauge33764,egauge18350,egauge32290
,,0,0.5,0,0,0,0,0,1,0.5,0
,,1,1,1,1,1,1,1,1,1,1
0.9997576257969145,0.9999549346513287
0.9981046440946759,0.99962011154663
0.9972440323808662,0.9994311232053136
0.9965298498885742,0.999365683120967
0.9984376789850299,0.9998587030065347
0.9982295998756826,1.0002274044801036
0.9971130075088679,0.9998743451128849
0.9964930621269243,0.9994304995174869
0.9972779407901897,0.9995965325568078
0.9978343902513892,0.9995237000041484
0.9971808663536457,0.9993800956108785
0.9962857802197378,0.9998588191266682
0.9962330236285418,0.9993366177346916
0.995455538526111,0.9993015709555645
,,egauge7692,egauge27467,egauge3167,egauge15623,egauge4183,egauge8617,egauge30378,egauge30039,egauge13974,egauge9102
,,1,0,1,0,0,1,1,1,1,0
,,1,1,1,1,1,1,1,1,1,1
0.9997679187978973,1.0001568750561474
0.99774928573687,1.001142772909952
0.9959374158833824,1.0020879894859451
0.9948767002065558,1.0023960224460713
0.9988190846770054,1.0006491849767405
0.9992251954428949,1.0000711569011536
0.999146556449119,1.0009755496497659
0.9965204174690658,1.0010718833298988
0.9976080863324098,1.0009807569830909
0.9975953790678306,1.0021843461460245
0.9954817139694806,1.0022245533039766
0.9953625961593863,1.002817611471704
0.9942050329874096,1.0027973043359886
0.9940908585404047,1.0023209577787406
,,egauge16616,egauge28684,egauge20407,egauge15623,egauge3167,egauge7692,egauge22271,egauge18544,egauge18158,egauge13830
,,0.5,0.5,0,0.5,0.5,0,0.5,0,0,0
,,1,1,1,1,1,1,1,1,1,1
0.9997799511299833,0.9999839248379163
0.9985952003558599,1.0001140837983982
0.9973459776831297,1.000163661307757
0.9962329469704968,0.999971831159382
0.99901149099546,0.9998759563037571
0.9987363371170042,1.000501677007576
0.9963109925680653,0.9995657081780529
0.9973651008139376,1.0002672369808234
0.9982923847362867,1.0002860844542008
0.9970856809717197,1.000017615926467
0.9971772969673444,1.0003577343802936
0.9968558746471009,1.000120878432511
0.9951700642458534,0.9998792809918188
0.9959349494458207,0.9999183653657305
,,egauge4183,egauge30039,egauge8617,egauge22271,egauge28684,egauge24121,egauge27467,egauge19821,egauge18350,egauge5198
,,0.5,0,0,1,1,0,0,0,1,0.5
,,1,1,1,1,1,1,1,1,1,1
0.9997935900121826,1.0000889402554591
0.9983453701193643,1.001034465935216
0.9976699862650801,1.0013564164785076
0.9970077784348117,1.0017715761599446
0.9993298774543531,1.0002262905185981
0.9978800258491913,0.9998747023814718
0.9987004940133507,0.9999392323203614
0.9973874812943675,1.0020686410109183
0.9979922108745283,1.0016120769579175
0.9972960127102345,1.0005926029965229
0.9976411745449484,1.0013398804450857
0.9970156538019589,1.001279183713441
0.9968701207295915,1.002092337646266
0.9961029591466789,1.00199668419181
,,egauge20407,egauge30039,egauge5198,egauge27467,egauge30378,egauge28684,egauge17073,egauge16608,egauge19821,egauge18544
,,1,1,0,1,0,1,0.5,0.5,0,1
,,1,1,1,1,1,1,1,1,1,1
0.9997318179307296,1.0001196827389884
0.9979732932442389,1.0012496410896425
0.9964476694478386,1.0018860603161162
0.9959983334252234,1.0022005333319708
0.9985769132763054,0.9999526635021534
0.9978630042423093,1.0015919296676308
0.9979834940565026,1.0000768526362018
0.9979026689022765,1.0019389864157437
0.9967309579176498,1.0010268568661738
0.9976654545878497,1.002333034891693
0.9960656022047587,1.0020308685374912
0.9955414270723109,1.0020683059344464
0.9954645599915881,1.0021534553517655
0.9959451188018414,1.0028410042714404
,,egauge32290,egauge16616,egauge4183,egauge18350,egauge27467,egauge8617,egauge26086,egauge7692,egauge23534,egauge18158
,,0,0,0.5,0.5,1,0.5,0.5,0,0,0
,,1,1,1,1,1,1,1,1,1,1
0.9997764996806483,0.9999863829141997
0.9983222126964494,1.0005159798900758
0.9967620268745039,1.0005142947685057
0.9953327150663305,1.0003553738108066
0.9987452887061703,0.9998697481821395
0.9981915054367395,0.9997492334478437
0.9987093794794116,1.0002513405406013
0.9981894543758478,1.0006880622253715
0.9983942952446258,1.0012148652175055
0.9981757875382796,1.0009363504786954
0.9966838589060807,1.0007001845784704
0.9966342072441383,1.000450095473916
0.9946101451366449,1.0003044511339962
0.9940054180630458,1.0002804896490698
,,egauge13974,egauge19821,egauge30378,egauge3167,egauge24121,egauge33764,egauge22271,egauge18158,egauge18544,egauge26086
,,0.5,0.5,0.5,0.5,0,1,0.5,1,1,0
,,1,1,1,1,1,1,1,1,1,1
0.9996606740161699,1.000130344285974
0.9981117609652324,1.0010892284114872
0.9968061764466606,1.0019018650837748
0.9962845173190594,1.002216233407343
0.9986894721913613,1.0003423910246292
0.9982950814393072,1.0008005541429168
0.9968054461447263,1.0002553337010982
0.9978091184946678,1.0012411649828468
0.9974103527191748,1.0008158794562907
0.9963827932637564,1.0021984561598882
0.9964034053434692,1.0020880596300838
0.9961788837508445,1.0022771690441854
0.9962555578653286,1.0026028376363414
0.9954548544293218,1.0021733467007914
,,egauge4183,egauge23534,egauge27467,egauge30378,egauge33764,egauge17073,egauge7692,egauge18158,egauge16608,egauge15623
,,0,0,0.5,0,0,0.5,0,0,1,0.5
,,1,1,1,1,1,1,1,1,1,1
0.9996864976940971,1.0000224363952235
0.9974528532020577,1.0002024288637985
0.9963521006015748,1.0003643848869146
0.99576706936912,1.0007421919390245
0.9993175188771585,0.9998507800041876
0.997673756570798,0.9998825800199609
0.9994417705674861,1.00071913182139
0.9966446569940413,0.9999799200397164
0.9967677099979255,1.0001316179371975
0.9953231454029957,1.0008832216546533
0.9963027874752027,1.0003437391490198
0.9951018789030044,1.0000542333642437
0.9951235906519758,1.001069847841155
0.9947179454828728,1.0008920684454237
,,egauge32290,egauge27467,egauge30378,egauge5198,egauge13974,egauge18544,egauge3167,egauge16608,egauge18158,egauge23534
,,0.5,0,0.5,0,1,1,0.5,1,0,0
,,1,1,1,1,1,1,1,1,1,1
0.9997232778438594,1.000044090289305
0.9977550708208874,1.0007525109524902
0.9959934465620238,1.0009258095799947
0.9946816220164821,1.0007082155823224
0.9987234548926179,0.9998829497069145
0.9991718020719771,0.9999522120073089
0.9968989226396489,1.0001853988720242
0.9977248096160244,1.0007320375105964
0.9968884427834903,1.001339497666699
0.9980413254777878,1.0019124871415475
0.9959893385951526,1.000996059175575
0.9950472390093604,1.0014078485971434
0.993779306258075,1.0005117514277142
0.9937149070764748,1.0006333001682783
,,egauge32290,egauge18350,egauge13830,egauge15623,egauge30378,egauge27467,egauge4183,egauge20407,egauge24121,egauge18544
,,0,1,0.5,0.5,0.5,0,0,0.5,0,0
,,1,1,1,1,1,1,1,1,1,1
0.999735556711897,0.9999522944899041
0.9978569872394939,0.999558795850265
0.9966527969275267,0.9992190072112433
0.9961183379831031,0.9991423407346288
0.9987315335907062,0.9998774177171401
0.9988092669370572,1.000778749101119
0.9981136628625917,1.0005761567721752
0.9967159457533589,0.9995900347999428
0.9966002859939687,0.9994880387907853
0.9975491907542345,0.9994623912993856
0.9965911343861668,0.9991578831924592
0.995684589515399,0.9990267332271517
0.9955685573800497,0.9990842273203723
0.996033185682837,0.9990996095065108
,,egauge23534,egauge18158,egauge4183,egauge16616,egauge5198,egauge16608,egauge30378,egauge26086,egauge20407,egauge7692
,,1,0,0,1,0,0.5,0,0,0,1
,,1,1,1,1,1,1,1,1,1,1
0.9996923480052698,0.9999760801169487
0.9973857887919856,0.9998628496931594
0.9955302330669459,0.9996305116022352
0.9948505565734723,0.9996178628967495
0.9988261986468769,1.000723867791822
0.9968959862073647,0.9998346346594168
0.9987380592135937,0.9996965338096603
0.9971035588679913,1.0000968024918038
0.997335376760042,0.9998426249142327
0.9956016515895922,1.0000855736308973
0.9950542471994012,0.9995188396846486
0.9947122279233142,0.9995877556859762
0.9941644796446003,0.9993780616401555
0.9946988968464529,0.9999493627649112
,,egauge18158,egauge28684,egauge18544,egauge3167,egauge23534,egauge16608,egauge4183,egauge18350,egauge20407,egauge9102
,,0,1,0,0.5,0,0,0,0.5,0,1
,,1,1,1,1,1,1,1,1,1,1
0.9997287174874662,0.9999922551519856
0.9977894818968417,0.9998816807363572
0.9964867245411305,0.999804885325207
0.9953745824095412,0.9997794282047285
0.9982379821617943,0.9999149828584275
0.9987382022804876,1.001089268808762
0.9988242561268115,0.9999024928430773
0.9977491324603202,0.9999929367430593
0.9969175943807934,0.9998007006272682
0.9960611772541923,0.9997456477284842
0.9964004165535016,0.9997264887452708
0.9963802402195346,0.9999118160544699
0.9946664152517116,0.9995468472209473
0.9945564291165159,1.000078893310041
,,egauge20407,egauge22271,egauge27467,egauge15623,egauge3167,egauge16608,egauge8617,egauge13830,egauge28684,egauge30378
,,0.5,0.5,0.5,0,1,0.5,1,0,0,1
,,1,1,1,1,1,1,1,1,1,1
0.999752171548278,1.0000658257716728
0.9982139576399458,1.0007446723807423
0.9971306525563887,1.0012396841407651
0.9962211077825914,1.0014383833633878
0.9985183374574393,0.9997984772440262
0.9977748498251134,1.0010029909022655
0.999432593335633,1.0007508607826583
0.9970684401446736,1.0006535735875273
0.9979953975276962,1.001129527392802
0.9964272702214754,1.0010730719179617
0.9970689550800945,1.001462952899637
0.9964037774471078,1.001186138199887
0.9959460949453676,1.0014165306786051
0.9950037808517463,1.0018027604787902
,,egauge26086,egauge33764,egauge32290,egauge3167,egauge13974,egauge17073,egauge19821,egauge18544,egauge18158,egauge18350
,,0,1,0.5,0.5,0,0,1,0,0.5,1
,,1,1,1,1,1,1,1,1,1,1
0.999719390131731,1.0000644161913241
0.9978204681947337,1.0006291148756292
0.9966668352285726,1.0013548848976879
0.9958593627896994,1.0016562305278347
0.9985937428659083,1.0000310205646368
0.9979479909279595,1.001290728578158
0.9976457769273563,0.999817014197483
0.9978204681577798,1.0008012202432255
0.996883304771548,1.0004319191010416
0.9955929351746502,1.000397487927092
0.9964531069348488,1.0016609172602868
0.9966135783470471,1.0013120417833412
0.9949774418878458,1.0016780899501279
0.9958061567376187,1.0021279582677356
,,egauge13974,egauge16616,egauge32290,egauge19821,egauge16608,egauge13830,egauge18350,egauge27467,egauge18544,egauge8617
,,1,0.5,1,0.5,1,0,0.5,0,0.5,1
,,1,1,1,1,1,1,1,1,1,1
0.9997533071571241,1.0001219323271888
0.9982104691037506,1.0010635011338824
0.9978317978222204,1.0016795479920608
0.9977169954790351,1.0022120705573196
0.9988169835216864,1.0007855872234837
0.9983838224515413,0.9999346752319732
0.9976539111062385,0.9999665872259124
0.9975952521097873,1.001402716305894
0.9973534448807407,1.001509322470045
0.9967306351693876,1.0009669249973263
0.9977000779829236,1.0017581329029965
0.9977144796461526,1.0016259742532825
0.9976372264384543,1.0024162694932057
0.9976423447521001,1.0028021989450928
,,egauge22271,egauge26086,egauge13830,egauge3167,egauge5198,egauge18544,egauge4183,egauge7692,egauge19821,egauge16616
,,1,0.5,1,0,0,0.5,1,1,0.5,0
,,1,1,1,1,1,1,1,1,1,1
0.9997881860351368,1.0001674803675444
0.9986289022688771,1.000537990925879
0.9974930479465975,1.0008526101592812
0.9966209612971971,1.0006801489721704
0.9987780890189054,1.0012493873395345
0.9977412220169128,1.0010677961544918
0.998247668245785,1.0015767294553464
0.9985582230386942,1.0005064067202731
0.9980831543355648,1.000517750001401
0.998434732907166,1.0010788877887424
0.9973613809058203,1.0010200083939398
0.9970156363602527,1.001334446973284
0.9961287248539618,1.0009276696632614
0.9958866498442569,1.0001823750687842
,,egauge15623,egauge22271,egauge17073,egauge13830,egauge16616,egauge20407,egauge32290,egauge7692,egauge8617,egauge16608
,,0.5,0,0.5,1,1,0.5,1,0.5,1,0.5
,,1,1,1,1,1,1,1,1,1,1
0.9997473061232532,1.0000960047920564
0.997843372399772,1.0007374060016991
0.9968794619918169,1.001240352560831
0.9962624518960471,1.0016698722810415
0.998474144105626,1.0002651260174589
0.997774188084575,0.9999840197506222
0.9974239021377664,1.0008412286030661
0.997097482904347,1.0013857776130564
0.9977400794863949,1.001122257165202
0.9956552354025096,1.0002521234032093
0.9966738999417047,1.0012031524741405
0.9968048854194961,1.0014546034538436
0.9962045365381472,1.0020343477844094
0.9953159383496821,1.0018520701953015
,,egauge15623,egauge19821,egauge24121,egauge33764,egauge28684,egauge23534,egauge22271,egauge5198,egauge4183,egauge3167
,,0,0,0,1,1,0.5,0.5,1,0,0.5
,,1,1,1,1,1,1,1,1,1,1
0.9997738076864028,1.0000916802991644
0.9984951132924785,1.0013958902954905
0.9977054812342182,1.0019705702716641
0.9975078357703562,1.001977014000734
0.9984377331395777,1.0000320281738415
0.997953128491466,0.9999474870287923
0.9980986301262229,0.9998500060989588
0.9976062257939221,1.0020143288087233
0.9981418910763541,1.0019636032532744
0.9971050720191832,1.0020156590699065
0.9973105037709192,1.002165057830103
0.99686557346168,1.0024424729890165
0.9973193616370323,1.0018676923955754
0.9974545257272418,1.0021587660478788
,,egauge16616,egauge5198,egauge4183,egauge13974,egauge28684,egauge8617,egauge26086,egauge18350,egauge3167,egauge20407
,,0.5,1,0,1,0.5,1,0.5,1,0.5,1
,,1,1,1,1,1,1,1,1,1,1
0.9997651758445949,1.000119224759854
0.9979291037628703,1.0012857730441884
0.9965188870379037,1.001767381213581
0.9958321866785625,1.0017802336519677
0.9990188585253452,1.0000086150305236
0.998121139354132,1.0009793045365971
0.9987559542158543,0.999789916414486
0.9971126437107768,1.001902106084838
0.9976470214077571,1.0015694978095198
0.9976802418039021,1.0023111016611355
0.996087507855144,1.0019469245892128
0.9962500315167098,1.002178908463697
0.9958032427980181,1.0019041367328188
0.9946420229491502,1.0016195136337578
,,egauge9102,egauge7692,egauge30378,egauge5198,egauge27467,egauge16616,egauge16608,egauge18158,egauge26086,egauge18544
,,0,0,0,0,0.5,0,0.5,0.5,1,1
,,1,1,1,1,1,1,1,1,1,1
0.9997628590168446,1.0000583427090515
0.9983948952445891,1.0008623886283194
0.9970626789003808,1.0019108028094534
0.9964962273649437,1.0028419943907216
0.9989366075540349,1.0000070531569392
0.9977313759592038,0.9999584364246071
0.99691595728828,0.9996077427372039
0.998049740674793,1.0008320159674757
0.9982505725929859,1.0011864988694235
0.9972010400599708,1.0000330798844688
0.9966803309901715,1.0019687218224334
0.9960424255886445,1.0019643978803883
0.9958666511503259,1.0035211090899891
0.9964749280617881,1.0034003269614087
,,egauge20407,egauge18158,egauge15623,egauge9102,egauge23534,egauge16608,egauge24121,egauge13830,egauge32290,egauge16616
,,1,0,0.5,0,0.5,0,0,0,0.5,0.5
,,1,1,1,1,1,1,1,1,1,1
0.9997018940644647,0.9999484371529499
0.9976997321382869,0.9996592802120312
0.9966360898018503,0.9994573886875976
0.9961972049335918,0.9993534100867574
0.9985053049551286,0.9997764711918427
0.9968709910011383,0.9997921388353767
0.9970974113785593,1.0002900097713594
0.9969136963493358,0.9996289507070789
0.9969544519280871,0.9997655565332619
0.9959716116423697,0.9995949235869953
0.9964593514529252,0.9994243913897533
0.9958167086371839,0.9994039554094417
0.9958209272973989,0.9993098133890551
0.9960162599440114,0.9992465634246096
,,egauge19821,egauge4183,egauge13974,egauge32290,egauge26086,egauge20407,egauge17073,egauge13830,egauge18350,egauge5198
,,1,1,0.5,0.5,0.5,1,1,1,0.5,1
,,1,1,1,1,1,1,1,1,1,1
0.9997084471046519,1.0001867104334408
0.997812177760821,1.0012296185628964
0.9971013410285762,1.0024817671092
0.9966728365135994,1.0028541340354447
0.9989719893371886,1.0009892108679348
0.9988027026472591,1.0009873803624625
0.9977045258464714,1.0006976881451977
0.9972778457015711,1.0008448919240835
0.9969409219100142,1.0016273915063005
0.9956374742450914,1.0009385541669529
0.9967682933103303,1.0028006343966513
0.9963603369225871,1.003168758484225
0.9965352335089335,1.0029635969146464
0.9957683767118718,1.0033157864501059
,,egauge17073,egauge18350,egauge28684,egauge16608,egauge8617,egauge3167,egauge30378,egauge33764,egauge13974,egauge22271
,,0,1,0,0.5,0.5,1,0.5,0,1,0.5
,,1,1,1,1,1,1,1,1,1,1
0.9997372571268586,1.0001247668037885
0.9978570312359165,1.0011378803757485
0.9959107752248954,1.0017841049749037
0.994938845023137,1.002438696101254
0.9984665551129897,0.9999964370417855
0.9988820965068255,1.0009947708180011
0.9986582821591107,1.0000608625488905
0.9970288551849864,1.0013100891337146
0.9977864165384136,1.001370885399907
0.9977800610427726,1.0018726421843496
0.9953607300161831,1.0018089227384093
0.9956341622490932,1.0017090943786247
0.994317653522873,1.002840001291828
0.9942272288390072,1.0029430712829677
,,egauge16616,egauge32290,egauge13830,egauge18544,egauge19821,egauge8617,egauge23534,egauge7692,egauge17073,egauge22271
,,1,0,0,0.5,1,1,0.5,0.5,0,0.5
,,1,1,1,1,1,1,1,1,1,1
0.9997434628148127,1.0001093073257294
0.9979683219359355,1.0014173943249403
0.9964574960093364,1.00195696463346
0.9953010733807509,1.0021687371012569
0.9990417812093658,1.0005693544047969
0.9978441505976633,0.999826931260218
0.9981789482851565,1.0000346608568618
0.9978876098421723,1.0016948727456947
0.9974238141327014,1.002186332153866
0.9977374230932683,1.0024691215338413
0.9962684700523505,1.0020935082113902
0.9963297225627114,1.002171397396903
0.9946796115955735,1.002081257786221
0.994281372957544,1.002675969436452
,,egauge3167,egauge23534,egauge26086,egauge27467,egauge13974,egauge13830,egauge16608,egauge4183,egauge18544,egauge18350
,,0.5,0,0.5,0,1,1,1,1,0.5,1
,,1,1,1,1,1,1,1,1,1,1
0.9997543188725162,1.0001768727289924
0.9981441611497636,1.0016474851689627
0.9973242040240029,1.0026261152006262
0.9970693343482332,1.003088490033325
0.9995007024404509,1.0003667572486281
0.9978072249998563,1.0000342927366443
0.9975527185693351,1.001137181028194
0.9980331629005079,1.0015968183398316
0.9973659788580344,1.0022298683819704
0.9967219976796382,1.0028443344098283
0.9969746242530326,1.002808326775638
0.99723892970489,1.0030446895838652
0.996989626577065,1.0032929000090847
0.9967603908149916,1.0035610149879883
,,egauge19821,egauge24121,egauge18350,egauge13830,egauge16616,egauge28684,egauge30039,egauge23534,egauge17073,egauge33764
,,1,1,0,0,1,0.5,1,1,0.5,0.5
,,1,1,1,1,1,1,1,1,1,1
0.9997567648904023,1.000201635636666
0.9980592857843053,1.0016353525074706
0.9965827645687552,1.0028703087836965
0.995483184289997,1.0032685043348561
0.999015511305966,1.0010017712812638
0.9982000623543537,1.0006575335456522
0.9987413223823437,1.0001011789057335
0.9976290405900766,1.0015846863990785
0.9973635750123181,1.0020713304596451
0.9975888791488763,1.0021382421169016
0.9966033190430253,1.0031561667115578
0.9957846964437083,1.0036054589134031
0.9946738423527198,1.003516781844614
0.9948348216083261,1.0035692049756058
,,egauge30378,egauge27467,egauge24121,egauge5198,egauge18158,egauge28684,egauge16616,egauge17073,egauge20407,egauge13830
,,0.5,0,0.5,0,1,0.5,0,1,1,1
,,1,1,1,1,1,1,1,1,1,1
0.999705874684267,1.000068557830391
0.997995251985572,1.000803298536848
0.9965240229413324,1.001245649390618
0.9956465736630682,1.0015535540716667
0.9982757716434552,1.0001113402167854
0.9991324774166709,0.9999853689149587
0.9980584505673321,1.0002221513795562
0.9974794638708754,1.0007830512679308
0.9969471623936986,1.0011679145886456
0.9973645775182065,1.0013250292818698
0.9963637436776059,1.0010101025840845
0.9957089779472135,1.00204965615177
0.9948539706122077,1.001437003599688
0.9949317764313844,1.0022397937951097
,,egauge15623,egauge7692,egauge16616,egauge19821,egauge30039,egauge23534,egauge17073,egauge30378,egauge26086,egauge5198
,,0.5,0,0.5,0.5,0.5,0,0,1,1,0.5
,,1,1,1,1,1,1,1,1,1,1
0.9997159691093883,1.0000977985144037
0.997315553817451,1.0010685838554838
0.9955924568445259,1.0018479819177342
0.99509043238677,1.0024833883094486
0.998432289896629,1.0002522403920484
0.9977186429537364,0.9999966478936312
0.9981737233491619,0.9999010956740977
0.9966103910423693,1.0014130428257941
0.9970131970402334,1.0013725037701673
0.9960592083215236,1.000933382392179
0.9952805197025137,1.0017983469721272
0.9942728951322654,1.0022125347017568
0.994548544344353,1.003052653577171
0.9950479060759372,1.0027086850128295
,,egauge5198,egauge18544,egauge28684,egauge3167,egauge13830,egauge7692,egauge32290,egauge23534,egauge27467,egauge18350
,,0,0,1,1,1,1,0.5,1,0,0
,,1,1,1,1,1,1,1,1,1,1
0.9998372806573129,1.0001241968044647
0.9985523623790284,1.0010553411191527
0.9974938526120253,1.001202668241854
0.9971625303109561,1.0011450311688468
0.9989340435670924,1.0001028058245494
0.9990738452335125,1.0000442637046383
0.9986551416797612,1.0013394690016215
0.9983543676073767,1.0014504735582552
0.9978360850441861,1.0016735310363856
0.9971516881251781,1.00194486503596
0.9970784181114235,1.0010456304698143
0.9966930009806323,1.0019315328645333
0.9970828136684162,1.0011086232660837
0.996725765733373,1.0011021986593394
,,egauge20407,egauge24121,egauge18350,egauge9102,egauge4183,egauge13830,egauge30378,egauge28684,egauge30039,egauge8617
,,0,0.5,1,0,0,0,1,0.5,0.5,0
,,1,1,1,1,1,1,1,1,1,1
0.9997375967422647,0.9999861050283898
0.9981091553551117,1.00021347015304
0.9970460949803618,1.0007082174852842
0.9968103974173639,1.0008299011247286
0.9981136352111156,0.9997468838791002
0.9981842778235697,1.0001464615629418
0.9987498354690283,1.0008860751787878
0.9973529578104273,1.0001123139878425
0.9979174572973067,1.0000314064226103
0.9970023422574582,1.0001169909432428
0.9965528175572341,1.0008486922143045
0.9968756200964999,1.0009865905702984
0.9961492675673088,1.0010264846215875
0.9967358269112155,1.0007442723146511
,,egauge9102,egauge28684,egauge20407,egauge18158,egauge3167,egauge30378,egauge8617,egauge5198,egauge16608,egauge13830
,,0.5,1,0,1,0.5,1,1,0,0.5,0
,,1,1,1,1,1,1,1,1,1,1
0.9997374962030171,1.000053373353571
0.9981677689041619,1.00080607887776
0.9970829801334795,1.0011984723641678
0.9960271743822553,1.0012753549469242
0.9989221507163883,1.0001817311775776
0.9987275271290373,1.001169386945873
0.9963925022643462,0.9995631878200562
0.9971118740024133,1.0011099048045495
0.9981274013630803,1.000978220208863
0.9959787987172065,1.001463179936652
0.9970500755261842,1.0014217302489858
0.9970296969480876,1.0011770542191332
0.9953834938087415,1.0013991841936432
0.9952083855794122,1.0012218067472054
,,egauge27467,egauge16616,egauge24121,egauge18544,egauge30039,egauge7692,egauge18158,egauge26086,egauge33764,egauge19821
,,1,0.5,1,0.5,0.5,0,0.5,0.5,1,1
,,1,1,1,1,1,1,1,1,1,1
0.9997410995912277,1.0001726411221552
0.9979782200564881,1.0014295758309393
0.9963357865868093,1.0025145971000784
0.9954283282072846,1.0033692530412892
0.9996153016009273,1.0009168964310362
0.9982868185579077,0.9999701176333243
0.998068172808977,1.0007078004228573
0.9979277725868406,1.0017133487415764
0.9974034043920602,1.001714658510109
0.9971333917251899,1.0013136370051183
0.9961960837029971,1.0025228766506658
0.9954316888294061,1.0028794369509832
0.9947706622894755,1.0038131942513944
0.9946956122573515,1.0041645180420131
,,egauge13974,egauge18350,egauge24121,egauge16608,egauge8617,egauge23534,egauge26086,egauge18158,egauge9102,egauge13830
,,0,0.5,0.5,0.5,0.5,0,1,0,0,0
,,1,1,1,1,1,1,1,1,1,1
0.9996972740318916,1.0000310235085088
0.9977214510865335,1.0004052492009579
0.9963708139501847,1.0007107861639275
0.995677646986155,1.0006723823375216
0.9986180715018027,0.9998945501318962
0.9988632541956847,1.0004058914361555
0.9980202206325213,1.0002097544743414
0.9968246586373861,1.00054993780158
0.9976528365772865,1.0006076797978682
0.9959484405006183,1.000231563070789
0.9960709084589323,1.001092414264601
0.9951565239744821,1.0004980379582948
0.9951137044090628,1.0006505494098434
0.9951540947181013,1.0006402754771382
,,egauge18350,egauge13974,egauge7692,egauge33764,egauge8617,egauge17073,egauge26086,egauge27467,egauge30039,egauge5198
,,1,0.5,1,0,0.5,0.5,0,1,0,0
,,1,1,1,1,1,1,1,1,1,1
0.9998071273627749,1.0001253245886619
0.9984714337843492,1.0006529215529008
0.997718918067059,1.0009197456697174
0.9971500430165936,1.0008237254722747
0.9992963142350474,1.0005962002665703
0.9979365914080692,1.0005863317096173
0.9977727356317644,1.0011241881932662
0.9975844726388594,1.0005820729226518
0.998330113491458,1.0008959209516715
0.9965284781112114,1.0013292422236637
0.9973934447460745,1.0008701650735747
0.9976053218937899,1.0016483668475653
0.9965694458195189,1.000729107334995
0.9962459674256269,1.0008023168039082
,,egauge32290,egauge5198,egauge7692,egauge17073,egauge27467,egauge26086,egauge23534,egauge13830,egauge16616,egauge24121
,,1,0,0.5,1,1,0,0.5,0,1,0
,,1,1,1,1,1,1,1,1,1,1
0.9997779928369137,1.0000857549292428
0.9980204357608766,1.0009278169769655
0.9968074882697829,1.0010780563514594
0.9962990010514948,1.0010782840719514
0.9987557905348579,1.000004823221735
0.9981060182677028,1.0000410699561166
0.9977639888722747,1.0005282118798302
0.9973076036262712,1.0017284749900945
0.9979800752827928,1.0016169005032591
0.9961621305369519,1.0007859074102534
0.9964334723140408,1.001206190326271
0.9960198419532514,1.0010138142956972
0.9959087656364153,1.0013769232336582
0.9954374431940146,1.0007480292196322
,,egauge23534,egauge13974,egauge5198,egauge19821,egauge28684,egauge18158,egauge8617,egauge16616,egauge32290,egauge13830
,,0,0.5,0,0.5,0,0,0.5,1,0.5,1
,,1,1,1,1,1,1,1,1,1,1
0.9997163355581936,1.000053860365335
0.9980831041685535,1.000563178102516
0.9972562581535428,1.0010938019098845
0.9964623139050643,1.0012414858377319
0.9986485189390518,0.999972070149816
0.9978458715212004,1.000526122955942
0.9979994604240142,1.000011083042562
0.9974679798418591,1.0008973027186734
0.9977401376463019,1.000532816173754
0.995736567189406,1.0000808022170078
0.9972126204399945,1.0011930008741499
0.9969684305488943,1.001490183723813
0.996076177391912,1.000972110708077
0.9956939253902231,1.0019135814334514
,,egauge26086,egauge24121,egauge7692,egauge9102,egauge32290,egauge15623,egauge27467,egauge18158,egauge13974,egauge8617
,,1,0,0,0,0,1,0,1,1,0
,,1,1,1,1,1,1,1,1,1,1
0.999747467653826,1.0000662288940718
0.9979613691397441,1.0003188811360295
0.9967114113877644,1.000817521098171
0.9961162614538144,1.00112596421194
0.9986833582244218,1.0010537636757528
0.9981324258028289,0.9998411474102433
0.9975816573737117,0.9999592921246279
0.9972556670333765,1.000249373059997
0.997366484731273,0.9996617151256407
0.9957951172784657,1.0010722667630036
0.9966661881970174,1.0008009955826889
0.9954548906057222,1.0011923450325226
0.995494197997559,1.0015339372264203
0.9960204665192258,1.001051011860706
,,egauge20407,egauge8617,egauge18350,egauge3167,egauge9102,egauge22271,egauge23534,egauge13830,egauge13974,egauge30378
,,0.5,0,0.5,0,0,0,1,0.5,0.5,1
,,1,1,1,1,1,1,1,1,1,1
0.9996846634804595,1.000033171316237
0.9974147519504544,1.0007343180525974
0.9956021625138198,1.001661005804209
0.9942128786298436,1.002000894353349
0.9984470685261105,0.9997515198801588
0.998728427562435,0.9998933131662464
0.9987955795498267,1.0004287796568798
0.9973643381672403,1.0007039499859722
0.996669241899736,1.0006524826370191
0.9959252013645188,1.0006184743730178
0.9953887044410046,1.001942317485495
0.995283126417846,1.0019611365202223
0.9935850104953157,1.0021444822858372
0.9928132434099702,1.0023655121748432
,,egauge20407,egauge18158,egauge15623,egauge13974,egauge28684,egauge5198,egauge8617,egauge18544,egauge13830,egauge19821
,,0.5,1,0.5,1,0.5,0,0.5,1,1,0
,,1,1,1,1,1,1,1,1,1,1
0.9997410386908115,1.000109512548409
0.9982547652865119,1.00130220131231
0.9972653926773521,1.0021773701847807
0.9963808211091946,1.0025368203036669
0.99847600464603,0.999845034899569
0.9971109832024313,1.0008272046190743
0.9971211426638653,1.0004713372134726
0.9974361721996557,1.0019176781882617
0.99800250544026,1.0015757950937025
0.9972250834259526,1.001263557331762
0.9972201397146754,1.00227255699932
0.9972014398231878,1.0028211608381499
0.9958453322183358,1.002989280229782
0.9956853819429129,1.0024724675745265
,,egauge22271,egauge8617,egauge15623,egauge30378,egauge5198,egauge3167,egauge16608,egauge9102,egauge17073,egauge18350
,,0,0,1,0,0,1,0,1,0,0
,,1,1,1,1,1,1,1,1,1,1
0.9997751744083528,1.0000237029905112
0.998019048445113,1.0001105159468433
0.9964510137265169,1.0001262895307337
0.9959166637250116,1.0000239636812138
0.9987596575281501,0.9999631726755518
0.9987639966229445,0.9998775856445182
0.9971534575030446,1.0008466866940948
0.9968280071832819,0.9998880312937257
0.9979181251014704,1.0000902852452411
0.9979420634992844,1.0008443866461165
0.9960812627357795,1.0000850106766832
0.9956318143133521,1.0004686930139386
0.9953473149253685,0.9999367056104354
0.9957996116915319,0.9999811878607298
,,egauge18158,egauge18350,egauge19821,egauge3167,egauge23534,egauge4183,egauge5198,egauge15623,egauge28684,egauge22271
,,0.5,0.5,0,0,0.5,1,1,0,1,1
,,1,1,1,1,1,1,1,1,1,1
0.9997801639545472,1.0001614653463595
0.9985085186744526,1.0016020275048114
0.9975668824788309,1.002822943593701
0.9967868591864292,1.003826184038739
0.9984325462462337,1.0002267371431115
0.9988229281744855,1.0005600421007252
0.9978619853229824,1.00000728590024
0.9982057342847477,1.0015631083038106
0.9980665926705768,1.0019280385191214
0.9981194525055512,1.0023952855475573
0.9973775502962284,1.00300519738661
0.9962669078192191,1.002747841078808
0.9965333805213333,1.0042378238829932
0.9957866114225082,1.0049132214723122
,,egauge19821,egauge15623,egauge9102,egauge18544,egauge27467,egauge30039,egauge7692,egauge26086,egauge18158,egauge18350
,,1,0,0.5,0.5,1,0.5,0.5,1,1,1
,,1,1,1,1,1,1,1,1,1,1
0.9997543086829751,1.000226271104116
0.9985578455800634,1.0019132565300384
0.9977270069755929,1.003030989674219
0.997261067138436,1.0035128718596442
0.9990090431865678,1.001025464121496
0.9972626747162503,1.0000993541010017
0.9981483279246683,1.0005709318627365
0.9983008870894541,1.0021971913817602
0.9984467928602797,1.0026162901613733
0.9967128898618747,1.002486598513132
0.9976776133236541,1.0031138428840911
0.9966405312585604,1.0038981201308526
0.9963270477051313,1.0037393016860856
0.9969571710980689,1.003985632600037
,,egauge20407,egauge9102,egauge22271,egauge30039,egauge23534,egauge19821,egauge24121,egauge32290,egauge18544,egauge33764
,,0,0,0.5,0,1,0,0.5,0.5,0,0
,,1,1,1,1,1,1,1,1,1,1
0.9996807034934515,0.9999689996117734
0.9977723277117184,0.9998017930230361
0.9967229157808358,0.999560742769883
0.9962521093090756,0.9994840465275164
0.9980967879398119,0.9997530445978502
0.9981429403248673,0.9999090593949675
0.997590175429885,1.0009362901906336
0.9969994361342429,0.9996687536159912
0.9970365711569515,1.000515632161325
0.9964519658291541,0.9996475119383996
0.9965502690042777,0.9995978723314971
0.9961799749432215,0.9993620748630347
0.9962159117236555,0.9994549770722054
0.9953834747286885,0.9993985538295382
,,egauge18544,egauge20407,egauge30039,egauge16616,egauge13974,egauge8617,egauge4183,egauge7692,egauge27467,egauge23534
,,0,0,0.5,0.5,0.5,0,0.5,0.5,1,0
,,1,1,1,1,1,1,1,1,1,1
0.9997570901738685,1.0000081483641223
0.998284879700882,1.0004850775576963
0.9976088183001203,1.001010298169427
0.9970181972811513,1.0014013428925037
0.9994026723470637,0.9999559076976247
0.996602339979109,0.999583084432207
0.9977491594271142,1.0006204407643082
0.9975889827350479,1.0003838889157135
0.9974680739724985,1.0007280287747198
0.9979326052151903,1.0003499694587061
0.9974894769561453,1.0010345736650712
0.9968979438672012,1.0012244914931794
0.9970181972114551,1.0018969507878075
0.9959857841896306,1.001326366155465
,,egauge20407,egauge30039,egauge18544,egauge13974,egauge5198,egauge4183,egauge17073,egauge15623,egauge7692,egauge23534
,,0.5,0,1,1,1,0.5,0.5,1,0,0.5
,,1,1,1,1,1,1,1,1,1,1
0.9997280673691584,1.0000883628872876
0.9982005728286416,1.0012421271635388
0.9970535383077851,1.0018530272230863
0.9964450653624224,1.0020069640843938
0.9985403121079948,0.9997978017546164
0.9978146537153831,0.9998697390239336
0.9990906722310118,1.0013556214478452
0.9974097803718878,1.0018401661228689
0.9977114131801144,1.0016880424969787
0.9977739767564597,1.0014423087600135
0.9966437075939258,1.0019936919076369
0.99575539208976,1.0022712201614035
0.9963436967344428,1.0019632305119939
0.9955195977783865,1.002343762879946
,,egauge26086,egauge23534,egauge9102,egauge4183,egauge18544,egauge30378,egauge19821,egauge30039,egauge20407,egauge16616
,,1,0,1,0,1,1,0.5,0.5,0.5,0.5
,,1,1,1,1,1,1,1,1,1,1
0.9996652803237333,1.0000709091905946
0.9976648567566814,1.0001117057283921
0.9960932101329205,0.9998810114848777
0.9951020432996232,0.9995644266618009
0.9986630478836678,1.0010354992852617
0.9977792431705562,0.9999353928807284
0.9980557066511514,1.000832287673206
0.9974593480672717,0.9998881606946709
0.9976043429979057,1.0006823296184644
0.9952698917786083,1.0007335096509389
0.9958139314344856,0.9999759405719838
0.9954399193544524,1.000094919194247
0.9944807285254886,0.9993900233010564
0.9943584436396816,0.9994312080850121
,,egauge5198,egauge24121,egauge15623,egauge32290,egauge28684,egauge16608,egauge20407,egauge26086,egauge30039,egauge23534
,,1,0.5,1,0,1,1,1,0.5,1,0.5
,,1,1,1,1,1,1,1,1,1,1
0.9997090277501407,1.0001271679353494
0.9971637757663695,1.0009011279920677
0.9953321445327026,1.001566868273702
0.9945639320075456,1.0020992638949866
0.998835155206218,1.000587337084091
0.9981148508629307,1.0002771001529909
0.9970829168039989,1.0009455340260622
0.996609720391411,1.0002130427500617
0.9969420663785257,1.0014786476183675
0.9954942083754478,1.0017711333147152
0.9949546829614155,1.0015007115758414
0.9944821913006657,1.0019527465695224
0.9943400074338872,1.0025150017594981
0.9936087290564964,1.0023780931656108
,,egauge18158,egauge9102,egauge26086,egauge16608,egauge16616,egauge18544,egauge5198,egauge15623,egauge20407,egauge18350
,,0,0.5,0.5,1,0,0,0,0.5,0.5,0.5
,,1,1,1,1,1,1,1,1,1,1
0.9997354795660157,0.9999962975777916
0.9980821767699092,0.9998632113739723
0.9964625216447279,0.9997501401845235
0.995667665230031,0.9996287150734291
0.9982268365195818,0.9999107530748271
0.9982000725531506,1.0002815028094882
0.9975418213575512,1.0009517829951653
0.9973107695470812,1.0001653792916323
0.9976827105201164,0.9995700463482323
0.9978406042145282,0.9997860582076609
0.9964378611336429,0.9997253834041971
0.9951440554668984,0.9998249840132823
0.9950603809061117,0.9994550309441741
0.9952316755097751,0.9997397802212193
,,egauge18158,egauge23534,egauge30039,egauge22271,egauge24121,egauge18350,egauge5198,egauge16616,egauge33764,egauge18544
,,0,0.5,1,1,1,0.5,0,0.5,0,0.5
,,1,1,1,1,1,1,1,1,1,1
0.9997700813884575,1.0001168675685461
0.9984081493882179,1.0008514311087329
0.997290341820305,1.000890606973314
0.9966665009051028,1.0010379544006578
0.9983243257606252,0.999939991452402
0.9980180906741687,1.000770200522261
0.997753737266992,1.0016941497222918
0.9974610757565379,1.0018668113247704
0.9978943852508352,1.001023660144025
0.9979138420187282,1.0012101131565287
0.997253315229095,1.0008823434220917
0.9965554472851024,1.0007632329922143
0.9959934038556837,1.0010015510986203
0.9966132440441414,1.0013378651589202
,,egauge13830,egauge8617,egauge23534,egauge28684,egauge17073,egauge27467,egauge18158,egauge16616,egauge30039,egauge26086
,,0.5,1,0.5,0,1,0.5,0.5,0,1,0.5
,,1,1,1,1,1,1,1,1,1,1
0.999778162084022,1.0001464951636878
0.9981937228889944,1.0009329809311593
0.9969291857481658,1.0011688802000345
0.9961785326414404,1.0018188871403695
0.9989867445693651,1.0004780330121128
0.9987712040288638,1.0012471092219029
0.9978374000636164,1.000844211025908
0.9978204588089247,1.00090260573554
0.997377005729472,1.0017945152851406
0.9980204906712716,1.0015537619798132
0.9967893844077198,1.0011854132141889
0.9961946055714015,1.000558908076774
0.9959397068822589,1.0023512216919144
0.9952746035020084,1.0021447556431307
,,egauge30378,egauge16608,egauge7692,egauge22271,egauge16616,egauge19821,egauge18158,egauge13830,egauge30039,egauge32290
,,0.5,0.5,1,1,1,0.5,1,0,1,1
,,1,1,1,1,1,1,1,1,1,1
0.9997444763839053,1.000180535060384
0.9980346578904092,1.0015832093958759
0.9969052654862703,1.0021371328907371
0.9961863596707634,1.0025222726124248
0.9983143080920436,1.0002447187569645
0.997896962217525,1.0005382028770338
0.9977587442864045,1.0011657550411661
0.9970771220239246,1.002607896640337
0.9976528428221204,1.001948161184535
0.9968063311947393,1.0022215546900295
0.9964243942641419,1.0022737054538164
0.9963175488658064,1.0020835302133284
0.9954919630525351,1.0030112338656707
0.9957075629911626,1.0024471966845343
,,egauge20407,egauge18350,egauge22271,egauge9102,egauge13830,egauge13974,egauge18158,egauge19821,egauge28684,egauge3167
,,0.5,0.5,0,1,0.5,1,1,1,1,1
,,1,1,1,1,1,1,1,1,1,1
0.9997091913353441,1.0001465706900179
0.9979284939505688,1.001917585542654
0.9968004714499235,1.0031604839716313
0.9966730956673545,1.003764649076839
0.9984666025791147,0.9998584419126729
0.9988490708721458,1.0005192263702074
0.997595740065877,1.0000322447951406
0.9972318755197376,1.002266548658926
0.9974474041385806,1.002219600002772
0.9961816308217397,1.003079385974282
0.9963278738239993,1.003297221385412
0.9962894026719373,1.0039555537639446
0.9964920487051517,1.0041738930434954
0.9967263594318203,1.004173032874056
,,egauge28684,egauge9102,egauge33764,egauge16608,egauge3167,egauge8617,egauge18350,egauge17073,egauge23534,egauge15623
,,1,0.5,0.5,0.5,1,0.5,1,0.5,0,0
,,1,1,1,1,1,1,1,1,1,1
0.99976574043432,1.000133001698096
0.9981232430758008,1.0008826792602532
0.9966694192244364,1.001265634292057
0.9958793653253245,1.0011503646638111
0.9992856373440492,1.0007431054856724
0.9982400879106912,1.0004507779759078
0.9978395290616128,1.000721521400984
0.9972164671065427,1.001054030255402
0.9979231624747265,1.0012777311285084
0.9979692681964543,1.001346447568838
0.9966324198506257,1.001447553680871
0.9954886955720118,1.0016513764405302
0.9952458098056577,1.001093788327361
0.994583037803469,1.00107541015562
,,egauge20407,egauge16608,egauge30378,egauge24121,egauge7692,egauge33764,egauge9102,egauge28684,egauge26086,egauge5198
,,0.5,1,0.5,0,1,0,0,0,0.5,0.5
,,1,1,1,1,1,1,1,1,1,1
0.9996867644685435,1.0000234622775035
0.9982241598651177,1.0003767790498568
0.9971827646546644,1.0006756622968591
0.9966789324923346,1.0010728338682837
0.9984677223306792,0.9997637092814253
0.9978529967675436,1.0008952377825815
0.9968738888803027,1.0001173998585053
0.9974275611508743,1.0002756033575269
0.9980599313302914,1.0007652507671467
0.9965591925867255,1.0002223930667549
0.996862016341352,1.0006524510841532
0.9969212581569672,1.0006435553139077
0.9959654375470355,1.0013933308739373
0.9961285639839353,1.0012656172175352
,,egauge19821,egauge13830,egauge27467,egauge23534,egauge20407,egauge18544,egauge24121,egauge18158,egauge15623,egauge18350
,,0,0,1,1,0,1,1,0,0,0
,,1,1,1,1,1,1,1,1,1,1
0.9997361372435337,1.0000253646901258
0.9977470415702703,1.0000517513778302
0.9962733628953785,0.999895587664261
0.9952249912413446,0.9998188597095471
0.9987987916863847,0.9999252685491423
0.9982135630855119,0.9999619241640597
0.9994200505499677,1.001517101223454
0.9972238678904203,1.0003755512876151
0.996861466860028,0.9997180913526228
0.9976316066710512,1.0008755257177842
0.9960967006973201,0.9999666411577248
0.9955181397277888,0.9998100533459549
0.9943293040180738,0.9997679693262319
0.9947348375161775,0.999765403580718
,,egauge18158,egauge27467,egauge33764,egauge7692,egauge13830,egauge13974,egauge16608,egauge18544,egauge15623,egauge26086
,,0.5,0,0,1,0,1,0,0,0.5,0.5
,,1,1,1,1,1,1,1,1,1,1
0.9997546009383899,1.0000696706992034
0.9978475129764116,1.0007963163520304
0.9966803770247424,1.0010681600921671
0.9961698190267609,1.0014527398080983
0.9983183774993294,1.000177949737058
0.9991502122989041,0.9999732104744652
0.9978168160317205,0.9999402570085284
0.9978071607682059,1.0012622660234998
0.9970714086508872,1.0007659460225224
0.9963491350093885,1.0019372151927384
0.9963064171758855,1.0010144386253559
0.9964993281512287,1.001025331476891
0.9955267840490218,1.001562021945241
0.995212789306773,1.0019350788404908
,,egauge26086,egauge20407,egauge18350,egauge30378,egauge16616,egauge8617,egauge32290,egauge16608,egauge22271,egauge24121
,,0.5,0.5,0.5,1,0,0,0.5,1,0,1
,,1,1,1,1,1,1,1,1,1,1
0.9996694009890482,0.9999983268201297
0.9976172712970448,0.999952901026948
0.9961262703815092,1.0001172299905
0.9955223344049909,1.0002516414922393
0.9986087068942536,1.0004487233346309
0.9973279529011785,0.9995864531630663
0.9987824305582221,1.0003690206621982
0.996429272860029,1.0001861777801038
0.9973686489654283,0.9994879256566018
0.9974249268718616,0.9998178778632019
0.9959208926725893,0.9999892800207747
0.9951480509080521,1.000491744020252
0.9949558681928306,1.000207998465672
0.9947571264203336,1.0005405690164442
,,egauge18158,egauge13974,egauge20407,egauge30378,egauge5198,egauge16608,egauge13830,egauge24121,egauge27467,egauge7692
,,1,0,0.5,0,1,1,0,0.5,0,1
,,1,1,1,1,1,1,1,1,1,1
0.9996908346597524,1.000015735179675
0.9979101047620967,1.0004691484352415
0.9970914439506257,1.0006441234128898
0.9969066729185816,1.0008747454545268
0.9983543076297492,1.0003894288174748
0.9976628068304636,0.9997969468595583
0.9971584877594335,0.9995571154444561
0.9968301520713808,1.0002448359208609
0.9976627710395517,1.0009129219576964
0.9961432231754691,1.0013369768629146
0.9969721759065829,1.000619340456616
0.9963248078285213,1.0006601024665083
0.996790761710885,1.0008383491689077
0.996132954409499,1.0013527082914493
,,egauge26086,egauge28684,egauge9102,egauge30039,egauge18350,egauge16608,egauge13974,egauge23534,egauge8617,egauge7692
,,0,0,1,1,1,1,0,0,0,0.5
,,1,1,1,1,1,1,1,1,1,1
0.9997332191120781,1.0000825617919267
0.9978985222075245,1.0008398920374204
0.9966091740288782,1.0007856718583887
0.9964627043525912,1.0008689369985269
0.9986310148192625,1.00003091766606
0.9987446924776239,1.0000401130954468
0.9981138345503644,1.0008742259987589
0.9973174131904439,1.0015796108123813
0.9978010824927337,1.001277964753654
0.9962274998863897,1.0016983918951035
0.9962516761509149,1.00072783755332
0.9955772629361793,1.0007107496047216
0.9963758136902507,1.0008179834228552
0.9962900789385123,1.001083094557235
,,egauge16616,egauge16608,egauge17073,egauge3167,egauge22271,egauge30378,egauge33764,egauge30039,egauge18350,egauge32290
,,0.5,0.5,1,1,0,0,1,1,1,0
,,1,1,1,1,1,1,1,1,1,1
0.9997564969551463,1.0001201120789798
0.9980572042422429,1.0007531868423913
0.9967484821562987,1.0014457320843777
0.9962138889261203,1.0013116597541507
0.999024122947977,1.0000238616409378
0.9979332543982105,1.0004799927640422
0.9976785958686322,1.0019390210209216
0.9977545816979705,1.0011380457327455
0.9972252681493474,1.0006924515286921
0.995540740669983,1.0002974029701037
0.9966374836570229,1.0016938760869032
0.9957270282771473,1.0022177315427063
0.9959316435230929,1.0016322471460668
0.9954465605150146,1.0006160304848437
,,egauge3167,egauge5198,egauge18544,egauge20407,egauge28684,egauge13830,egauge30378,egauge17073,egauge26086,egauge18350
,,0,0.5,1,0.5,0.5,0.5,0.5,0.5,1,1
,,1,1,1,1,1,1,1,1,1,1
0.9997453708812027,1.0001420319404615
0.9973641451565216,1.000974275617275
0.9955641410434316,1.0019435128876577
0.9950240132805284,1.0027139535211602
0.9994694723318203,1.0001099451989874
0.9981151868977352,1.0005619328515565
0.999152305811612,1.0014249676456688
0.9964073677347381,1.0005220166679343
0.9972129309297421,1.001247763499385
0.9962409729545525,1.001573475299047
0.9950143198104469,1.0019435128806313
0.9948095121961021,1.002275924545199
0.9944821671925236,1.0033199018777812
0.9949177138899965,1.0031110935358443
,,egauge32290,egauge13830,egauge18350,egauge15623,egauge5198,egauge23534,egauge8617,egauge24121,egauge26086,egauge3167
,,1,1,0,0,0.5,1,0.5,0,0,0
,,1,1,1,1,1,1,1,1,1,1
0.9997733112928188,1.0000479441072658
0.9981892612256112,1.0002659178427042
0.9969275828295996,1.0002360400426884
0.9962722677822569,1.0001912618542173
0.9987455699860927,0.9999793599616675
0.9983042827804554,1.0013585687796052
0.9987666811184623,0.9999623943792175
0.9970870141498956,1.000215333608002
0.9975359324158757,1.0004683151070077
0.9968659366785029,1.0016722473154225
0.9968659001779759,1.000306232422933
0.9960653818927871,1.0001290817950441
0.995548889143245,1.0001767147127376
0.9962403278010208,1.0001377821909498
,,egauge18350,egauge16616,egauge16608,egauge9102,egauge28684,egauge26086,egauge8617,egauge19821,egauge3167,egauge17073
,,0,0.5,0.5,1,0.5,0,1,1,0,0.5
,,1,1,1,1,1,1,1,1,1,1
0.999736890954595,1.0001172260923392
0.99795524926577,1.0012697585021098
0.997008327485572,1.0022681276903178
0.9965246520889264,1.0024693339788797
0.999343479239687,1.0000741926803207
0.9983639129381552,0.999925403842568
0.9978126196847126,1.0004905490861256
0.9971790461013325,1.001644713726713
0.9977938429627062,1.001523402724912
0.9964758595623789,1.0010826228476462
0.996987763618686,1.0024958082312825
0.9962843165763812,1.003073263018658
0.9964884427885938,1.0024474547043882
0.9956414178945118,1.0028556241798943
,,egauge5198,egauge28684,egauge23534,egauge19821,egauge15623,egauge33764,egauge18350,egauge32290,egauge18544,egauge20407
,,0.5,1,0.5,0.5,1,1,0,0.5,1,0.5
,,1,1,1,1,1,1,1,1,1,1
0.9997431995042275,1.0000932785582852
0.9975923832289255,1.000443415248404
0.9964795270290686,1.0001520902793986
0.9959072606876614,1.0002417740756369
0.9988476937723532,1.0003179408841092
0.9987062373558875,1.0012338961702956
0.9978208945402623,1.0007796982773487
0.9969876872220513,1.0007066057036575
0.9963436311189328,1.0008078762830115
0.9960935532859532,1.0015451310041428
0.996311038829339,1.0001190658696688
0.9959899264230436,0.9998099529234091
0.9958638417525238,1.0005110023203578
0.9948917599559991,0.999995808840503
,,egauge9102,egauge30378,egauge20407,egauge24121,egauge22271,egauge17073,egauge5198,egauge19821,egauge8617,egauge32290
,,1,1,0,0.5,0,1,0,1,1,1
,,1,1,1,1,1,1,1,1,1,1
0.9996490257706706,1.00006313678541
0.9978005786844237,1.0010753796538363
0.9970125985956386,1.0018430874576225
0.996598778853022,1.0021510342076754
0.9988623796525669,1.0004211875801963
0.9970390388530638,1.0007273545302837
0.9964368992552504,0.999546324369104
0.9973871740119309,1.000947487009404
0.9968030477600719,1.0010146212265674
0.9962447651051453,1.0027009499981023
0.9968912531519118,1.0018348146107845
0.9963919086189776,1.0026476611402408
0.9965118741175301,1.0025522033822312
0.9960346437030522,1.0020759911382042
,,egauge17073,egauge30378,egauge16608,egauge16616,egauge26086,egauge19821,egauge23534,egauge24121,egauge18158,egauge20407
,,1,0.5,0,1,1,0.5,0,0,0,0.5
,,1,1,1,1,1,1,1,1,1,1
0.9996083772591874,1.000018298914189
0.9973027113448341,1.0001967082816792
0.9953067021830033,0.9997334490254807
0.9940631831123712,0.9994605316680538
0.9985836988362994,1.0009103903812695
0.9969588345547351,1.00012018705497
0.9975874067024978,0.9998756605509435
0.9966774981212957,1.0003889676059285
0.9963969324343361,1.0009966748599277
0.9960158726900307,1.0005863178622598
0.9948964459066493,0.9996921893313533
0.9948708989529179,0.9996051785515833
0.9931615276556701,0.9994023963703741
0.9932944314506721,0.9991827512756398
,,egauge16616,egauge28684,egauge18544,egauge8617,egauge33764,egauge18350,egauge23534,egauge17073,egauge30378,egauge3167
,,0.5,0,1,1,1,1,0,0.5,0.5,0.5
,,1,1,1,1,1,1,1,1,1,1
0.9997801111027355,1.000137375905528
0.9979886790596056,1.0012559075156262
0.9963605523695065,1.0015851410784289
0.9954954207668405,1.001726159167877
0.9990195369195342,1.00004112350377
0.9987378396923983,1.0000925615137033
0.9991378001873251,1.0014111952716185
0.99797194189705,1.001803241087203
0.9973638657824492,1.0018460628981525
0.997743703457062,1.002079663645552
0.9959497814904069,1.0015561955668895
0.9951696409107756,1.001971028212121
0.9945272706177782,1.0017625950147306
0.9954422379302172,1.0019083702251395
,,egauge23534,egauge13830,egauge16608,egauge18158,egauge30039,egauge8617,egauge13974,egauge30378,egauge20407,egauge27467
,,1,0,0.5,0,0,0.5,1,0,0.5,1
,,1,1,1,1,1,1,1,1,1,1
0.9996698072626646,1.0000285630894314
0.9975555328594753,0.9999947742640075
0.9955985427931967,1.0001628074186484
0.9949696198367926,1.0001662914337182
0.9988073270861888,1.000795290454404
0.9981345192682911,0.9999675786542563
0.9977216347330027,1.0003923339684602
0.9964060399015254,0.9998137928966351
0.9970264460046124,0.9997925383344549
0.9974208924111891,1.0004387467354394
0.9952455754992737,1.0003940533444466
0.9941647845310944,0.9998741071384394
0.9942834436145719,0.9999235265835741
0.9949270996104187,1.0009156937559718
,,egauge8617,egauge18544,egauge30039,egauge4183,egauge32290,egauge27467,egauge30378,egauge13830,egauge15623,egauge24121
,,1,1,0,0,1,1,1,0,0.5,1
,,1,1,1,1,1,1,1,1,1,1
0.9997405151278865,1.0001158725087964
0.9979741301806854,1.0006351402603608
0.9964414777436433,1.0010096917707059
0.9953548142971415,1.0012403226796525
0.9992545825839357,1.0007012882431727
0.9991141591098854,1.0013119477498664
0.9976928300977904,0.9998623272464715
0.9978328931818412,1.00045095840304
0.9975203223894145,1.000564293116973
0.9977649681590697,1.001969463255413
0.9961455467308894,1.001133681786791
0.9962817701918121,1.000945454901568
0.9944734261106952,1.0013568620697142
0.9948339998293814,1.0014545741269043
,,egauge18544,egauge23534,egauge16616,egauge27467,egauge18350,egauge30039,egauge18158,egauge4183,egauge32290,egauge17073
,,0.5,0.5,0,1,0.5,0,0.5,0,0,0
,,1,1,1,1,1,1,1,1,1,1
0.9997264521456675,0.99996834391808
0.997857703098714,0.9998229729995497
0.9959225625425887,0.9994550061100872
0.9947988609284358,0.9993033493597471
0.999445030257576,1.000267875932833
0.997972166722801,1.0006243469386873
0.9980358811720035,0.9997514283256416
0.9979686924705055,1.0005230821797515
0.9977265708809985,1.0000247248689544
0.9965636329759604,0.9995910274643325
0.9954832833832031,0.999494128586956
0.9956459455800377,0.9993160940180945
0.9944159885946435,0.9992597552459875
0.9934830062495126,0.9992071918474325
,,egauge7692,egauge17073,egauge33764,egauge18544,egauge22271,egauge5198,egauge20407,egauge32290,egauge18350,egauge16608
,,0,1,0.5,0.5,1,1,1,1,0.5,0
,,1,1,1,1,1,1,1,1,1,1
0.9997579470000785,1.0001343041684563
0.9981251736822702,1.000894232850014
0.9963683764506153,1.0007649090683053
0.9955928647785051,1.0007905454618538
0.9988033615112046,1.0000808281000266
0.9978116126972835,1.0018248797461804
0.9978534849234414,1.0007221649929399
0.9980155636276014,1.0011575632153356
0.9972536455402778,1.0018673419322093
0.9966335856674396,1.0017255282348823
0.9959165476027928,1.0006988149840192
0.9958178035503006,1.0006899886655842
0.9953614357774915,1.000914303891037
0.9946350370848865,1.0006514138962832
,,egauge28684,egauge18158,egauge16616,egauge5198,egauge9102,egauge32290,egauge33764,egauge22271,egauge8617,egauge13974
,,1,1,0,0,1,0,0.5,0.5,1,0.5
,,1,1,1,1,1,1,1,1,1,1
0.999733059220595,1.0000932814528602
0.9979675259481433,1.0007167952385727
0.9967728371373653,1.0016152801666467
0.9962321342964258,1.0020770941868837
0.9992462728117646,1.0006999156534342
0.997173300755366,1.0008113326628258
0.9981516021175123,0.9997552110359774
0.9978017675857767,1.0006965500382345
0.9972215279602139,1.0010611114429746
0.9966677483369191,0.9998955468950366
0.9966700567823783,1.0017228129376925
0.9959320614843903,1.0021153829250729
0.9961959374589208,1.0024782284458662
0.9953812723011979,1.0022896887758268
,,egauge18544,egauge9102,egauge32290,egauge26086,egauge22271,egauge4183,egauge19821,egauge5198,egauge16608,egauge7692
,,0.5,0.5,1,0,0,1,0,0,0.5,1
,,1,1,1,1,1,1,1,1,1,1
0.9997366827136479,1.000064887104473
0.9980220899264238,1.000471232338214
0.9969376838880765,1.0008071107605394
0.9963204312517302,1.001209257482295
0.999496396804602,1.0003644533029987
0.998201273575003,1.0003963440007297
0.9977055571860822,0.9999416161394926
0.9972458257537904,1.0004109190809067
0.9972708337208764,1.0003924430528026
0.9976949996767115,1.0012069623584063
0.9966416862749924,1.0007740607822173
0.9968844099199283,1.000785702512858
0.9956765278733146,1.0013330769962299
0.9962352584305312,1.0017021795036063
,,egauge13830,egauge4183,egauge18544,egauge28684,egauge26086,egauge16616,egauge7692,egauge20407,egauge15623,egauge3167
,,0,0,0.5,0,0,0,0.5,0,0,0.5
,,1,1,1,1,1,1,1,1,1,1
0.9997717248355403,0.9999623823032328
0.9979982176037274,0.9996798826896892
0.996709279446478,0.999520943189287
0.9957429031533662,0.9995465225169442
0.9989495641949798,0.9999192226414664
0.9988374063610155,0.9996933953767655
0.9991503012227134,1.0004915686821239
0.997770933621774,0.9996394428473822
0.9971481451225129,0.999649552445156
0.9966789551837889,0.9995063454375297
0.9965238032193897,0.999562196523157
0.9954722591499128,0.9992739934728287
0.994861108037653,0.9995029158605664
0.995423814579775,0.9996534205793668
,,egauge13974,egauge4183,egauge30378,egauge30039,egauge24121,egauge27467,egauge13830,egauge23534,egauge15623,egauge5198
,,1,0.5,0,0,0.5,0,0.5,0,0,0.5
,,1,1,1,1,1,1,1,1,1,1
0.9997235988029601,1.0000242571497466
0.9978989324465185,0.9999886219653965
0.9968216198964394,1.000202767025635
0.9960090342872162,1.0002795814213339
0.9987576922429552,1.0006649870748705
0.9988198989632179,1.0002671744421785
0.9968719373918478,0.9995774087833157
0.9969314826070869,0.9998550113157451
0.9974048529872609,1.0000664298537092
0.9976872877766516,0.9998921684009173
0.996768167797416,1.000330768596826
0.9960607255072687,1.0001278963598883
0.9951319132507803,1.0002141164073564
0.9956183266044577,1.0005042932098624
,,egauge27467,egauge7692,egauge30378,egauge28684,egauge8617,egauge22271,egauge4183,egauge15623,egauge16608,egauge20407
,,0.5,0,0.5,0.5,0.5,1,0,1,0.5,0.5
,,1,1,1,1,1,1,1,1,1,1
0.9997467933195633,1.0000673327456788
0.9981917021393248,1.0006383741579437
0.996809313137255,1.0004558007556799
0.9955684621363277,1.0003841617520124
0.9995868529361932,1.0004097124043845
0.9977340496182688,0.9999661112329499
0.996916067404381,1.0001899365469333
0.9978285227237585,1.0008809172411937
0.9980504286507206,1.0008509873638873
0.996385884229509,1.0025227211409395
0.996739014197162,1.0003857954009991
0.995516503137458,1.0008378620009961
0.9949251322741438,1.0004714749533998
0.99435745510534,1.0001381551258293
,,egauge20407,egauge8617,egauge16616,egauge18158,egauge33764,egauge30039,egauge3167,egauge17073,egauge18350,egauge18544
,,0,0.5,0.5,0.5,0,1,0,1,1,0
,,1,1,1,1,1,1,1,1,1,1
0.9997672741387457,1.000022788414407
0.998176429633194,1.001061762689512
0.9974264544960454,1.0018329716152319
0.9973372021245923,1.002095959583295
0.9982067319386224,0.9997513760140633
0.9987613214488412,1.0004918638691722
0.9982076856105899,0.9998086783521015
0.997097914091113,1.0011022724729635
0.9974906989990919,1.000990022549979
0.9965839789741541,1.0024742663038888
0.9974058804376392,1.0018164262808742
0.9963722718912417,1.0027341791020505
0.9972375544462182,1.0024241393572104
0.997283902869558,1.0020530789919446
,,egauge23534,egauge16608,egauge7692,egauge8617,egauge3167,egauge5198,egauge27467,egauge16616,egauge18350,egauge20407
,,1,0,0.5,0,0.5,0,0,0.5,0,0.5
,,1,1,1,1,1,1,1,1,1,1
0.999779741785788,0.9999919152666905
0.9985135784229917,0.9997016420763412
0.9974376443559672,0.9994057803726203
0.996530416106945,0.9992505090821105
0.9988932844625121,1.0007437631135565
0.9977490907355983,0.9998901882015087
0.9977639457746379,1.0004137196614227
0.9984033425624709,0.9996207641682299
0.9984630989479388,0.9998128743978699
0.9968797012961067,0.9996437869398932
0.9973882676428438,0.9993851580230507
0.9966494081428334,0.9992989270926972
0.9962842525552559,0.9992287128262115
0.9952861672594019,0.9990582279307494
,,egauge24121,egauge7692,egauge8617,egauge23534,egauge18158,egauge30039,egauge27467,egauge18350,egauge13974,egauge16608
,,0.5,0.5,1,1,0.5,0,1,0,1,0.5
,,1,1,1,1,1,1,1,1,1,1
0.9997524278638193,1.0001443687160871
0.9976253354496816,1.0011768914944754
0.9966498118048978,1.0020143257842717
0.9956902798044991,1.0024763570623705
0.9989450260193251,1.0001863685533234
0.9978936287801193,1.0005642707867397
0.9986949741071814,1.001322289184669
0.9970206159023253,1.0019081771596203
0.9963966479666988,1.0012054172851081
0.9962966914816676,1.000936397266167
0.9966827020389561,1.0022957553126088
0.9964324928185336,1.0019500126965324
0.9950933280223354,1.0028783727612651
0.9947208601212459,1.002658729543453
,,egauge17073,egauge23534,egauge30039,egauge4183,egauge33764,egauge32290,egauge18350,egauge18158,egauge3167,egauge30378
,,0,0.5,0.5,0.5,1,1,1,0,0.5,0
,,1,1,1,1,1,1,1,1,1,1
0.9996834222104642,1.0000621367959148
0.9979474168831645,1.0004293049421822
0.9966285147792271,1.0004801584179006
0.9961117162066451,1.0004332015980815
0.9983599122854077,0.9999338165343213
0.9979292259292023,1.0007221023922626
0.9977117708346326,1.0007141935029447
0.9977960980908026,1.0005225990548237
0.9972634827172051,1.0010369038784288
0.996524269705888,1.0002942057446096
0.9965750749100653,1.000661909154265
0.995309789506971,1.000223429973062
0.9960755246565874,1.000556907798798
0.9946770850096236,1.000197874304326
,,egauge3167,egauge28684,egauge23534,egauge8617,egauge16616,egauge19821,egauge18350,egauge13830,egauge33764,egauge4183
,,0.5,0.5,0.5,0,0,0.5,1,1,1,0.5
,,1,1,1,1,1,1,1,1,1,1
0.9997790168089672,1.000133466665408
0.9981332195691869,1.0009324129411459
0.9972092611601898,1.002053992231947
0.9964612032787171,1.0025289153413854
0.9994676337588145,1.0003141480040705
0.9987441130216332,1.0006777537432507
0.9978631859554217,1.0008227864661252
0.9980211152459405,1.0008615409192012
0.9974374476775987,1.000341187051536
0.9968070114171951,1.0015702682239533
0.9971352183156501,1.002231941691311
0.9968039236964956,1.002697689362033
0.9957882701801452,1.002981371191613
0.9961950512078916,1.00265764878402
,,egauge32290,egauge27467,egauge18544,egauge16616,egauge15623,egauge33764,egauge13830,egauge22271,egauge30039,egauge7692
,,1,1,1,0.5,0.5,0.5,0,1,0.5,0
,,1,1,1,1,1,1,1,1,1,1
0.9997869401919792,1.000169195309461
0.9981189016117631,1.0010067581760602
0.9972776565007032,1.0017527185819546
0.9965838523229288,1.0018809580618278
0.9987940480833324,1.0000943276239316
0.9995049756369402,1.0015728373075965
0.999079911779784,1.0014547026404659
0.9974805106428947,1.0009156311736458
0.9968894948061743,1.0011485501513013
0.9963897044311626,1.0014980361639962
0.9972159482817435,1.0017320389696234
0.9964590711834664,1.0028364516652692
0.9958891313054524,1.0020704940408316
0.9964454121651476,1.0018166551007817
,,egauge24121,egauge4183,egauge27467,egauge18350,egauge30378,egauge30039,egauge23534,egauge32290,egauge16608,egauge22271
,,0,0.5,1,0.5,0.5,1,0.5,0,1,1
,,1,1,1,1,1,1,1,1,1,1
0.9997391299620233,1.0001393504880114
0.9978265055351047,1.001265277322166
0.996469711249927,1.0019619206005128
0.9957447649520349,1.0028805139608736
0.9989589406169153,0.9999882232819476
0.9987659323185986,1.0003940296453036
0.9994185246971622,1.0016369414161495
0.9977233915916671,1.0014286911441008
0.9965964558877771,1.001315927331344
0.9962728006365952,1.0026587461443524
0.9962352580617262,1.002098464964788
0.9959588441253642,1.001255056124959
0.995079631103934,1.003208997399922
0.9950502351631095,1.003950587033799
,,egauge4183,egauge33764,egauge5198,egauge8617,egauge23534,egauge30378,egauge13830,egauge15623,egauge27467,egauge26086
,,1,0,1,0,0.5,0.5,0,0.5,0,0.5
,,1,1,1,1,1,1,1,1,1,1
0.999738744834462,1.0000848270988791
0.997786772385878,1.0004167531782056
0.9966755793206117,1.0006425329497526
0.9960649916159682,1.000873636670347
0.9993350081679295,1.0005039609888502
0.9979150183006402,0.9999672813230045
0.9980021576041536,1.0010270571270956
0.997635482377979,1.0003358068650652
0.9971955149477062,1.0006698097789437
0.9954384837340795,1.0005325848798017
0.9964823949985934,1.0006299789349273
0.9959535858681763,1.0007923916972952
0.9959636687686781,1.0008372404334724
0.9951930509321779,1.001334211848313
,,egauge7692,egauge27467,egauge22271,egauge19821,egauge32290,egauge23534,egauge30378,egauge18544,egauge24121,egauge16608
,,0,0,0.5,0,1,1,1,1,1,0.5
,,1,1,1,1,1,1,1,1,1,1
0.9997340544765196,1.000122899151974
0.9975018617773296,1.0010873160871825
0.9958058534520072,1.0018184906468222
0.9947580691617565,1.0019851972969216
0.998762493847573,1.0000682484629762
0.9992272643045168,1.000036401396025
0.9976283162986684,1.0011484369357269
0.9970452861806861,1.0010063056407774
0.9969979433172964,1.001008445580352
0.9962180386326356,1.0024998741427078
0.9953953549080429,1.0019591493521427
0.995731371997204,1.0024298088622257
0.9942380497200807,1.0020508038540783
0.9937708384242708,1.0021757525280746
,,egauge16616,egauge28684,egauge13974,egauge22271,egauge17073,egauge24121,egauge8617,egauge20407,egauge5198,egauge26086
,,0.5,0,0.5,0.5,1,0,0.5,1,1,0.5
,,1,1,1,1,1,1,1,1,1,1
0.9996999209590693,1.0001016076912899
0.9974358355165872,1.0010456415769464
0.9962384586860294,1.0016025776924598
0.9957362034047196,1.0021157291854883
0.9990009918000061,0.9999903445717011
0.9987268461422941,1.0000616403556648
0.9977156115685548,1.0006139832291296
0.9964689163536672,1.0015071238108282
0.9966198517518879,1.0018215130530232
0.9962858650708863,1.0005728168262453
0.9961809350062175,1.001697700007572
0.9952176199234404,1.0014418913600054
0.9954879874411886,1.002429325169114
0.9947554624830343,1.0025288490400044
,,egauge8617,egauge30378,egauge23534,egauge33764,egauge4183,egauge17073,egauge27467,egauge18544,egauge24121,egauge30039
,,0.5,0,0,0,0.5,0.5,0.5,0,0.5,0
,,1,1,1,1,1,1,1,1,1,1
0.9997493433111051,1.0000082989390375
0.998299035155167,1.0001983014974074
0.9971925990343129,1.0002068225173977
0.9962828743438501,1.0000405471307816
0.9992904383645757,1.0002650398196766
0.9970784157882738,0.9995706719889043
0.9975973426640553,0.9998635751980745
0.9976132039802458,1.0001307361760283
0.9980871156642691,1.00031284944016
0.9961480278028854,1.0008662780951614
0.9971432367369931,1.0003430842247731
0.9968197104004988,1.0001640374585765
0.9959354934394851,1.000023223326641
0.9952726076026607,0.9999122301473239
,,egauge4183,egauge5198,egauge30039,egauge16616,egauge28684,egauge27467,egauge19821,egauge22271,egauge16608,egauge9102
,,1,0.5,1,0.5,1,0.5,0,1,0,1
,,1,1,1,1,1,1,1,1,1,1
0.9997749888348054,1.0001910100255658
0.9979687121658802,1.0012565420996795
0.9962372120087235,1.0019781092152336
0.9951761274795945,1.0021064691611536
0.9993346722117444,1.0006188277507069
0.9981634106403227,1.0006109352440762
0.9977927707437433,1.0017700558241809
0.9977871315129143,1.0011451344581253
0.9978073033877516,1.0018038763637405
0.9977955261933379,1.0018752909219002
0.9959414605509658,1.001945013517102
0.9958434720130552,1.0030513837772894
0.994525880017137,1.0019825545309593
0.9943581694429781,1.0025033247609034
,,egauge15623,egauge13974,egauge20407,egauge4183,egauge7692,egauge33764,egauge3167,egauge28684,egauge13830,egauge24121
,,1,0,0,0,0,0.5,0,0,0.5,1
,,1,1,1,1,1,1,1,1,1,1
0.9997383670244685,0.9999919611645075
0.9984261091364409,1.0002230807167773
0.9976356121770554,1.0005058437641017
0.9969479089106048,1.000829800468212
0.9984472064596095,1.0003790365718297
0.9977264516010265,0.999805310421296
0.9963213840472201,0.9995616927020212
0.9982585847185482,1.0000484904330424
0.9978195908114078,1.0001522680617196
0.9966964976339755,1.0006864919120786
0.9975487375940814,1.0004934541303372
0.9972412180796201,1.0004737432239825
0.9964009620648401,1.0010409490344532
0.9961069565719578,1.0011148975749165
,,egauge18158,egauge7692,egauge15623,egauge13974,egauge28684,egauge30378,egauge8617,egauge22271,egauge17073,egauge9102
,,0,1,0.5,1,1,0,0,0.5,1,0
,,1,1,1,1,1,1,1,1,1,1
0.9997204851144852,1.000141028153483
0.99738982635554,1.0012791379048345
0.9959596181160113,1.0019941602861688
0.9950320494002436,1.0024563688534116
0.9983814922876578,0.999944804256877
0.9979000266235498,1.0010683207259845
0.9971602240354527,1.0004854986247083
0.9964531414543183,1.0018366295680974
0.9972285282448262,1.0018467725591234
0.9949679696459186,1.0008542590853924
0.9959308647590533,1.0019610639704255
0.9951196557317861,1.0024982711991637
0.994519081889035,1.003054829701355
0.9942354554560999,1.0023912144221925
,,egauge18544,egauge22271,egauge15623,egauge13830,egauge27467,egauge19821,egauge16608,egauge8617,egauge5198,egauge23534
,,0.5,0,1,0,1,1,0.5,0,1,0
,,1,1,1,1,1,1,1,1,1,1
0.9998186975686456,1.0001330905403996
0.9981947851904927,1.0011028054676148
0.9969827141798675,1.0013539994654423
0.9963912026279066,1.0015894585932645
0.9995227085181267,1.0004326808931687
0.9978129451249838,1.0000279284473987
0.9971408465799118,1.0009666399876662
0.9974694677630966,1.0010521712014357
0.9981947850984275,1.00179203145412
0.9969644516917429,1.002552920148536
0.9966127302192701,1.0014220512968273
0.9968548611165906,1.0012790269342797
0.9962738075815093,1.001910151141981
0.9953595598279386,1.0015144652148176
,,egauge19821,egauge18544,egauge16616,egauge18158,egauge9102,egauge17073,egauge28684,egauge26086,egauge24121,egauge13974
,,1,0.5,0,1,1,0.5,0,0,0.5,1
,,1,1,1,1,1,1,1,1,1,1
0.9996977215355247,1.0000940076253912
0.9974372988305676,1.0008172080527267
0.9959914157215702,1.0010746603797922
0.9949877071578224,1.001375959848643
0.9989607282946081,1.0008974139359557
0.9991676872505115,1.000643714459334
0.998115100742287,0.9997549773064717
0.9967520398228161,1.0011716973218217
0.9967018356780438,1.0011493778341398
0.9959293914642383,1.0014519902218602
0.9958681968601456,1.0010622624129601
0.9949284115483665,1.0010318313594808
0.9944025705197768,1.0013468251207593
0.9941699339123306,1.001956522134903
,,egauge27467,egauge13830,egauge16616,egauge18158,egauge15623,egauge16608,egauge9102,egauge4183,egauge24121,egauge17073
,,0.5,1,0.5,0,0,1,1,1,0,0.5
,,1,1,1,1,1,1,1,1,1,1
0.9997632620114643,1.0000900997309528
0.9978196152784514,1.000491698947994
0.9964893707801679,1.0008955359426275
0.9957326433110475,1.0008956421273252
0.9996507986239244,1.0004324885976923
0.9983489912082253,1.001369560613598
0.9982519236215902,0.9998859807902831
0.9968122095663998,1.000229422719419
0.9971252780776809,1.0004318563404049
0.9961295799647711,1.0013435522449776
0.9961729935593446,1.001027775417996
0.9962991418360191,1.0013033224788792
0.9953854890814626,1.0006918581395623
0.9947079190162548,1.0012491802366952
,,egauge18350,egauge3167,egauge19821,egauge16608,egauge24121,egauge23534,egauge33764,egauge13830,egauge32290,egauge26086
,,0.5,0,0,1,0.5,0.5,1,0.5,0.5,1
,,1,1,1,1,1,1,1,1,1,1
0.9997026493150941,1.0001163917983789
0.9975122989315677,1.0012170506943965
0.9959844207076961,1.0020974228763362
0.99516474916868,1.0024573623091833
0.9992957797370992,1.0003123757824777
0.9991298822690791,1.0000521499545671
0.9977900933936653,0.9999720347994667
0.9965995498315955,1.0016325354869509
0.9968008488936105,1.0012466859851554
0.9957845621251084,1.0016790317149846
0.995614874129221,1.002329197538368
0.9953344518840089,1.002397708769884
0.9948322785412999,1.0022021778875798
0.9942831296973683,1.0034344833451971
,,egauge32290,egauge16608,egauge30039,egauge5198,egauge18350,egauge9102,egauge17073,egauge13974,egauge23534,egauge16616
,,1,0,0.5,1,1,1,1,0,0,0
,,1,1,1,1,1,1,1,1,1,1
0.9997246751884321,1.00005072821631
0.9978588099330176,1.0006692669864488
0.9961598226308037,1.0006314034150618
0.9953653085947138,1.0002030768905352
0.998715696319728,0.9999741806990271
0.9977913824486818,0.9998924531572548
0.997729815750063,1.0007075044920277
0.9977678074891693,1.0011148808090948
0.9977059934025018,1.0011148808036185
0.9964563047181992,1.001372490862702
0.9958682043081973,1.0009578426078074
0.9951815636579312,1.0004815994814542
0.9946643705189689,1.000152163383112
0.9950676176849599,0.9995617573276618
,,egauge33764,egauge20407,egauge30378,egauge26086,egauge30039,egauge32290,egauge23534,egauge13974,egauge28684,egauge22271
,,1,1,0.5,1,0.5,0.5,0,0.5,1,0
,,1,1,1,1,1,1,1,1,1,1
0.999625983693752,1.0000974289626752
0.9975194705876951,1.000838303604351
0.9961041997815321,1.0012447806378733
0.9953814547173709,1.001571751202835
0.9987355816293901,1.000715688678386
0.9973680749246935,0.9997934084297517
0.9967708731205761,1.0002061062866021
0.9967019963015799,1.0017098866884153
0.9971963452752778,1.0010432078361238
0.9964517183124391,1.000105070716171
0.9957979653981582,1.0012117135711123
0.9952499033485138,1.0014639924284037
0.9951283989454802,1.0019872315252756
0.9943298263225251,1.0015074717053374
,,egauge3167,egauge15623,egauge18158,egauge17073,egauge23534,egauge16616,egauge13830,egauge27467,egauge13974,egauge4183
,,0,0,0.5,0,0.5,0,0,0,1,0
,,1,1,1,1,1,1,1,1,1,1
0.9997369905632592,0.9999861945721117
0.9978108124834495,0.9998807857944406
0.9968911255308335,1.0000447160375159
0.9962420350346176,1.0002624403672096
0.9994929414514493,0.9999541137414012
0.9973213690907945,0.9998924730911994
0.9968227060398394,1.0002873305010678
0.9967146150573577,0.9997594490174672
0.9969239918216657,1.0001741728863618
0.9967957781763461,0.9994131948293885
0.9966758850333299,1.0000323331518892
0.9967419837079079,1.000001939176003
0.9956777149464625,1.0007129576254299
0.9959865926138121,1.0000433222096492
,,egauge16616,egauge32290,egauge13830,egauge26086,egauge24121,egauge19821,egauge30039,egauge13974,egauge4183,egauge5198
,,0,0,1,0,1,1,1,0,0,1
,,1,1,1,1,1,1,1,1,1,1
0.9997230945982658,1.0000263636886577
0.9978186950297857,1.0008195086918292
0.9968926806412133,1.001288501886858
0.9967652682411309,1.0014680469300183
0.9989989623966246,0.9998390258330847
0.9977955951422306,0.9998035501541879
0.9981438247969298,1.001432040248685
0.9967708236849431,1.0006777953745583
0.9972391430929594,1.000941014813026
0.9966080959645176,1.0022865546395192
0.9964980838344085,1.0015903735642606
0.9960173204907107,1.0010430351250708
0.996614881610598,1.001366073806834
0.9959660959689799,1.0019225450146452
,,egauge4183,egauge8617,egauge33764,egauge22271,egauge19821,egauge16608,egauge3167,egauge13830,egauge18350,egauge15623
,,0,0,1,0,1,0,0,1,0.5,1
,,1,1,1,1,1,1,1,1,1,1
0.9997885319801478,1.0001249236391638
0.9980959968528331,1.001075754798066
0.9967957659853758,1.001786504986445
0.9957724737675239,1.0021457096232755
0.9993348088233922,0.999960931401463
0.9987756254881232,0.9999850503199342
0.9978291551272903,1.0014502679643305
0.9976110990995837,1.0010110023633312
0.9974808636376818,1.0018306983269412
0.9965446953537881,1.0008753365359275
0.996672429401822,1.0017658245539958
0.9966359912522122,1.0024407318367323
0.9954903768285427,1.0022841698456886
0.9944763105491203,1.0025594420761252
,,egauge26086,egauge27467,egauge17073,egauge18158,egauge3167,egauge13830,egauge16608,egauge18544,egauge24121,egauge30039
,,0,0,0,0,1,0,0.5,0,0,0.5
,,1,1,1,1,1,1,1,1,1,1
0.9997553736466792,0.9999812679383809
0.9980877062937726,0.9999973645289382
0.9969402273716675,0.9999795272530347
0.99603077517076,0.9998980242690861
0.9986699533425578,0.9999551940345174
0.9991406437246931,0.9998869457613957
0.9971389027718273,0.9997718787047953
0.9968382234606022,0.9997344758248256
0.9981146778328229,1.0003818798573385
0.9966852939213897,0.9999009099678293
0.996709758135652,1.000045570323081
0.9965674504273291,0.9999367536893207
0.9956834982761618,0.9997614747655865
0.9950208110934486,1.0001975313695406
,,egauge19821,egauge8617,egauge32290,egauge4183,egauge3167,egauge15623,egauge24121,egauge23534,egauge26086,egauge28684
,,0.5,0.5,0.5,0.5,0,1,0,0,0,0
,,1,1,1,1,1,1,1,1,1,1
0.9997402663683725,0.999999399876431
0.9980299468114335,0.9999776227072094
0.9963704815975654,0.9998402105944756
0.9955440278480828,0.9998018465509536
0.9990032360189066,1.0003640620852494
0.9987295560840035,1.0004792391187582
0.9976829657451779,0.9997984276401818
0.9978685261878772,1.0000380143671592
0.9979188140398986,0.9999447066293484
0.9958791932040821,1.0006615501377034
0.9960377224542356,0.9997989457000964
0.9955025947395482,0.9997760624295802
0.9948212744603139,0.9997873061063894
0.9951530615879095,0.9997590819718358
,,egauge33764,egauge16616,egauge30378,egauge15623,egauge13974,egauge8617,egauge13830,egauge3167,egauge18350,egauge22271
,,1,1,1,0,0,0,0.5,0,0,0
,,1,1,1,1,1,1,1,1,1,1
0.999746716880999,1.0000681318059836
0.9982830676824109,0.9999790142519459
0.9976698179348734,1.0000776864151606
0.9970334040908712,1.0000073373006455
0.9987893964233735,1.000702760118011
0.9983117417747723,1.0009282924436913
0.996937505297423,1.000796019450966
0.9970634899868178,0.999893727126684
0.9975915323633568,0.9998576633824425
0.9980472836610047,0.9998439869400596
0.9973799329233302,1.0002056690663017
0.9976074431233001,1.0000456021139779
0.9968957422484857,0.9999782498488647
0.9959584524829177,0.9999324839388793
,,egauge13974,egauge8617,egauge5198,egauge16608,egauge18350,egauge18544,egauge30378,egauge22271,egauge17073,egauge26086
,,0,0,0.5,0.5,0.5,0,0.5,1,1,0.5
,,1,1,1,1,1,1,1,1,1,1
0.9997103070063298,1.0001543139131932
0.9976016986792764,1.0015980943735645
0.9954530901098212,1.0030100879214683
0.9945260870357967,1.003736445100791
0.9987151639799152,1.0000006485011026
0.9987811690523737,1.0000104897797037
0.998026010288869,1.0006037901585383
0.9967561799039126,1.0017703964162354
0.9975008546801863,1.0017805340982624
0.9974285881143435,1.0014692529828333
0.9949033434933191,1.0030349414732274
0.9947622746738761,1.004095426810217
0.9940278601345769,1.0043358076728695
0.9937087615605708,1.0040695586824908
,,egauge7692,egauge17073,egauge18158,egauge28684,egauge30039,egauge18544,egauge13974,egauge19821,egauge8617,egauge22271
,,0,1,0,0.5,1,0.5,0,1,0.5,1
,,1,1,1,1,1,1,1,1,1,1
0.9997563969454516,1.000216426153703
0.9981970500267401,1.0019315065809535
0.99677233470068,1.0030809539856156
0.9962443228189924,1.0038849514644663
0.9988171348336664,1.0001609380074667
0.9978077572859109,1.0019166898389256
0.9968353123849447,0.9999081760976514
0.9979007188277818,1.00220325177635
0.9973090330048336,1.00267217906352
0.9979454111143825,1.0024732939712437
0.9964353093489302,1.0030052915511727
0.9961017069886425,1.0038759492747993
0.996200886371408,1.0040603183476888
0.9953581817914545,1.0049714109138554
,,egauge17073,egauge16616,egauge5198,egauge28684,egauge30378,egauge22271,egauge19821,egauge3167,egauge15623,egauge33764
,,0,0,1,0.5,0,0,0,0.5,0.5,0
,,1,1,1,1,1,1,1,1,1,1
0.9997549599932136,0.9999902713392537
0.9979607374192657,1.0000766091322646
0.9964658025476079,1.000181942160537
0.9955187558649581,1.0002395382278315
0.9984436793383284,0.9998562243776079
0.9981731095744918,0.9997680704484683
0.9980081491040623,1.0009301627783715
0.997577495679623,1.00032956420875
0.9966255352033918,0.9998541333958746
0.99619367421497,0.9999801455350171
0.9962151542133543,1.0001447885702612
0.9961464395557996,1.0003531205848692
0.9946371960698466,1.000355939953475
0.9949634688150739,1.0001646643176187
,,egauge24121,egauge16616,egauge17073,egauge22271,egauge23534,egauge33764,egauge8617,egauge13974,egauge32290,egauge20407
,,0.5,0,0,0.5,1,1,0.5,0.5,0,0
,,1,1,1,1,1,1,1,1,1,1
0.9996701797463817,0.9999715159419341
0.997500928374584,1.0001427697536054
0.995856177962017,0.9996603252861227
0.9947515295644559,0.9991031776427175
0.9988529208831229,1.0000387266241746
0.9980741474156349,0.9997420423339208
0.9970368268844283,0.9997378968331474
0.996660866931882,1.0005071012998408
0.9967105408701963,1.0005524085565989
0.9960668822983731,1.001040229406047
0.9958356421857403,0.9997093987274076
0.9949101224659772,0.9997133389246227
0.9943614569496134,0.9990485202273854
0.9934781214480272,0.9988998583338523
,,egauge15623,egauge24121,egauge18350,egauge18158,egauge7692,egauge27467,egauge5198,egauge26086,egauge28684,egauge30378
,,1,0,0,0.5,1,0,1,0.5,0,1
,,1,1,1,1,1,1,1,1,1,1
0.999761822782943,1.000083607343459
0.9981192775870379,1.00090262935836
0.9966642017337469,1.0015677418840887
0.9957551611636685,1.001766517799361
0.9984504582773275,1.0004962992522612
0.9981752354134317,0.9998558995026986
0.9987663710828799,0.9999956949505533
0.9974450332865986,1.0009222946510974
0.9979826378053759,1.0013686376555608
0.9978498598857919,1.0008060715641416
0.9966477572924803,1.001749726036986
0.9957916423548953,1.0019310358627784
0.9954803007470411,1.001744656638324
0.9943728354631826,1.0021310356173136
,,egauge32290,egauge3167,egauge19821,egauge18158,egauge22271,egauge26086,egauge13974,egauge18544,egauge9102,egauge30378
,,0,0.5,1,0,1,1,1,0,0,0
,,1,1,1,1,1,1,1,1,1,1
0.9996709707937728,1.0000965615521233
0.9972908562700462,1.0010123682542038
0.9954938311926679,1.0011233211007173
0.9943008622487055,1.0009376801920913
0.9987422992475676,0.9998838279259503
0.999179795401525,1.000444278944053
0.9981983131278859,1.001713218405037
0.9967246047909313,1.0007188049038431
0.9965152663931862,1.002002377089479
0.9958509643234761,1.0026708288024928
0.9951121944233713,1.0013424240757538
0.9953981071064112,1.0010804896953618
0.9937666958160644,1.0008867224827929
0.9930297506088889,1.000702212629459
,,egauge33764,egauge20407,egauge23534,egauge9102,egauge30039,egauge28684,egauge7692,egauge3167,egauge4183,egauge13974
,,0.5,0.5,0.5,0.5,1,1,1,0,0.5,0.5
,,1,1,1,1,1,1,1,1,1,1
0.9997409819282981,1.0000913660609996
0.9983983217393523,1.0011911187296456
0.9976177643435423,1.0016312432270702
0.9969175166326535,1.0018363922324718
0.9987805261741983,1.0003706800039847
0.9973816016459984,0.9995873131448971
0.9978060864592962,1.0007749750973274
0.9976519418904114,1.0013200953463286
0.9975984378631877,1.0019311443647274
0.998081347640945,1.0022754647666186
0.9975848388550868,1.0018091032596623
0.9975644473525321,1.0015990999421258
0.9968016038178372,1.0019165653532205
0.9959171147672898,1.0020615157367452
,,egauge9102,egauge4183,egauge8617,egauge30039,egauge5198,egauge18544,egauge13974,egauge27467,egauge22271,egauge3167
,,0,0,1,0.5,1,0,0,0.5,0.5,1
,,1,1,1,1,1,1,1,1,1,1
0.9998130959945111,1.0001188617666676
0.9986374512034695,1.0010681377870136
0.9975871775816041,1.0017399247528684
0.9970585190529812,1.002291693270138
0.9990119678266202,1.0000866568097004
0.99883592862879,0.999812074570511
0.9986803647662702,1.00129702440248
0.9977853102292815,1.0013275381935087
0.9980771642193004,1.0015094085264526
0.9981608264005837,1.0009908746995944
0.9972498261781431,1.001682025262968
0.9975445249449043,1.0020829813693621
0.9964864156654313,1.0026345439330764
0.9970158931652275,1.0027101026903316
,,egauge18544,egauge18350,egauge18158,egauge27467,egauge15623,egauge4183,egauge3167,egauge30378,egauge5198,egauge17073
,,0.5,1,1,0,0,0,0,1,0,0.5
,,1,1,1,1,1,1,1,1,1,1
0.9998050144454641,1.0000890276859435
0.9983608541523401,1.0002820455338766
0.9970205365646577,1.0006807773687418
0.9965368541825136,1.000892158798887
0.9995210933008267,1.000387692341735
0.9988796924743905,1.0009816175225816
0.9969667431760837,1.0008383836166828
0.9982599195322016,1.0002314603348104
0.9971310965243595,1.0001909965194797
0.9980450262295418,0.9999563648765444
0.9969999724087211,1.0006601239127957
0.9956162177043719,1.0010448287201938
0.9963397139870412,1.0008775996100807
0.995682295558871,1.0012670158497132
,,egauge13974,egauge13830,egauge16616,egauge27467,egauge30039,egauge24121,egauge15623,egauge23534,egauge5198,egauge18158
,,0.5,0.5,0,1,0.5,1,0,0,1,1
,,1,1,1,1,1,1,1,1,1,1
0.9997381086749795,1.0000860475280462
0.9978953093923449,1.000965996234277
0.996761392206131,1.001352904308272
0.996173676689452,1.0018594850200495
0.9987343578054361,1.0003295130965624
0.998266152372026,1.0007060040091855
0.9981129402715496,0.9997559970316869
0.9977843438232578,1.001665253238777
0.9969278636973176,1.001252510710099
0.9969197984798236,1.0012576015154302
0.9962641754951946,1.0013156992985388
0.9958438692321585,1.0012672225816035
0.9958149209184586,1.0021729862222684
0.9949087352183559,1.0022454975523358
,,egauge8617,egauge17073,egauge30378,egauge33764,egauge13830,egauge22271,egauge23534,egauge20407,egauge13974,egauge5198
,,0.5,1,0.5,1,0.5,1,0.5,0,0.5,0
,,1,1,1,1,1,1,1,1,1,1
0.999649586045334,1.0001068877260153
0.997473871291946,1.0007483849715009
0.9955588135167619,1.0006162245091814
0.9949552748481993,1.0006098250613051
0.999270254158835,1.000352956638023
0.9977521506822274,1.0017774124492445
0.9967943956671556,1.0002188142615458
0.9967868191899554,1.0012384754859704
0.9967383757049081,1.001021799854697
0.9960928280781863,1.002538161976578
0.9951853521720117,1.000669924074423
0.9942841835650038,1.0002738994798637
0.994312415549206,1.0006313587080304
0.994891497303996,1.0005777205773845
,,egauge27467,egauge18158,egauge16608,egauge13974,egauge15623,egauge28684,egauge24121,egauge7692,egauge9102,egauge13830
,,1,1,1,0.5,0.5,0.5,0.5,1,0,1
,,1,1,1,1,1,1,1,1,1,1
0.9997481416555762,1.0001865621443826
0.9982557997423039,1.001064517076215
0.9972776788813037,1.001668818059344
0.9966155519671356,1.0020217381639132
0.999648504532869,1.0009324060885696
0.9971968417170626,1.0009001394941544
0.9978478310726967,1.0011499881662218
0.9973309223171225,1.0012797496256227
0.9970261921259856,1.0012265799616438
0.9978226085631101,1.001578786166464
0.9970843564652924,1.0016522759006208
0.997048300133728,1.0021320468874166
0.9960799146025766,1.001970715221373
0.9962656261739372,1.0026976529562885
,,egauge20407,egauge18158,egauge17073,egauge16616,egauge18544,egauge30378,egauge28684,egauge26086,egauge19821,egauge18350
,,0,1,0,0,0,1,1,0,0.5,0.5
,,1,1,1,1,1,1,1,1,1,1
0.9996687335128764,1.0000011195361542
0.9978029169316218,1.0002655270987506
0.9967044543579261,1.000785920016739
0.996195369974961,1.0010888304713061
0.9981162351826437,0.9997397926374529
0.9970361025274115,1.0007519107447147
0.9970585433539435,0.9997753199287036
0.9973023222750116,0.9998090154933253
0.9977121346848868,1.000225059244849
0.9952704425398676,1.0008477737314894
0.9965804139018276,1.0010090691289597
0.9956767231687211,1.0007185048019756
0.9956889210589042,1.0013291848639037
0.9959611112728499,1.0012816172557188
,,egauge18350,egauge18158,egauge27467,egauge23534,egauge28684,egauge16608,egauge15623,egauge9102,egauge18544,egauge17073
,,0.5,0,1,0.5,0,0,0.5,0.5,0,0.5
,,1,1,1,1,1,1,1,1,1,1
0.9997575423739143,1.000081473258674
0.9979507105453851,1.0004624444311676
0.9968668279971502,1.0008170403790275
0.9963577788384709,1.001014120980576
0.9993201554923329,1.0002941126316975
0.996974614723529,0.9998739686512239
0.9995122879454408,1.00157631775297
0.9972364585521121,1.0007661471007285
0.9977792193717336,1.0004393523853152
0.9962220757772181,1.0002810089340721
0.9968092614240457,1.0008831488367547
0.9960472234077382,1.000996064321621
0.9962926172812319,1.0009849989038864
0.9953978033054848,1.0013890314466953
,,egauge28684,egauge16608,egauge5198,egauge18158,egauge17073,egauge4183,egauge20407,egauge30039,egauge27467,egauge9102
,,1,0.5,1,0,0.5,1,0.5,1,0.5,0
,,1,1,1,1,1,1,1,1,1,1
0.9997407670669699,1.0001090896346205
0.9978577823449716,1.0003641853417646
0.9965524878351257,1.000477111169251
0.9959991712617714,1.0006435863001042
0.9992837027787819,1.0007191761779315
0.9979486292771163,1.0004498757134983
0.9980119753262098,1.001045119463179
0.9970426088475969,1.0001188674871602
0.9970325433692668,1.0007159429051258
0.9973577268658903,1.001076398241867
0.9961580514200971,1.0003142320238152
0.9962650202202864,1.0011040391564847
0.9959268010828534,1.0008765329278961
0.9951804141706425,1.0005793772050466
,,egauge33764,egauge26086,egauge18350,egauge16608,egauge28684,egauge19821,egauge30378,egauge32290,egauge7692,egauge30039
,,0,0,0.5,0.5,0.5,0.5,0,0.5,1,0
,,1,1,1,1,1,1,1,1,1,1
0.999731843697282,1.0000220610447512
0.9979688791392441,1.0002851519339717
0.9966875353023102,1.0001199265409444
0.9959944483769483,1.0003352322403851
0.998797512022418,0.9999472063797152
0.9976199023551415,0.9999577253169706
0.9987455533458276,1.0004355604134267
0.99705238907382,1.0004600787398095
0.9977028750273096,1.0005482932033192
0.9966423387193609,1.0009391541237533
0.9961964658698784,1.0000291190646209
0.9961589347415724,0.9997341322301149
0.9959003699881211,1.0006700112599518
0.9949739104820421,1.0002068705543905
,,egauge15623,egauge3167,egauge8617,egauge30039,egauge28684,egauge27467,egauge30378,egauge16608,egauge33764,egauge18158
,,0.5,1,1,0,0.5,0,0.5,0,0,0.5
,,1,1,1,1,1,1,1,1,1,1
0.9997497334817114,1.0000649859927493
0.9974143047559632,1.0000352806462143
0.9952969572076755,0.9999565957135247
0.9940283579923634,0.9999118327655687
0.99844917229624,1.0002173104826397
0.9991525993195289,1.0008317106107818
0.9986982842783276,1.0012386045356716
0.9969406544688519,0.9999038100275269
0.9971881930134394,1.0002983442018163
0.9972027820915528,0.9999388217613534
0.9950999875579309,0.9999813599831566
0.9943621466412388,0.999838981990975
0.9934583155115517,0.9998609367861916
0.9927454760968597,0.9999933550144898
,,egauge4183,egauge32290,egauge28684,egauge13974,egauge17073,egauge27467,egauge13830,egauge18544,egauge26086,egauge20407
,,0.5,0.5,0.5,0,0,0.5,1,1,0,0.5
,,1,1,1,1,1,1,1,1,1,1
0.9997184323419239,1.0000227576698661
0.9976103583110524,1.0003447156765548
0.9959127513392982,1.0007742008257379
0.9946848920969941,1.0006078382166028
0.9992912775548921,1.000124841398507
0.9978145863960018,0.9998195356903429
0.9986212428986853,1.0006154987274072
0.9966649572424952,1.0001514413936128
0.9968527723064136,1.000223312340797
0.9975141759421163,1.0009030948896924
0.9956089039960845,1.0010138808015026
0.9958489010843904,1.0011811469952678
0.9941143976981064,1.0005932838663028
0.9934645617114304,1.0003510710703871
,,egauge13830,egauge23534,egauge33764,egauge24121,egauge16608,egauge8617,egauge5198,egauge4183,egauge18158,egauge27467
,,0.5,1,0.5,0,0,0.5,0,0.5,1,0.5
,,1,1,1,1,1,1,1,1,1,1
0.9997572949861036,1.0001106510744242
0.9982461753802083,1.0003833039567027
0.997397880972554,1.0008516620056822
0.9966405535615936,1.0012617391882277
0.9989843346153118,1.0004245441116653
0.9981421427862737,1.0015536965468481
0.9978289883013554,1.000707029278618
0.9977398321013864,1.0002573353259874
0.9973588978873721,1.0002876841497448
0.9980921780184397,1.0008468028885262
0.9973855368347836,1.0008433988344783
0.9972593069293211,1.0009694328753747
0.9957939535319319,1.001501441878371
0.996619250664207,1.0016046022220355
,,egauge18158,egauge30378,egauge4183,egauge13974,egauge8617,egauge16616,egauge13830,egauge9102,egauge30039,egauge18350
,,0,0.5,1,1,1,1,1,0,0,1
,,1,1,1,1,1,1,1,1,1,1
0.9997370983999341,1.0001258195087341
0.9982361747540505,1.0014073389171059
0.9972905252635728,1.0019454320287298
0.9963741699660401,1.0021315360924736
0.998333827128551,0.9999627612106056
0.9971129660792146,1.0002457471837858
0.998750077699878,1.0009661755098034
0.997298549327321,1.0020359314256044
0.9981756199980812,1.0019649147390046
0.9971219575359971,1.0021891955802926
0.9972024599467656,1.002197861624775
0.9965336331027298,1.0019132768725034
0.9956796193711492,1.0020294831419405
0.9958633594020269,1.0025927949600284
,,egauge26086,egauge9102,egauge22271,egauge23534,egauge24121,egauge32290,egauge7692,egauge13830,egauge8617,egauge15623
,,0,1,0,0,1,0.5,0.5,1,1,1
,,1,1,1,1,1,1,1,1,1,1
0.9997345112374043,1.0001031299460719
0.9982161799129864,1.0009205287340517
0.9972203666483702,1.002003813671805
0.9963618627376433,1.002591107944213
0.9986489487357182,1.0000711680280578
0.9982242330912636,1.000841777801835
0.9976043321240992,0.9999961885123126
0.9973027977109987,1.000838377545212
0.9975287955153005,1.001123765551003
0.9967438288286787,1.0002195444457778
0.9971742793290789,1.002086566691939
0.9969849966320544,1.002659735940379
0.9962677434259309,1.0029924852097434
0.9950438667852298,1.0029881904058948
,,egauge20407,egauge22271,egauge18544,egauge30039,egauge26086,egauge16616,egauge8617,egauge19821,egauge17073,egauge18350
,,0,1,1,0.5,0,1,1,0,1,0
,,1,1,1,1,1,1,1,1,1,1
0.9996999265773209,1.000108396361581
0.9980820639774232,1.001054529253826
0.9970525629675645,1.0018131426849617
0.9964727579026585,1.0023211433589443
0.9982918923804521,0.9997497197807232
0.9977867717798066,1.0021369257786377
0.999107227117114,1.0013824751265135
0.9972381391833923,1.0013595315806516
0.9972846961631631,1.0009051448130752
0.9968091682972688,1.001847274719578
0.9970089922785382,1.002036562583013
0.9962859614737828,1.0017274144291572
0.9958865866913803,1.0029414161256225
0.9963556285730788,1.0022782513406834
,,egauge20407,egauge5198,egauge33764,egauge22271,egauge30378,egauge18544,egauge30039,egauge13974,egauge13830,egauge16616
,,0.5,0.5,0.5,0.5,1,0,0,0,0,0.5
,,1,1,1,1,1,1,1,1,1,1
0.9997071689603413,0.9999880570709478
0.9976779167781098,1.0001183741171955
0.9966130335065568,0.9998349060908909
0.9960523784528938,0.9997454003091393
0.9984693515539469,0.9997471151456907
0.9980899482173965,1.0004078815657025
0.9977639796250323,1.0005483719577788
0.9970026613172938,1.0006042049391477
0.9963485922583899,1.0004624467018395
0.9975047904685606,0.9999833245687525
0.9964691986161713,0.9997812628560628
0.9955917416760793,0.999642491992507
0.9955170984560915,0.9997090525562026
0.995436194255762,0.9996491924850854
,,egauge27467,egauge32290,egauge17073,egauge9102,egauge15623,egauge28684,egauge13974,egauge8617,egauge7692,egauge33764
,,1,0,0,1,1,0.5,1,0,0.5,0
,,1,1,1,1,1,1,1,1,1,1
0.9997844733473696,1.0000733937338548
0.9983357801289882,1.000909451671878
0.9971385648845909,1.0012823621164384
0.9965024171048738,1.0013720760495155
0.9996474226130548,1.0008311803136354
0.9978293519256515,0.9998342115494432
0.9971501203048889,0.9998167886721135
0.9977517434806146,1.0012514715803016
0.9971553651927046,1.0012842473935626
0.9979687043200173,1.0014402278543038
0.9968178334058918,1.0015097780575093
0.9969574175938232,1.0011966875490754
0.9963793214166321,1.0015250643623568
0.9955450078537285,1.0012971019171142
,,egauge20407,egauge15623,egauge3167,egauge33764,egauge5198,egauge26086,egauge18158,egauge23534,egauge13830,egauge18544
,,1,0,0,0.5,0.5,1,0,0,1,0
,,1,1,1,1,1,1,1,1,1,1
0.9997094815377056,1.000070800474641
0.9978940646476565,1.0009379725928396
0.9964289040519402,1.0010816705542702
0.9960261740738158,1.0014568103844341
0.9985319442449955,0.9999088317434383
0.9973141800350839,0.9999635308471869
0.9990750549465371,1.0000066348258696
0.9969870203101094,1.0011810538073438
0.9976866938029002,1.0011337561405076
0.9962997300925095,1.0027380356205107
0.9959154621466199,1.0009701010447312
0.995365344516333,1.0009865251649077
0.9955125983748914,1.0019232793510726
0.9958452660640235,1.0014139621150435
,,egauge24121,egauge23534,egauge16608,egauge18350,egauge9102,egauge18158,egauge17073,egauge30378,egauge19821,egauge26086
,,0,0.5,0.5,0.5,0,1,0,0.5,0,1
,,1,1,1,1,1,1,1,1,1,1
0.9996492379948565,1.0000695107046735
0.9970857547859099,1.0007019572204798
0.9949644602466795,1.0011423576434857
0.9940760054588926,1.0016685002996453
0.9988996739091845,0.9999561822523213
0.9979098078861748,1.0007137416344416
0.997705194403763,1.0004298308985746
0.9969849724739107,1.0008639506401356
0.9963304750439443,1.0006513469157574
0.9955358329338796,1.0013512064047838
0.9946527564416452,1.001092764013397
0.9936695371703033,1.0011393864743139
0.9936068961612093,1.0016102131026727
0.9932803150593323,1.0026339714938803
,,egauge33764,egauge18350,egauge24121,egauge28684,egauge3167,egauge18544,egauge4183,egauge23534,egauge5198,egauge22271
,,0.5,1,1,0,0.5,0,1,0.5,0.5,1
,,1,1,1,1,1,1,1,1,1,1
0.9998051151035582,1.000178290343848
0.9985782850291738,1.0013319737744952
0.9975276834633114,1.0025455161206223
0.9968751676758311,1.0033297181678762
0.9988360197528445,1.000477896702726
0.9989028857077925,1.0010751995532194
0.9981095898141971,1.0007134843181746
0.9982048508039326,1.0013015842691018
0.9985278016858381,1.0015090222514318
0.9983857214565631,1.0012546866177607
0.9974376638035843,1.002715285561222
0.9970055228454133,1.0028877508541865
0.9962658566134088,1.0034830599837266
0.9958004165835027,1.0044154677563328
,,egauge16616,egauge18350,egauge8617,egauge3167,egauge5198,egauge15623,egauge18158,egauge33764,egauge28684,egauge30378
,,0,0,0,0,0,1,1,1,0.5,1
,,1,1,1,1,1,1,1,1,1,1
0.999773959446782,1.000058948212854
0.9981192189844282,1.0010753019717857
0.9965719912046914,1.0020213559395295
0.9956630501944393,1.0024063230257552
0.9990028000053783,0.999849300702967
0.9988553712289099,0.9999771840809148
0.9986979580165827,0.9999092455845229
0.9979385597221798,1.0010353991292882
0.9976860945014172,1.0010550481981497
0.9958988919210429,1.0017906588921668
0.9964322494253339,1.0021454940808001
0.9958483569414383,1.002654292425268
0.9953882198817735,1.002595976503976
0.9945474022260369,1.0027711164382735
,,egauge30378,egauge3167,egauge26086,egauge4183,egauge22271,egauge8617,egauge18158,egauge33764,egauge17073,egauge13974
,,0.5,1,1,1,1,1,1,0.5,0,0
,,1,1,1,1,1,1,1,1,1,1
0.9996763383620966,1.000192778100235
0.997803165886736,1.0013656817264824
0.9956304619144711,1.0015563473709832
0.9946272712527539,1.001402614153051
0.9982462854268565,1.000256962717179
0.999163124037882,1.0009529440168736
0.9976121945317123,1.002160607113274
0.9977297770588327,1.0017604115749632
0.9970975419838559,1.002390105965204
0.9978009001008576,1.0024293031159925
0.9951421143595057,1.0017010993047966
0.9948757747359062,1.001813558102732
0.9939226613161526,1.0013152138675465
0.9936401898862297,1.0012740905526771
,,egauge9102,egauge30039,egauge5198,egauge4183,egauge7692,egauge26086,egauge16608,egauge16616,egauge28684,egauge27467
,,1,0,0,0,0.5,0.5,1,0.5,1,0.5
,,1,1,1,1,1,1,1,1,1,1
0.9997956004805495,1.000098448324484
0.998485713840416,1.0009569788266692
0.9976308692960995,1.00173128021495
0.9974204888607309,1.0023023107765172
0.9989731465710628,1.0004906995697158
0.9979340951914178,0.9998835000438036
0.9980533383030444,1.00005101456703
0.9982200938343632,1.000721353567619
0.9980650658283363,1.0011595411736751
0.9966907356487674,1.0018154524018061
0.9972523758234071,1.0019174369066877
0.9970555852904271,1.0016134196696838
0.9972404112757522,1.002718148408582
0.9972605956565729,1.0026455942204593
,,egauge16608,egauge19821,egauge18350,egauge3167,egauge13974,egauge4183,egauge8617,egauge30378,egauge20407,egauge33764
,,1,1,1,1,1,1,0.5,1,0.5,0.5
,,1,1,1,1,1,1,1,1,1,1
0.999714551592607,1.0001560790701851
0.9975247823774377,1.0008362714843728
0.9957128555253068,1.0008814145536127
0.9946397468661325,1.0006192854510874
0.9987463763459065,1.0006376800559864
0.9983505795402923,1.0016506760466317
0.9987595131233035,1.001086009016944
0.997454195569793,1.0011907688602513
0.9967489754414506,1.0013706489712033
0.9972031074329777,1.0014715058426849
0.9956512618005043,1.000964058011545
0.994626444663872,1.0011919828803566
0.9939394125721639,1.000363181489172
0.9938753408573693,1.000886920373114
,,egauge13830,egauge33764,egauge22271,egauge23534,egauge18350,egauge17073,egauge8617,egauge19821,egauge16608,egauge13974
,,0,0,1,0.5,0.5,0.5,0,0.5,1,0
,,1,1,1,1,1,1,1,1,1,1
0.9996944878911095,1.00013322820836
0.9973720146604684,1.0008715233034267
0.9958565843514863,1.0011986759937497
0.9947389677260434,1.0013883177508696
0.9989020048268037,1.0000891471194346
0.9979508871684739,1.0000297375800375
0.9976695105500307,1.0023177853955365
0.9964856552232784,1.0011974571563225
0.9972711981565531,1.0010623605001847
0.9956722369868504,1.001559046810725
0.9958196206995779,1.001167076225651
0.9951353495747569,1.0015602811348203
0.9940962735177564,1.0017089339899465
0.993815377142165,1.0012383798734492
,,egauge28684,egauge26086,egauge9102,egauge8617,egauge30378,egauge13830,egauge19821,egauge18158,egauge7692,egauge17073
,,1,1,0,0.5,1,0,1,0.5,0.5,1
,,1,1,1,1,1,1,1,1,1,1
0.9997001932946242,1.000215372226336
0.9978331075211658,1.001504291408585
0.9963880202725225,1.002616890717709
0.9957079373679385,1.0032787741246425
0.9992715913792058,1.0008148231911078
0.9977716812343288,1.002042451191553
0.9980715561513355,1.0001095419775692
0.9977624948881277,1.0017373972424095
0.9965117219970622,1.0018489278653089
0.9969654382216188,1.0014076650019657
0.9961990103216029,1.0029233789084604
0.9952501715124229,1.0026168907048856
0.9956500600472105,1.0034321067164242
0.9946559063911253,1.0041600091084926
,,egauge16616,egauge4183,egauge15623,egauge30378,egauge7692,egauge20407,egauge3167,egauge13830,egauge18544,egauge24121
,,0.5,0.5,1,0,0,1,0,0,0,0
,,1,1,1,1,1,1,1,1,1,1
0.9997658418390238,0.9999701480546558
0.9979459310498219,0.9995905218239944
0.9971008504512233,0.9994509043191231
0.9966736522506149,0.9993614402255089
0.9989973605770165,0.9998525324541792
0.9988115575527626,1.0001806250572876
0.997132940492899,1.0007950061783504
0.9965926384029766,0.9993984872244136
0.997224440320993,0.9995307153563718
0.9958325300439882,0.9992736890976603
0.997080284335598,0.9994385301279808
0.9962810172918853,0.9994099089723062
0.9965956300295744,0.9993323749862048
0.9958648663423969,0.9992699355095763
,,egauge16608,egauge33764,egauge18158,egauge23534,egauge27467,egauge15623,egauge5198,egauge18350,egauge30378,egauge16616
,,1,1,0.5,1,0.5,0,0,0.5,1,0
,,1,1,1,1,1,1,1,1,1,1
0.99975490795633,1.0000998839824964
0.9982126893868902,1.000479702076793
0.9971915724244302,1.0004081003911678
0.996234945921431,1.0002357295276165
0.9987788697193726,1.0005854905913492
0.9979088807066818,1.0013058873682816
0.9968828724553853,1.0003667895869557
0.9976781036963209,1.0012191062126752
0.9981016820724744,1.0007935382930058
0.9958744266211221,1.0003252973170091
0.9969730481375161,1.000399841546257
0.9970502411758192,1.000600732203397
0.9952803913038545,1.0004831199809163
0.9955560798653298,0.9995837044744806
,,egauge16608,egauge19821,egauge7692,egauge26086,egauge18350,egauge32290,egauge8617,egauge15623,egauge22271,egauge13830
,,0,0.5,0,1,0.5,0,0,1,1,0
,,1,1,1,1,1,1,1,1,1,1
0.9997504130331817,1.0001098588218902
0.9981492729428355,1.001024802411094
0.9971865472425272,1.001826460223923
0.9963910455746212,1.0024363576627204
0.9987567361740923,1.0000069054278167
0.9983649138102711,1.0008000409404323
0.997614488297226,1.0000022778335973
0.9974031130355737,1.0019676146372016
0.9978103545624785,1.0012143277903325
0.9968432376440316,0.9997964402418207
0.997124845632809,1.0017975065345635
0.99597528740688,1.0022231849399212
0.9957109385299202,1.0031771177294522
0.9960610693448553,1.0023827360785256
,,egauge7692,egauge3167,egauge30039,egauge33764,egauge16616,egauge27467,egauge9102,egauge8617,egauge18544,egauge24121
,,0.5,0.5,1,0,1,0,0,1,1,0
,,1,1,1,1,1,1,1,1,1,1
0.9998322549525936,1.0001243007167993
0.9985848262219525,1.0006404450461155
0.9979679358770546,1.0010605459131017
0.9974645530350751,1.0012401577735779
0.9988234724206722,1.000345201210009
0.9992375918777376,1.0004772772705588
0.9977834174433813,1.0017012231493858
0.9976468134357603,1.0005718705783269
0.9978886820844092,1.0010049908583423
0.9983537586752934,1.0005439171524444
0.997646940602541,1.0010211584225461
0.9977230353988531,1.0016498729075989
0.9972753557621651,1.0016261286009591
0.996719536106332,1.0010195269939999
,,egauge30039,egauge18350,egauge18158,egauge16608,egauge7692,egauge16616,egauge19821,egauge13974,egauge22271,egauge8617
,,1,0,1,1,0,0,1,0.5,0,0
,,1,1,1,1,1,1,1,1,1,1
0.9997430363137887,1.0000820538116222
0.9981263163472066,1.0003560864106762
0.9967873690154282,1.0008692927574725
0.9962274156765609,1.0007860765674064
0.9987452376424012,1.0008681727331106
0.9988164196699256,1.0000021246927202
0.9969820355607243,1.000824046524492
0.9972358309488765,1.0007957135955516
0.997852725006307,1.0002895558420424
0.9969329468677068,0.9994951662889475
0.9965284061624881,1.0011710149722746
0.9959320436392561,1.0011262948637383
0.9956414172108167,1.0007424059749184
0.9961528966883848,1.0007111542866791
,,egauge20407,egauge18350,egauge24121,egauge16616,egauge33764,egauge26086,egauge32290,egauge18544,egauge4183,egauge28684
,,1,0.5,0,0,1,0.5,0.5,0.5,0,0.5
,,1,1,1,1,1,1,1,1,1,1
0.9997401595993137,1.0000037256262213
0.9982134213324682,1.0002095970243288
0.9975632384641206,1.0001635962952427
0.9972255031797379,1.000225843454283
0.9985120758534066,0.9998358536475206
0.9988495042108541,1.0003590007582728
0.9980117686996158,0.9997895710793405
0.9975175833133786,0.9998356167680894
0.9973104953658797,1.0007795265438275
0.9964239598129493,1.0010788947502376
0.9973739642672022,1.000019131551508
0.9974672789388866,1.0004463351440156
0.9970460362871181,1.00012401983257
0.9968206513008384,1.0005147620192176
,,egauge27467,egauge15623,egauge26086,egauge3167,egauge5198,egauge4183,egauge24121,egauge13830,egauge18350,egauge18158
,,0,1,1,1,0.5,0,0.5,1,0.5,1
,,1,1,1,1,1,1,1,1,1,1
0.9997962560285326,1.0001646779590925
0.9985820214291646,1.0009660352881096
0.9972548504954336,1.001678903600383
0.9963582328416086,1.0020123849288107
0.999544705579984,1.0001150519833053
0.9972955490642997,1.0009424309048573
0.9976632527594838,1.0021577207914547
0.9985028103022738,1.0013351439835365
0.9977989038941245,1.0011628870630473
0.9981754590735368,1.0006348481882354
0.9970574211360078,1.0016664967898579
0.9967539832831553,1.0023437798753665
0.9962568746556204,1.0021436134973067
0.9950080856605876,1.0023770089441553
,,egauge7692,egauge13830,egauge18544,egauge30039,egauge22271,egauge28684,egauge13974,egauge24121,egauge23534,egauge18350
,,0,1,1,0,1,1,0.5,0.5,1,0.5
,,1,1,1,1,1,1,1,1,1,1
0.9997742058624813,1.000206178099319
0.9980280008637814,1.0015183722616414
0.9967177664155362,1.0021267637995195
0.9960179656477972,1.0026916667731998
0.9988231781112976,1.000148088546496
0.9983179296335694,1.0015030698321887
0.9990807864191368,1.0014877868472538
0.9970604023148895,1.001386671140547
0.997262590036411,1.0025347358671943
0.9975268880719045,1.002579665566323
0.9963684381252095,1.0022260837502133
0.9959745046521054,1.001955261183399
0.9954393388876319,1.0031880294190139
0.9956987715573977,1.0029062853388162
,,egauge3167,egauge5198,egauge15623,egauge32290,egauge18544,egauge16608,egauge20407,egauge7692,egauge8617,egauge30378
,,0.5,0.5,0,1,1,0.5,0.5,0,1,1
,,1,1,1,1,1,1,1,1,1,1
0.9997699597207813,1.0000639296577996
0.9976830316888873,1.000472395241329
0.9962637638476617,1.0005282751261548
0.9954950429915163,1.0010664271912202
0.9994528725118218,1.0002564833815915
0.9981027524144612,1.000472296854158
0.997151228352949,0.9999455425777103
0.9971991543950051,1.0003813257363767
0.9976023469282946,1.0010800248612877
0.9958974685566772,1.000737690545157
0.9958776733807686,1.0002604338567327
0.9961253762586249,1.0004426768113297
0.9954444127180986,1.0014597950172657
0.9942771300306292,1.0013877788026293
,,egauge18350,egauge26086,egauge32290,egauge24121,egauge16616,egauge17073,egauge20407,egauge22271,egauge16608,egauge13830
,,0.5,0.5,0.5,0.5,0.5,1,0,0,0,0.5
,,1,1,1,1,1,1,1,1,1,1
0.999683840307312,1.0000095759148941
0.997492956715448,0.9999927109013543
0.9958035203670395,0.9998564898786797
0.9947429762924708,0.9999588716622569
0.9993102524149903,1.000171931636997
0.9976465804491205,1.0008829882161692
0.9976578747891176,0.9998025842488844
0.9970192605497628,1.0000534002529007
0.9972804877885324,0.9998612468961733
0.9960059180645622,1.0011743891769997
0.9953150715170682,0.9997203283888234
0.9950638694866497,0.9997923404864656
0.994085846115183,0.9998934314316473
0.9939360435682789,1.0002554059203197
,,egauge5198,egauge8617,egauge7692,egauge20407,egauge4183,egauge13830,egauge30378,egauge18158,egauge13974,egauge16608
,,0.5,1,0,0.5,0.5,0.5,0.5,1,0,0.5
,,1,1,1,1,1,1,1,1,1,1
0.9997145987896391,1.0000428226784956
0.9971064877502571,1.0000685393861393
0.9951910034078045,1.0002678507463085
0.9940438667665071,1.000274277338937
0.998906234087522,1.0002571662284514
0.9987473147658418,1.0011223554933204
0.9975725231133552,0.9999345696795281
0.9959589653380179,0.9997795336085413
0.9969754723281111,1.0001393509307805
0.9956477458307856,1.0006477767321875
0.9947316078187358,1.000261952398831
0.9940078680055487,1.000621017738892
0.9933440303108972,1.0001724478850067
0.9930786602436905,1.0004347724068618
,,egauge17073,egauge4183,egauge30378,egauge13974,egauge15623,egauge23534,egauge18350,egauge20407,egauge18158,egauge28684
,,0.5,0.5,1,0,0.5,0.5,0,0,1,0
,,1,1,1,1,1,1,1,1,1,1
0.9996740485197644,0.9999909642067105
0.9973631692233167,0.9998528538269437
0.9958743092329798,0.9997725006125712
0.9949850177991243,0.9999388287310745
0.9984930884482396,1.0003492548353314
0.9988188021676935,1.0002217318128044
0.9968612494275791,1.0007005449149997
0.9963469706818999,0.9996304369366287
0.9964996949629362,0.9998730793308249
0.9957123610254737,1.0000572568654191
0.9958168104143063,0.999739491020202
0.9950002992051139,0.9994411995773211
0.9941256552120773,1.000157030620216
0.9946148631452896,0.9998960572248167
,,egauge18350,egauge16608,egauge27467,egauge9102,egauge17073,egauge26086,egauge30039,egauge23534,egauge3167,egauge22271
,,0.5,0,0.5,0.5,1,0.5,0.5,0,1,0.5
,,1,1,1,1,1,1,1,1,1,1
0.9997364641097937,1.000153326532152
0.9976467905759785,1.0014339010341644
0.9966319576154066,1.002097991435687
0.9960445294652606,1.0026564384993655
0.9993396224935894,1.0003673031338147
0.9978786065679038,0.9999663291455546
0.9994972329157028,1.0008566983709606
0.996891008300751,1.0016018395061725
0.9969312823817059,1.0022756416729885
0.9961871166988613,1.0020824369282006
0.9965086448841609,1.0022221407939074
0.9961209910869371,1.0020077168906871
0.9960083408026232,1.0029410343609475
0.995023926103833,1.0031716839266163
,,egauge26086,egauge20407,egauge7692,egauge18544,egauge19821,egauge24121,egauge4183,egauge18350,egauge8617,egauge18158
,,1,0,0.5,0.5,1,0.5,0,1,0.5,1
,,1,1,1,1,1,1,1,1,1,1
0.9997518731797513,1.0001103342779358
0.9984048293399067,1.0010218850566648
0.9974057765243547,1.001558791723525
0.9966106158841054,1.0019178799946578
0.9986627887440364,1.00107987271086
0.9966908457916631,0.9995795531205851
0.9977468957957694,1.000508134688565
0.9983620108684584,1.001305521398969
0.9978072462732311,1.001782051426475
0.9970987983127207,1.0008958722067431
0.9973234884994181,1.0014885012540393
0.9972672011011717,1.0020304652114609
0.9965526764967985,1.0020928409209082
0.9953088536128417,1.0022616553778154
,,egauge27467,egauge8617,egauge24121,egauge7692,egauge32290,egauge16616,egauge15623,egauge28684,egauge20407,egauge30039
,,0,0.5,1,0.5,0,1,0,0.5,0,0.5
,,1,1,1,1,1,1,1,1,1,1
0.9997373560544173,0.9999911266559425
0.9976496039467447,0.9997351891063226
0.9957956465688472,0.9995672836112502
0.9947669242725984,0.9993692155116818
0.9994843837079277,0.9999376596431115
0.9987190578240841,1.0004201826492418
0.998062697124366,1.000533614282335
0.9975185041430827,0.9998767681941594
0.9971959703841098,0.9995727456047175
0.9968495973755518,1.0001983330272277
0.995294899630165,0.9995095325337534
0.9956466990512886,0.9997597242835349
0.994290211982153,0.9991461132056941
0.9937478794045113,0.9993692155085319
,,egauge18544,egauge26086,egauge17073,egauge16608,egauge8617,egauge22271,egauge30039,egauge30378,egauge27467,egauge13830
,,1,0,1,1,0,0.5,0,0.5,0.5,0.5
,,1,1,1,1,1,1,1,1,1,1
0.999739754124498,1.0001620354084106
0.9981661790559541,1.0009338912582098
0.9970831007393254,1.0012779220901744
0.9966606104415915,1.0016625404742836
0.9994705390429175,1.0007965098640865
0.9976903345294383,1.0000559588116573
0.9977363476992736,1.0019691004260696
0.997238702811503,1.0013897803973286
0.9980854479902596,1.000852895483408
0.9965262566671981,1.001842642782058
0.9969556096938804,1.0012241873253624
0.9956926976649061,1.0013421889609242
0.9966243952967296,1.0018957673698814
0.9958518368710864,1.0019626722314703
,,egauge8617,egauge13830,egauge26086,egauge15623,egauge22271,egauge24121,egauge5198,egauge20407,egauge32290,egauge18544
,,0.5,1,0,1,1,0,0,0,1,0.5
,,1,1,1,1,1,1,1,1,1,1
0.9997336597107385,1.0000663350786345
0.9979048476074723,1.0003307488383315
0.9964686708257918,1.0001463297416335
0.9961059190681253,1.0001911317593726
0.9992393660628633,1.0002756102212913
0.9982705443257426,1.0013461347297026
0.9974653669132076,1.0000191431149128
0.9967626433890685,1.0004825493509824
0.9968945025714334,1.0011105681229582
0.9966275434991758,1.000099203421035
0.9961194452168487,1.0001339453706675
0.9955325511885709,0.9997935074605617
0.9957658434688907,1.0001329462147086
0.9959994829327995,1.0003516112188944
,,egauge30378,egauge15623,egauge20407,egauge23534,egauge18544,egauge28684,egauge30039,egauge13830,egauge33764,egauge19821
,,0.5,0,0.5,0.5,1,1,0.5,0.5,0.5,0
,,1,1,1,1,1,1,1,1,1,1
0.9996797720316389,1.000051454127403
0.9979405096228658,1.001228932692029
0.9966980381982117,1.001694496367165
0.9957847759373952,1.0018227352847544
0.998291234403995,1.0001083569949
0.9972602434828806,0.999928007858472
0.9971765159583192,0.9995630796235083
0.9970233478312623,1.0015126384495143
0.997890064408047,1.0018371057621938
0.9974186117949196,1.0023123002787464
0.9965541652734342,1.0018061759986328
0.9959211263904201,1.0019839165948905
0.9951485060009623,1.0020268404997932
0.995061816226853,1.001737006069329
,,egauge19821,egauge24121,egauge18544,egauge8617,egauge22271,egauge13974,egauge20407,egauge4183,egauge30039,egauge16616
,,0,0,1,0.5,0.5,1,1,0,0,0.5
,,1,1,1,1,1,1,1,1,1,1
0.9997412722542327,1.0000308827907651
0.997909790102535,1.0002904227968015
0.9965694388501581,0.9998556615448453
0.9959079532312707,0.9996624419861728
0.9988056841084308,0.999947480223582
0.9981743236466146,0.9998114742349081
0.9990717740642279,1.0012969093355057
0.9977483925055209,1.0004928258942607
0.9970634524804903,1.0007560943451288
0.996254441823804,1.0014182194338919
0.99621606454627,0.9997896384423999
0.9963032526433228,0.99967393035873
0.995537767276885,0.9995316175620048
0.9951636405460114,0.9995448691693276
,,egauge28684,egauge23534,egauge8617,egauge13830,egauge16616,egauge22271,egauge26086,egauge7692,egauge20407,egauge4183
,,0.5,0.5,1,0,0,1,0,0.5,0.5,0.5
,,1,1,1,1,1,1,1,1,1,1
0.9997313010204328,1.0000519676998894
0.9977346346795672,1.0001426059721674
0.9964049655610929,1.0000794600401346
0.9956165978294398,0.9999515850323781
0.9992533716296719,1.0003485253328006
0.9979277281058186,1.0006730345700472
0.9986678790249003,1.001203788869571
0.9972057670987382,1.0000920291075643
0.9972763143401521,0.9998493440997589
0.9959401481784235,1.0018436555983397
0.996084513089739,1.0000629489297326
0.9961593066820411,1.0002292192262774
0.9948865604207777,0.9997771018017587
0.995367889585707,1.000003197251176
,,egauge19821,egauge18158,egauge16608,egauge18544,egauge26086,egauge7692,egauge23534,egauge28684,egauge13974,egauge17073
,,0,0,0.5,0,0,0,1,0.5,0,0.5
,,1,1,1,1,1,1,1,1,1,1
0.9996657431850602,1.0000358284584323
0.9978879259944833,1.0005210242383111
0.9963148808543316,1.0011999731995644
0.9952156601682296,1.001321795280944
0.9988282976037743,0.9999574460405282
0.9969277700954623,0.9998483583899986
0.9976820715846274,1.0004198296969946
0.9977971345963812,1.0004805441666713
0.9969771512050407,1.0003995956070841
0.9971247029327782,1.0004245099596405
0.9959862506655941,1.0014935408239107
0.9961126254409366,1.001493407993065
0.994550943842495,1.0012269804654825
0.9943552140410806,1.0016968424827064
,,egauge28684,egauge30039,egauge30378,egauge17073,egauge7692,egauge24121,egauge27467,egauge15623,egauge18544,egauge3167
,,0,0,0,1,0,1,1,1,0.5,0.5
,,1,1,1,1,1,1,1,1,1,1
0.9997360299560816,1.0001074117024416
0.9982975988430354,1.001415268391948
0.9972312121304359,1.0023551596395066
0.9970018556575836,1.0026439343791935
0.999288274276696,1.0000753262740019
0.9978225999643314,0.9998705109460398
0.996933818469392,0.999637655224036
0.9980554144137358,1.0022608490933331
0.9980061064987802,1.001355382909087
0.9973551875968947,1.0017339560541354
0.9971900745964997,1.0026408440545878
0.9959327985377004,1.0027457686042422
0.9969583802825585,1.0028482372850203
0.9966822891395042,1.0028263429842679
,,egauge5198,egauge19821,egauge18158,egauge30039,egauge20407,egauge7692,egauge17073,egauge16608,egauge8617,egauge18544
,,0,0,0.5,0.5,1,1,0,0,0.5,0.5
,,1,1,1,1,1,1,1,1,1,1
0.9997494370774715,1.000026615260489
0.9980548170607132,1.0004319197364833
0.9969577428261549,1.0005896393082647
0.9968749110434806,1.0008906363185563
0.9989147333939892,1.0000011665768629
0.997865859867575,0.9998856441252532
0.996812910645049,1.000337803744894
0.9974937129165524,1.0006297331089669
0.9971073250148835,1.0002599242081276
0.9970770068774375,1.0013207881013904
0.9965706876827596,1.0005400780405203
0.9959998178724347,1.0004719374394917
0.9968314421426943,1.0010477237733493
0.9968003349154902,1.0011797816310708
,,egauge30378,egauge19821,egauge18544,egauge26086,egauge18158,egauge3167,egauge23534,egauge15623,egauge8617,egauge16616
,,1,0,0.5,0,0.5,0,0,0,0.5,0
,,1,1,1,1,1,1,1,1,1,1
0.9997436660837746,0.9999868590947371
0.9980172512621964,0.9998356419961345
0.9968256692939399,0.9996216161389544
0.9962911745249442,0.9995130046621068
0.9983348093690795,1.0003398133351085
0.9978510038829908,0.999853986926065
0.9991337100958949,1.0005731134720022
0.9971604220482675,0.99981541786316
0.9970135424590608,0.9999671223387461
0.9977134641243876,0.9997777776900075
0.9966036808012023,0.9995803619105432
0.9958866644414207,0.9995467969111352
0.9961825860676602,0.9995711515454033
0.9955571506450253,0.999257524742977
,,egauge18158,egauge27467,egauge26086,egauge16616,egauge32290,egauge24121,egauge23534,egauge15623,egauge30039,egauge33764
,,0.5,0.5,0,1,0,1,0,1,0.5,1
,,1,1,1,1,1,1,1,1,1,1
0.999726548980962,1.0000729773191197
0.9975083260820026,1.000629348950421
0.9957705191943962,1.0013768797063483
0.9949827167126089,1.001948834838405
0.9983607668368797,1.0001603567557613
0.9994248576039637,1.0007297094423286
0.9974976227091895,1.0000119263416762
0.9971421822405188,1.00105343069242
0.9970547690502761,0.9999547888491453
0.9965284111530696,1.0009276304011296
0.9956447346478556,1.001345921426811
0.9944799670442707,1.0017841157247367
0.9942893170076643,1.00217484787788
0.9945717898333681,1.0025817171408706
,,egauge20407,egauge18350,egauge24121,egauge3167,egauge16608,egauge18158,egauge22271,egauge17073,egauge15623,egauge13830
,,1,0.5,0,1,0.5,0,1,0,0,1
,,1,1,1,1,1,1,1,1,1,1
0.9997384848745704,1.000068826654577
0.9981071570900548,1.0009619221937112
0.996832362874455,1.001829762807132
0.9963722685028936,1.0021955787751864
0.9985594012965584,0.9999021249835183
0.9988150313917848,1.0004286855305862
0.9980691637449117,0.9998329598320638
0.9980202135208178,1.0013468759897044
0.9971823123589807,1.001128854206686
0.9959949485917947,1.0004600263420973
0.9964460111371548,1.0022397374845422
0.9959171020374017,1.0016931723236133
0.9954898134075506,1.0021591257161935
0.9962125741071105,1.0028608603389402
,,egauge16608,egauge5198,egauge28684,egauge26086,egauge7692,egauge27467,egauge20407,egauge32290,egauge13830,egauge3167
,,1,0,0,1,0.5,1,0,0.5,1,0.5
,,1,1,1,1,1,1,1,1,1,1
0.9997373628068053,1.0001061007906293
0.9979426528982747,1.0009952094647547
0.9964030918750779,1.0010382068056802
0.9959132975726601,1.0014804799518238
0.9987829519058735,1.0005624859766122
0.9981281345022124,1.000051027417262
0.9986369897248485,1.0000381493617319
0.9971275145351982,1.0018365138080267
0.9978302133005303,1.0011471291270406
0.9976945033495258,1.0021170097752554
0.9959071104919063,1.0009059862928669
0.9958401130457183,1.0006957111521633
0.9953781073579435,1.0019032073318808
0.995839870834284,1.0015983382380025
,,egauge16616,egauge33764,egauge23534,egauge5198,egauge27467,egauge20407,egauge18350,egauge9102,egauge24121,egauge8617
,,1,0.5,0.5,1,1,0.5,0,0.5,0,0.5
,,1,1,1,1,1,1,1,1,1,1
0.9997619846023825,1.0000728325735933
0.9982687758887988,1.0004594963565283
0.9974738129881198,1.0005069422868769
0.9971170020121034,1.00052616734327
0.9989839887833932,1.0005090444696223
0.9979081609860837,1.0006095949597864
0.9978745789312369,1.0007472349907878
0.9974116912577394,1.0007631978603646
0.9981981267977744,1.0010468487442645
0.9963404203877029,0.9999964617181766
0.9974244341391914,1.0004739040155746
0.9966642608726961,1.0006353688534821
0.9966026404528168,1.0004388573719991
0.9970294615108087,1.0006867102265629
,,egauge8617,egauge16608,egauge22271,egauge7692,egauge18158,egauge26086,egauge20407,egauge28684,egauge24121,egauge3167
,,1,0,0,0,1,1,0.5,0,0,1
,,1,1,1,1,1,1,1,1,1,1
0.999746450570098,1.0000622679497324
0.9978061065190074,1.0005435219153929
0.9964947246107787,1.0004618493765305
0.9959604041558762,1.000551510564301
0.9992925060858343,1.0006063929582494
0.9978038892494259,0.9999283196648467
0.9975967281727153,0.9999406687673781
0.9975791059477834,1.0004828016349439
0.9969450561154359,1.0008371256932433
0.9959053195167221,1.0021181908448693
0.9960962075589742,1.0003627476096326
0.996100905644602,1.0004190514174245
0.9953745886977892,1.000464198003349
0.9959242201494283,1.0008298320159137
,,egauge27467,egauge23534,egauge4183,egauge16608,egauge18158,egauge13974,egauge8617,egauge26086,egauge17073,egauge30039
,,1,1,1,0,0.5,0,0,0.5,0.5,1
,,1,1,1,1,1,1,1,1,1,1
0.9997437453989908,1.0001836820263612
0.9977200896508931,1.0007750749464304
0.9966741025206229,1.0016050029038346
0.9960505777633653,1.002304177404254
0.9996193366258673,1.000925226050574
0.9980889107523387,1.0016451718166761
0.9987464537321096,1.0010582600383522
0.9968196502523624,1.0006536098525747
0.9967338026898525,1.0007953224903092
0.9959852092871871,1.0004259479031592
0.99664532479979,1.001576056776618
0.9958759489834407,1.001969451567032
0.9955369868807247,1.002566765357486
0.9957285906166402,1.0030984449774882
,,egauge7692,egauge5198,egauge30039,egauge18544,egauge4183,egauge19821,egauge26086,egauge30378,egauge32290,egauge16616
,,1,0.5,0,0,0,0.5,1,1,0.5,0.5
,,1,1,1,1,1,1,1,1,1,1
0.9997527858908088,1.0000624840500458
0.997682412673395,1.0004096890377439
0.995894843490236,1.0007864041292978
0.9953988865094452,1.0004665303968054
0.9988177299898692,1.0005547390361003
0.9981181008691549,1.0004823454777616
0.99774599149322,0.9998566567684929
0.9975916433983656,1.000369214290634
0.9975311413652096,1.0002005421997038
0.9963405235292332,1.0010664823644575
0.9955868982898635,1.001129441338656
0.9944924000019695,1.0011076497209956
0.9950374172179495,1.0001901303241256
0.9951011833211714,1.0003381487889933
,,egauge15623,egauge33764,egauge13830,egauge16616,egauge23534,egauge27467,egauge17073,egauge30378,egauge22271,egauge8617
,,0.5,1,1,0.5,0,0.5,0,0,1,0
,,1,1,1,1,1,1,1,1,1,1
0.9997371225273929,1.00012785629923
0.9976655476492575,1.0004874094930996
0.9959088580007407,1.0008393457250302
0.9954447188288035,1.0014357245632302
0.9984864326381164,1.0002983806852896
0.9979098516717424,1.001342820557748
0.9982593649118489,1.0015230879766943
0.9973832242173352,1.0003777681391126
0.9970516454799105,1.0004017579566449
0.9975693589570451,1.0011159226080926
0.9956132223065721,1.0007897698370585
0.9944745774075846,1.0006039055146387
0.9949748458862503,1.0021720864269665
0.9953596345472858,1.0013500344807456
,,egauge18158,egauge26086,egauge18350,egauge32290,egauge9102,egauge20407,egauge30039,egauge30378,egauge18544,egauge5198
,,0.5,0,0,1,0.5,0.5,0,0.5,0.5,0
,,1,1,1,1,1,1,1,1,1,1
0.9996996496693975,0.9999727356259049
0.9975578625649634,0.9997236634715496
0.9965121678715952,0.9996526520104513
0.9963889395766383,0.9997869582789185
0.9982728301167656,1.0001424255077958
0.9976164611263169,0.99993200347313
0.998774981551355,0.9998871935057932
0.9970438372946212,0.9996528926127628
0.9968021594606754,0.9998045589103027
0.9957342487413029,0.999218062096452
0.9963806541931439,0.9995701445533379
0.9952148597800873,0.9996526520019097
0.9963165357761238,0.9999742708935018
0.9954847853163852,0.999765575825368
,,egauge3167,egauge16608,egauge32290,egauge16616,egauge30378,egauge13974,egauge18350,egauge17073,egauge30039,egauge7692
,,0,1,0.5,1,0,0,1,0.5,1,1
,,1,1,1,1,1,1,1,1,1,1
0.9997327069941677,1.0001197195830183
0.9977831895101096,1.0012046551201954
0.9970158439353999,1.0023817496180558
0.9963721010797284,1.0031397042870986
0.9994618546707749,1.0000761003927976
0.9979635897007071,1.001032444970573
0.9976419964694065,0.9998186765015191
0.9975209889538391,1.0016404113474897
0.9965117649304799,1.000981882736938
0.9959458881575305,1.000857025950586
0.9969012384633938,1.0025524513038373
0.996217365501535,1.0027679999152335
0.995677553118959,1.0036655601301565
0.996233695667045,1.0036337496876433
,,egauge16616,egauge9102,egauge4183,egauge22271,egauge24121,egauge33764,egauge7692,egauge30378,egauge20407,egauge5198
,,0.5,0,1,1,0.5,1,0.5,0.5,0,1
,,1,1,1,1,1,1,1,1,1,1
0.9997259031158443,1.0000549067063689
0.997587887758212,1.000591317570727
0.996046321498603,1.0004689176104247
0.9952709620328919,1.0004498523650553
0.9989713910236354,0.9999294393887712
0.9982086463045265,0.9999949604018131
0.9987319051505577,1.0008729202308908
0.9968426127327458,1.0015384471592028
0.9970363345534514,1.0006520499106213
0.9963061261878698,1.0016296033766832
0.9960093495064323,1.0005208888299255
0.9946224117897767,1.000329838901526
0.9946350801875217,1.0002098151455758
0.9943680075303777,1.0007709702762544
,,egauge18544,egauge30378,egauge5198,egauge13830,egauge4183,egauge18158,egauge18350,egauge30039,egauge19821,egauge33764
,,1,0,0.5,1,0.5,0,1,0.5,0.5,0
,,1,1,1,1,1,1,1,1,1,1
0.9997742140227929,1.0001154458511203
0.9978631382192563,1.000901928329797
0.9966052868063304,1.0015092687057832
0.9957875597781973,1.0016833678715815
0.9994548725245643,1.0007510942388955
0.9971076503231433,0.9996760016836068
0.9980092890110447,1.0005649014896374
0.9975721879401321,1.0015098666064928
0.9977420909475269,1.0010173980512949
0.9954835630955339,1.000410716703429
0.9964121185754413,1.0016912404381004
0.9955840033733584,1.0017986256666536
0.9953391784343724,1.0019238912259731
0.9949477679243708,1.0016297938918095
,,egauge9102,egauge30378,egauge20407,egauge4183,egauge26086,egauge28684,egauge13974,egauge16616,egauge17073,egauge18158
,,0.5,1,1,1,0,1,0,1,0.5,1
,,1,1,1,1,1,1,1,1,1,1
0.9996258078003301,1.0001102223552654
0.9978210611302097,1.0010215288125348
0.9963560858553031,1.0015911332739433
0.9951652380284111,1.0020272471988336
0.9988248570139456,1.0002599869978979
0.9970265186205078,1.000763408794951
0.9972464504075936,0.9997762691076416
0.997597289330809,1.0013599567975668
0.9970431398376286,1.0009529161699726
0.9973931188777221,1.0021208059315405
0.9959740585633112,1.0015249746912278
0.9959211070133807,1.0019770236251004
0.9943634210676431,1.0022605745246749
0.9940062183726718,1.0024133361212841
,,egauge23534,egauge7692,egauge9102,egauge3167,egauge13974,egauge18544,egauge32290,egauge17073,egauge15623,egauge33764
,,0,0.5,1,0,1,0.5,0.5,0.5,1,0.5
,,1,1,1,1,1,1,1,1,1,1
0.9997577640198435,1.0001132236208314
0.9981373326174567,1.0009194658331881
0.996815900596021,1.0013092403571635
0.9958684538136551,1.0017026260914736
0.9986949845502845,1.0000352128683576
0.9979141780404481,1.0005303837189972
0.9981417580171815,1.0008860151079721
0.998005597258681,1.0008890911248278
0.997326519958577,1.0015013184775596
0.9978820423393499,1.0014606064789242
0.9966309041877452,1.0011645799882793
0.9957627849865068,1.0016905262383697
0.9949865210850224,1.0019723191845893
0.9954369099414866,1.0019813262034034
,,egauge30039,egauge30378,egauge22271,egauge16616,egauge3167,egauge18158,egauge20407,egauge33764,egauge7692,egauge13974
,,1,0.5,1,0.5,1,0.5,0,0.5,0,0.5
,,1,1,1,1,1,1,1,1,1,1
0.9997007929452196,1.0000758385926374
0.9976004880566611,1.0000411655402868
0.9960377197702197,0.9999362040399464
0.9953323928591982,0.9999234169478123
0.9987419198524367,1.0008422980703044
0.9970324169710327,1.0001868167957624
0.9976287629613573,1.0022442396807312
0.9969573865923193,0.9999400299735678
0.9975922414583047,1.0002949606237002
0.9951540064337157,1.0001745226466128
0.9956801316438869,0.9998082814481729
0.9951058496464813,1.0000966351757665
0.9946414844505556,0.9998797908511944
0.9943656433227074,0.9999743441405117
,,egauge5198,egauge18544,egauge3167,egauge32290,egauge30039,egauge15623,egauge13974,egauge22271,egauge17073,egauge27467
,,0,0.5,0,1,0.5,0,0,0.5,0.5,0
,,1,1,1,1,1,1,1,1,1,1
0.9997903656610222,1.0000584929425804
0.9977885627803338,1.0004660598578567
0.9964318613409522,1.0008614488290273
0.9959356756874821,1.0010408119993108
0.9989336606400983,1.0000369882789102
0.9991613388527116,1.0006183964433133
0.9991628134201725,0.9999943282275877
0.9973348541874529,1.0003851088340752
0.9968212395768554,1.0007620227592933
0.9954474515647134,1.0003166465869722
0.9960949722343151,1.0008036093471615
0.9955568797178598,1.001364886416024
0.9953599588104813,1.001281153005597
0.9958397606778674,1.000987278635681
,,egauge19821,egauge13974,egauge33764,egauge4183,egauge18158,egauge26086,egauge28684,egauge32290,egauge30378,egauge23534
,,1,1,1,1,0,0,0,1,1,0
,,1,1,1,1,1,1,1,1,1,1
0.9996595432941989,1.0001274008545211
0.9975115442970705,1.000175971312684
0.9959094954165228,1.0002605416730055
0.9947221382017336,1.0004205750538937
0.9989244623522348,1.0009405674348677
0.9978165700338837,1.0012919742408557
0.9977637008930946,1.0014205130325493
0.9973905474341257,1.0005605678251375
0.9966032668850153,0.9999212441406563
0.9958613632189625,1.0000807133487686
0.9958314060833644,1.0002440270296604
0.9953777078526227,1.0001749704454699
0.9937692985020087,1.0006534603044361
0.9941380338570186,1.0003456851164396
,,egauge18350,egauge17073,egauge19821,egauge24121,egauge18544,egauge13830,egauge26086,egauge16608,egauge9102,egauge20407
,,0.5,0.5,0.5,0,0,0.5,1,1,1,1
,,1,1,1,1,1,1,1,1,1,1
0.9996482983698541,1.0001267799417795
0.9972823221177018,1.0009326266694185
0.9951978474254258,1.0018332488241941
0.9941128146305749,1.0019230690136391
0.9993024551161308,1.0003121178542798
0.9975560061792966,1.0008103039779093
0.9981543758765912,1.0008455667543612
0.9967986740363755,1.0007968805871
0.9971915959609827,1.0008921269118953
0.9959423866864676,1.001512455576132
0.994898360144902,1.0022098295708204
0.9942631433159375,1.0022728883604208
0.993557134029036,1.0021531837128106
0.9931157450821229,1.001741574597153
,,egauge24121,egauge18158,egauge5198,egauge22271,egauge19821,egauge20407,egauge18350,egauge18544,egauge8617,egauge26086
,,1,0.5,0,0.5,1,0,1,0,0,0
,,1,1,1,1,1,1,1,1,1,1
0.9997397216343933,1.0000391860022977
0.997724673556305,1.0003228070360908
0.9969811120002949,1.0003773767878703
0.9962116343516265,1.0003006052195489
0.9988976457919267,1.0002971692854086
0.9969787245876566,1.0003195830320557
0.997970619899811,0.9999757676310211
0.996751933015715,1.0006770894568324
0.9971702487117299,1.000747981437521
0.9956877398026246,0.9996863674738202
0.9968865296370715,1.0004971437366819
0.9968745652835909,1.000302490681181
0.9961175316487488,1.0002424121486404
0.9950634025120598,1.0002578154124702
,,egauge7692,egauge13830,egauge18350,egauge4183,egauge16608,egauge20407,egauge19821,egauge15623,egauge5198,egauge3167
,,0,0.5,0.5,0,1,0,0,0.5,0,0
,,1,1,1,1,1,1,1,1,1,1
0.9997623914885674,1.0000022441132752
0.9979771579834239,0.999828304484153
0.9966224252024578,0.9997611887697214
0.996412333593201,0.9997228280238322
0.9987358133745876,0.9999380836647197
0.9982468428652848,1.0005996696451687
0.9987673550612282,1.0003805657876026
0.9978359204648225,0.9996867570709703
0.9972532690630357,1.0001541862519168
0.9955208443918682,0.9992942644863214
0.9963717300830753,0.999719927733644
0.9953249493999332,0.9998296939185682
0.9963036491278334,0.9997010195869086
0.9960929906484477,0.9996907571814495
,,egauge5198,egauge32290,egauge20407,egauge7692,egauge15623,egauge28684,egauge30039,egauge18158,egauge18544,egauge26086
,,1,0,1,0.5,0,1,0.5,0.5,1,0
,,1,1,1,1,1,1,1,1,1,1
0.9997619154853427,1.0000505196274108
0.9981276408613016,1.0008348681728454
0.9972030414545013,1.0013232843885926
0.9969408152307037,1.0016231586580082
0.9988736066204457,1.0005106470851406
0.9978467994988736,0.9998039890270068
0.9973020872224654,0.9997246590774481
0.9979964667737914,1.0010331300491324
0.9968982240576594,1.000764004315482
0.9977766357604728,1.0019370937162062
0.9968083003829727,1.0014473203285565
0.9960265783467109,1.0013661302279646
0.9969045880418186,1.002060544035508
0.9958418900910759,1.0014946015915518
,,egauge33764,egauge26086,egauge22271,egauge13974,egauge16608,egauge17073,egauge16616,egauge18158,egauge5198,egauge24121
,,1,0.5,0.5,0.5,0,0,0,1,0,1
,,1,1,1,1,1,1,1,1,1,1
0.9997184361064533,1.000094673322924
0.9974572875776113,1.0000419746580826
0.9964111331598375,1.0000489705018176
0.9961565699295384,1.0001769551758726
0.9987840080614517,1.0007194334186138
0.9976808885753151,1.0009871459624773
0.9976555788852772,1.001091773681554
0.9966614132752079,1.0002240795751367
0.9964802845695789,0.9999175068836872
0.9953502387460794,0.9997871798848058
0.9962426585799626,0.9998850741123054
0.9951882954270278,1.0004026210722403
0.9958270511132173,1.0001551350257658
0.9957735025407985,1.0004230440092188
,,egauge8617,egauge33764,egauge24121,egauge19821,egauge30039,egauge27467,egauge4183,egauge30378,egauge26086,egauge7692
,,1,0.5,1,0,0,0,1,1,0,1
,,1,1,1,1,1,1,1,1,1,1
0.9997486928038082,1.0001074108899342
0.9978886406756728,1.000554055159973
0.9964866272811408,1.0012017147732952
0.9959332100672345,1.0014004941321761
0.9992930505773743,1.000694223657629
0.9979170627235292,1.0006454612930271
0.998066304054897,1.000658033970071
0.9971628545318411,1.0004730956937955
0.9973105719762225,1.0004241604062556
0.9977539470796427,1.000457537114385
0.9964208672493863,1.0013588104036117
0.9951412982415206,1.001565989752623
0.9953690966582985,1.0012912468595314
0.9958374359346015,1.001893527060338
,,egauge16616,egauge18544,egauge16608,egauge22271,egauge26086,egauge30378,egauge20407,egauge3167,egauge24121,egauge33764
,,0,0,1,0,0.5,1,0,1,0.5,0
,,1,1,1,1,1,1,1,1,1,1
0.9997014213459209,0.9999958272938845
0.9972569145593584,1.0000544415405586
0.9959659300828195,0.9999949419125232
0.9952098381585077,0.9999693697506249
0.9989379161210192,0.9998506172567508
0.9989292007853241,0.99991590632284
0.9977389481641666,1.0009169989335065
0.9964380272001997,0.9999937563539842
0.9964813545275035,1.000438982744042
0.9947260849889178,1.0004037867805615
0.9955717674947335,0.9998587581331823
0.9956467557001218,1.0002730804234163
0.9949784547915621,1.0000130026070708
0.9942538993586133,0.9998624452290519
,,egauge30039,egauge7692,egauge26086,egauge18350,egauge13974,egauge18544,egauge23534,egauge33764,egauge22271,egauge16608
,,0.5,0,1,1,0.5,1,0.5,0.5,0,1
,,1,1,1,1,1,1,1,1,1,1
0.9997423899763465,1.0001829754574545
0.9979529175372623,1.0013364302850187
0.9963466037567302,1.0019170095030783
0.9956664160134023,1.0021672484131932
0.9987785967071774,1.0005098080511283
0.9978044454877356,1.0000821384017988
0.9976170573120856,1.002147207355184
0.9978771905483301,1.0017785123450595
0.9971565747799778,1.0015474094015284
0.9979811077613763,1.002493548030138
0.9959851107634106,1.0020457913253293
0.9956869454475612,1.0022113309000364
0.9955362101087392,1.0021235065794756
0.9947205747574799,1.0026499941482443
,,egauge4183,egauge5198,egauge16616,egauge32290,egauge24121,egauge30378,egauge26086,egauge22271,egauge33764,egauge13830
,,1,0,0.5,0,0.5,1,0.5,0.5,0.5,1
,,1,1,1,1,1,1,1,1,1,1
0.9997308130124535,1.0000937401462333
0.9973699831803595,1.0008420761112944
0.9961351709980353,1.0018898541435903
0.9954000687293598,1.0024482270619117
0.9992951436080921,1.00050675464808
0.9980953049696374,1.00005374503533
0.9981998829314277,0.9998900311784125
0.9968560726284352,1.000237390476109
0.9968610448147361,1.0009009856150577
0.9948388155475757,1.0014226308130854
0.9958189274767552,1.0020266810881653
0.995115939715284,1.0023831724495278
0.9947967523606499,1.0026305935136084
0.9949004719519527,1.003113706485328
,,egauge15623,egauge5198,egauge18158,egauge13974,egauge4183,egauge17073,egauge18544,egauge22271,egauge26086,egauge23534
,,0,0,1,0,0,0,0,0,1,0.5
,,1,1,1,1,1,1,1,1,1,1
0.9997370193946726,1.0000576547769853
0.9975705351648638,1.0003889790764915
0.9961907625232077,1.0010401211033257
0.9954278865073608,1.001764854940643
0.9984874182623351,1.0000018873168068
0.9981249623377705,1.0000153932391778
0.9969193773574111,1.000828389578662
0.996698991757114,1.0002675693905376
0.9973789595379783,1.000206877582723
0.9956676846761601,1.0001574178359034
0.9961496757138557,1.0010235912438923
0.9951381222288852,1.000975881930921
0.9948930038084002,1.0024431079693468
0.994755527256153,1.0019850522264686
,,egauge9102,egauge8617,egauge16616,egauge5198,egauge4183,egauge30039,egauge20407,egauge15623,egauge32290,egauge13830
,,1,0,0.5,0,0,1,0,0.5,0.5,0.5
,,1,1,1,1,1,1,1,1,1,1
0.9997672088280579,0.9999830586904014
0.9977453494794694,0.9997788522240663
0.9961893900799771,0.9995638818880627
0.9956385402508788,0.9995384320054372
0.9989694007655276,1.0003473940191823
0.9986925134563113,0.9998386221569563
0.9982261926723615,0.9997599457085781
0.9973054463872829,0.9997485184306475
0.9976041508036388,0.999627204957469
0.9959021792666733,1.0007009454709446
0.9959182925632514,0.9994360156107772
0.9948925839291874,0.9996232964449115
0.9952552838019241,0.9993077235507671
0.9948307490085601,0.9998378117271605
,,egauge4183,egauge5198,egauge7692,egauge3167,egauge19821,egauge24121,egauge16616,egauge18544,egauge8617,egauge30378
,,1,0,0.5,0,0.5,0.5,0.5,0.5,1,0
,,1,1,1,1,1,1,1,1,1,1
0.9998119170704414,1.0000695296841178
0.9981853908717668,1.0004245083087246
0.99707516277965,1.0007103917341416
0.9961788948292463,1.0008898756415558
0.9993143037098942,1.0004986339560098
0.9981310700323232,1.0000293735855497
0.9977489950693068,1.000518457906683
0.9981349310171163,1.000394151354466
0.997521339924936,1.0007687056041545
0.996973663278518,1.0004722471862102
0.9969600089892242,1.0006608233961167
0.9970005689083764,1.0010101864971388
0.9961354618469811,1.0012831617257336
0.9947441488978098,1.0006116255509787
,,egauge16616,egauge16608,egauge32290,egauge30039,egauge33764,egauge22271,egauge26086,egauge4183,egauge28684,egauge13974
,,1,1,1,1,0,0,0,0.5,0.5,0
,,1,1,1,1,1,1,1,1,1,1
0.9997356860965028,1.0000739647664068
0.9979510998609711,1.00038959161818
0.9965502910629943,1.0004449071445283
0.9958444866692558,1.0005153439016972
0.9990151658133346,1.0005289382539893
0.9979160593120003,1.0009942071960132
0.997650530187402,0.999931062665073
0.9974463732034955,1.001128917021505
0.9971017754217566,1.0003292014032932
0.9960501752262176,1.0002352032985407
0.9961230017982184,1.0004325184009897
0.9963266883791104,1.0005632736756278
0.9956708508505814,1.0006827359785495
0.994919680067726,1.0003869548924722
,,egauge30039,egauge20407,egauge22271,egauge7692,egauge28684,egauge16616,egauge18158,egauge30378,egauge17073,egauge18350
,,0,0,0.5,1,1,0,0.5,0.5,1,1
,,1,1,1,1,1,1,1,1,1,1
0.9997012355602596,1.00003647870588
0.9979815877175285,1.0009410800368865
0.9964095275635942,1.0017819632053129
0.995761843400795,1.0025843924299278
0.9987454878582998,0.9998908577061275
0.996654449220693,0.9995742856392267
0.9976183206706224,1.0010447444217239
0.9978954824744511,1.001407109729233
0.9978302627857738,1.0015039153054872
0.9971451411779358,0.9998339533562591
0.9960090279960288,1.001781963204284
0.9949850007919787,1.0018462683849458
0.9950461301483606,1.0031829437788127
0.9956660885071303,1.0030458981452843
,,egauge27467,egauge30378,egauge16608,egauge16616,egauge26086,egauge18544,egauge24121,egauge32290,egauge9102,egauge13974
,,0,1,1,0,0.5,0,1,0,0,1
,,1,1,1,1,1,1,1,1,1,1
0.9996839754178861,1.000023437992677
0.9976605216327961,0.9999314122680604
0.9960254122112167,0.9998974102760193
0.9949646665505,1.000178826229949
0.999492832141765,0.9999699689373782
0.9970897900405218,1.0006914581627973
0.9977627892932351,1.000980083761774
0.997372206504663,0.9996171105754273
0.9968934227537692,1.000355826383307
0.9974873988433354,0.999854252877463
0.9958570147718289,1.0000088530156632
0.9954722908031179,0.9993932457255615
0.9944300785013298,1.000157006031165
0.9939771880680939,1.0008425256717262
,,egauge7692,egauge30378,egauge20407,egauge17073,egauge23534,egauge30039,egauge18544,egauge8617,egauge19821,egauge3167
,,0.5,0.5,1,0.5,1,1,1,0.5,0,1
,,1,1,1,1,1,1,1,1,1,1
0.9997139228473876,1.0001350881152267
0.9983407164951839,1.001746279278197
0.9976800092042639,1.0024579215880312
0.997100265624712,1.0026569391407056
0.9987985120623516,1.0003558290717558
0.9970588688948051,1.000251085118036
0.9973142051311484,0.9998020563347083
0.9973428367111918,1.0021113013149068
0.9977155526121335,1.0024848045592947
0.9964962411193937,1.0031793335591395
0.9976553130358474,1.0027022201707894
0.9976053617540424,1.002715405962277
0.9966584233101085,1.0025985840170806
0.9967806612718316,1.003075528718185
,,egauge20407,egauge4183,egauge33764,egauge8617,egauge13830,egauge5198,egauge24121,egauge18158,egauge18544,egauge16608
,,0,0.5,0.5,0.5,1,1,1,1,0.5,0.5
,,1,1,1,1,1,1,1,1,1,1
0.9997320187092908,1.0000917251391086
0.9983002123664542,1.0012711136965087
0.9968423010914162,1.0018680074164712
0.9963525065118148,1.0021373652746461
0.9981794941748005,0.9997561270416426
0.9988089217715179,1.0002973903308559
0.9978155044830813,1.0006377620353515
0.9981919913650241,1.0014737513939311
0.9975567147333928,1.0018996054337996
0.9970434247915595,1.0020834206598133
0.9966901822722939,1.001942472450123
0.9955975987836075,1.002232569297558
0.9963959525384862,1.0023196649791257
0.9954696450259422,1.0023196649317347
,,egauge9102,egauge30378,egauge28684,egauge15623,egauge4183,egauge13830,egauge19821,egauge18544,egauge23534,egauge32290
,,0,0.5,0,1,0.5,1,0,1,0,1
,,1,1,1,1,1,1,1,1,1,1
0.9997265019540857,1.000072065855962
0.9980822470167409,1.000847917835814
0.9967290623978874,1.0010752313989093
0.995800622209924,1.0009725019316804
0.9989254557690617,1.0000195163281065
0.9970906818972409,1.0001919859091881
0.9986209048473247,1.0000181541413167
0.9968869700954712,1.0012429534708052
0.9979813456497373,1.000950891819151
0.9967177437376568,1.0020350642953229
0.9964618993417338,1.0010504358202186
0.9966758015834528,1.0017181854456403
0.9950993212312854,1.0009142626335747
0.9952795320328556,1.000897563152433
,,egauge13830,egauge32290,egauge19821,egauge18158,egauge26086,egauge24121,egauge7692,egauge28684,egauge18350,egauge30378
,,1,0.5,0.5,0.5,0,0,1,0.5,0.5,1
,,1,1,1,1,1,1,1,1,1,1
0.9997160972384839,1.0000822439029615
0.9978417269911718,1.0005183861779792
0.9968349342072143,1.0012660551828063
0.9959325030270005,1.0015993739083928
0.9989330874327632,1.0007665886048285
0.997792622530182,0.999824080592636
0.9981998853181175,1.0008041399659788
0.9970866313751924,1.0005487486648832
0.9968844086224271,1.0003969579248964
0.9963241855570443,1.0001592079745096
0.9968020392744817,1.0014562455577707
0.9965392749622257,1.0015446116458973
0.9958601383972583,1.0017305384867399
0.994529998057707,1.001963820145157
,,egauge33764,egauge18544,egauge17073,egauge3167,egauge19821,egauge20407,egauge27467,egauge5198,egauge23534,egauge30039
,,0.5,0,1,0,0,0,1,0,0,0.5
,,1,1,1,1,1,1,1,1,1,1
0.999750511672664,1.000032688863126
0.9979992135415867,1.0000035746335894
0.9971308562210567,1.0002726755446
0.9962825085498338,1.000268149532052
0.9987839199291184,1.0003227395806953
0.9989934158282244,0.9999527644093171
0.9976176908598097,1.0018467464670477
0.9978241172663518,0.9999530060824252
0.9972571586093264,0.9999024435609358
0.9956958021414403,0.9994053053986999
0.9971020629159738,1.0005122136830666
0.9962259049933203,1.0002405838484942
0.9955808057557014,1.000217232102067
0.9953972974546155,1.0005891985131354
,,egauge30039,egauge32290,egauge3167,egauge22271,egauge33764,egauge8617,egauge18350,egauge7692,egauge19821,egauge13974
,,1,1,0.5,1,0,0.5,0.5,0.5,0.5,1
,,1,1,1,1,1,1,1,1,1,1
0.9997582701058261,1.000191651467288
0.9981706062852523,1.00156410162451
0.9971299504710045,1.0023734806043956
0.9961603538847738,1.0029385658141319
0.9987331639455076,1.000977892567046
0.9978038571459112,1.0000517624013525
0.9991485889206339,1.00057085899194
0.9974809016924043,1.0025887658860426
0.9972834067394643,1.0014931767330848
0.9977999210987402,1.0020223365670051
0.9970077217042663,1.0024479900508052
0.9969169397693837,1.0025987484373844
0.9956539266613322,1.003179445317801
0.9951714729991713,1.0035707692113274
,,egauge27467,egauge24121,egauge9102,egauge28684,egauge7692,egauge4183,egauge30378,egauge8617,egauge20407,egauge18158
,,1,0.5,1,0,0.5,1,0.5,0.5,0,1
,,1,1,1,1,1,1,1,1,1,1
0.9997435370258985,1.000069616618373
0.9980145374263318,1.0002080157336792
0.996355568784392,1.0001950860636524
0.9951042340898921,1.0001952814596402
0.9996075192365355,1.0007936658164556
0.9981802759817012,1.0002144980952161
0.9981313002562486,1.000771807560771
0.9976312712839435,1.0001675506310668
0.9973995953194873,1.0003297453563498
0.9977259177971957,1.0007002454841434
0.9958052305418917,1.0001538038523434
0.9962810385565334,1.0003322925174476
0.9943169054877123,0.9999341954299942
0.9937289009266502,1.0006019493604692
,,egauge17073,egauge15623,egauge33764,egauge23534,egauge3167,egauge27467,egauge8617,egauge26086,egauge32290,egauge5198
,,1,0,0,0.5,1,0,0.5,0,1,0.5
,,1,1,1,1,1,1,1,1,1,1
0.999760868702342,1.0000882375353317
0.9983924336782167,1.000557444387206
0.9973877874321085,1.0007013132386695
0.9966643036623151,1.0007909757592395
0.998721477585626,1.0009983152575386
0.9973076665048928,0.9999710239897671
0.9978160361099839,0.9999729354589445
0.9975317511232856,1.0008915666947238
0.9980896905452603,1.0009422142771138
0.99812147346873,1.0004610192939714
0.997342527904864,1.0008004662343655
0.9962379513011419,1.0005846599459716
0.9963240025415508,1.0007400268740045
0.9957598530181085,1.001015823346557
,,egauge18158,egauge16616,egauge32290,egauge22271,egauge15623,egauge33764,egauge30039,egauge8617,egauge4183,egauge5198
,,0.5,0,0.5,0.5,0.5,0,1,1,1,0
,,1,1,1,1,1,1,1,1,1,1
0.9997845768459875,1.0000581801303106
0.998223617236537,1.0012660853942654
0.9974262176827609,1.002289082931391
0.9971186737186285,1.002539358576884
0.9983828151638008,1.0001683014500151
0.998277089350922,0.9997712524353888
0.997706236941574,0.99982654816654
0.9977264851366745,1.0017424345068486
0.9970041242204876,1.001387655669861
0.9966639296732425,1.001169486144268
0.9970313717058438,1.002578886438998
0.997298297313172,1.0028685267330242
0.9970027332157053,1.002838512806203
0.9962137357831944,1.0025179065236054
,,egauge27467,egauge5198,egauge28684,egauge13974,egauge19821,egauge22271,egauge15623,egauge18544,egauge13830,egauge4183
,,0,0,1,1,1,1,1,0.5,1,0
,,1,1,1,1,1,1,1,1,1,1
0.9998190208731367,1.0002168006175394
0.9982202821089701,1.002083366403408
0.9972659108896749,1.002744740654887
0.9970938437738691,1.0030180127279358
0.9995773853715266,1.0001650949722694
0.9981635450423317,1.0001768278398036
0.9986761894779276,1.0014299661909891
0.9974400333017155,1.00268199921648
0.9975731619837116,1.002834328400077
0.9966577241705654,1.0040412750025716
0.9967642873820328,1.0029062649683795
0.9971913001952254,1.0030423070188885
0.9966805140682943,1.0034561181393544
0.9969412378208755,1.0028356020013856
,,egauge9102,egauge18544,egauge4183,egauge28684,egauge22271,egauge27467,egauge5198,egauge19821,egauge3167,egauge16616
,,0.5,0.5,1,0.5,0.5,0,1,1,0.5,0
,,1,1,1,1,1,1,1,1,1,1
0.9998221052559184,1.0001254965769304
0.998549055558617,1.0009076247218973
0.9976865722417636,1.0013810230063516
0.9971961272499688,1.0011123557609736
0.9990140262235441,1.0003063032426405
0.9992170023728578,1.0006854444166056
0.9987645470211061,1.0009969165172674
0.9981857227495926,1.0011608282785316
0.9975607145954914,1.0013736360084209
0.9982987488239753,1.0008110663629692
0.9976412967106635,1.0015629671917097
0.9969619792491499,1.0021744263447936
0.9971453947154708,1.0012434450296777
0.9964506754733555,1.0004703469869265
,,egauge30039,egauge17073,egauge9102,egauge16608,egauge3167,egauge16616,egauge22271,egauge32290,egauge28684,egauge7692
,,1,0.5,0,0.5,1,0,0.5,0.5,0.5,0.5
,,1,1,1,1,1,1,1,1,1,1
0.999753999150283,1.0000865961689775
0.9984799812958326,1.0003663273744587
0.997250340600064,1.0007222828957358
0.9969445352657463,1.0010169103732744
0.998802942754274,1.0008718023417535
0.9975947419186255,1.0008223391164797
0.9980894697054539,1.0000196120867078
0.9975823819565919,1.0005383792978926
0.9984302191659618,1.0007408827049151
0.9976624216719715,0.9996216540719963
0.9968555762493493,1.0009206170031018
0.9966751238304997,1.0003371384095068
0.9966837677754943,1.0012062531971075
0.9965556490098747,1.0012311053532668
,,egauge16608,egauge13830,egauge18544,egauge30039,egauge22271,egauge5198,egauge19821,egauge13974,egauge23534,egauge17073
,,0.5,0,0.5,0.5,1,0.5,1,1,0,0.5
,,1,1,1,1,1,1,1,1,1,1
0.9997390154258089,1.000194371416677
0.9976571101210038,1.0018919159744173
0.9959078013467672,1.002895037713334
0.9949391081032936,1.0030620200012064
0.9987459292086353,1.0003762448363995
0.9982113463551164,1.000126686717495
0.9990868443211454,1.0007919921247814
0.9972166647717385,1.0021494667662973
0.9968811821154798,1.0029271382406375
0.9968732573888052,1.0022981728182425
0.9956244795069911,1.0032000219045403
0.9949192166988253,1.0035608680306616
0.9942315584954209,1.0030109344520501
0.9937648832705239,1.0034200287300472
,,egauge13974,egauge18158,egauge30039,egauge16608,egauge23534,egauge18544,egauge24121,egauge17073,egauge3167,egauge8617
,,1,0.5,1,1,0,0,0,1,1,1
,,1,1,1,1,1,1,1,1,1,1
0.9997421800820322,1.0001898213514868
0.9981402896869419,1.0011753018091518
0.9972616121745044,1.002061993036294
0.9972552374712599,1.0026589863445265
0.9987909448140683,1.0008222086628527
0.9971116898331712,1.0003610529528435
0.9977497216026011,1.0017758626896347
0.9972466507865589,1.0016414604072257
0.9971222209127437,1.0011043975754814
0.9980362399150329,1.0010849543377922
0.9970970799570078,1.0018923881320931
0.9962076341059238,1.0029741816815287
0.997262485947089,1.0029435830815432
0.9972339189606914,1.003238683178947
,,egauge18158,egauge19821,egauge13974,egauge5198,egauge17073,egauge22271,egauge23534,egauge30039,egauge20407,egauge16616
,,1,1,0.5,0.5,0,1,0,0,0,0.5
,,1,1,1,1,1,1,1,1,1,1
0.9996679260444848,1.000042621128227
0.9975772491925655,1.0000305247947459
0.9963134588470398,0.999548481241836
0.9954364153615294,0.9992865368620867
0.9983697350359444,1.0004201395549366
0.9983043473590514,1.0015147913711335
0.9976675134792514,1.0005349990880954
0.9972068683651291,1.0001721533354417
0.9965687236276604,0.9999091665352005
0.995772746911983,1.0016056321407407
0.9959150280486524,0.9995031057400743
0.9958456885824125,0.9992920354052107
0.9945693727037825,0.999061353424862
0.9946961435657312,0.9991796986560381
,,egauge24121,egauge13830,egauge18544,egauge8617,egauge5198,egauge17073,egauge23534,egauge30039,egauge13974,egauge4183
,,0.5,0.5,0.5,1,0.5,1,1,0.5,1,0
,,1,1,1,1,1,1,1,1,1,1
0.9997847583705658,1.0001831484421533
0.9982666280305107,1.0017888200224068
0.9970848603432979,1.002638242957541
0.9963784676179271,1.0028726801622907
0.9989510360673367,1.0002031853691666
0.9982835084872034,1.0007913288063246
0.9990740930349935,1.000782576596882
0.9982060710826317,1.00233649831918
0.9977437146455144,1.0019891474483613
0.9966186299115826,1.0034329534041957
0.9968231270056384,1.0029364523011064
0.9960898517790888,1.0029494556909835
0.9957056007686386,1.003303405975519
0.9961868400055128,1.0027128008977346
,,egauge16608,egauge28684,egauge30378,egauge22271,egauge23534,egauge18544,egauge27467,egauge32290,egauge3167,egauge33764
,,1,1,0,1,0,0,0,0,1,1
,,1,1,1,1,1,1,1,1,1,1
0.9997533895568035,1.0001107249005408
0.9982786736425366,1.000741442234461
0.9971374413873154,1.0009236044403063
0.9963739374039876,1.0015519072460994
0.9987709529278354,1.0005988169536615
0.9987125169293277,1.0012373764093072
0.9968953007722726,0.9996692955635472
0.9974123737784201,1.0017752595771814
0.9974953096297389,1.0006383773140934
0.9981246704413277,1.0006642089496924
0.9970798563000883,1.0009070768556392
0.9966474581712882,1.0002291115069835
0.9961567671686195,1.0018288424735493
0.9954166746067676,1.0021952232811382
,,egauge19821,egauge27467,egauge5198,egauge23534,egauge24121,egauge3167,egauge9102,egauge18350,egauge26086,egauge13830
,,0,0,0,0.5,0,0.5,0,1,0,1
,,1,1,1,1,1,1,1,1,1,1
0.9997688125043203,1.000053011710236
0.9980516753365747,1.000628013096929
0.9969403229918034,1.0012195182441983
0.995973565595773,1.0016043226411286
0.9988274858258352,0.9999777687790815
0.9991435300626219,0.9999607547089835
0.9980124822854161,1.0000030267614697
0.9971343927327972,1.0009022381642712
0.997386371792093,1.0005096278466372
0.9977532595599741,1.0009360226211999
0.9966336576421678,1.0011988516442787
0.9966291223671789,1.0016192453117143
0.9954094250510072,1.0015751802687987
0.9951867002659401,1.0022906034506767
,,egauge27467,egauge18350,egauge23534,egauge32290,egauge7692,egauge22271,egauge26086,egauge28684,egauge16608,egauge33764
,,1,0,1,0,0.5,0.5,0.5,0,1,1
,,1,1,1,1,1,1,1,1,1,1
0.9997692328205597,1.0001666546177495
0.9980704849005303,1.0009459310444606
0.9966936836414602,1.0018230180562446
0.9959621872072326,1.0024502822741745
0.9996144066259158,1.000912498690426
0.9989008099718562,1.0000841982709108
0.9979981955284608,1.0017295197201137
0.9975273070348746,1.0002983880544756
0.9979507996708589,1.0011404173107148
0.9962211837183235,1.001836476240488
0.9963238265904564,1.0020091953384844
0.9964376475150556,1.0017908675605385
0.9952968804621416,1.0027644581216384
0.9953327483753491,1.0030766939385527
,,egauge17073,egauge18158,egauge16616,egauge18350,egauge32290,egauge28684,egauge3167,egauge19821,egauge18544,egauge16608
,,0,0.5,0,0,1,0.5,1,1,1,1
,,1,1,1,1,1,1,1,1,1,1
0.9997350769415703,1.0000927410681812
0.9983262519326898,1.001424438982219
0.9973446819519883,1.002799427345639
0.9967527829126013,1.0034676661110407
0.9984114859961671,0.9999683740408606
0.9970549447897024,1.0003569786904873
0.9981506556305013,0.9997562651097878
0.9980186395538683,1.0013737854857472
0.997632018181926,1.0013535257803898
0.9977297684801979,1.001946552467559
0.9973282242120046,1.002956819425189
0.9966203833670934,1.0035941590156015
0.9967165638084597,1.003906003579144
0.995816350477736,1.003940402086412
,,egauge19821,egauge18158,egauge22271,egauge30039,egauge33764,egauge18350,egauge24121,egauge30378,egauge16616,egauge7692
,,0,1,1,0,0.5,0,1,0,1,0.5
,,1,1,1,1,1,1,1,1,1,1
0.9997306820726588,1.000106957091787
0.9980521873220279,1.0004191788469161
0.9968567791336457,1.0007319617354733
0.9964193930667751,1.0011355676333933
0.9987842893707283,1.0000228799202115
0.9971494786553199,1.0008127031205694
0.9976357816075662,1.0022841958731765
0.9971443618822695,1.0002977648279212
0.9971806385185014,1.0006722363668417
0.9972871767709446,1.0003033782925221
0.9966295007555873,1.0007691425581773
0.9954208773190333,1.0004965514391486
0.9959128093351975,1.0014488005476896
0.9960155394571553,1.0013497921900212
,,egauge18544,egauge32290,egauge33764,egauge7692,egauge16616,egauge18350,egauge15623,egauge17073,egauge8617,egauge22271
,,1,0,1,0.5,0.5,0,0.5,0.5,0.5,0.5
,,1,1,1,1,1,1,1,1,1,1
0.9997876271625742,1.0001095970223544
0.9983606350531525,1.0008051332763037
0.9970414151756941,1.001563257731822
0.9963416733133745,1.00200257817571
0.9995004433807158,1.0007518181113326
0.9978390650957477,0.9998333051316828
0.997838659280245,1.0014366292825383
0.998041809889839,1.0010177883792444
0.9980208121385101,1.0007006673797203
0.99760065239339,1.000727894178639
0.9969838366793773,1.001625288734924
0.9961471949723719,1.0019491354706302
0.9962403171674262,1.0021775566035511
0.9953207105025466,1.0025036430604457
,,egauge30039,egauge32290,egauge17073,egauge23534,egauge3167,egauge33764,egauge18350,egauge7692,egauge13830,egauge30378
,,0,0,1,0.5,0,0.5,0.5,0.5,0,0
,,1,1,1,1,1,1,1,1,1,1
0.9997415820604625,1.000031779001428
0.9980509884122807,1.0003536297974178
0.9969552265378362,1.0004246679077053
0.9959126045728662,1.0002519713373808
0.9987431653578122,0.9999023753422711
0.997804806467094,0.9998225571252357
0.9976207446612868,1.0018415186273506
0.9974091417162507,1.0006340372818046
0.9978091263949825,1.0003030403190227
0.9963828019803764,1.0008557589046922
0.9969182146388658,1.0004990061806842
0.9968167252435189,1.0006494182173173
0.9955726071957479,1.00021560182009
0.9945695980930832,1.0000166944396571
,,egauge13830,egauge26086,egauge17073,egauge15623,egauge28684,egauge3167,egauge9102,egauge23534,egauge30378,egauge18158
,,0,1,0,0.5,1,0.5,0,1,0,1
,,1,1,1,1,1,1,1,1,1,1
0.9996920326441309,1.0001285678374978
0.9979351671139293,1.0009725100334872
0.9961982667095922,1.001404167290215
0.9952007479161793,1.001449131216304
0.9989574117884475,1.0000964816062377
0.9977666333603962,1.0019684098331674
0.9971015876837557,0.9998748921898611
0.9969615679080732,1.0011089749712123
0.9976971780463666,1.001550078852908
0.9976139157025237,1.0012956755218443
0.9958902114193025,1.0013793620855476
0.9957194639482234,1.0021117451085955
0.994312303910114,1.0012670576184355
0.9946188492282747,1.0017920701008
,,egauge4183,egauge16608,egauge30039,egauge17073,egauge20407,egauge32290,egauge30378,egauge33764,egauge22271,egauge13830
,,1,0,1,1,1,1,1,1,1,0
,,1,1,1,1,1,1,1,1,1,1
0.9997139339280687,1.000190066023372
0.9971750423286831,1.0014191731450357
0.9956157791665341,1.0025815153150233
0.9950057203807344,1.0031983915402785
0.9992896566453586,1.0006123252786556
0.9978476149635568,0.9999862796962187
0.9977213087573085,1.0017527397078134
0.9964800615954615,1.0022103576316095
0.9962385970328131,1.0012267231926777
0.9962147001848207,1.0012678869499718
0.9950741276151135,1.0027223008796664
0.9952968872101451,1.0032148698721428
0.9945360926161236,1.00393628543488
0.994676287974808,1.0031447217837048
,,egauge15623,egauge19821,egauge26086,egauge27467,egauge30378,egauge33764,egauge16608,egauge13830,egauge9102,egauge5198
,,0.5,0,0.5,0.5,0,0.5,0.5,1,0.5,1
,,1,1,1,1,1,1,1,1,1,1
0.9997306553411002,1.0001269762936944
0.9981424967363846,1.0010837592346817
0.9969169568476747,1.001918550334868
0.9964077935757509,1.0022650074186095
0.9984671640156213,1.0003008851558348
0.9979225172880376,0.9999863445948316
0.9975701964592785,1.0010767692477334
0.9980516779756159,1.0014079542275551
0.996984257143836,1.0008610186358495
0.9967721735825282,1.0015863214972711
0.9965511101514347,1.001988882265399
0.9964644107077034,1.0025621444916128
0.9958505934727376,1.0023379288689742
0.9963758484575086,1.0027370739030779
,,egauge33764,egauge27467,egauge3167,egauge13830,egauge15623,egauge19821,egauge5198,egauge18350,egauge30039,egauge30378
,,0,0.5,1,0,0.5,0,1,0,0.5,0.5
,,1,1,1,1,1,1,1,1,1,1
0.9997248989273508,1.0000824951349814
0.997519840229918,1.0004843785904083
0.9962747960538448,1.000924771849905
0.9952961018017894,1.0011361580089784
0.9988031255278839,1.0000076351218743
0.9994676286724601,1.0007269364120983
0.9990839420104941,1.0008961136197223
0.9973685982083733,1.0004337812939823
0.9962913104874345,1.0006260831165061
0.9963480379497072,1.0003299729728496
0.996262468351086,1.0011066180621837
0.9958597652820376,1.0008605414216771
0.9946024443792196,1.0013328126345113
0.9946797432316408,1.0012004141871973
,,egauge9102,egauge5198,egauge19821,egauge18544,egauge22271,egauge7692,egauge30378,egauge16608,egauge33764,egauge32290
,,0,0.5,0,0,1,0.5,0.5,0.5,0,0
,,1,1,1,1,1,1,1,1,1,1
0.9997322650214926,1.0000268794645917
0.9979450272828304,1.0003425280051255
0.9961820956336764,1.0000226136006174
0.9956103682393282,0.9997478913079723
0.9988992028544218,0.9999680493537805
0.998124860579961,1.0004467232303091
0.9977686394043961,0.9998826240872205
0.9978441424649633,1.0002717053544288
0.9973454573899897,1.001365715278584
0.9970816460484957,1.000748042326396
0.9957098461582079,1.0000391242425652
0.9951931917194443,1.0001937597817956
0.995039245608137,0.9996970051929801
0.9950043993791955,0.9994913849939334
,,egauge18350,egauge13974,egauge5198,egauge20407,egauge9102,egauge15623,egauge26086,egauge28684,egauge17073,egauge30378
,,0.5,0,1,1,1,0,1,0,1,0.5
,,1,1,1,1,1,1,1,1,1,1
0.9996653534342131,1.0001221219513523
0.9970517213198073,1.001033506628784
0.9952542344786575,1.0020072791468542
0.994017365043759,1.0025120470709366
0.9992610392064258,1.000311817247696
0.9977564952860258,0.9998536584613527
0.9979765309220032,1.0010477556518718
0.996105356626601,1.0008488609875341
0.9963065334668649,1.0013779516032975
0.9957380082508819,1.0008636655870968
0.9949465246376237,1.0023508109696861
0.9950734926031638,1.001985840543914
0.9934905932663809,1.0030740283396404
0.9927239038288684,1.0025549527682043
,,egauge28684,egauge5198,egauge3167,egauge4183,egauge32290,egauge18158,egauge16608,egauge20407,egauge30039,egauge13830
,,0,0,0.5,1,1,0.5,0.5,1,0,0.5
,,1,1,1,1,1,1,1,1,1,1
0.9997397251317379,1.0000211282549676
0.9974929460893287,1.0002113444468108
0.9955771947729596,1.0002373223344025
0.9948967961770848,1.0003269908086745
0.9992559728212668,0.9999992797359244
0.998105812594021,0.9999778424896941
0.9991546768393758,1.0003846652377988
0.9974122794406559,1.000581102619639
0.9969890319111601,1.0001304177866723
0.9952586103251573,1.0003787886048638
0.995211929131391,1.0003075148228084
0.9944086079353359,1.0000537702489216
0.9946655591042204,1.0002033362347373
0.9940897209668971,1.0006587687056854
,,egauge33764,egauge9102,egauge26086,egauge28684,egauge27467,egauge32290,egauge18544,egauge8617,egauge30039,egauge13830
,,0.5,0.5,0,0,0.5,1,1,0.5,0.5,0.5
,,1,1,1,1,1,1,1,1,1,1
0.9997927687788306,1.0001104870352195
0.998629091047767,1.0010185924775084
0.9976848364687083,1.001890390984307
0.9969970537130365,1.0022431933754965
0.99882601736288,1.0004003313663876
0.9982605421482523,1.000421414235392
0.9975354907076336,1.0000358424338098
0.9983932711827661,1.0009882142133375
0.9985079339213491,1.0013427625771434
0.997074278483339,1.0008833992102664
0.9975407952705323,1.0021386652242845
0.9976101885645529,1.002147703098164
0.9963092252717494,1.0024401050315859
0.9963127432039851,1.0025435309418378
,,egauge8617,egauge18544,egauge23534,egauge26086,egauge18350,egauge9102,egauge16616,egauge19821,egauge7692,egauge28684
,,1,0,0,0.5,0,0,0.5,0,1,0.5
,,1,1,1,1,1,1,1,1,1,1
0.9997976348294678,1.0000738347866152
0.9982478187649634,1.0005227491441038
0.9972420139005775,1.0008515064661125
0.9970826949134397,1.0013064723136504
0.9992931207443263,1.0006618127217428
0.9990253671130623,0.9999892520592033
0.9976911618722066,0.9999278481935145
0.9973495746389424,1.0009784171121425
0.998086576798469,1.0004822689891189
0.9967604689420269,1.0004381748174702
0.9969582425099681,1.000810192228399
0.9965071610774173,1.0007658754655744
0.9967454136760787,1.0016416355523232
0.9969228655948682,1.001574324501931
,,egauge33764,egauge8617,egauge4183,egauge28684,egauge18350,egauge13974,egauge9102,egauge20407,egauge19821,egauge15623
,,0,0.5,0,0.5,1,0,1,0,0.5,0.5
,,1,1,1,1,1,1,1,1,1,1
0.9997216623338404,1.000006652542015
0.9975945801251472,1.000198676990914
0.9959067206573601,1.0002664526992244
0.9947891934469327,1.0003753232503978
0.9987670072353341,0.9999285660286056
0.9987393333650225,1.000447327413034
0.9987491212405764,0.9997216072617525
0.9974194856688494,1.0003706948443656
0.9971574668329463,1.0004921612126674
0.9958072603430523,0.9997936188774554
0.9957650385905077,1.00038207403561
0.995013703556015,0.999924269093756
0.9943052464362113,1.0004879628049064
0.9935901372113499,1.0004074212643743
,,egauge5198,egauge13830,egauge16616,egauge17073,egauge3167,egauge18158,egauge33764,egauge32290,egauge26086,egauge22271
,,0.5,1,1,0.5,1,0,1,0,0.5,1
,,1,1,1,1,1,1,1,1,1,1
0.9997430617119774,1.0001733251567995
0.9976264525777131,1.0011355359284138
0.9960397285874621,1.0019310906084549
0.9949599471291384,1.0028367708038546
0.9989200294053967,1.0003980087398807
0.9983462728385766,1.0014864239604058
0.9982293612234082,1.0010717369683169
0.9967800862771222,1.0014887470268319
0.9975760261381937,1.0015272201998944
0.995768427729009,1.0006686493322587
0.9959329303904282,1.0021779086497038
0.9954547086521405,1.0012456539240095
0.9944109232398094,1.0031652372922724
0.9939618688465124,1.0038863706218237
,,egauge30039,egauge9102,egauge17073,egauge20407,egauge27467,egauge13974,egauge32290,egauge18350,egauge7692,egauge26086
,,1,0,0.5,1,1,0,0,1,0,0
,,1,1,1,1,1,1,1,1,1,1
0.9996992019828701,1.0000519038408948
0.9976513006815639,1.0000588813351452
0.9963972375625254,0.9998625676348598
0.9956219390488109,0.9998050217817362
0.9987522363490197,1.0008180737758032
0.9981638674686621,0.999977028561436
0.997422614058643,1.0008248724460824
0.9965924927197197,0.9998970726150732
0.9976714733968445,1.0007573892749169
0.9959616067938155,0.9997743253842378
0.9961712546942605,0.9995985348421518
0.9961523901905452,1.000279778682484
0.9955206695636469,0.9997614017896711
0.9944745136980923,0.9997729478126011
,,egauge28684,egauge30378,egauge18158,egauge13974,egauge16616,egauge3167,egauge5198,egauge30039,egauge17073,egauge33764
,,1,1,0,0.5,1,0.5,1,0,0.5,1
,,1,1,1,1,1,1,1,1,1,1
0.9997385810913191,1.0001491702536092
0.9981068406936665,1.001244163247631
0.9972217078663995,1.0020062881821619
0.9962136724004115,1.0026022811505553
0.9992823467413856,1.0007481862837706
0.9971180296371974,1.0008292205907316
0.9967897284415272,0.9998720039830309
0.9973204252443616,1.0014366606406608
0.9974010159688946,1.0016799399719594
0.9979721122697134,1.0015382466493046
0.9971764572537148,1.0021883666334734
0.9964774802116955,1.0018669568419611
0.9954036283909609,1.0028708434671698
0.9956236673169948,1.0032678817415992
,,egauge16608,egauge15623,egauge28684,egauge26086,egauge18158,egauge18544,egauge20407,egauge5198,egauge23534,egauge27467
,,0.5,1,1,0.5,0.5,0,0,0.5,0.5,0
,,1,1,1,1,1,1,1,1,1,1
0.9997410917619822,1.0000565438649944
0.9978844604733172,1.000161197878772
0.9965297891383857,1.000087862880525
0.9959236366342129,1.000126251781046
0.9987631110942073,1.0002321541021106
0.997322394824443,1.0008271050132258
0.9986696798410734,1.0012697530652572
0.9970246629348324,1.0005457876186448
0.9967742757290733,1.0001732000612458
0.9973203532838071,1.0000272861523816
0.9960368130413954,0.9999557907198586
0.9958860216698294,1.000226924617312
0.9952655849059591,1.0002062638176914
0.9958340764651767,1.0000727762270498
,,egauge33764,egauge4183,egauge13830,egauge13974,egauge5198,egauge28684,egauge18350,egauge3167,egauge7692,egauge23534
,,1,0,1,0,0.5,1,0,0,0,0.5
,,1,1,1,1,1,1,1,1,1,1
0.9997925874417984,1.0001029304046798
0.9984311739783412,1.0005106431979904
0.9975566094800354,1.0006272675506402
0.9969136245531734,1.00078738960977
0.9988314387175801,1.0007660462066474
0.9988398755336921,0.9998043013568466
0.9982313292993578,1.0015131438791343
0.9975034059120249,1.000368981580093
0.9979050744744535,1.000713098996877
0.9980643157523248,1.0016001806590902
0.9974208183254721,1.0006107457446685
0.9975032963547769,1.0005951624035359
0.9968091498404833,1.0007437189437944
0.9959770113175984,1.0011193479058407
,,egauge13830,egauge18544,egauge17073,egauge26086,egauge30378,egauge16608,egauge15623,egauge22271,egauge19821,egauge9102
,,1,0,0,0,0.5,0,0.5,1,0.5,0
,,1,1,1,1,1,1,1,1,1,1
0.9996858370726482,1.000105390785308
0.9973609686456991,1.000801632079116
0.9960007119210647,1.0016823507645372
0.9951175085387729,1.0018298390215699
0.9989714384421162,1.0007860530141794
0.9990194465797515,1.0000231049760642
0.9971634567480854,0.9998539351422763
0.9965853127127864,1.0006963336382277
0.9962781619648062,1.0008623795150855
0.9956335426050672,1.000589259208953
0.9959473120337484,1.0017402541905926
0.9951819532781696,1.0027659934719362
0.994654307762764,1.002070403759863
0.994320833010097,1.001722679330976
,,egauge4183,egauge26086,egauge16608,egauge30378,egauge13830,egauge28684,egauge19821,egauge16616,egauge15623,egauge5198
,,1,0.5,0,0.5,1,1,0,1,0,0
,,1,1,1,1,1,1,1,1,1,1
0.9997573937104528,1.0001093691693936
0.9980757963669424,1.0009071615312148
0.9968370956608672,1.0010636247951006
0.996077992105921,1.000993193635303
0.9993349236922948,1.0005238942950485
0.9977180646356067,1.0009941124524149
0.9977132933024204,0.9999406447399288
0.9968668722973164,1.00096791649572
0.9976954792516243,1.0015252429733017
0.997425499847581,1.0019707541057503
0.9965575700406646,1.0010305647898543
0.99609196091549,1.001524302899828
0.9951669487094971,1.0009276734230874
0.9959205801710463,1.000971780676142
,,egauge16608,egauge22271,egauge16616,egauge26086,egauge4183,egauge28684,egauge18544,egauge32290,egauge18158,egauge24121
,,0.5,0.5,0,1,0,0.5,0,0.5,1,1
,,1,1,1,1,1,1,1,1,1,1
0.9997484160673155,1.0000603401587997
0.9980426500892245,1.000642638322282
0.9968876175649592,1.000733888811221
0.9959273310056714,1.001073386415299
0.9987578495333745,1.0002349460584241
0.9977862580065063,1.0009936806720245
0.9981056856668922,0.9997476120117271
0.997054749609486,1.0015647365182754
0.9978911540551496,1.0003997809505414
0.9973310549572265,1.001125608506317
0.9968547206009488,1.0007173649275327
0.9962598019689665,1.0003594330223822
0.9950806874281675,1.001328307462064
0.995442535897249,1.0012770396137927
,,egauge8617,egauge15623,egauge28684,egauge16608,egauge18158,egauge5198,egauge30378,egauge18350,egauge20407,egauge33764
,,0,0,0,0,0,1,1,0,0,0
,,1,1,1,1,1,1,1,1,1,1
0.999720363686633,0.9999500717794483
0.9973026692373305,0.9996706020415795
0.9958541511480955,0.9993812428999496
0.9947998943613032,0.9991017252078861
0.9992890108472356,0.9998660008767158
0.9972953494240957,0.9998787171167625
0.9986462935410482,0.9998645319513834
0.9964163834432923,0.9995998356256564
0.9960543497264399,0.999595175094119
0.996472083688026,1.0002258799547061
0.9956806235159551,0.9994059903275261
0.9955988262720246,0.9993384995904635
0.9937450863317948,0.9988649296974048
0.9939610875581014,0.9990055906351272
,,egauge30039,egauge18350,egauge9102,egauge15623,egauge28684,egauge8617,egauge32290,egauge18544,egauge26086,egauge7692
,,1,0,0,0,0,1,0,0,0.5,0.5
,,1,1,1,1,1,1,1,1,1,1
0.9997790162547494,1.0000570190984868
0.9985155986433366,1.0002183349269647
0.9974733648333676,1.0001940504145541
0.9967285673808608,1.0005909981085024
0.9987538850520014,1.0008362259261778
0.9988211873543821,0.9999748526581124
0.9981509272047553,0.9999869255761917
0.9972874828996047,1.0001403163068021
0.9981321046809456,1.0001879853676485
0.9978617277009686,1.0012810629305766
0.9972470928981327,0.9999299141343991
0.9973667558858912,1.00015126600216
0.9959686415571624,1.0009185954919633
0.9966007528118532,1.0007729653914483
,,egauge13830,egauge26086,egauge4183,egauge27467,egauge5198,egauge8617,egauge22271,egauge19821,egauge15623,egauge18158
,,1,0.5,0,1,0.5,0.5,1,1,1,0
,,1,1,1,1,1,1,1,1,1,1
0.9997804891083014,1.0002167051112907
0.9983744410928197,1.0018703194221603
0.9969642556483043,1.0030259311119905
0.9959976174030217,1.0030966718952636
0.9990289360111135,1.0009092641229584
0.9977360793558276,1.0011063942843705
0.9987682773356501,0.9998895375844692
0.9982230459816719,1.002560188172521
0.9978961263225993,1.0020832420619827
0.9981241861559846,1.0023346328196596
0.9969313556815164,1.0034410467568267
0.9962721964310275,1.0038208748836424
0.9950866611068289,1.0033668085520022
0.9956246087290824,1.0028315367859342
,,egauge16608,egauge22271,egauge3167,egauge24121,egauge32290,egauge9102,egauge23534,egauge15623,egauge7692,egauge28684
,,0,0,0.5,0,1,0,0.5,0.5,0,0.5
,,1,1,1,1,1,1,1,1,1,1
0.9997668370337807,1.0000120827657317
0.9982181787686337,1.0000989679579113
0.9970762277476635,1.0004843864550397
0.9969041994267052,1.0006124506199399
0.9987686170756664,0.9999340428543938
0.997784920919986,0.9999121819476195
0.9991515252766084,1.0003913421322637
0.9976051421822794,0.9999321633919271
0.9976775989787945,1.0000274351527247
0.9968214885951655,1.0000170941973368
0.9969446258592808,1.0006088744682442
0.9957422533802168,1.0006507922813916
0.9968079171659789,1.0005687889825896
0.9967550553595804,1.0008912802869607
,,egauge17073,egauge3167,egauge9102,egauge28684,egauge16608,egauge24121,egauge18158,egauge20407,egauge22271,egauge33764
,,0.5,0.5,0,0.5,0.5,0,0.5,0,1,0.5
,,1,1,1,1,1,1,1,1,1,1
0.9996964159550028,1.0000584419564138
0.997319842538681,1.00050792545597
0.9956062490961883,1.0008925883805404
0.9951297357086406,1.001482371479791
0.998529304447304,1.000392775953671
0.9991796709146109,1.0003668390581344
0.9980319998414007,0.9999942772446444
0.9970275592236567,1.0006901307219664
0.9964838456811185,1.0006293869051233
0.996377336043016,1.0002763315393415
0.9951097150828303,1.000896720217826
0.9946817079521733,1.0005394548959279
0.9946663907811928,1.002043671464987
0.9943755010215889,1.0016430958133793
,,egauge16616,egauge27467,egauge7692,egauge23534,egauge30039,egauge17073,egauge18544,egauge18350,egauge5198,egauge3167
,,1,0,0.5,1,1,0.5,1,1,0.5,1
,,1,1,1,1,1,1,1,1,1,1
0.9998432131566057,1.000220831518252
0.998571122143211,1.0021003837685594
0.9978944885011738,1.0031142964484452
0.997321089022205,1.0034933489900895
0.9990662117005431,1.0006768619191255
0.9993269603156114,1.00012917394089
0.9977801726732878,1.0006703431442352
0.9981211818012272,1.0028149106742081
0.9976029021066398,1.0028412037758827
0.9967821123635037,1.0028086580398694
0.997853318553509,1.003358784016243
0.997659667907234,1.0035880524405398
0.9967053721810978,1.0036394156757555
0.9972677907838644,1.0039123510937527
,,egauge28684,egauge32290,egauge17073,egauge30378,egauge13830,egauge18544,egauge16616,egauge23534,egauge4183,egauge8617
,,0,0.5,1,0.5,0.5,0,1,0,1,0.5
,,1,1,1,1,1,1,1,1,1,1
0.9997584135027594,1.0000891018358875
0.9982493232891629,1.000704893663746
0.9973647007036843,1.001231131818958
0.9971034271773764,1.0015836554868256
0.9992310072747012,1.0000598456016714
0.9978225010925871,0.9998177391354828
0.997639497764116,1.001904269129827
0.9968989745977669,1.0007575520417085
0.9976614468829604,1.0009884239115006
0.998070512811538,1.0006276637138147
0.9970767762493143,1.0013859978357382
0.9966163012950234,1.0011454624332636
0.9969222874239589,1.0018359766222573
0.9969329405403216,1.0018301539456915
,,egauge3167,egauge32290,egauge33764,egauge23534,egauge5198,egauge30378,egauge24121,egauge7692,egauge8617,egauge18544
,,0.5,1,0.5,0.5,0,1,1,0,0.5,0
,,1,1,1,1,1,1,1,1,1,1
0.9997913360778715,1.0000651364533444
0.9982960230658857,1.0005110752388569
0.9976321297563695,1.0006630121876798
0.9975173546146126,1.000764273945351
0.9994707109982415,1.0002525530403064
0.997810655616238,0.9999252730187642
0.9978553630328582,1.000649951074222
0.9977513035663546,1.0008451793055735
0.9974722821400643,1.0004807151801929
0.9958391941354028,1.0011428583195385
0.9973194360327456,1.0007456343421353
0.9968524543678704,1.000609502704368
0.9974448537858256,1.0009389968139084
0.9974272005605324,1.0007214606975663
,,egauge32290,egauge8617,egauge18350,egauge13974,egauge7692,egauge30378,egauge28684,egauge30039,egauge9102,egauge19821
,,0.5,0.5,1,0,0,0.5,0,1,0.5,0
,,1,1,1,1,1,1,1,1,1,1
0.9997185290048322,1.0000514964846605
0.9974365214065259,1.000331574005073
0.9962276969670951,1.000760383455252
0.9952998163605248,1.0007860090402145
0.9987320201828225,0.9998771433859039
0.9987104231683507,1.0005309201587855
0.9987322566304734,1.000994450120707
0.9964696014462421,1.0001392394281794
0.9973356972453129,1.0002809858450794
0.9951662549398393,1.0004473941966072
0.9961578487116597,1.0007479900945604
0.9959004561145245,1.0015317584666787
0.9947650151547041,1.0008879245657847
0.9945348092689011,1.000678981275595
,,egauge15623,egauge22271,egauge16608,egauge16616,egauge26086,egauge20407,egauge9102,egauge30039,egauge17073,egauge18158
,,1,0,0.5,0.5,0,0.5,0.5,1,1,0.5
,,1,1,1,1,1,1,1,1,1,1
0.9996820522409317,1.0000743821634543
0.9974891634582576,1.000419313613274
0.9961974693159655,1.0013701223890727
0.9953796427110151,1.0019112634951404
0.9984420790915356,1.0004722794880232
0.9977425837253937,0.9999544951311591
0.9977834717269727,1.0004388225986807
0.9972668825523838,1.0003181328354331
0.9967042375692421,1.000297899575373
0.9956465428802921,0.999710915231257
0.9958873424990153,1.0014280045145887
0.9959101221806729,1.0021486578612675
0.9946642552993655,1.0025312365272834
0.9942431590982771,1.0019196914775805
,,egauge15623,egauge18158,egauge17073,egauge16616,egauge30378,egauge18544,egauge26086,egauge7692,egauge33764,egauge13830
,,0.5,0,1,0,1,0,0,0,0,1
,,1,1,1,1,1,1,1,1,1,1
0.9997493500653578,1.0000441824315984
0.9978755980555062,1.0000724467962059
0.9965595437778655,1.0003155171680096
0.9957605724555926,1.0006485542285868
0.9984773711512894,1.000219967556414
0.996901775918871,0.9998553166451234
0.9976330513641851,1.0018501464446394
0.9972727409877582,0.9997486049212682
0.9966996936841783,1.0003760095201502
0.9977675851292441,0.9999952745430175
0.9962226026255333,1.0003072592242706
0.9964530502954864,1.0002408203294992
0.9951098714163841,1.0005939675782063
0.9952395060752954,1.0013447805874807
,,egauge4183,egauge3167,egauge22271,egauge9102,egauge30378,egauge18544,egauge27467,egauge13974,egauge5198,egauge26086
,,0.5,0.5,0.5,1,0,1,0.5,0.5,1,0
,,1,1,1,1,1,1,1,1,1,1
0.9997432876820528,1.0001294754337984
0.997708090425968,1.0009248222852243
0.9966535321634453,1.0014356404501805
0.9961383287471981,1.0016344048522678
0.9993383820541507,1.0002490395483001
0.9992402818147911,1.000484389896913
0.9976925171632022,1.001149854209221
0.9969623212340364,1.001253119521106
0.9964692251731155,1.0007021235034994
0.9976118969140044,1.0020658798927629
0.99663297695796,1.0015721000276931
0.9956988985720313,1.0016499412478925
0.9961166127547642,1.0019478227378225
0.99530880811891,1.0015381164857116
,,egauge16608,egauge7692,egauge32290,egauge30039,egauge16616,egauge22271,egauge13830,egauge18544,egauge5198,egauge33764
,,1,0,0,0.5,0.5,0.5,1,0,0,0
,,1,1,1,1,1,1,1,1,1,1
0.9998008052414304,1.0000360677563331
0.9984185545977199,1.0006123663825608
0.9976162927177957,1.0008929620954936
0.9969669622437728,1.0008481491436052
0.9988483083845289,1.000527262596897
0.9977049110387006,0.9999289930223172
0.9977017709739853,0.9998355166805571
0.9977670813552152,1.000879704382715
0.9977225476391333,1.0005212818198874
0.9967426950290859,1.0015401219944626
0.997533983997665,1.0011409442322554
0.997562975819862,1.000850142340104
0.9965437105619364,1.0008335907117576
0.9959771325028874,1.0007946279567161
,,egauge24121,egauge17073,egauge20407,egauge3167,egauge18544,egauge8617,egauge33764,egauge28684,egauge5198,egauge16608
,,1,0,0.5,0,0.5,1,0.5,0.5,0,0
,,1,1,1,1,1,1,1,1,1,1
0.9997597789865352,1.0000280586461316
0.9987677961112729,1.0006336259342767
0.9976084911252475,1.0008870837558506
0.9970047421057712,1.0007974705512965
0.9989507013973704,1.0003045551991359
0.9972996199898767,0.999788331047196
0.997255018495574,0.999565205101981
0.9985779331543164,1.00058403541154
0.9987231781266334,1.000917132312741
0.9982932632438638,1.0016968756450815
0.9973287095447895,1.0010027898807026
0.9972993497954104,1.001176228210567
0.9968043066074095,1.0007829129896828
0.9959723465371317,1.0006690387248645
,,egauge15623,egauge13974,egauge26086,egauge30039,egauge13830,egauge17073,egauge19821,egauge9102,egauge20407,egauge24121
,,1,0,1,1,0,0,1,0.5,1,0.5
,,1,1,1,1,1,1,1,1,1,1
0.999641167893569,1.0001129903135564
0.9973152169658218,1.0005876242677783
0.9955366730445826,1.0008745834778323
0.9946412397454957,1.000752944059201
0.9983866196232084,1.0005107669341726
0.9977329168054577,0.9998654277030741
0.9975476273924723,1.0020857596582204
0.9969965723305302,1.0011739743985189
0.9969826363300464,1.0005572614611586
0.9958132199952503,1.0003560086722398
0.9952575786632663,1.0011349628707973
0.9947183615492723,1.0010244834238813
0.993962545849682,1.0006365036932103
0.9941420933762494,1.0007652431049812
,,egauge19821,egauge18350,egauge32290,egauge4183,egauge5198,egauge22271,egauge8617,egauge16616,egauge17073,egauge13830
,,0.5,0.5,0,1,1,1,1,0.5,0.5,0
,,1,1,1,1,1,1,1,1,1,1
0.9997643150770067,1.0001242579060439
0.9982835736870677,1.0015018935394167
0.9973641025018127,1.0019266964886016
0.9966319803651676,1.0021191189882082
0.9990392310170519,1.0004830619038099
0.9988846137059141,1.000519313632837
0.9976944009034557,0.9998171226448486
0.9980615695689636,1.0019072907571946
0.9979890274787038,1.001947945553855
0.9964775607493916,1.003458459110549
0.9973147301034849,1.0021540401434035
0.9971722505812397,1.001774608907965
0.9960239999520427,1.0023743549989217
0.996301910042758,1.0020655174557866
,,egauge13974,egauge20407,egauge7692,egauge27467,egauge5198,egauge19821,egauge15623,egauge17073,egauge28684,egauge22271
,,0,1,0.5,0.5,1,0,0,0.5,0.5,1
,,1,1,1,1,1,1,1,1,1,1
0.9997237745125748,1.0001244410902959
0.9980144192002498,1.0013733561231941
0.9965627674484615,1.0023593175617245
0.9957362876645925,1.00317548838075
0.9987105666558311,0.9999854189902291
0.9974646842040488,0.9998229206862006
0.9977581875869314,1.0005524878155119
0.9979236142143725,1.0016976619479787
0.9978598772275699,1.0018193404982487
0.9968803177505453,1.0012348381239142
0.99650111154764,1.0023220683589458
0.9956690552633201,1.0027353996544834
0.9954758943905487,1.0033699402568501
0.9947372886914628,1.004264939203809
,,egauge5198,egauge27467,egauge18158,egauge9102,egauge30039,egauge20407,egauge32290,egauge28684,egauge33764,egauge4183
,,0.5,0.5,0.5,1,0.5,0.5,0.5,1,1,1
,,1,1,1,1,1,1,1,1,1,1
0.9997729808464728,1.0001016298956862
0.9980337446850878,1.000673898135788
0.9971300198544603,1.001372691309714
0.9964680672335163,1.0019851132608488
0.9988911076132097,1.0003262944372284
0.9994804404277727,1.000761121367512
0.9968716113443006,1.0003903531549359
0.99726754246474,1.0010162548750372
0.9973618091596717,1.0008853025706401
0.9961719038560176,1.0000770907243641
0.9969408429723061,1.0012156220274222
0.9967766201441194,1.0019836889918783
0.9958194915778769,1.0024372790637712
0.9962764192381226,1.0024141013627483
,,egauge16616,egauge33764,egauge18544,egauge19821,egauge9102,egauge18158,egauge27467,egauge23534,egauge5198,egauge22271
,,0,0,0.5,1,0.5,0.5,0,0,1,0.5
,,1,1,1,1,1,1,1,1,1,1
0.9997635996860494,1.0000650180639488
0.9980682507305926,1.0009786134488563
0.9971945408358334,1.001451389852815
0.9965519766362552,1.0020300731650869
0.9989938077887266,0.9998568462497794
0.9979214849344513,0.9999645844097443
0.9991405782501477,1.0006643625334812
0.9974329850776824,1.0017285971949041
0.99731209058259,1.0011204007275056
0.9957766096773629,1.0010558824293525
0.9971410652044064,1.0014348519660785
0.996312932170209,1.0013228588389653
0.9962646062250805,1.0023471769439403
0.9955095167273932,1.0025449383087548
,,egauge19821,egauge20407,egauge3167,egauge5198,egauge4183,egauge16616,egauge33764,egauge27467,egauge16608,egauge8617
,,1,1,1,0.5,0,0,0.5,0,1,0
,,1,1,1,1,1,1,1,1,1,1
0.9997745773701927,1.0000507451242304
0.9985136116096075,1.000030372620692
0.9974217599353145,1.000364424150909
0.9968295331595369,1.000607752284547
0.9990341107045994,1.0008367950672306
0.9974966771274718,0.9997478279246121
0.9991489311742308,1.000868231951932
0.9980255661826637,1.0002278381544767
0.9982856338487898,0.9998584587028133
0.9972111342931714,0.9994718902157946
0.9971297040103914,1.0004739706304107
0.9973044987245818,1.000310933541808
0.9962131195085943,1.0009353561807335
0.9966697518683162,1.0005328457895541
,,egauge13974,egauge22271,egauge30039,egauge26086,egauge3167,egauge15623,egauge18158,egauge5198,egauge23534,egauge16616
,,0,0,0.5,0.5,0.5,1,0.5,0,1,1
,,1,1,1,1,1,1,1,1,1,1
0.9997500789995188,1.0001096323686378
0.9980330815094657,1.0011464747190961
0.9969657783457057,1.0017906709656617
0.9961768336595395,1.0024581314940173
0.998686802333295,0.9999654973218014
0.9977777890094053,0.9999874459765985
0.9977105218332897,1.0007732775939127
0.9971762362218858,1.001546499667151
0.9979624521456446,1.0013186852479146
0.9960565640076061,1.001880988499304
0.9968054149284007,1.0017865347730144
0.9965259980418489,1.0017692378466865
0.9957788666777962,1.0029908675082166
0.9954429092401956,1.0028009794897714
,,egauge20407,egauge18158,egauge27467,egauge28684,egauge24121,egauge3167,egauge23534,egauge26086,egauge7692,egauge8617
,,0.5,0,0.5,1,0,0.5,0,0,0.5,0.5
,,1,1,1,1,1,1,1,1,1,1
0.9997377878581284,1.0000143951270197
0.9980804704100834,1.0003334733545168
0.9969332887236131,1.0004685712028318
0.9967485534193076,1.0007215319042446
0.9984739022315127,0.9997578079624605
0.9968999568221808,0.9998535018524148
0.9994212097533005,1.00069418967481
0.9977072566783115,1.0008797688155449
0.9972643672784127,1.0002323028345146
0.997854485903492,1.000630885015994
0.9966081024688617,1.0004437933886392
0.9958690909492938,1.0004471715145273
0.9966297327310594,1.0008671219020864
0.9965887874544511,1.0009677795185496
,,egauge8617,egauge18158,egauge16616,egauge7692,egauge18350,egauge15623,egauge26086,egauge3167,egauge30039,egauge33764
,,0,1,1,0.5,0,1,1,1,1,0.5
,,1,1,1,1,1,1,1,1,1,1
0.9997640200919915,1.000190766111739
0.997823753030113,1.0016790322966387
0.99672339330621,1.0030044878243745
0.995941053569633,1.0036241406578
0.9993142390794922,1.0001158965171122
0.9972001657416792,1.000903052298352
0.998203229215871,1.0010817502074703
0.9976926262032028,1.0018919068531955
0.9974304950304962,1.0016384968273313
0.9954825602184287,1.0024142635342626
0.9966370611359741,1.0033359873841672
0.9964039327500699,1.0034125061022579
0.9952468635958357,1.0041502967420648
0.9952072702307898,1.0039103197119763
,,egauge23534,egauge26086,egauge20407,egauge32290,egauge33764,egauge18158,egauge18350,egauge13830,egauge7692,egauge8617
,,1,1,1,1,0.5,0,1,0,0,0
,,1,1,1,1,1,1,1,1,1,1
0.9997034783702897,1.0000822869459243
0.9981095512283896,1.0001554177742755
0.9975529282236435,1.000307494021882
0.9970818162998226,1.000224333048526
0.9988094460204763,1.0008248069883896
0.9976979875689785,1.001944684262105
0.9972449320306236,0.9997608038948497
0.9976052695919545,1.0000846107830028
0.9973936508270326,1.0004185187043264
0.9957292800166816,0.9998799839048597
0.9974294803997419,1.0004892076868221
0.9967326554708164,1.0002540070118766
0.9963794465685382,1.0001806914307203
0.9968580724994295,1.0001494604841987
,,egauge19821,egauge13830,egauge27467,egauge15623,egauge32290,egauge17073,egauge3167,egauge23534,egauge26086,egauge18350
,,0.5,0,1,0,0.5,0,1,0,0,0
,,1,1,1,1,1,1,1,1,1,1
0.9997531550968499,1.000035691510855
0.9980305416227773,0.9998174512555182
0.9969844801941677,0.9999151332402303
0.9961394997436414,0.9998703715783362
0.9990132128752212,1.0004066238488256
0.998227451884653,0.9999723408227431
0.999434841986225,1.0015486440351715
0.9968116913453217,0.9997495279403369
0.9975263066651854,0.9996657334455256
0.9956448288180412,0.9995787927377852
0.9969031046325926,1.0000554763857643
0.9959521071326338,0.9998082155635776
0.9953584283463306,0.9998485593303974
0.9958628108119503,0.9998276035270175
,,egauge32290,egauge30039,egauge20407,egauge24121,egauge16616,egauge13974,egauge27467,egauge4183,egauge28684,egauge13830
,,0,1,0,0.5,0,0.5,1,0.5,0.5,1
,,1,1,1,1,1,1,1,1,1,1
0.999716198019416,1.0000171203644719
0.9982746446944482,1.0006976322331027
0.9975927927802941,1.0017140147690773
0.9969701696663801,1.0023108358717228
0.9987404210335149,0.9998784109064968
0.9978466373915589,1.0014200885634776
0.996349139364133,0.9995577770506173
0.9975012472431868,1.0006976322165329
0.9976266110940527,1.0002042130536297
0.9966127529828136,1.0010646633832359
0.9975969085243601,1.002007760531678
0.9974427579093953,1.0017929728578707
0.9967890585232821,1.0025077631858141
0.996182370427466,1.003019170685478
,,egauge4183,egauge26086,egauge28684,egauge18158,egauge16608,egauge8617,egauge22271,egauge20407,egauge7692,egauge27467
,,0.5,1,0,0.5,0,1,0.5,1,0.5,0
,,1,1,1,1,1,1,1,1,1,1
0.9997533825493702,1.0001019305798646
0.9981326692488078,1.0005222453626417
0.9968790464986667,1.0007830339393593
0.9967197933605626,1.0008790938078918
0.9993218761187864,1.000206563128591
0.9977567921116243,1.0019645131852495
0.9986459318608357,1.00005244043191
0.9969133037813086,1.0005728509450877
0.997245509358035,1.0004049369679346
0.9979985986169237,1.0015065044921412
0.9964796102182996,1.0009731158471418
0.9958395436988031,1.0006011034680968
0.9964927205057913,1.0010247108460955
0.9965910694004809,1.0008255706632674
,,egauge3167,egauge19821,egauge33764,egauge22271,egauge9102,egauge17073,egauge18350,egauge23534,egauge8617,egauge13830
,,0,0,0.5,0.5,0.5,1,0,0.5,0.5,0
,,1,1,1,1,1,1,1,1,1,1
0.9997574401696101,1.0001076410873224
0.9979848313011769,1.0011116680379477
0.9973702903353234,1.0014013876141354
0.9969995117614179,1.0015167521128958
0.9994651341223696,1.0000670140773504
0.9979325642947579,0.9999664533902491
0.9978247312813526,1.0007070157348634
0.9971761861990219,1.0015968475895998
0.9972287453828775,1.0012832555724167
0.9965334024086686,1.0026726017161007
0.9972804847044203,1.0013848507020426
0.9964938297284985,1.001733586742359
0.9969632820001585,1.0016916302700172
0.9962116862390229,1.0014524767844761
,,egauge30039,egauge4183,egauge24121,egauge18158,egauge5198,egauge13974,egauge16608,egauge13830,egauge22271,egauge16616
,,0,1,1,1,0,0,0,0.5,0,0
,,1,1,1,1,1,1,1,1,1,1
0.9997451491425936,1.0000002134919845
0.9976802737188751,0.9998616307740666
0.9966077444658659,0.9997170066263691
0.996225865455191,0.9994997444671324
0.9987780725767027,0.9999102659061929
0.9988201410761786,1.000798155316816
0.9980920107605002,1.0005706679462913
0.996521911286187,1.0002234417412208
0.9976399295128887,0.999808856784387
0.9957992632735291,0.9996170485414313
0.9962420315688876,0.999693229638
0.9958577681546658,0.9999437005204957
0.995984579676272,0.9994602650963031
0.995789586047702,0.999317724331335
,,egauge28684,egauge16608,egauge19821,egauge32290,egauge20407,egauge4183,egauge22271,egauge13974,egauge13830,egauge18158
,,0,0,0,1,1,0,1,0,0.5,0.5
,,1,1,1,1,1,1,1,1,1,1
0.99965524108684,1.000021983683004
0.9975188915946004,1.0004215272960109
0.9959461925969549,1.0011277153013904
0.9950318321015361,1.0013391592871415
0.9992439090109047,0.9999895650204581
0.9977548203747358,0.9998966687883702
0.9977215896009309,0.9998696194382514
0.9970048894517137,1.000330463270424
0.9963909226408333,1.0002495338797892
0.9971428386975784,1.000093506907435
0.9958212864691723,1.0015163927294555
0.9948513979300969,1.0009992334004938
0.9948728171134358,1.0015577223865135
0.9937368067821248,1.0013712938416703
,,egauge4183,egauge17073,egauge3167,egauge20407,egauge18544,egauge18350,egauge18158,egauge30039,egauge5198,egauge8617
,,0.5,1,0.5,0.5,0,1,1,0,1,1
,,1,1,1,1,1,1,1,1,1,1
0.9998136883459755,1.0001105105998782
0.9983670347438364,1.0005445791756011
0.9974632291797088,1.0012289047191238
0.9968646562520954,1.0018372346997078
0.9993337694802544,1.0002471759514937
0.9978288425570726,1.0018042716440654
0.9991726640119909,1.0004826238568616
0.9974370640125774,1.000231642511154
0.9981168622281303,1.000504097977699
0.9974478713252137,1.0012681572571978
0.9970710588765288,1.0013777356422737
0.9964525711368637,1.0010468784310935
0.9962492726606997,1.0021507277311792
0.9967687761941817,1.002394906573092
,,egauge33764,egauge16608,egauge18158,egauge15623,egauge5198,egauge13974,egauge8617,egauge9102,egauge16616,egauge27467
,,0,0,0,0.5,0,1,0,0.5,0.5,0
,,1,1,1,1,1,1,1,1,1,1
0.9997042145215889,0.9999912650312482
0.9983749473683887,1.0003126863254643
0.9976788609434636,1.0002766272905241
0.9971373410755852,1.000174282725393
0.9988089592827123,0.9999273028593356
0.9977600464282828,0.9999004409815271
0.996731503195986,0.9998102887532452
0.9972169328787592,1.0004644836080496
0.998066582806782,1.00028233338305
0.9967590951112086,1.0015109951435508
0.9976171233038094,1.0002477265371283
0.9970210623588484,1.0004585269878103
0.996637564045046,1.0000942812570346
0.9969668475874036,1.0001208041346166
,,egauge16616,egauge33764,egauge20407,egauge8617,egauge4183,egauge18544,egauge23534,egauge32290,egauge7692,egauge13974
,,0,0,1,0,0.5,0.5,0.5,1,0.5,0.5
,,1,1,1,1,1,1,1,1,1,1
0.9997316738785197,0.9999896151501474
0.9982328968431033,1.0004565923185207
0.9967539927159981,1.0008384847369793
0.996137075727669,1.0011121503243392
0.9989755863214791,0.9998330138059347
0.997905034880683,0.9998662370511839
0.9972645294381489,0.9996655288546952
0.9981276056490185,1.0003857601199762
0.9980368014731142,1.0005982921918952
0.9978412452787742,1.000997437169313
0.9963800006902094,1.00096244970287
0.995967323239906,1.000763557824468
0.9960791689544769,1.0012578075222813
0.9951907052310148,1.0013692262033898
,,egauge19821,egauge23534,egauge8617,egauge4183,egauge27467,egauge22271,egauge13974,egauge28684,egauge17073,egauge20407
,,0.5,0.5,1,0,0,0,0.5,1,0,0.5
,,1,1,1,1,1,1,1,1,1,1
0.9996947689292259,1.0000456222318177
0.997528072302445,0.9999057044209883
0.995923290155836,0.9999497392238732
0.9946852092360938,0.9997260106076009
0.9989580693784047,1.000408759361152
0.9979228277527905,1.0006841460035527
0.9986672412912025,1.0012054865035533
0.9972659511431274,0.9997205847383054
0.997407073104378,0.9998551417206414
0.9956279128499023,0.9997899741236946
0.995590708732452,0.9999697126398032
0.9955894671720309,1.0004353915817144
0.9939415558991965,0.9996387832723206
0.9937086648999849,0.9994801953044725
,,egauge8617,egauge18350,egauge30378,egauge27467,egauge16608,egauge9102,egauge18544,egauge26086,egauge4183,egauge33764
,,1,0.5,0.5,1,0.5,0.5,0,0.5,0.5,1
,,1,1,1,1,1,1,1,1,1,1
0.9997731830264497,1.0001630050591865
0.9981094971088234,1.0012486625268628
0.9969988182601145,1.0018939565468903
0.9962545154127129,1.002327976853465
0.9992872347766016,1.000749079281842
0.9989219937650669,1.0005523155413596
0.9969509822313181,1.0002913794963628
0.9980388613572451,1.0019441287114332
0.9972122919706136,1.0014107606310625
0.9966298377766264,1.001484549421757
0.9969618044569712,1.0018774100222823
0.9961046421674791,1.0023765466886085
0.9960590848323396,1.0024009037130481
0.9952973881033397,1.002961142081855
,,egauge19821,egauge16616,egauge32290,egauge23534,egauge28684,egauge15623,egauge9102,egauge27467,egauge18544,egauge18158
,,0,0,1,1,0.5,0,0.5,0,0.5,1
,,1,1,1,1,1,1,1,1,1,1
0.999767649549677,1.0000311455332431
0.9984671601734944,1.0008591616468543
0.9974402372275872,1.001290464359016
0.9967341112961035,1.001668680584095
0.9988402937141798,0.9999473122419732
0.9982598653963629,0.9997646811696588
0.9976974876945207,0.9998932897762715
0.9977307979588614,1.001538092965082
0.9982955640547573,1.0011326123682518
0.9962064173780995,1.0006933478345166
0.9971728489331992,1.0013483410415591
0.9973229735579563,1.0012423193619033
0.9967630879806083,1.0018661297671045
0.9955075920920826,1.0020117083426197
,,egauge28684,egauge3167,egauge30378,egauge20407,egauge22271,egauge4183,egauge9102,egauge13830,egauge7692,egauge16616
,,0,1,1,0,0,0.5,0,1,0.5,1
,,1,1,1,1,1,1,1,1,1,1
0.9997525775191188,1.0000509978522427
0.9979508827680542,1.0003651767506767
0.9971150815203199,1.0009235424650096
0.996930312068529,1.001180201426693
0.9992579850340265,1.0000296087230034
0.9992116536218135,1.000829375087264
0.9969443477045705,1.000765421101438
0.9969733072287096,1.0000415038877586
0.9971344017855576,1.0003044692722334
0.9975314349238618,1.0004423897505241
0.9968066902324809,1.0009111467159884
0.9967848219469118,1.0015139801347
0.9967378160870117,1.0013258701448584
0.9963400582199257,1.0015873423648343
,,egauge3167,egauge20407,egauge4183,egauge16616,egauge27467,egauge18350,egauge18158,egauge15623,egauge18544,egauge30039
,,1,0.5,1,0.5,1,1,0.5,0,1,1
,,1,1,1,1,1,1,1,1,1,1
0.9997320942228513,1.0001162015132257
0.9979102343348212,1.0013444221967251
0.9963227725375617,1.0021202881277058
0.9956617694887554,1.0029459143706059
0.9994114916953981,1.000523270958862
0.9974688394136287,0.999630378935098
0.9987598778314757,1.000975993691262
0.9976883285451673,1.00119249418178
0.997808931393811,1.002043991589184
0.996987460254349,1.0021761606010455
0.9962159387701304,1.002136839704769
0.9950363768947331,1.0020294995325212
0.9956038955843893,1.00337399009096
0.9946416361233716,1.0037300318588929
,,egauge30378,egauge18350,egauge26086,egauge9102,egauge32290,egauge16608,egauge22271,egauge18158,egauge8617,egauge13830
,,1,0.5,1,0,0.5,0,0,0,0.5,1
,,1,1,1,1,1,1,1,1,1,1
0.9997318961012366,1.000086493367883
0.9976675282118899,1.0000734436008
0.996649320643146,1.0003792514284096
0.9965219704854663,1.0009173987831785
0.9983255572893217,1.0004502891671572
0.9989036416776809,1.0004602294479183
0.9976088091770207,1.0020620489765983
0.9969620721225945,1.0000236849356632
0.9971131417804441,0.9997911223022984
0.9959586354096943,0.9999399979184177
0.9965712167146885,1.0003462181521037
0.9953518003626992,1.000250331571534
0.9965364548414829,1.0010921532583938
0.9958978385707651,1.0015942824172102
,,egauge27467,egauge32290,egauge17073,egauge9102,egauge18544,egauge30039,egauge18158,egauge4183,egauge23534,egauge3167
,,0.5,1,0,0.5,0.5,1,0,0,1,0.5
,,1,1,1,1,1,1,1,1,1,1
0.9997639306146889,1.000096039979031
0.9985514897559653,1.0009515231222803
0.9972485707157055,1.0012501329904537
0.9967519324117441,1.0018273041799235
0.9996765715950541,1.0004476479426196
0.9978382205166944,0.9999552051680779
0.9971207953501773,0.9998394280478073
0.9977848173733274,1.0010831592826237
0.9983172472565366,1.0012249876805517
0.9968176304404868,1.002363854629618
0.9967962688964198,1.0011350973647717
0.9969715173738796,1.0010895134924538
0.9962017385098512,1.0023523472331517
0.9967306266599325,1.0020202592444398
,,egauge8617,egauge22271,egauge23534,egauge18350,egauge3167,egauge13974,egauge16616,egauge15623,egauge33764,egauge32290
,,0,0,0,0.5,0.5,0,1,1,0.5,0.5
,,1,1,1,1,1,1,1,1,1,1
0.9997649883035623,1.0000267896301442
0.9978597133362557,1.00048741167171
0.9964927524981368,1.0009090677627623
0.9960282614901914,1.0008323792027087
0.9992625674534437,0.9999501032512266
0.9977845053801849,0.9999229905998253
0.997626417835168,0.99987466914048
0.9973757351333856,1.0006696125464287
0.9977890985592157,1.0006420892027938
0.9965465800084756,1.0001971848869153
0.9964023345536203,1.0010867769356624
0.9952060991054014,1.0013053631524995
0.9956076966319609,1.001007116117369
0.9954637601977118,1.0004471846297769
,,egauge3167,egauge24121,egauge13830,egauge9102,egauge26086,egauge15623,egauge16608,egauge20407,egauge22271,egauge18158
,,1,1,1,0,0,0.5,1,1,1,0.5
,,1,1,1,1,1,1,1,1,1,1
0.9997075125442421,1.0001503475555167
0.9973701880290726,1.000895272262585
0.9957963396940422,1.0016904281704904
0.9953512589702923,1.0023386926227273
0.9994451494250788,1.0005505343805445
0.9981385901303007,1.0006607368067835
0.9981533858744583,1.0015187281082882
0.9965844591820727,1.000824403350946
0.9965945233205065,1.0008648984101618
0.9958733291180185,1.0011850749411533
0.9954350827197156,1.0018600264661688
0.994797268854305,1.0015190138125956
0.9948132820846067,1.003039316808654
0.9942652718222201,1.0023923147560492
,,egauge8617,egauge30378,egauge13974,egauge7692,egauge17073,egauge18158,egauge27467,egauge24121,egauge16608,egauge33764
,,1,0,1,0.5,1,0.5,0,0.5,0.5,1
,,1,1,1,1,1,1,1,1,1,1
0.9996980374095175,1.0001478339858734
0.9977305682889714,1.0010309796125003
0.9965147148432785,1.0013855511178154
0.9955738104672743,1.001873001011569
0.9992893765196282,1.000728112642308
0.9970451051534682,0.9997083729956175
0.9977609372866945,1.0013951506172885
0.9976498789084943,1.0012436914069052
0.9967331201267867,1.00187551660727
0.9956767412002502,1.001081770046845
0.9964695022430095,1.0013648804667765
0.9960751416910276,1.0012730025412657
0.9949015882917209,1.0019969175886125
0.9949891164147114,1.002505826550865
,,egauge18158,egauge23534,egauge18544,egauge9102,egauge28684,egauge4183,egauge30039,egauge27467,egauge13830,egauge18350
,,0,1,0.5,0,1,1,1,0,1,0
,,1,1,1,1,1,1,1,1,1,1
0.9998230777706556,1.00015570402085
0.9987131355977371,1.001272896136149
0.9976827617496561,1.00200156095219
0.9972287174619817,1.00235450613132
0.9983454159566365,0.9999832472586746
0.998148187077684,1.0015986506429237
0.999101274613306,1.0007551127440328
0.9979598791779036,1.0011804682041456
0.9984910184549457,1.0018405266825494
0.9982362237508288,1.002045214656085
0.997287794929204,1.002278846344092
0.9975654642179624,1.0019479668590938
0.9966926906024278,1.0027922691085829
0.9967997015835911,1.002300889724885
,,egauge5198,egauge30378,egauge15623,egauge13974,egauge4183,egauge28684,egauge19821,egauge20407,egauge26086,egauge3167
,,0.5,1,1,0.5,1,1,0.5,0,1,1
,,1,1,1,1,1,1,1,1,1,1
0.9996971694688167,1.0001276524148328
0.9976034768831499,1.0009876411876357
0.9959409918774905,1.0015537035737359
0.9952775990272593,1.0022314783465607
0.9988720998914821,1.0003439341369362
0.997068509251803,1.0007882482419383
0.9971284331266326,1.000957362439785
0.9967663918895681,1.0011201288694003
0.9974421378555818,1.0012618469044436
0.9970302929139453,1.0019743865177908
0.9956576585364328,1.001619869555836
0.9946922882945965,1.001210999388919
0.9945406393461431,1.0028244000849422
0.9952385067286345,1.0025210819141381
,,egauge20407,egauge8617,egauge19821,egauge30039,egauge3167,egauge16616,egauge5198,egauge18158,egauge15623,egauge9102
,,0.5,0,1,0.5,1,0.5,1,0.5,0.5,0
,,1,1,1,1,1,1,1,1,1,1
0.9997343761692409,1.000042257775521
0.9980452746508339,1.0005936583339696
0.9970472673798946,1.000925446402469
0.9962394343533795,1.0009702802037983
0.9985377221588277,0.9997703653267839
0.99874217365161,0.9999022789904752
0.998253122972902,1.001643000624502
0.9970776594855928,1.00087254804808
0.9977426566836349,1.0009683142754526
0.9971239120271506,1.0004006351748091
0.9970349283701252,1.0011031590166666
0.9961975329501133,1.0009682721150361
0.9953571196712354,1.0010649358385326
0.9961862044404985,1.0009060463287158
,,egauge15623,egauge30378,egauge7692,egauge4183,egauge16608,egauge5198,egauge17073,egauge13974,egauge3167,egauge33764
,,1,0.5,0,0,1,1,1,0.5,0.5,0
,,1,1,1,1,1,1,1,1,1,1
0.9997463101710278,1.0001225346791904
0.998001302779432,1.001109723614821
0.9966724238816097,1.0017817925483241
0.996227099566934,1.0018459094793912
0.998482038326855,1.0005184620021035
0.9971005464095433,1.0002424618876902
0.9975712918695285,1.0000155907924129
0.997759203266572,1.000927467022646
0.9971042127471236,1.0015657075712505
0.9972213965456378,1.0019605885397
0.9964134960176952,1.0021210936022196
0.9958317461860721,1.0019640158365617
0.9962198599720333,1.001969822175304
0.995493132497448,1.0017708934169771
,,egauge33764,egauge32290,egauge5198,egauge23534,egauge7692,egauge20407,egauge13974,egauge22271,egauge9102,egauge30039
,,0,0.5,0,1,1,1,0,1,0.5,1
,,1,1,1,1,1,1,1,1,1,1
0.9997097278999176,1.0001147730104172
0.997436327025942,1.0014869125925596
0.9958034508559254,1.0024778594019075
0.995155186311796,1.0029533285562882
0.9987978045535856,1.0000492706075501
0.997814563740189,0.9998350852424143
0.9979599560595565,1.000071992607259
0.9969928810331501,1.0020887382908081
0.9973455841889791,1.0019430995528633
0.9956321293945616,1.0011905796433136
0.9954668132072464,1.0024199095047797
0.9949848836069441,1.0035195103027452
0.9946132580549231,1.0030774029964051
0.9948681957171854,1.0037287868470925
,,egauge4183,egauge30378,egauge22271,egauge13974,egauge7692,egauge18158,egauge13830,egauge20407,egauge16616,egauge5198
,,1,0,1,0.5,0.5,0.5,0.5,1,1,1
,,1,1,1,1,1,1,1,1,1,1
0.9996951550062108,1.0001415576308772
0.9979375968369932,1.000902676420723
0.9966753259339579,1.0014934275651113
0.9962851695342756,1.0020012509044594
0.9993229791805012,1.0005304495743863
0.997006946008843,0.9997002476594493
0.9976238360342214,1.002287814194889
0.997090917835455,1.0011052260098836
0.9977497473981682,1.0011032660435872
0.9957090650179361,1.0009799384757065
0.9963794200263123,1.0016216243922178
0.9954627258829492,1.0013220530508002
0.9957786667500627,1.002271038958452
0.9955190636592509,1.0024624393633288
,,egauge20407,egauge3167,egauge9102,egauge15623,egauge8617,egauge18350,egauge5198,egauge17073,egauge26086,egauge16608
,,0,1,0,1,0,0.5,0,1,1,0
,,1,1,1,1,1,1,1,1,1,1
0.9997121189688831,1.0000637708650248
0.9981777789366789,1.001172316203186
0.9966721616933989,1.0021230443983353
0.9956359714853511,1.0025596344885603
0.9982126777013882,0.9997622932459015
0.9992001313206288,1.0008308093910212
0.9980476722570475,0.9999996057493682
0.9972449325381666,1.0015472282283833
0.9981071374198822,1.0011014240996325
0.9976103379316327,1.0015395530760534
0.9966516060584198,1.0021147688186958
0.9959378076038156,1.0030030798434726
0.9951081835658401,1.0031659664188912
0.994679550899385,1.0024311173220704
,,egauge4183,egauge26086,egauge28684,egauge32290,egauge7692,egauge18544,egauge9102,egauge24121,egauge19821,egauge5198
,,1,0,1,0,0,0,1,1,0.5,0.5
,,1,1,1,1,1,1,1,1,1,1
0.9997713275265658,1.000071484697399
0.9982690564676231,1.0002377929044501
0.9970393873885101,1.0008614219147345
0.9965682896037094,1.0011740193007446
0.9992957198274479,1.0005049759084197
0.9976463867197606,1.0000201417811159
0.998645303536238,1.0012924829174241
0.9977223416332799,0.9996281610130578
0.9979670144536285,1.0001872103489056
0.9980948425766233,1.000160605565874
0.996722803520773,1.0009936560700612
0.996549461086758,1.0010648671978015
0.9960616161627783,1.001388884221456
0.9957034217637339,1.0013882540454773
,,egauge4183,egauge30039,egauge24121,egauge18350,egauge28684,egauge13974,egauge9102,egauge5198,egauge15623,egauge18158
,,0,1,0,0,1,0,1,0,0,1
,,1,1,1,1,1,1,1,1,1,1
0.9997223742280926,1.000051608380598
0.9980017497767781,1.000542850804774
0.9968379537585925,1.0009096907471453
0.9960623669384118,1.0010827061021976
0.9993312406331823,0.9998794692390244
0.9978089722714484,1.0015158875751646
0.9981001263947663,0.9998029653031216
0.9976082352182364,1.0004871586693884
0.9977495658424134,1.0011117179947935
0.9963305212324076,1.0002901565561766
0.9965913041226045,1.0010501989240448
0.9967953390824924,1.0008882799054273
0.9952660720568925,1.0010378278719345
0.9948400405629041,1.0014683650020204
,,egauge32290,egauge5198,egauge7692,egauge9102,egauge18544,egauge16608,egauge18158,egauge30378,egauge19821,egauge30039
,,0.5,0,0,0,0.5,0.5,0,0.5,0,1
,,1,1,1,1,1,1,1,1,1,1
0.9997466540677942,1.0000140197531788
0.9976946652415736,1.000420530338334
0.9962204253489969,1.000665782897091
0.9956132689594568,1.0010530176313337
0.9987644753385783,0.9998862295860339
0.9981258236835328,0.9999740565557482
0.9974854507167712,0.9999070895832254
0.9969697981176426,1.000359818891326
0.997685279661115,1.0007039650467
0.9960468149079736,1.0007340504275979
0.9957112159408543,1.000566657304236
0.9949330700666548,1.0007040253501465
0.9950927185897436,1.0009929065048235
0.9946520018059644,1.001824658628731
,,egauge13974,egauge20407,egauge32290,egauge8617,egauge22271,egauge26086,egauge18350,egauge24121,egauge7692,egauge9102
,,0,1,0,0.5,0.5,0,1,1,1,0.5
,,1,1,1,1,1,1,1,1,1,1
0.9996754116420257,1.000032334588883
0.9979914884375225,1.0009571226694287
0.997109404030838,1.001664055019022
0.996574791282022,1.002055277978149
0.9986722660725587,0.9998960945058799
0.9974013717308987,0.9997290386889749
0.9976410057540844,0.999803625323532
0.9979309512107991,1.001193974567431
0.9971951100029475,1.0014371987067936
0.9963865783241678,1.0008798696377077
0.9970723853420941,1.0018460599934302
0.9966194371303239,1.0018629489676147
0.996509612882904,1.0023907375159615
0.9957767320495909,1.00223210106345
,,egauge8617,egauge33764,egauge18544,egauge4183,egauge9102,egauge3167,egauge15623,egauge19821,egauge16616,egauge28684
,,0,0,1,0,0.5,0.5,0.5,0,1,0.5
,,1,1,1,1,1,1,1,1,1,1
0.9997853250159191,1.0000789506564263
0.9983603916874916,1.0005664918622479
0.9970146702978233,1.0009915882480487
0.9965487575069717,1.0014211376559992
0.9992897335543556,1.0000040909570163
0.9979371717673835,0.9999790419405787
0.9991555927182705,1.0013643208757408
0.998038451429489,1.0004248208978896
0.9978355588568213,1.0007183346703905
0.9977831133557917,1.0009141438030769
0.9964967628661527,1.001045311652071
0.9963225696587098,1.0009059430776113
0.9960420963426121,1.0017344767330387
0.9963677371154406,1.0016997451463066
,,egauge5198,egauge30378,egauge27467,egauge13974,egauge22271,egauge16616,egauge8617,egauge3167,egauge17073,egauge18350
,,0.5,1,1,0.5,0.5,1,0,0.5,0.5,0.5
,,1,1,1,1,1,1,1,1,1,1
0.9997531805617318,1.0001707489193281
0.9982331849259881,1.0011301731938267
0.9976368646014345,1.0015427882746692
0.9970909786835661,1.0018826094602094
0.9989352818391432,1.0003954318167725
0.9971243467369643,1.0008508165865786
0.9994942079995613,1.0016685882106442
0.9973559921832604,1.001373309591965
0.9974431066752465,1.0015998905053798
0.9972852823311303,1.001922989528452
0.9976039383689087,1.0015138442748701
0.9975835464030859,1.001735678614531
0.9963234814524181,1.0021231893310056
0.9967912886832343,1.0020970234058177
,,egauge15623,egauge17073,egauge32290,egauge8617,egauge16608,egauge4183,egauge18158,egauge18544,egauge16616,egauge30378
,,1,0.5,0,0,0.5,0.5,1,0.5,0,0.5
,,1,1,1,1,1,1,1,1,1,1
0.9997416705188226,1.0000002542137236
0.9981033722640745,1.0000404309467517
0.9969159230327712,1.0000756895133032
0.996028635093794,0.999851923976877
0.9984712049548028,1.0004102950967726
0.997539347794806,1.0007202141724179
0.9976813531612566,0.9998133319174811
0.9979681994976131,0.9999494079300757
0.9971967387750911,1.0001788220099923
0.997779429439043,1.000199820296643
0.9964350455660959,1.0002160593039953
0.9968632983429981,1.000329190617429
0.9958043196981109,0.9996510154829182
0.994625415977,0.9997770843655954
,,egauge18544,egauge3167,egauge7692,egauge32290,egauge16616,egauge22271,egauge28684,egauge19821,egauge16608,egauge30039
,,1,0,0,1,1,1,0,0,0,0.5
,,1,1,1,1,1,1,1,1,1,1
0.9997984330463908,1.0001040950196354
0.9980391252915137,1.0008713732214558
0.9966673734835136,1.0009001073108845
0.9958342430054067,1.001010991043979
0.9994474022876346,1.0007400477191204
0.9992053489170796,1.0000416954761897
0.9975837762100709,0.9999907603572254
0.9975348852403517,1.0008005063031027
0.9978673930582294,1.0013069581322531
0.9963240476382202,1.0028264830755482
0.9965563857066013,1.00088771190614
0.9958692271725691,1.0008144714056262
0.9951618122875748,1.0009381898812342
0.9952279828621503,1.0013430371097995
,,egauge18158,egauge16608,egauge19821,egauge5198,egauge27467,egauge13830,egauge28684,egauge26086,egauge16616,egauge3167
,,1,1,0.5,1,0,0.5,1,0,0.5,0.5
,,1,1,1,1,1,1,1,1,1,1
0.999761231637766,1.0001287936474428
0.9984849730367837,1.0007623999975317
0.9973658200187673,1.0010971149972792
0.9968817974097098,1.0011227605165625
0.998423371532662,1.0005140182068104
0.997941340504907,1.0010244215758077
0.9982484553416384,1.0008478825985851
0.9981264294344246,1.001194640081128
0.9983424474607243,1.0007117860814334
0.9971407022905431,1.0013581602976458
0.9973041052896418,1.0013203461908444
0.9964499784536495,1.0010649920221715
0.9963821718102297,1.0010353890979429
0.9968072206360181,1.001294129276699
,,egauge18544,egauge20407,egauge33764,egauge13830,egauge19821,egauge8617,egauge28684,egauge9102,egauge18158,egauge4183
,,0,1,0,1,1,0,1,1,0.5,0
,,1,1,1,1,1,1,1,1,1,1
0.9997269963239762,1.0000786447771615
0.9980645052381589,1.0011533345047505
0.9966920877285503,1.0016094328884064
0.9958527634640869,1.0015318960078965
0.9993322817516697,1.0000358662009867
0.9974609941011667,0.9997760721016321
0.9977975438141167,0.9999551603142529
0.9977630063998112,1.0017614532964607
0.9975804090041347,1.0019015646734941
0.997893403200383,1.0010181197299592
0.9965893173632804,1.0018410742112163
0.9960534326567086,1.001941713620444
0.9949997381115909,1.0015610378839563
0.9957038053879439,1.0013605137149502
,,egauge19821,egauge30039,egauge4183,egauge8617,egauge24121,egauge5198,egauge30378,egauge33764,egauge18350,egauge16608
,,0,0.5,0,1,0.5,0.5,1,1,1,0.5
,,1,1,1,1,1,1,1,1,1,1
0.9997675292776529,1.0001275536385017
0.998023417895162,1.0013307534092173
0.9965859791522664,1.00230146707466
0.995943802815115,1.0026865556304283
0.9988397218367733,1.000047439895726
0.9978540274988255,1.000733449555192
0.9987383933172445,0.9998012231332402
0.9979326119040414,1.0018781356964497
0.9972975161726416,1.00116870139011
0.996761798800661,1.0017367412865599
0.9961339710172901,1.0024422061706122
0.9962665701777783,1.0029346125764502
0.9958859091622678,1.0030003626809392
0.9949551778786476,1.0028689733451286
,,egauge30378,egauge16608,egauge24121,egauge28684,egauge16616,egauge26086,egauge15623,egauge13830,egauge27467,egauge32290
,,1,1,1,0.5,0.5,1,0,0.5,1,0
,,1,1,1,1,1,1,1,1,1,1
0.999697284831954,1.0001220699324247
0.9982447210870137,1.000828384648247
0.9972235058087051,1.0009978118118072
0.9968413690519123,1.001030420881402
0.9983416339444595,1.000477638626095
0.9978634943415046,1.0010275037133958
0.9980459049267184,1.0006849081402371
0.9978708585319016,1.001081564484548
0.9975860423502484,1.0007069119194705
0.9964558635474176,1.0026282145557857
0.9967219079187113,1.000968886428109
0.9966592419210542,1.0012977083038817
0.9967327099428526,1.0015331011945998
0.9962409292109304,1.000345712387816
,,egauge17073,egauge32290,egauge22271,egauge26086,egauge7692,egauge33764,egauge9102,egauge16608,egauge4183,egauge13830
,,0,0.5,1,1,0,1,0,0.5,0.5,0
,,1,1,1,1,1,1,1,1,1,1
0.9997056487043665,1.0001117563863744
0.9978889487857739,1.000916789296687
0.9965331094749674,1.0009816300225909
0.9962148495044084,1.0010136545485242
0.9984675169087059,0.999983428597859
0.9978323917382551,0.9998220409200016
0.9976743625837876,1.002289941020677
0.9971530910684799,1.0018594813197388
0.9977779840372059,1.0008560422438353
0.9965532618796709,1.002042535231323
0.9962126087957534,1.000940309443865
0.9955862935631402,1.0011636811153724
0.9960773214214901,1.0010864683728447
0.9955464408305734,1.0009808818992985
,,egauge15623,egauge26086,egauge22271,egauge4183,egauge18544,egauge28684,egauge18350,egauge8617,egauge7692,egauge13830
,,1,0.5,1,0.5,1,1,0,1,0,0.5
,,1,1,1,1,1,1,1,1,1,1
0.9998057619012739,1.0002264373154264
0.9989105529915655,1.0013374184955948
0.9981126458376969,1.0018008594182872
0.9975134775526621,1.001941954314404
0.9984905626766201,1.0006385646620066
0.997765929116551,1.0011162937697853
0.9976943573074321,1.0024065178095765
0.9987716949885319,1.00144886599934
0.9988106983155034,1.0019456694471418
0.9981074517173916,1.0024209248136329
0.9979726482889573,1.001780178635024
0.998028858269727,1.0023907017343237
0.9967962706958206,1.0018982241007943
0.9967550242909217,1.002242185227159
,,egauge20407,egauge18158,egauge9102,egauge5198,egauge30039,egauge26086,egauge32290,egauge8617,egauge18544,egauge24121
,,0,1,1,1,0.5,0.5,0.5,0,0,0
,,1,1,1,1,1,1,1,1,1,1
0.9997389203734347,1.0000161013120017
0.9983403486509868,1.0000860446900441
0.9974189505337852,0.9997637105103152
0.9968714764583438,0.9996742133187184
0.9981084879410419,0.999757810620113
0.9970511943199954,1.0007405812723753
0.9980957189086956,1.0007121485117856
0.997501662735643,1.0004446331319086
0.9974676080997785,1.0003151958746332
0.9964191896741393,1.000877883732918
0.9972297087013877,0.9996358140081429
0.9972590574553511,0.999688878706903
0.9967124767007749,0.9996451373241624
0.9960093327944511,0.9995673260994092
,,egauge24121,egauge4183,egauge16616,egauge8617,egauge30378,egauge15623,egauge3167,egauge7692,egauge17073,egauge9102
,,0,0,0,0,0,1,0,0.5,0,0.5
,,1,1,1,1,1,1,1,1,1,1
0.9997580573222592,0.9999498498476536
0.9980287079829289,1.0000510172071388
0.9969742973750667,1.0001454637995923
0.9960138534580277,1.000158281374459
0.9989981506828752,0.9998614391714125
0.9988053111702094,0.9997047144416605
0.9979996368976877,0.9997505304872015
0.9979580789598727,0.9999667416668497
0.9967893719719263,0.9998285482024283
0.9960497642442928,1.0007655089771346
0.9969537343476653,1.0001330794407468
0.9968677514567315,1.0003635647357962
0.9954641417991739,1.000071009448086
0.9952163256922838,1.0003080545007297
,,egauge33764,egauge5198,egauge4183,egauge15623,egauge32290,egauge19821,egauge16608,egauge23534,egauge24121,egauge22271
,,1,0,1,0,1,0.5,0,0.5,0.5,0
,,1,1,1,1,1,1,1,1,1,1
0.9997542549951658,1.0000706968661792
0.9977012449739121,1.0001541285645585
0.9961981542398163,1.000165259859894
0.9956426125100155,1.0001844586248048
0.9987929707386465,1.0007249849853845
0.9980796654582571,1.000030730991015
0.9987089399951558,1.0009486026912682
0.9966697699721716,1.0000987227801026
0.9971972070871843,1.0000827267632002
0.9963757180090971,1.00081072375453
0.9958161989645633,1.000128106998847
0.9952410938726672,1.000492102409491
0.9952281088327642,1.0002499263708506
0.9945694411118745,1.0001202843553827
,,egauge7692,egauge32290,egauge4183,egauge23534,egauge3167,egauge18544,egauge9102,egauge18350,egauge20407,egauge16616
,,1,1,0,0.5,1,0,1,0.5,0.5,1
,,1,1,1,1,1,1,1,1,1,1
0.9997905836874803,1.0000445596087744
0.9983090311502472,1.0004545733458772
0.99704034172651,1.0006083157776116
0.9962340210120779,1.0005891822564212
0.9988184459086223,1.0005345619304185
0.9978204342251006,0.9999281192891801
0.9987047309098391,0.9997493141313037
0.9974642551043377,1.000701689862353
0.9981918442791378,1.000839296413951
0.9980469672691504,1.0003773662284128
0.9967401975147872,1.0007239838238378
0.9969337874589228,1.0007153817245882
0.9955895265393405,1.0004145674987968
0.9954469099569833,1.0008139762369703
,,egauge19821,egauge20407,egauge8617,egauge16608,egauge9102,egauge33764,egauge7692,egauge28684,egauge26086,egauge23534
,,0.5,1,1,0.5,0.5,0,0,0,0.5,1
,,1,1,1,1,1,1,1,1,1,1
0.9996923905747458,1.00010749288249
0.9977902493523481,1.00071867059082
0.996518590901266,1.0012896470775394
0.9954825492845573,1.0019276480902164
0.9989447304754044,1.0004508394397147
0.9974254992710513,0.9998078212294746
0.9986634691381192,1.001266484194184
0.9968933837400953,1.0008817500831686
0.9970141984757693,1.0008604141972863
0.9963285532008288,1.000597595390904
0.9964569382100846,1.001264845220949
0.9962311346526382,1.0012633495977268
0.9949042908553349,1.0022049733149017
0.9946005983184085,1.002710824775819
,,egauge32290,egauge17073,egauge24121,egauge18158,egauge4183,egauge3167,egauge23534,egauge18544,egauge30378,egauge13974
,,0,0.5,0,1,0.5,1,0.5,1,1,1
,,1,1,1,1,1,1,1,1,1,1
0.9996854989731107,1.0001020695567802
0.9978072300517433,1.001518696784909
0.9960649340421576,1.002620735583194
0.9946809624317036,1.003192413252191
0.9986952105392952,0.9998747731382988
0.997493639236239,1.000818337348356
0.9980531078264069,0.99983594657914
0.9969361093518482,1.0018220921572047
0.9976660209354897,1.0016193470155417
0.9977302644344245,1.0022537889642364
0.9958472521896875,1.0027325372183047
0.9960010722593391,1.0032326332819044
0.9937281699799067,1.0034406684525052
0.993768038506275,1.0037832236444812
,,egauge33764,egauge19821,egauge30378,egauge18350,egauge13830,egauge18158,egauge9102,egauge22271,egauge23534,egauge28684
,,0,0,0.5,1,0.5,0.5,0.5,0,0,0.5
,,1,1,1,1,1,1,1,1,1,1
0.9997128235105636,1.000040074347031
0.9980551198337595,1.0005736155233518
0.9966789654402358,1.000741973507582
0.9962580607869833,1.0008636791819303
0.9987804414472565,0.9999692630981737
0.9978513391078487,0.9998978051916959
0.9968612749145785,1.0001684301544704
0.9979643103449662,1.0009721646194556
0.9975824208121211,1.0008874865482569
0.9957584243246635,1.0006508475424591
0.9963707343389067,1.0007998127150897
0.9957498258518104,1.0006777569498524
0.9957366290764066,1.0008054473766383
0.9958749488444381,1.0011528156713687
,,egauge16616,egauge20407,egauge9102,egauge33764,egauge4183,egauge27467,egauge18544,egauge8617,egauge15623,egauge13974
,,0.5,1,1,0.5,0.5,0,0,0.5,0,0.5
,,1,1,1,1,1,1,1,1,1,1
0.9997344804961296,1.0000331101938345
0.9982209025038736,1.0003331278054564
0.9968956838086874,1.0005106265250236
0.9956751901094293,1.0005956238202787
0.9989867831939815,0.9999215630987767
0.9974803893939483,0.9997326755137704
0.998157945345561,1.0007858425419902
0.9973533429173203,1.000607629232264
0.9979383929403969,1.000445661624861
0.9979129732436184,1.0002366349571727
0.9968668985986913,1.0004941070004894
0.9967571925451855,1.000764187876966
0.994793471529147,1.0005592395335363
0.994931089622617,1.0008079526139335
,,egauge28684,egauge18544,egauge30039,egauge15623,egauge23534,egauge9102,egauge3167,egauge20407,egauge8617,egauge4183
,,0.5,0,1,0,0.5,1,1,0,0,0.5
,,1,1,1,1,1,1,1,1,1,1
0.9997681534571137,1.0000238850734022
0.9982384958041871,1.0000796636436144
0.9973544684348499,0.9999988546810498
0.997118698879995,0.9999855583632573
0.9992636615223656,1.000314179063431
0.999012390973393,0.9999415978600539
0.9977204012085154,1.0015821454925724
0.9970128919242708,1.0000153927029074
0.9974784527049102,1.0002111819329624
0.9967777992677824,1.0006181722467753
0.9973380105077304,1.0001061823444946
0.9962272723347256,0.9996460938980268
0.9970534784091746,0.9999346579474856
0.9968203872727018,1.0000801443556457
,,egauge28684,egauge33764,egauge20407,egauge30378,egauge16608,egauge15623,egauge17073,egauge7692,egauge18544,egauge5198
,,0.5,0.5,1,0.5,1,1,0,0,0,0
,,1,1,1,1,1,1,1,1,1,1
0.9997495546780039,1.000044634042464
0.9980956548741596,1.00035613790329
0.9975067204880653,1.0001937355977175
0.9972432914875231,1.0001361675282787
0.9992716395361889,1.0003382145291784
0.9979436284193987,1.0005684823073333
0.9973393002385701,0.999717938754142
0.9969669152938795,1.0004168534189384
0.9972387470003404,1.0008117161693397
0.9960973186103277,1.001070887403717
0.9971259980967737,1.0001441975112897
0.9970846354360392,1.0001402557772854
0.9971708142231072,1.0000852580500792
0.9963382194178982,1.0001147762455183
,,egauge4183,egauge15623,egauge33764,egauge17073,egauge9102,egauge32290,egauge16616,egauge23534,egauge7692,egauge3167
,,0.5,1,0.5,1,0.5,0.5,0.5,0,0.5,0
,,1,1,1,1,1,1,1,1,1,1
0.9997804759112965,1.0000757643260252
0.9981627868018487,1.0003755226615902
0.9973226013099656,1.0003580272077768
0.997239733275698,1.0004668376579273
0.999297865792099,1.0002089638225986
0.9973020461568187,1.0008407778880994
0.9978042229053419,1.0006675321928054
0.9971547586547864,1.0012162118712686
0.9974673088810995,1.0005273312217844
0.9968548700852,0.9997669845218443
0.9972444348600029,1.000316737049365
0.9962472793126671,1.0002831428011087
0.9968185574807952,1.0006123838851266
0.9971813923547269,1.0004347385964045
,,egauge18158,egauge24121,egauge8617,egauge17073,egauge18350,egauge33764,egauge16608,egauge18544,egauge13974,egauge7692
,,1,1,0.5,1,0,0.5,1,1,0,0
,,1,1,1,1,1,1,1,1,1,1
0.9997485449173099,1.0001411234392636
0.9980257543330507,1.0011311124452202
0.9969469571480303,1.001610564678825
0.9963169578889933,1.0014415130449092
0.9984312858972952,1.000506764186843
0.9982022745139334,1.0006204440704711
0.9986936260255797,1.0006548415599599
0.9973201635189579,1.0019686309424298
0.9978845086158479,1.0010804764866004
0.9967855807060225,1.0016337029198257
0.9965810972463687,1.0017925581725455
0.9969193012184824,1.002253925225474
0.9956875153966545,1.0013168601878022
0.9961892057581239,1.0013879543501065
,,egauge13974,egauge20407,egauge4183,egauge24121,egauge30378,egauge7692,egauge27467,egauge18158,egauge28684,egauge16608
,,1,1,0,0,0,0.5,0.5,1,1,0.5
,,1,1,1,1,1,1,1,1,1,1
0.9996906907563438,1.0000718649984806
0.9978041380165108,1.0006473520564747
0.9964441348665695,1.0014702856411652
0.9957574425700793,1.0019236750981515
0.9987421979364954,1.0006974023469806
0.9974198277505997,0.9997531402508418
0.9987235684767488,0.9997407293173602
0.9970784249440344,1.000384261338831
0.9967422637622665,1.000417668598006
0.9969301948571693,1.0010072988675671
0.9964482449837454,1.0016026148903558
0.9952212500310227,1.0018346765275439
0.9955765921620173,1.002332032082416
0.9948752021950277,1.00210592865455
,,egauge17073,egauge30039,egauge30378,egauge16616,egauge13830,egauge15623,egauge18544,egauge19821,egauge26086,egauge32290
,,0.5,0.5,1,0,1,1,0.5,0.5,0,1
,,1,1,1,1,1,1,1,1,1,1
0.9996812334163283,1.0000941063545297
0.9980168858711398,1.0005041484541952
0.9967203071015136,1.0007503572009004
0.9957431709277869,1.0006863521780167
0.9986017211194211,1.0004706865918884
0.9978025987041251,1.0006976644885617
0.9968847681953545,1.0008220171591622
0.997319352468036,1.0000320052396945
0.9973177188310769,1.0011398173201378
0.9957134240370897,1.0012271080662853
0.9967161956407053,1.0008495159499506
0.9959859095269995,1.0010887552865726
0.9949624674074139,1.0006645188890926
0.9951902354755581,1.000611438727455
,,egauge3167,egauge33764,egauge23534,egauge30378,egauge26086,egauge13974,egauge18544,egauge13830,egauge16608,egauge8617
,,0,1,0.5,0,1,0,1,0,1,0.5
,,1,1,1,1,1,1,1,1,1,1
0.9997196506211314,1.0001419567953191
0.9974964438697147,1.0010386096705395
0.9963791306858131,1.0017950149532457
0.9957622618847729,1.002224806035109
0.9994346057934003,1.0001000506634306
0.9979485084573652,1.0013420475928219
0.9978142637488576,1.0008346591266868
0.9963584492429536,1.0007932687978254
0.9967407956958145,1.0018817967459965
0.9958453765039413,1.0007682598089624
0.9963544725971845,1.0020432612324583
0.9955599994981843,1.001730718512994
0.9951404580753604,1.0025457389137096
0.9956452314014326,1.0024714909089163
,,egauge28684,egauge22271,egauge18158,egauge30378,egauge13974,egauge9102,egauge5198,egauge15623,egauge3167,egauge24121
,,0.5,1,0.5,1,0,0.5,1,0,1,0.5
,,1,1,1,1,1,1,1,1,1,1
0.9997504621805298,1.0001337256884526
0.9978823487790487,1.0006487013970293
0.9968912968445882,1.0010584628166088
0.9964146353059036,1.0012635005176331
0.9992800716071746,1.0004144332616913
0.9977925757905021,1.002168406545276
0.9969029419334643,1.000358419392328
0.9966784121884503,1.0009524708814346
0.9969149173576073,1.0004968981433324
0.9964464486293962,1.0008804602354247
0.9968666238222267,1.0012238004371248
0.9955934115990045,1.0009942222527102
0.9961974551519881,1.0015184790451177
0.9958931643196731,1.0012313712347523
,,egauge5198,egauge13974,egauge27467,egauge7692,egauge28684,egauge15623,egauge30378,egauge30039,egauge19821,egauge22271
,,1,0,0.5,0,0.5,1,0.5,0,1,0
,,1,1,1,1,1,1,1,1,1,1
0.9997345706880787,1.0001056521234684
0.9976884768400056,1.0007692079519641
0.9962822323887879,1.0011557668753306
0.9954530613923309,1.0015917989827872
0.9989252111824346,1.0005765168543868
0.997777778827804,0.9998322991847736
0.9994341134158956,1.0008013842247259
0.9975573710451807,1.000718593626405
0.9975472878632161,1.001032499742261
0.9953476604612969,1.0014843063036136
0.9958085130087071,1.001180566196023
0.9952613466574898,1.001016575321902
0.9950482130294643,1.0021312852385027
0.9943801342974187,1.0015275179674796
,,egauge19821,egauge4183,egauge18544,egauge24121,egauge18350,egauge26086,egauge20407,egauge22271,egauge15623,egauge30039
,,1,0.5,0,1,0.5,0.5,0,0.5,0,1
,,1,1,1,1,1,1,1,1,1,1
0.9997072877590596,1.0000758550455022
0.9974466062676322,1.0005314235964549
0.9956077483961381,1.000606379242044
0.9942245536542949,1.0006576399217086
0.9989628808581249,1.0008793805625262
0.9988288760296553,1.0003456414265854
0.9989403568485152,0.9999903024965616
0.9969527922970983,1.0007642615326213
0.997039484263836,1.0006326418223959
0.9960124385452671,1.001265658834844
0.995336838974367,1.0004700970399243
0.9951170602021279,1.0009811095462182
0.9933443567584723,1.0005484884782
0.9932061705294144,1.0011651538574067
,,egauge13830,egauge19821,egauge16616,egauge32290,egauge18544,egauge30378,egauge28684,egauge13974,egauge17073,egauge23534
,,0,0,0,0.5,1,1,1,0,0.5,0.5
,,1,1,1,1,1,1,1,1,1,1
0.9996714930515049,1.0000383313902388
0.9973433736641184,1.000903366289599
0.9958587686360603,1.0015650859253609
0.9947855249648907,1.0019947605789143
0.998906974047497,0.9999933664777694
0.9978971942431073,0.9999180613858543
0.9980456140701992,0.9997386353561295
0.9968395489593905,1.0005491367418973
0.9972828829681084,1.0015011656385946
0.9948122793202276,1.0015555707783468
0.9957930576755457,1.001792577521762
0.9948808593697684,1.0013936969590074
0.994044929770575,1.0022499587546263
0.9938512784238241,1.0023379194729305
,,egauge16608,egauge13974,egauge8617,egauge3167,egauge4183,egauge19821,egauge26086,egauge15623,egauge9102,egauge7692
,,0.5,0.5,1,0.5,0,0.5,0.5,0,0.5,0
,,1,1,1,1,1,1,1,1,1,1
0.9997557597522577,1.0000913653917312
0.998239825053646,1.0004326511069834
0.9971304931771603,1.000689960888718
0.9965702810602978,1.0007283792497206
0.9987780925710615,1.0002697969588308
0.997907448707549,1.0005710088287714
0.9986789939993818,1.0012670188804957
0.9980177121551014,1.0005983821273223
0.9980109024758611,1.0002505402086246
0.9968942576632004,1.0010701299424505
0.9968220959272648,1.0008758892971106
0.9960035354667767,1.0006150471211106
0.9960129725005813,1.0008157279732897
0.996453138221003,1.0006641637194245
,,egauge16608,egauge17073,egauge3167,egauge9102,egauge18158,egauge27467,egauge5198,egauge13830,egauge13974,egauge18350
,,0.5,1,1,0.5,0.5,0.5,1,0,0.5,0
,,1,1,1,1,1,1,1,1,1,1
0.9997759876060948,1.0001397704470683
0.9981166225312937,1.0006564994571487
0.9971578796478344,1.000975750284502
0.9964132159847895,1.0010590321928967
0.9987845201070866,1.0003207313540516
0.9978427154535323,1.0018209504936657
0.9992405437982134,1.0009638953805349
0.9974611678084975,1.0007920519168052
0.9969274708408906,1.0006898531452488
0.9981358730643364,1.0012748101938984
0.9971578796448879,1.0011534734276064
0.9963379911947471,1.0009436319053202
0.9958126235188935,1.0012327984133689
0.9960513107773533,1.0010151868718067
,,egauge9102,egauge13974,egauge20407,egauge30039,egauge27467,egauge16608,egauge22271,egauge28684,egauge7692,egauge13830
,,1,0.5,1,1,1,0.5,0,1,0.5,0.5
,,1,1,1,1,1,1,1,1,1,1
0.9997349439184542,1.000168799273825
0.998459631114283,1.0015509760346815
0.9974755008111723,1.0022074935087057
0.9971649712523708,1.002534753758255
0.9989161717145865,1.000543336134102
0.9978738648657619,1.0006404535143705
0.9973093196871019,0.9998384632357808
0.9978665585731671,1.0022040700330028
0.9984521064683658,1.0022507160639678
0.9967491304037553,1.001879688368546
0.9970682973260063,1.0021826647854584
0.9971024861446998,1.0028190932731245
0.9969106135646784,1.0026806556034233
0.9963557135410324,1.0028673972397346
,,egauge15623,egauge20407,egauge16616,egauge30039,egauge18158,egauge19821,egauge9102,egauge18544,egauge23534,egauge30378
,,0.5,1,0.5,0,0.5,0.5,0.5,0,1,0
,,1,1,1,1,1,1,1,1,1,1
0.99969146166698,1.0000144161579634
0.9975657260142742,1.0004083534891357
0.9959888133532991,1.0007306289074818
0.99492209866434,1.0009934519772508
0.9984009472895311,1.0001721245845334
0.9974460219579565,0.9997046949679745
0.99813962358387,0.999806030887321
0.99715762977348,1.0002869410252455
0.9966919369623194,1.0004481800597012
0.9962282399889023,1.0010264828654318
0.995680834744537,1.0007884673355876
0.9958930331082735,1.0006878173603033
0.994596947367156,1.0014742432456856
0.993616645677302,1.0007258677168793
,,egauge24121,egauge3167,egauge16608,egauge15623,egauge26086,egauge27467,egauge4183,egauge22271,egauge23534,egauge9102
,,0.5,0.5,1,1,0.5,0.5,0,0.5,0,0.5
,,1,1,1,1,1,1,1,1,1,1
0.9997382412689483,1.000108153677151
0.9979964757438727,1.0008669534132686
0.9965966801724638,1.0010773353954052
0.9958144718865845,1.0011157798332486
0.9989385355517884,1.0001922357487665
0.9992159348015396,1.000462813799066
0.9978090711272816,1.0010767363627644
0.9974160115761582,1.0012357367548452
0.9972303076106953,1.001322806628925
0.9978539785729367,1.0014854177426438
0.9965185811263327,1.0010029528400362
0.9957560809048269,1.0015916219143781
0.9954672845902723,1.0010582118230575
0.9950171352875405,1.0012912585544769
,,egauge16616,egauge30039,egauge19821,egauge26086,egauge16608,egauge17073,egauge32290,egauge22271,egauge3167,egauge27467
,,0,0.5,0.5,1,1,0.5,1,0.5,1,1
,,1,1,1,1,1,1,1,1,1,1
0.999741314723573,1.0001755065424955
0.9979253297861027,1.0018990750055818
0.9969283793908307,1.002827272445401
0.9968519212472952,1.0035149243630475
0.999028194470106,0.9998522490507729
0.9978797475246537,1.0007912753062467
0.9982472276685873,1.00092491753145
0.9971894399316699,1.0027802812193156
0.9970383883812599,1.0023554831216
0.9963227248642791,1.0025645406887664
0.9967104742654218,1.002792179144789
0.9959067046030091,1.0033249948181662
0.9968156978798383,1.003798566370137
0.9967773471246328,1.0042565346866728
,,egauge13830,egauge30039,egauge23534,egauge28684,egauge5198,egauge18350,egauge26086,egauge22271,egauge7692,egauge9102
,,1,0.5,0.5,0.5,1,0.5,0.5,1,1,1
,,1,1,1,1,1,1,1,1,1,1
0.9997700562561613,1.000258445032828
0.9982723226210539,1.00196845092399
0.9967947443741875,1.0033294066177216
0.9962666840428454,1.0038500354502409
0.99902961986757,1.000946842258171
0.9979306759313434,1.0008583391386932
0.9978611193084764,1.0009352086494037
0.9980363281581834,1.0022432919454354
0.9980165079942915,1.002414748639973
0.9980798286518618,1.002355388301071
0.9964823619765252,1.0034786065305308
0.9959752127884826,1.0044043271107579
0.9962015294514637,1.0041862049571986
0.995479545856504,1.0042325215720131
,,egauge8617,egauge18350,egauge26086,egauge23534,egauge30039,egauge32290,egauge24121,egauge27467,egauge3167,egauge9102
,,0,0.5,1,0.5,1,0,0,1,0,0.5
,,1,1,1,1,1,1,1,1,1,1
0.9997911907731961,1.0001085328881858
0.9983293147439212,1.0005459169255213
0.9974721836344637,1.000815177929544
0.9969500986840265,1.0008728162808305
0.9992557695705349,1.0000336705708472
0.9988636427619146,1.0005084133742754
0.9976476750571448,1.0020746182790163
0.997630575633699,1.000819266462878
0.9973837086688212,1.0012752405556344
0.9967473084049492,0.9997563723109674
0.997274703339634,1.0006540820914853
0.99739755461425,1.0015651554636098
0.9969138710960671,1.0008509079612051
0.996130412187839,1.0010547739283853
,,egauge19821,egauge24121,egauge4183,egauge30039,egauge3167,egauge30378,egauge18544,egauge26086,egauge16616,egauge22271
,,0,0.5,0.5,0.5,0,0,0,1,0,0
,,1,1,1,1,1,1,1,1,1,1
0.9997233277930238,1.0000060034665341
0.9978709220185948,1.0000250302069345
0.9966841347512141,1.0002316811137264
0.9958957591552406,0.99996953162837
0.9987729166452424,0.9999335654510152
0.9981877037005769,1.0001858819859284
0.9987464958907908,1.0002687745641798
0.9975154880997761,1.0002389094735753
0.9978204809655077,0.9999946875825119
0.9952808644931421,0.9995815063504208
0.9966430239612916,1.0002151670335813
0.9959072389260428,1.0011190431035646
0.9957293468647839,0.9997223630326257
0.9948222658931575,0.9998946816127486
,,egauge13974,egauge23534,egauge7692,egauge26086,egauge8617,egauge4183,egauge18544,egauge30039,egauge16616,egauge17073
,,0,1,1,0.5,0.5,0,0,0.5,1,0.5
,,1,1,1,1,1,1,1,1,1,1
0.9997611031239535,1.0001418515841303
0.9983624736219364,1.0008837442033123
0.9974804894139858,1.0014752636053068
0.9968438795718505,1.0019113179159975
0.998740255111629,0.9999921342855222
0.9981129260810678,1.0016031206741733
0.9977669546654636,1.0011457037040221
0.9975629443921599,1.0011975570927765
0.9982211715719904,1.0011268098506536
0.9978044028889079,1.000594143193817
0.9974393396809461,1.001454590766125
0.9966439312012632,1.0017921980545927
0.9966095101639627,1.0022025289976961
0.9959498691722664,1.0022973540598228
,,egauge30378,egauge22271,egauge3167,egauge19821,egauge4183,egauge27467,egauge16608,egauge18158,egauge15623,egauge9102
,,1,0,1,0,0.5,1,1,1,0,0.5
,,1,1,1,1,1,1,1,1,1,1
0.9997580116736166,1.0001230765754583
0.9979072154453076,1.0009297184815917
0.9962530305705318,1.00142583488007
0.9957951685052818,1.001469786958546
0.9983679871589427,1.000486888121109
0.9977897806316235,1.0000172984601483
0.9991374188531998,1.0009418908459824
0.9971612710637625,1.0008487231067933
0.9978365439765028,1.0010411123471683
0.9978935077724702,1.0022535514624002
0.995936742948807,1.00159951635244
0.9950304285361269,1.0018014682077538
0.9954780577594753,1.001433365096846
0.9951040733986034,1.0015983597075455
,,egauge18158,egauge18544,egauge16608,egauge27467,egauge3167,egauge15623,egauge8617,egauge30378,egauge7692,egauge28684
,,0.5,0,0,1,0,0,1,1,0,0.5
,,1,1,1,1,1,1,1,1,1,1
0.9997994345147495,1.0000806121168118
0.9984128044896433,1.0009883764749004
0.997461310278673,1.0016695106079807
0.9971490971972804,1.0018041638052584
0.9983771969706529,1.000193279793667
0.9989747749361809,0.9999959367448166
0.9976850769454897,0.9999107485332666
0.9983118636738582,1.0016775092120789
0.9981100544539052,1.0009377490497062
0.996069971765261,1.0008298835174285
0.9973995885985678,1.001892892634851
0.9963303191091425,1.0020339870841957
0.9965763005605434,1.0017677275627437
0.9967442827170292,1.0020828972326017
,,egauge23534,egauge9102,egauge8617,egauge30378,egauge13974,egauge16616,egauge33764,egauge27467,egauge24121,egauge17073
,,0,0.5,1,0,0,1,1,0,1,1
,,1,1,1,1,1,1,1,1,1,1
0.9996997143534807,1.0001153166072323
0.9975248076643004,1.00089146506775
0.9965910230618624,1.0017921533609613
0.995846899032939,1.0023956435256287
0.9986823550806645,1.0000364337154917
0.9982069114948926,1.000423997393306
0.9986597655908326,1.0012849989378183
0.9961655657000861,1.000668775053053
0.9966282235688221,1.0007174444515052
0.9964847955214298,1.0017227581930854
0.9964923745655301,1.0020321214347692
0.9965164720214182,1.0017385724989796
0.9954996976404221,1.0024612820327619
0.9948747720141023,1.0033082021493496
,,egauge18544,egauge5198,egauge30378,egauge19821,egauge16616,egauge9102,egauge28684,egauge16608,egauge22271,egauge30039
,,1,0,0,0.5,0,0.5,1,0,1,0
,,1,1,1,1,1,1,1,1,1,1
0.9997590001812526,1.0000911522367941
0.9978471256326523,1.0007392410156215
0.9967384194121928,1.0015681324028294
0.9962991997451653,1.0021329511899535
0.9994651826106296,1.0007165797933166
0.9981426095855441,1.0000511853951437
0.9969087426460349,0.9996368325011776
0.9971415182615927,1.0010734350943242
0.9976454032294455,1.0001221802130418
0.9963679263963107,1.001025349118245
0.9966726397247578,1.0017956250155424
0.9957807434564486,1.0014609370583587
0.9956734886432738,1.0028699190015264
0.9959330016325569,1.0019978092423998
,,egauge26086,egauge33764,egauge16616,egauge18158,egauge30378,egauge4183,egauge7692,egauge19821,egauge24121,egauge28684
,,0,1,0,0.5,1,0,0.5,0,1,1
,,1,1,1,1,1,1,1,1,1,1
0.9997197257690852,1.0000478525127963
0.9979683724330279,1.000586073243194
0.9970917343943948,1.0011119401385598
0.9964525540907457,1.001579950396104
0.9986166838481932,1.0000108710847313
0.9978780298273037,1.0012508721031264
0.9981211580888147,0.999744165588101
0.9968039046596643,1.0006164381590723
0.9966385890101539,1.0009156264451533
0.997637603012414,1.0002240001044902
0.9970547165062632,1.0011904724185963
0.9963250973180136,1.0010155768516495
0.9958808602678049,1.0017256880107281
0.9960587134622025,1.0021481813263364
,,egauge13830,egauge16616,egauge3167,egauge18350,egauge18544,egauge32290,egauge20407,egauge22271,egauge23534,egauge15623
,,0,0.5,0,0.5,0.5,1,1,0,0,1
,,1,1,1,1,1,1,1,1,1,1
0.9997664094513208,1.0000105942378636
0.9978647648383152,1.000223801749742
0.9962491074005981,1.0002608329654596
0.9953371767825826,1.0004357720935402
0.9989600255733938,0.9999785124817037
0.9983181020914818,0.9998108291325227
0.9991295896671964,0.9999464331560498
0.9974325936560503,1.0003951699991316
0.9977807347220982,1.0004869212517484
0.9967258641914332,1.0000887353529069
0.9958773485030324,1.0001989063506158
0.9951751558190821,1.0001966529032207
0.9951202738674105,1.000384844584217
0.9940204722737077,1.0008126767680154
,,egauge32290,egauge18158,egauge16608,egauge5198,egauge13974,egauge17073,egauge15623,egauge27467,egauge18350,egauge8617
,,0.5,0.5,1,0.5,1,0.5,0.5,1,1,0
,,1,1,1,1,1,1,1,1,1,1
0.99977116717079,1.000139403819014
0.9982427542903485,1.0014227191623213
0.9970784460472876,1.0021851575543574
0.9967381856095848,1.0024225884155813
0.9987310430857608,0.9998906044764253
0.9971188916713492,1.000354285504847
0.9978459625482443,1.0011083402846956
0.9979816201175415,1.0016352920691969
0.997536816798103,1.0020513232901223
0.9968635814431243,1.0020994174497553
0.9965769343336783,1.002247234078135
0.9969186179098605,1.002914867587646
0.9963906177677321,1.0027435962290696
0.9966087756270177,1.0023475213209831
,,egauge9102,egauge27467,egauge28684,egauge18158,egauge5198,egauge22271,egauge32290,egauge30378,egauge16616,egauge24121
,,0.5,0,1,1,1,1,0.5,0.5,0.5,1
,,1,1,1,1,1,1,1,1,1,1
0.9997519636005825,1.0001168632354007
0.9977022109664453,1.0009121268863863
0.9960652855403793,1.0007511178927355
0.9955819739028985,1.0007836262512477
0.9989528088732913,1.0002600478307142
0.9992221665569805,1.0000296923118157
0.998631037241532,1.0013225237021286
0.9970835631443101,1.001266656031568
0.9972662906959603,1.0013274621912187
0.9961259591434333,1.0027897262596959
0.9958599224813833,1.000602423124114
0.9946413441047556,1.0007939347866581
0.9953794689860309,1.0006817354946178
0.9950159204911028,1.0009977622336956
,,egauge23534,egauge4183,egauge18350,egauge8617,egauge13830,egauge7692,egauge26086,egauge15623,egauge18544,egauge27467
,,0.5,1,0,0,0,1,0.5,0,0,0.5
,,1,1,1,1,1,1,1,1,1,1
0.999817685214516,1.0000859631575183
0.9986308209779647,1.0005660772938083
0.9976384693065861,1.0009741838377726
0.9974982013241248,1.0011535925734854
0.9988547818130982,1.0004250810154065
0.9988342704964097,1.000897970861487
0.9987969881298799,0.999995676781503
0.9984793795887564,1.0004946742634953
0.9979637975347084,1.0005279335358699
0.997185473126273,1.0014545250631393
0.9972887587570535,1.0011601746418632
0.9963722627732265,1.0008992449209573
0.9974547003218417,1.001124465705712
0.9973276348438986,1.0014964117733638
,,egauge18544,egauge18350,egauge9102,egauge26086,egauge16608,egauge30378,egauge17073,egauge4183,egauge8617,egauge24121
,,0,0.5,0,0,1,0.5,0.5,0,1,1
,,1,1,1,1,1,1,1,1,1,1
0.9997394649039572,1.0000671676318917
0.9974585800714487,1.0007157097031183
0.9965582629532745,1.0012171015425928
0.9961764875683792,1.0016209719603186
0.9994523760592209,1.0000215414556262
0.9989069104919356,1.0004568719579587
0.9980749641540839,0.9999752567628006
0.9966727688936021,1.000563894431887
0.9966023191150593,1.0011714813265238
0.9952320165028391,1.0008315823496865
0.9962706140644578,1.0013628077148433
0.9963985331138175,1.0010243729865063
0.9961330547064474,1.0020145973312844
0.9956020036719794,1.0017174147491064
,,egauge13830,egauge24121,egauge13974,egauge28684,egauge23534,egauge9102,egauge7692,egauge32290,egauge8617,egauge15623
,,0.5,0.5,0,1,0,1,0.5,0.5,1,0.5
,,1,1,1,1,1,1,1,1,1,1
0.9997533394278677,1.0000728623381732
0.9984017292937118,1.000818954680618
0.9972020999598543,1.0011402432280736
0.9963436151238676,1.0015889706285959
0.9989620109748308,1.0004017556902454
0.9981515628475067,1.0002329271504566
0.9976068794235391,0.9998030168184937
0.9981731399276484,1.0013660062979632
0.9976904966821627,1.0007480921390197
0.9970822823886881,1.0015340949988332
0.9971650771841672,1.0012146443462366
0.9967227282106386,1.0007442098748338
0.9962494978646423,1.001989873879069
0.9950341148114663,1.0017497152139803
,,egauge4183,egauge30378,egauge15623,egauge5198,egauge19821,egauge33764,egauge30039,egauge8617,egauge26086,egauge32290
,,0,0.5,0.5,0,1,0,1,1,0.5,1
,,1,1,1,1,1,1,1,1,1,1
0.999727271798821,1.0001203563122005
0.9980625191162285,1.001310060676898
0.9971097797401564,1.0022542277826991
0.9961693418542484,1.0024173860934145
0.9992961204535086,0.999953549544765
0.9970883851759217,1.0002402831880242
0.9970877083968145,1.0004417993471109
0.9976337454669807,1.0012898012883273
0.9974771732358276,1.0020641731201763
0.9963144824470714,1.0011878324091594
0.9967683255928461,1.0025523021684961
0.9969712530472367,1.0028443855313254
0.9954532791914583,1.0026654146847114
0.995648022905003,1.0023423194499426
,,egauge3167,egauge27467,egauge26086,egauge16608,egauge24121,egauge20407,egauge17073,egauge33764,egauge13974,egauge16616
,,0,1,0,0.5,0,1,0.5,1,0.5,1
,,1,1,1,1,1,1,1,1,1,1
0.9996960590745914,1.000106690092967
0.9972746712395244,1.0006968915769126
0.9959873417907557,1.0015224892855636
0.995193886201135,1.0018740731019697
0.9994300469840238,1.0000683314482663
0.9993952602315416,1.0014989576611784
0.9974489430160037,1.0000433689421955
0.9964185974202319,1.0008386316036433
0.9967205424288901,1.0004371080463166
0.9954899681551008,1.0003687644489963
0.9956998880631799,1.0016217384158073
0.9952902330669204,1.002122866058892
0.9946302682085059,1.0020125706942706
0.9944502056197003,1.0023351922670167
,,egauge33764,egauge7692,egauge8617,egauge18544,egauge20407,egauge32290,egauge16616,egauge4183,egauge24121,egauge30378
,,0.5,0.5,0,0.5,0,0.5,1,0,0,1
,,1,1,1,1,1,1,1,1,1,1
0.9997459611909856,0.9999691276732301
0.997641616406296,0.9995690757606908
0.9962336008614233,0.9994819278787094
0.9950842183495093,0.9995267018390124
0.9987800065633795,1.0002262571377947
0.9978753561721219,1.00035434501877
0.9986278079496493,0.9998136295626405
0.9975710198168967,0.9997019719629265
0.9966744613751785,0.9992673179049585
0.9964175131393276,0.9993335493482358
0.9961226700424358,0.9995966386749329
0.9960739325786704,0.9993095462092496
0.9945797617302468,0.9994540282686142
0.9936831272539567,0.999743928290703
,,egauge18544,egauge9102,egauge3167,egauge30378,egauge30039,egauge5198,egauge4183,egauge17073,egauge8617,egauge22271
,,1,1,1,1,1,0.5,1,0,0,0.5
,,1,1,1,1,1,1,1,1,1,1
0.9997753904925905,1.0001867502370594
0.9981285325182591,1.0012117540437115
0.996858651574451,1.001610104823125
0.9961527016347668,1.0018731000797336
0.9995045696220524,1.000819852946134
0.9982780082294268,1.0008996568112833
0.9992163557244724,1.0010103372959933
0.9967984985103955,1.001546978599974
0.9977335342336799,1.0019416514347608
0.9970032677333263,1.001608391301656
0.996768194214019,1.0017660970117466
0.995943362055562,1.0014783242157972
0.9960441310709998,1.0018220860786928
0.9951319679368182,1.0023878698909723
,,egauge8617,egauge3167,egauge32290,egauge13974,egauge7692,egauge4183,egauge15623,egauge18158,egauge17073,egauge13830
,,0.5,0.5,1,0,0.5,1,0.5,0,0.5,0.5
,,1,1,1,1,1,1,1,1,1,1
0.9997825015262808,1.0000736693102437
0.9980628477535932,1.000572392305531
0.9967691648796776,1.0008947347040302
0.9959412974138377,1.001298415762274
0.9992482312336807,1.0003304300310578
0.9992208753287912,1.0004178751431005
0.9976825183281876,0.9999239640773993
0.9971254150646776,1.0003599021114953
0.9977545675986397,1.0007748628818889
0.9978491160766019,1.0013260037175304
0.9967194212512228,1.0009525843501197
0.9954489165830451,1.0006164830133746
0.9951604086889745,1.0015534047830152
0.9956646734431045,1.001598418759325
,,egauge18158,egauge13830,egauge8617,egauge28684,egauge20407,egauge18544,egauge9102,egauge33764,egauge16608,egauge17073
,,0.5,1,1,0.5,0.5,0,0,0.5,1,0.5
,,1,1,1,1,1,1,1,1,1,1
0.9997283750499071,1.000110401229276
0.9975783698826258,1.0004146097498565
0.9959255972447161,1.0009933358929433
0.9949156095735575,1.0014612068062814
0.9983346205142742,1.0002341938307628
0.9982836931820692,1.0013913286995715
0.9986604498101266,1.001274694368242
0.9974170357889734,1.000698042771355
0.9966112882026306,1.0000878589132771
0.9974052640602585,1.000337406281351
0.9956053279654404,1.0009685427159605
0.9956383434460899,1.001239662636937
0.9942799981731876,1.0017599810328006
0.9941615648125269,1.0018041505980195
,,egauge30039,egauge28684,egauge16616,egauge18544,egauge27467,egauge8617,egauge3167,egauge19821,egauge22271,egauge5198
,,0.5,0.5,1,0,1,0.5,1,0.5,1,0.5
,,1,1,1,1,1,1,1,1,1,1
0.9998256371059783,1.0002265048303605
0.9987277469854726,1.0018273084413496
0.9977100238849672,1.0030551625462796
0.9970858813839749,1.0038395819965875
0.9988103950896179,1.0005505908093029
0.9987552280694363,1.0007725006973063
0.9982626715823921,1.0011421011083332
0.9986267684526395,1.0017867658939796
0.9986570594821673,1.002527276613463
0.9982719843937313,1.0022915982301819
0.9976894429072529,1.003212602034642
0.9971007341777096,1.0034094930306807
0.9964052133091325,1.0045780331368395
0.996472894421211,1.0040652391775333
,,egauge4183,egauge26086,egauge16608,egauge30378,egauge5198,egauge9102,egauge33764,egauge20407,egauge24121,egauge19821
,,0.5,0,1,1,1,1,0,0,0.5,0
,,1,1,1,1,1,1,1,1,1,1
0.9996549068914622,1.000015939048927
0.9972676940139851,0.9999940970829689
0.9957887827911964,0.9996969637701169
0.9950834327095998,0.999671400606407
0.9993032087649605,1.000083888262226
0.9975766608630754,0.9999599042823929
0.9977201772868205,1.000929695429022
0.9960596328888186,1.00006009760151
0.9969823084850729,1.0002976316326935
0.9958470055923889,1.0005346463013922
0.9955855355454186,0.9996557058689524
0.99475787491055,0.9993443289035383
0.994750994221313,0.9997150180933143
0.9942590904743096,0.9995645137328809
,,egauge30039,egauge18158,egauge18350,egauge24121,egauge13974,egauge8617,egauge19821,egauge30378,egauge16616,egauge17073
,,0,0.5,1,0,0.5,0,0,0,0.5,0
,,1,1,1,1,1,1,1,1,1,1
0.9996910669028264,0.9999613311797665
0.9972282168058838,0.9995434477014151
0.995359892534013,0.9991758855247435
0.9946994057722579,0.9990225841503516
0.9987165714127647,0.9998897493756236
0.9969853764141442,1.0002514700743137
0.9987178388709669,1.0008956880973563
0.9967345300536222,0.99944237159897
0.9963249611414553,0.9997140161369593
0.9970744052317,0.9994084899173402
0.9950644487200676,0.9991387761128796
0.993928337432342,0.9989088755528074
0.994497113058936,0.9989354293754665
0.9938311832008023,0.998894421579665
,,egauge18350,egauge17073,egauge13830,egauge4183,egauge30039,egauge5198,egauge9102,egauge33764,egauge8617,egauge24121
,,0.5,0.5,0,1,0,0,0,0.5,0,0
,,1,1,1,1,1,1,1,1,1,1
0.9997955768984189,1.0000248577561326
0.9985509464470441,1.0000044203038123
0.9974486806509615,0.9999673179602859
0.9971046786028518,0.9998586189880043
0.999312318648765,1.000228102095992
0.9975631091573476,1.0007424023029994
0.9981984688998724,0.9999515185191176
0.998288507384203,1.0003807252700974
0.9976641394750158,0.999858474418219
0.996920461378786,0.9999465444501734
0.9971607280125857,0.9999466819107385
0.9967242927026365,1.000167953138318
0.9970611978455647,0.9998077262113382
0.9965934246888358,0.9997517084611374
,,egauge24121,egauge28684,egauge8617,egauge7692,egauge30378,egauge26086,egauge18158,egauge18350,egauge32290,egauge19821
,,0.5,0.5,0,0.5,0,0.5,0.5,1,1,1
,,1,1,1,1,1,1,1,1,1,1
0.9997414550835844,1.000090356663306
0.9976653585291403,1.0008914456426712
0.9966096826073703,1.0016245138842885
0.9958704920795037,1.0020545149768132
0.9989016550325789,1.000159433910079
0.9987017177099129,1.0006309207371127
0.9986463372521315,0.9999406484768365
0.9975745910802204,1.0011041223475023
0.9963058895154708,1.0006687556294245
0.9959427413383587,1.0015291453391912
0.9961125556676576,1.0016410557900828
0.9964712380214487,1.0020962239536941
0.9955015899916528,1.0020034900558041
0.9951368351755114,1.0028485489791277
,,egauge13830,egauge27467,egauge17073,egauge7692,egauge5198,egauge16616,egauge22271,egauge18350,egauge18544,egauge16608
,,0.5,1,0.5,0.5,0.5,1,1,1,0.5,0
,,1,1,1,1,1,1,1,1,1,1
0.9998244533130054,1.0002151026611719
0.9988448922227741,1.0015468189280914
0.9979457016933455,1.002521425267434
0.9973279257016485,1.0026112862914416
0.9990364624036385,1.0005444959568162
0.9995584101845781,1.0015940901593068
0.9975001760067452,1.0009812312095814
0.9981431500098088,1.0017495225501993
0.9980846869338486,1.00175966028338
0.9976750712016476,1.002378755855272
0.9976425837332261,1.0029397481771165
0.9977929142273227,1.002972158991426
0.9972771852433507,1.0027936878515973
0.9963695802589266,1.0024933033970793
,,egauge20407,egauge32290,egauge13830,egauge30378,egauge16616,egauge22271,egauge15623,egauge26086,egauge13974,egauge7692
,,0,1,0,1,1,0,0.5,1,0.5,1
,,1,1,1,1,1,1,1,1,1,1
0.9996468841608006,1.000054245543438
0.9973604776435142,1.0013216101907099
0.9962008330345179,1.00234619529947
0.9955968165504048,1.002769875451476
0.9981786864089711,0.9997449102256516
0.9977939988307936,0.9999196829281499
0.9980447647867079,0.9999900811404878
0.9960316546029,1.0016458961138919
0.9969539428844053,1.001696588215429
0.9960354883202773,1.001205686150935
0.996006074462506,1.0024000046461992
0.9953116128547611,1.0032342089662252
0.9949679129467195,1.0029377134187485
0.9955117169109126,1.003231482051962
,,egauge18158,egauge13830,egauge18350,egauge28684,egauge4183,egauge16616,egauge32290,egauge18544,egauge15623,egauge19821
,,0.5,0.5,1,1,0,0,0,0.5,1,1
,,1,1,1,1,1,1,1,1,1,1
0.9997637060456733,1.0000897183434696
0.9980998392487459,1.0004246874728646
0.9965695884477275,1.0009267417812473
0.9953559048257165,1.001632160799545
0.9983554730374233,1.0001860541340537
0.9982858312373766,1.000696725152537
0.9987385932918602,1.0010292465814234
0.9979585811621807,1.0009816168963945
0.9979585811462123,1.0002830402418375
0.9970503884392758,0.9995286013587814
0.9963846462010485,1.0006665062011286
0.996495039313879,1.0012266131503322
0.994445643097323,1.0018799598531527
0.9946651664482161,1.0024472695317332
,,egauge24121,egauge27467,egauge3167,egauge13974,egauge17073,egauge13830,egauge23534,egauge26086,egauge18350,egauge15623
,,0,0.5,1,0,1,0.5,0.5,0.5,0.5,0.5
,,1,1,1,1,1,1,1,1,1,1
0.9997596383287909,1.0001273348175521
0.997851569294203,1.0011810363232185
0.9966396904983666,1.0017928186164848
0.9955835290742832,1.0020179945454728
0.9988945399796428,0.9999759529470782
0.9994562292967317,1.0007776260678805
0.9991390431292517,1.0009624296888884
0.9969043054476,1.0010392624992244
0.9971441377732311,1.0019819337554146
0.9964490764299957,1.0017375601450762
0.9963356233035775,1.0019210607236946
0.9957458952690109,1.0021697634573474
0.9952364388146385,1.0021638075482013
0.9942982696084535,1.002189544453442
,,egauge27467,egauge3167,egauge13974,egauge20407,egauge28684,egauge15623,egauge8617,egauge4183,egauge19821,egauge30039
,,0,0,0,1,0,0.5,0,0.5,0,1
,,1,1,1,1,1,1,1,1,1,1
0.9997226252951628,1.0000053714634853
0.9976177081224035,1.0001879743910225
0.9963951457818798,1.0005995540521
0.9953403003339651,1.001016210750121
0.999435133063296,0.9999595458157585
0.9991475073783049,0.9999454286695123
0.997610976909101,0.9997784921387327
0.9969618095396691,1.0000242208144616
0.9974048132360792,1.0001581820574907
0.995279565205088,1.00047628655304
0.9963417207336036,1.000570642269397
0.9962460915455502,1.000749405309428
0.9948343654483248,1.0009579684630576
0.9943205504349577,1.0017985455760177
,,egauge22271,egauge19821,egauge4183,egauge13830,egauge15623,egauge20407,egauge17073,egauge18544,egauge30039,egauge18158
,,1,0,0.5,1,0.5,1,1,0,1,0.5
,,1,1,1,1,1,1,1,1,1,1
0.9997236378464821,1.0001628290958957
0.9977687720315975,1.0012145414489453
0.9968030202847492,1.0020175603877248
0.9960206063338205,1.002469341756126
0.9987199038798981,1.001245560534504
0.9979429308337698,1.0000187143258716
0.9987614860263138,1.0004451425970846
0.9975919776330013,1.001863279302898
0.9965398790133669,1.0013462361691328
0.996225514042081,1.0009055200497081
0.9966306523591636,1.002342492062332
0.9967391025515929,1.001974683762405
0.9953263504959196,1.002972876209142
0.9952638418073985,1.0025015191869813
,,egauge13830,egauge9102,egauge13974,egauge18544,egauge32290,egauge18158,egauge30378,egauge33764,egauge16616,egauge22271
,,0.5,0.5,0.5,1,1,1,0,0,0.5,0
,,1,1,1,1,1,1,1,1,1,1
0.999701390795497,1.0000531024237114
0.9977782951736569,1.0002133854154787
0.9961809151377492,0.9999075732562159
0.9955642060788285,0.9997860973309513
0.9989626276561446,1.0003847729506405
0.9982080034261207,1.0003329615150425
0.9976963541245343,1.0005219767521076
0.9977177732979998,1.0007499160830686
0.9972742113805821,1.000142573571853
0.9956546797337763,1.0008893549411604
0.9956265895088059,0.9998126624596471
0.995784100913725,0.9998327287222166
0.9953617056872544,0.9996843266226456
0.9948308200560688,0.9997326432781194
,,egauge26086,egauge19821,egauge30378,egauge16608,egauge33764,egauge28684,egauge27467,egauge30039,egauge9102,egauge3167
,,0.5,0.5,1,0.5,1,0,1,0.5,0.5,0
,,1,1,1,1,1,1,1,1,1,1
0.9997270556341535,1.0001590246286947
0.9983358317018524,1.001115383953758
0.9975862769805258,1.0017785338715086
0.9970639705737997,1.001824579314788
0.9986977158928405,1.0005984264757617
0.9983289436350353,1.0008319675454882
0.9969643530328087,1.0008869912850573
0.9974383858983675,1.0012825612760585
0.9978611203939752,1.0017234750821638
0.9978630946554363,1.0010574320614243
0.9975574681235075,1.0020681628202164
0.9966961559132226,1.0021001556045372
0.9965063356973849,1.0019266196642262
0.9970106885885317,1.0017709964103592
,,egauge32290,egauge13830,egauge5198,egauge18544,egauge16608,egauge30378,egauge24121,egauge16616,egauge18158,egauge20407
,,0.5,0,0,1,1,1,1,0,0,0
,,1,1,1,1,1,1,1,1,1,1
0.9997000307960379,0.9999572047620339
0.997379713129661,0.9998498264338509
0.9957440711768643,0.9994690798256854
0.9943289149933373,0.9991752813272133
0.9987404016509167,0.9998781762052236
0.9981646879196884,0.9998840011015123
0.9979418139168247,0.9998965484587882
0.9973192198339373,1.0001505515411098
0.9964808940358731,1.000110071362714
0.9951998222033223,1.0000557847239746
0.9955921506194804,0.9995185812374806
0.9953186225149153,0.9992019772225569
0.9932981600528082,0.9991171656471449
0.9926447688302851,0.9988438919075369
,,egauge4183,egauge7692,egauge23534,egauge20407,egauge24121,egauge32290,egauge13974,egauge8617,egauge27467,egauge30039
,,0.5,0,0,0.5,0.5,0,0,1,0.5,0.5
,,1,1,1,1,1,1,1,1,1,1
0.999734679046787,0.9999811308854574
0.9978709666813023,0.9998105219742711
0.9967165155705208,1.0002288725727464
0.9960361215154994,1.000557148952898
0.9992725294685308,1.0001061138785836
0.9976635975429679,0.9998723874486485
0.9976064379366781,0.9998420582983958
0.9967410819426217,0.9995679033122136
0.9971627242786247,0.9998711981828472
0.9964716938183495,0.9994617496198769
0.9964288127089078,1.0001705944180956
0.9965872109584462,1.0007907447647935
0.9959565114277751,1.0007900717891136
0.9950155300542628,1.0007869338326567
,,egauge30039,egauge28684,egauge4183,egauge20407,egauge24121,egauge16616,egauge5198,egauge7692,egauge8617,egauge22271
,,0,0.5,1,0.5,0,0,0.5,0.5,0.5,1
,,1,1,1,1,1,1,1,1,1,1
0.9997723172856273,1.0000478406947733
0.9981422634027882,1.0003085351360588
0.9973733287178499,1.0011315169669726
0.9966708666041907,1.0018886708099208
0.9987946320198138,0.9999059767798122
0.9987255592166755,1.0005996709189886
0.9987427102364311,1.0009004758328197
0.9971241919309972,1.0000657735883918
0.9975982635753752,1.0001871369570885
0.9970378551913361,0.9995739258480795
0.9971255698012031,1.0012059173251586
0.9969931956502994,1.00130288747531
0.996598438544591,1.0020490433593554
0.9955963767554511,1.0029188538859868
,,egauge18544,egauge19821,egauge23534,egauge28684,egauge16608,egauge7692,egauge15623,egauge13974,egauge22271,egauge33764
,,1,0.5,0.5,0,1,0,0,1,0,0.5
,,1,1,1,1,1,1,1,1,1,1
0.9997491438993182,1.0001415716736692
0.9981683159997257,1.0007278910931763
0.9967406987890014,1.001159949192787
0.9960794591093522,1.0012691807965142
0.9994905202957535,1.0007799913943223
0.998349222263711,1.0008188478028033
0.997830365348588,1.0008447866082433
0.9978855739337884,1.0006975232459396
0.997271047953176,1.0011836533176968
0.9971848049268441,1.0006280944360875
0.9963503256554122,1.0011268854514281
0.9958680587812483,1.0017922418345957
0.995876912203769,1.0012254852849933
0.995143772881083,1.0015444910837012
,,egauge33764,egauge7692,egauge4183,egauge22271,egauge13830,egauge30039,egauge30378,egauge26086,egauge16608,egauge18158
,,0,0.5,0.5,0.5,0,1,1,1,0,0
,,1,1,1,1,1,1,1,1,1,1
0.9997456206533938,1.0001148789737933
0.9976729357561367,1.0011075082723726
0.9957139668163438,1.0015584246720912
0.9949071630027563,1.0013022748746143
0.9987901174470369,1.0000400160940892
0.9979054541222292,1.0005347663750974
0.9987555493128061,1.0003771087070823
0.9969339393046722,1.0015837680328594
0.9969725230872468,1.0010568736979986
0.9966008614294454,1.0023844412028722
0.9952460822641546,1.0016990403236676
0.9949379664714137,1.0023949308385283
0.994235475503191,1.001222166665586
0.9937391186963345,1.000991779766758
,,egauge32290,egauge16608,egauge30378,egauge28684,egauge24121,egauge30039,egauge5198,egauge23534,egauge3167,egauge7692
,,1,1,0,1,0,0,1,0.5,0.5,1
,,1,1,1,1,1,1,1,1,1,1
0.9997422475462767,1.0000928135113756
0.9984331587241627,1.0008780810441242
0.9975341676356656,1.001738743271908
0.9974512798233569,1.0021493053723058
0.9987336794935529,1.0000176711334434
0.9979083595017747,1.0010119965687128
0.9969114816085844,0.9996509070723718
0.9982918449116764,1.0014484924870768
0.9978480226630848,1.0005296291958303
0.9966275284641607,1.0006463859699526
0.9971845003144004,1.0019166265317256
0.9970120030171253,1.0020909243396294
0.9974150306927022,1.0022745752445619
0.9965387124847326,1.0026535084421473
,,egauge16616,egauge28684,egauge26086,egauge23534,egauge33764,egauge32290,egauge27467,egauge8617,egauge22271,egauge7692
,,1,0.5,1,0,0.5,0,0.5,1,1,0.5
,,1,1,1,1,1,1,1,1,1,1
0.9997665183406711,1.0001940806326037
0.9983242670489709,1.0011159211603482
0.9975183578385544,1.0024408579695392
0.9968434296802557,1.0032118597146513
0.9990144379611693,1.0006416063228132
0.9987109103645982,1.000748969341204
0.9976451495291525,1.0021871237381457
0.9975993126125787,1.0010259621508257
0.9975046806955995,1.0013881760835632
0.9968663600213121,1.0000650995143838
0.9974813212177406,1.002577479480297
0.9973904234465123,1.0030311455735568
0.9961429870830214,1.0039570778140714
0.996343911535843,1.0034372894904888
,,egauge23534,egauge7692,egauge13830,egauge33764,egauge30378,egauge9102,egauge30039,egauge8617,egauge17073,egauge4183
,,0,0.5,0.5,0.5,1,0,0,0,0,0.5
,,1,1,1,1,1,1,1,1,1,1
0.999744599510994,1.0000361730278429
0.9978053570111807,1.000177725488901
0.9969753152847408,1.0000348808077455
0.9960719024175186,1.0000221049000104
0.9986763912396156,0.9999516006995499
0.9978962844903383,1.0004560214070546
0.9981926023670706,1.0006896775647995
0.9975046197212875,1.0004408333438883
0.9965965255104934,1.000521822442548
0.9963645846319339,1.0000358149474204
0.9968437291696012,0.9999812248856075
0.9968513010713244,0.9999493324021396
0.9951680879113314,0.999934847021043
0.9958484266274624,1.0001290630862822
,,egauge15623,egauge23534,egauge19821,egauge7692,egauge26086,egauge20407,egauge17073,egauge18544,egauge3167,egauge16616
,,0.5,1,0.5,0.5,0.5,1,0,0.5,1,1
,,1,1,1,1,1,1,1,1,1,1
0.9997336123360796,1.0001480117369257
0.9981416733244567,1.0009124047630296
0.9974366031024515,1.0014999040337618
0.9971105381159594,1.0019873179747576
0.9984439681505816,1.0003134808784961
0.9981008902315468,1.0015890829239853
0.9982395385836172,1.0008811315694839
0.9980106856153019,1.0011149565583117
0.9973478596051356,1.001288194641716
0.9962976277061025,1.0006227939309638
0.9970828648822928,1.001450289468818
0.9973513174885541,1.0017892575513203
0.9970598107391343,1.0022643951553902
0.996380485710458,1.002394846802441
,,egauge17073,egauge13830,egauge13974,egauge24121,egauge16608,egauge8617,egauge33764,egauge22271,egauge18158,egauge30378
,,1,0.5,0.5,1,1,0,1,0.5,0.5,0.5
,,1,1,1,1,1,1,1,1,1,1
0.999675904326108,1.0001731544879675
0.9976701035171955,1.0010529180622294
0.9961392607961521,1.0017517414218897
0.9950656711288806,1.001790200038534
0.9986822082796839,1.0010635454021044
0.998232425436372,1.0007488880973443
0.9976987819076807,1.0006401095432205
0.9970229120651514,1.0012163202347588
0.996821559828433,1.001508871379547
0.9973816019707537,1.0008984087231
0.9958846041102735,1.0019958366048458
0.9954491384928187,1.002255708226527
0.9941918034499543,1.0017902000268604
0.9936600691580486,1.001854505809272
,,egauge5198,egauge24121,egauge18158,egauge8617,egauge18544,egauge3167,egauge28684,egauge9102,egauge15623,egauge16616
,,0,0,1,0,0,1,1,1,1,0.5
,,1,1,1,1,1,1,1,1,1,1
0.9998181031534452,1.0000808800427594
0.9986706354961795,1.0008489786016963
0.9976628565708849,1.0015732056821944
0.9967374415358526,1.0017399220511083
0.9989283643914285,1.0000594901579527
0.998247856868554,0.9998535753175576
0.9969572793090823,1.0008435076841136
0.9985521712892079,1.0007708367145012
0.9986100495987192,1.0008084828451929
0.9980931452096833,1.0015946807743634
0.9976052356857039,1.0018033016103223
0.9974107101784123,1.0019698116790108
0.9958350648149878,1.0020096268229393
0.9963235710603726,1.0016229148508835
,,egauge4183,egauge13974,egauge32290,egauge3167,egauge19821,egauge7692,egauge5198,egauge20407,egauge26086,egauge30039
,,1,1,1,0.5,0,0,0.5,1,1,0
,,1,1,1,1,1,1,1,1,1,1
0.9997098733652957,1.0000950679002611
0.997879971432935,1.000497047617386
0.996417100967644,1.0009647130010684
0.9955270799330077,1.0014071829887818
0.9992948915614743,1.000504417914051
0.9978723409713458,1.001312670208299
0.9976640893936568,0.9999581522392047
0.9978298206008821,1.0006691261245275
0.9971239790889038,1.0003623013831493
0.9969349675992315,1.0004005360704968
0.996421210947893,1.0010514975952554
0.9953422923597167,1.0008001543157148
0.9948476718245042,1.002034082377401
0.9950380335110356,1.0012251184120264
,,egauge4183,egauge5198,egauge18350,egauge33764,egauge27467,egauge20407,egauge19821,egauge17073,egauge8617,egauge30039
,,0,0.5,0.5,1,1,0,1,1,0.5,0
,,1,1,1,1,1,1,1,1,1,1
0.9997854156790983,1.0000986978105313
0.9980461241984372,1.0009418945091197
0.9969110627471764,1.001948228210311
0.996230082968585,1.002025204244421
0.9993305179248432,0.9999386070124311
0.9981151159838983,1.0005179483114792
0.9987650554983861,1.000526731459212
0.9971663697427912,1.001506183155436
0.9979754937484699,1.0016357071016104
0.9961256353856868,1.0001360968123725
0.9966355932266102,1.0022586148425299
0.9960150531262695,1.002860306726276
0.996135978182061,1.0022001873065682
0.9952092543677248,1.0018965862060856
,,egauge18544,egauge17073,egauge8617,egauge22271,egauge13830,egauge24121,egauge18350,egauge3167,egauge20407,egauge30039
,,1,1,0,0.5,0,1,0.5,0,0,0.5
,,1,1,1,1,1,1,1,1,1,1
0.9997529046244531,1.0000509477198452
0.9979851411311451,1.000149552050516
0.9966140437024735,0.9999609443206957
0.9955843165739846,0.9997436141024657
0.9994651467739135,1.0006764624756002
0.9978494807273033,1.0017265597187295
0.9986767942126438,0.9999012465080339
0.9969974605538379,1.0005037618252006
0.9972969807088139,1.0000888600299476
0.9968839318025513,1.0005936049233848
0.9964537475233636,1.0000022190964344
0.996294624158686,0.999907479216095
0.9950970452377618,0.9995073924961322
0.9945642758456122,0.9997329232588098
,,egauge18544,egauge18350,egauge30039,egauge9102,egauge27467,egauge16616,egauge20407,egauge24121,egauge30378,egauge7692
,,0,0,1,1,1,0,0,0.5,1,1
,,1,1,1,1,1,1,1,1,1,1
0.9997509041708055,1.000028171815231
0.9976618080696289,1.000241511378764
0.9959639642553996,1.000220442356426
0.9951444393964041,1.000362846157385
0.9994249756041701,0.9999751653333571
0.9988323232339605,0.9999339060601744
0.9977292388799089,1.0015737216158638
0.9969160803631825,1.00052488638353
0.9976315501720844,1.0008287125817432
0.99686410535469,0.999607797823052
0.9955656993885317,1.0000842222712307
0.9953076227292622,1.000284628950157
0.9942777000428703,1.0004589595461304
0.9950487549834467,1.0007252239436442
,,egauge9102,egauge15623,egauge5198,egauge26086,egauge32290,egauge17073,egauge7692,egauge24121,egauge16616,egauge28684
,,1,0,1,1,0,0.5,1,0.5,1,1
,,1,1,1,1,1,1,1,1,1,1
0.9997761604010054,1.0001465052544591
0.9980633290160261,1.0011324962429675
0.9972042329758055,1.0019324408789714
0.9968602698698167,1.002542204631182
0.9989568287516645,1.0005411283112509
0.9972979146225819,1.0000419566891465
0.997998681726382,1.001087494319502
0.9971252382992835,1.0020323368435597
0.9975086817810866,1.000462061800122
0.9964178050384198,1.0017713892137243
0.9971507566197815,1.0021227809193005
0.996354030607991,1.0018304145078123
0.9966375521020774,1.0028194634680396
0.9964662384525262,1.003154045824563
,,egauge32290,egauge20407,egauge4183,egauge30378,egauge26086,egauge15623,egauge19821,egauge24121,egauge17073,egauge13974
,,1,1,1,0,1,0,0,0.5,0,0.5
,,1,1,1,1,1,1,1,1,1,1
0.9996140640019682,1.0000298647629884
0.9968731973805645,1.0002853381726926
0.9951481380617351,1.0002435334994937
0.9941264598328633,1.000281648123046
0.9986962088938587,0.9999550094071757
0.9973519742439255,0.9997100920840047
0.9986889316671788,1.0008527841119608
0.9955150051654214,1.0000628075451496
0.9961181065804058,1.0011939000655081
0.9952585828689531,1.0001628491464762
0.9948527685307458,1.0002063772037497
0.9946699316384181,1.0002485166581419
0.9935779798052428,1.000187090561878
0.9931417684207886,1.0004849541538459
,,egauge19821,egauge7692,egauge4183,egauge30378,egauge27467,egauge32290,egauge18158,egauge5198,egauge18350,egauge9102
,,1,0,0,0.5,0,1,1,0.5,0,1
,,1,1,1,1,1,1,1,1,1,1
0.999769566040684,1.0000749717664457
0.9980983724586128,1.0004856425941675
0.9969176767385072,1.0009940626992184
0.9963894143594345,1.0011798928842732
0.9990345529158888,1.000872116198962
0.9977170406006196,0.9999750635205908
0.9987231036977955,0.9997582150715818
0.9968689961063164,1.0005241500173518
0.9980172908982848,1.0004451524182711
0.9967159613086796,1.0003505344062364
0.9964450144720449,1.0011263175796703
0.9967369329769475,1.001208251939822
0.9962229044012894,1.0011434834819744
0.99575098982752,1.0015441589033574
,,egauge17073,egauge23534,egauge18350,egauge30039,egauge13830,egauge27467,egauge20407,egauge9102,egauge13974,egauge7692
,,0.5,1,0,0.5,0.5,0.5,0,1,0,0.5
,,1,1,1,1,1,1,1,1,1,1
0.9997116670548117,1.000062251195497
0.997803603385009,1.0002758049041371
0.9960861181046814,1.0002160020918618
0.9954187085371434,1.0001712626698525
0.99858787305788,1.0004249832927596
0.9980679547899122,1.001486998949246
0.998768860559429,0.9999670419769402
0.9973174870321845,1.0003003797553685
0.997116791628792,1.0005288195149638
0.9977073989734642,1.0007972105329708
0.9956877946565932,1.0000839099313057
0.9953097708701482,1.0005156217557785
0.9947249456393059,1.000018546262154
0.9946025954760379,1.0003210380781817
,,egauge24121,egauge4183,egauge22271,egauge18350,egauge32290,egauge27467,egauge5198,egauge13974,egauge30039,egauge3167
,,0,0,0.5,0,0.5,1,1,0.5,1,0
,,1,1,1,1,1,1,1,1,1,1
0.9997801900303739,1.0000811631235174
0.998217084074032,1.0009569453618956
0.9970865349935156,1.0017698611017731
0.9964275237491442,1.0021612242664524
0.998963601923503,0.9999358695396362
0.9987961878554933,0.9997941776448228
0.9976636706192417,1.001105856958635
0.99773290001007,1.0009164444362308
0.9974294611024667,1.000572342568905
0.9980070998595411,1.002272400309351
0.9970536302943885,1.0019518887847174
0.9963440080176812,1.002027136610664
0.9957329298176596,1.002665289833758
0.9963423402393569,1.0021290609406481
,,egauge17073,egauge20407,egauge24121,egauge27467,egauge13974,egauge19821,egauge22271,egauge13830,egauge32290,egauge16608
,,1,0.5,1,0.5,0.5,1,0.5,0,0,0.5
,,1,1,1,1,1,1,1,1,1,1
0.9996609574382743,1.0000607464487377
0.9975718996822996,1.0006394794344067
0.9961131218492495,1.0005680561379782
0.9952045039535088,1.0002548312493094
0.9987007280656794,1.0009333112773815
0.9973239445254931,0.9995957297755976
0.9980179769315908,1.0006033624461557
0.9975214765031353,1.0009635043742344
0.9967457181774916,1.000882474945104
0.9964959548218907,1.0020900360897487
0.9960720388160812,1.0007663541242893
0.9952942493527526,1.000516535048266
0.9948142205866106,0.9998125868335747
0.9942591794819605,1.000436726267159
,,egauge3167,egauge30039,egauge13974,egauge30378,egauge17073,egauge16616,egauge23534,egauge28684,egauge8617,egauge22271
,,0,1,1,0.5,1,0.5,0.5,1,0.5,0
,,1,1,1,1,1,1,1,1,1,1
0.9997293238375599,1.0001766889487709
0.9976704987647279,1.0011551402640417
0.9967613643019206,1.0018048461494156
0.996042819410605,1.0019074457606976
0.9995013219968462,1.0001392562783789
0.9978932192067681,1.0016528670220513
0.9977541666152066,1.001485265546363
0.996321078218193,1.0012057836959056
0.9969751092933764,1.0020169008122957
0.9969904511079027,1.0009556994826987
0.9965531341354679,1.0019413652369122
0.9963886656298109,1.0023839594618091
0.9959414992065908,1.0020824045555123
0.9949903639784834,1.00182170797868
,,egauge7692,egauge4183,egauge22271,egauge30039,egauge3167,egauge17073,egauge23534,egauge32290,egauge27467,egauge19821
,,1,1,1,0,0,0,0,0.5,0.5,1
,,1,1,1,1,1,1,1,1,1,1
0.9997503537165369,1.000144916272822
0.9978908424500357,1.0003554517097868
0.9966707733719548,1.0007493879969511
0.99637800529594,1.0014289889583883
0.9988163705291223,1.0006468737757455
0.9987923915096372,1.0009632554585601
0.9976688901146203,1.0023309982112487
0.9971806497569015,1.0002340468346842
0.9978303124761335,1.0003152106951492
0.9954933953657727,1.0001238996435646
0.9962557439918662,1.0007204710937407
0.9961385045179191,1.0003428438394169
0.9963560081476053,1.0016548634266025
0.9957257237531819,1.0022331696880944
,,egauge18158,egauge20407,egauge23534,egauge5198,egauge28684,egauge16608,egauge18350,egauge15623,egauge18544,egauge33764
,,0.5,0.5,0.5,0,1,0.5,0.5,1,0.5,1
,,1,1,1,1,1,1,1,1,1,1
0.9997456211754442,1.000094215731767
0.9983967608028211,1.001285913239675
0.9970932695843624,1.0021974829940812
0.996870311824569,1.0027560503775685
0.9983483678663585,1.0002001204610929
0.99741141352975,0.9996120551201778
0.9978577181347703,1.000777448521331
0.9978646215173979,1.0012656544297722
0.9981984112662314,1.001853552523332
0.996985516155652,1.0015983636919357
0.9968958780321167,1.002276115936716
0.9957525654306607,1.0025943814013452
0.9968195988754907,1.0029603803131555
0.9960490968209943,1.003407923624961
,,egauge22271,egauge20407,egauge28684,egauge15623,egauge16616,egauge4183,egauge24121,egauge26086,egauge13830,egauge7692
,,0,0,0.5,1,0.5,1,0,1,0.5,0.5
,,1,1,1,1,1,1,1,1,1,1
0.9997184219784396,1.0000720976420157
0.9980672075114189,1.0009637964608273
0.9967723390586833,1.0016604786817518
0.9964985214313529,1.0019420591340655
0.9986418536569412,1.0000079318951622
0.9966221903061109,0.9995857045734404
0.9986503388474779,1.0006325197179493
0.997182340414296,1.001346207025589
0.9973714899982139,1.000852002920668
0.9974903741296719,1.0016597117688153
0.9964394212241383,1.001619124892045
0.9957189715543758,1.0026349165192083
0.9961571369337645,1.0021461930269624
0.9963494489056858,1.0021457640664988
,,egauge23534,egauge19821,egauge9102,egauge27467,egauge32290,egauge13830,egauge18158,egauge24121,egauge5198,egauge15623
,,1,0,0,0,0,0,0,0,0.5,0.5
,,1,1,1,1,1,1,1,1,1,1
0.9997612030329717,0.9999723770274555
0.9981192578452325,0.999699621782978
0.9967581211752072,0.9995377560335966
0.9960696416365034,0.9995536597488641
0.9988749906692357,1.000739798115826
0.9978876741652543,0.9998368673511722
0.9980971714951345,0.9998996983548007
0.9980183521892934,0.9996389620503059
0.9974335747222308,0.9996375765594236
0.9970339976812483,0.9996417667828418
0.9962568009845588,0.9995047556050306
0.9963312386870794,0.9994558220894323
0.9957854549250589,0.9996990489528069
0.994730566129261,0.9997347508293755
,,egauge27467,egauge20407,egauge15623,egauge16616,egauge7692,egauge33764,egauge8617,egauge19821,egauge5198,egauge16608
,,0,0.5,1,1,0.5,0.5,0.5,0.5,1,1
,,1,1,1,1,1,1,1,1,1,1
0.9997561278359357,1.0000955383659225
0.9983107142294367,1.0013559057393608
0.9974669856220368,1.002255450423816
0.9968877353288876,1.0028246653671737
0.9995294394709516,1.0000412200993902
0.9974276932375357,0.9996217842361732
0.9971194096654796,1.0009306017628592
0.9976047190185114,1.0017917399206577
0.9979942500656718,1.0015585637053435
0.9965638786542537,1.001880449019001
0.997442295651239,1.0023547854431503
0.9967212947554013,1.0026201789313616
0.9967222690657228,1.0031458252974441
0.9959511527996531,1.0033142803257606
,,egauge13974,egauge18350,egauge8617,egauge30039,egauge15623,egauge18158,egauge23534,egauge22271,egauge30378,egauge16616
,,1,0.5,0,0,0,0,0,1,0,0
,,1,1,1,1,1,1,1,1,1,1
0.9997212752376681,1.000015061927103
0.9977642038271317,0.9997521905210826
0.9959707313513827,0.9997560457754576
0.9949228305262431,0.9993298388454067
0.9987466240858043,1.0006457079136408
0.9987803090302124,1.000400171158081
0.9986916899611222,0.9998653670661259
0.9968090104615738,0.9996250394366982
0.9965474129730464,0.9996713077785614
0.9955103558772498,0.9995616740342761
0.9957448628741217,0.9997271628017729
0.9952794904908722,1.00080507218086
0.9939481312856789,0.9991786084773047
0.9946040520643195,0.9990263392656016
,,egauge19821,egauge4183,egauge30378,egauge24121,egauge15623,egauge5198,egauge18544,egauge16616,egauge20407,egauge13974
,,1,1,0,0,0,0.5,0.5,1,0,1
,,1,1,1,1,1,1,1,1,1,1
0.9996894225042284,1.0000334236886155
0.9977104382577762,1.00008814377085
0.9961894538068846,1.0003153359168206
0.9951474655455693,1.0003090630207907
0.9989565661445111,1.0008341533637475
0.9988087471210895,1.0008103614581787
0.9968128611391494,0.9995825714987131
0.9971257911642378,0.9999667772073708
0.9965944936994016,0.999936441050571
0.9964449833029233,1.000347134321518
0.9961401502189308,1.0003772755698614
0.995508660076912,1.000572169951325
0.9945389801549209,1.0000836071472237
0.9942870871386148,1.0006301275272869
,,egauge9102,egauge13830,egauge4183,egauge22271,egauge18350,egauge30378,egauge18544,egauge3167,egauge7692,egauge28684
,,0.5,0,1,1,1,1,0.5,0,0,0
,,1,1,1,1,1,1,1,1,1,1
0.9998068703794822,1.000125605571768
0.9984982554943297,1.0011486062897808
0.9981921059807038,1.001217330984553
0.9975730088276636,1.0011660964904763
0.9990057480859312,1.0002845385827912
0.9983251659628862,1.0000537260822338
0.9987614632380812,1.00097033548957
0.9976271148938295,1.0021727682254786
0.9983973043549619,1.001584333900119
0.9959636983912638,1.0018059732476046
0.9981632764366298,1.0013206788209403
0.998138752685794,1.0011637864631489
0.9968557532873872,1.0011296876805964
0.9974787361118227,1.001133970908082
,,egauge20407,egauge22271,egauge3167,egauge16608,egauge32290,egauge30378,egauge4183,egauge24121,egauge23534,egauge16616
,,0.5,0,1,1,1,0.5,0.5,0,1,1
,,1,1,1,1,1,1,1,1,1,1
0.9996954186901511,1.0000354425208962
0.9974849144348945,1.0006924881289558
0.9964903316827722,1.0011662524682492
0.9960385385432323,1.0018781578799454
0.9984801097758799,0.9997646568615373
0.9977076311473843,0.9999298231656548
0.9991236995549296,1.0008704466309075
0.9965581864470312,1.0011493016148156
0.9969810055805468,1.000621636163023
0.9952616998177032,1.000808357353843
0.9964327908116485,1.0011841050017696
0.995724242136774,1.0007274134019237
0.9956550998815803,1.0023740436644477
0.9956128885571564,1.002339278473159
,,egauge28684,egauge17073,egauge18158,egauge3167,egauge15623,egauge30378,egauge19821,egauge4183,egauge18350,egauge16616
,,1,0,0.5,1,0.5,1,0,1,1,1
,,1,1,1,1,1,1,1,1,1,1
0.9997678170420673,1.0001413437414117
0.9978963468715294,1.0012517591779677
0.9970469303129498,1.0019602095174316
0.9965377621498989,1.002499278923287
0.9992805816738559,1.0007407373917756
0.9972978100694566,0.9999015840378399
0.9968951978408483,1.0003819163553234
0.9975937819589581,1.0016368447063495
0.9966672659165348,1.0013935921821717
0.995821497036309,1.0019092061754686
0.9967673351011848,1.0019271145258384
0.996780593181259,1.0023248110580028
0.996427972245774,1.0028057178897647
0.995792892337605,1.002950000983398
,,egauge23534,egauge16608,egauge18350,egauge26086,egauge24121,egauge28684,egauge22271,egauge15623,egauge32290,egauge27467
,,1,1,0,0.5,1,0.5,0,0,1,1
,,1,1,1,1,1,1,1,1,1,1
0.9997448542871203,1.0001336974072763
0.9979663948511449,1.000871787374627
0.99690377516036,1.0012073923291673
0.9965315956831202,1.0016114904904339
0.9988709529045637,1.000914195739708
0.997910960662498,1.0010458628710825
0.9987508437832295,1.0000473426234524
0.9970521180188827,1.0013159939695189
0.9972434351723405,1.001064200134569
0.9972740788890125,1.0013559964987964
0.9964886322350072,1.001182592885448
0.995702083307975,1.0011538484360623
0.9961479320615747,1.0015604922277965
0.9964570498973426,1.0023621733109334
,,egauge13830,egauge30378,egauge9102,egauge20407,egauge33764,egauge8617,egauge27467,egauge7692,egauge17073,egauge18544
,,1,0,1,0,0,0,0.5,1,0,0
,,1,1,1,1,1,1,1,1,1,1
0.9997195665471151,1.0000229380800159
0.9981796584956535,0.9999759724176666
0.9973521251675176,1.0002363401203707
0.9965308694536836,1.0001148160613746
0.9990082533524914,1.0007039125392123
0.9970672672406306,0.9996073143858282
0.998119775351475,1.0007424951174555
0.9970307093385388,0.9996524484203797
0.9974939250444845,0.9999051804437211
0.9979102213614927,0.999815786251067
0.9973562396831506,1.0003436979178006
0.9969699121800054,1.000610906836731
0.9956265620156377,1.0000275486186547
0.9964776211648904,1.0000399531898947
,,egauge13974,egauge9102,egauge24121,egauge5198,egauge19821,egauge28684,egauge33764,egauge15623,egauge30378,egauge13830
,,0,0.5,1,1,0.5,0.5,0.5,0,0.5,0
,,1,1,1,1,1,1,1,1,1,1
0.999698440931232,1.0000662519182062
0.9978378956632298,1.0007122165812103
0.9963080732980009,1.000818999311666
0.9953685489210244,1.0008254052982404
0.9986734074258636,0.9999120362292454
0.9982059372823068,1.000365308945804
0.9980598557546313,1.0006167766777516
0.9976057892724894,1.0011578530267609
0.9972632469078259,1.001046400054886
0.9971072618391743,1.0012145584939067
0.9960197767858746,1.0009264310490074
0.9953723705243348,1.0007226693598452
0.9946315087807619,1.000869082419839
0.9948689716607544,1.0007718855505323
,,egauge3167,egauge4183,egauge24121,egauge18350,egauge16616,egauge8617,egauge23534,egauge27467,egauge9102,egauge30378
,,0.5,0,0.5,0,0,0.5,1,0,0,1
,,1,1,1,1,1,1,1,1,1,1
0.9997771191077686,1.0000070036132638
0.9981333055621551,1.0001630763001534
0.9965778962928283,1.0006595603461255
0.995339057330611,1.000813304705835
0.999520064186909,1.0001994036628943
0.9988028678224811,0.9997272007114271
0.9981231447426078,1.0001907346497492
0.9980223086057951,1.000102383275589
0.9977753635055152,0.9996374538892119
0.9979333357104859,1.0006078485243914
0.9963929524547445,1.0009513653904616
0.9965033464615864,1.0006068057111013
0.9947970110938628,1.000768899180103
0.9940647653015107,1.0011774130323852
,,egauge3167,egauge13830,egauge18350,egauge30378,egauge20407,egauge28684,egauge33764,egauge30039,egauge8617,egauge17073
,,1,0,1,0,0,0.5,0.5,0.5,0.5,0.5
,,1,1,1,1,1,1,1,1,1,1
0.9997609672810366,1.0000437086391885
0.9977034254851349,0.9999479225389261
0.996783147962163,1.000560873695037
0.9960139325676896,1.0009323605012344
0.9994547771053652,1.000445664023255
0.9982416724084383,0.9999837631276567
0.9987718197936717,1.0009767010525181
0.9964594706618325,0.9996984799160705
0.9967261356254152,0.9995569929357128
0.9971700945636061,1.0004691261638547
0.9965324043711287,1.0006724038956292
0.9961518760471795,1.0008820335719584
0.995956034300335,1.0011071179231197
0.994812897754509,1.0013143013457695
,,egauge13830,egauge26086,egauge28684,egauge9102,egauge18158,egauge8617,egauge19821,egauge17073,egauge23534,egauge3167
,,0.5,1,0,1,0.5,0.5,0,0.5,0,0.5
,,1,1,1,1,1,1,1,1,1,1
0.999741191702649,1.0001212970074451
0.9975269837863275,1.0006113748328922
0.9957988308820142,1.0008250503324372
0.9951444057773563,1.0008955069061984
0.9989706380142382,1.000452994267301
0.9977554172097864,1.0019823237012069
0.9986640448665388,1.0000785162741903
0.9972239177016607,1.0009437957118414
0.9964492986716649,1.0006417406618915
0.9973731176417,1.001074998713103
0.9955483808333089,1.000791999651941
0.994619329955222,1.001210591888905
0.9944147801677775,1.0008445517211488
0.9951231405927008,1.0010882498988494
,,egauge27467,egauge30378,egauge8617,egauge23534,egauge30039,egauge3167,egauge17073,egauge4183,egauge16608,egauge13830
,,0,0,1,0.5,0,0,0.5,1,0,0
,,1,1,1,1,1,1,1,1,1,1
0.999762891332141,1.0000539755612181
0.9980404303714859,1.0004102831190052
0.996739232345198,1.000763925642789
0.9959886086003675,1.000661522133616
0.9995266403514932,1.0000005045757734
0.9971062337830424,0.9996145633244706
0.9986811899229185,1.0012242930597737
0.9971533685437913,1.0006839944965698
0.9975622359430814,1.0002787542172196
0.9979530144677815,1.0003137814728025
0.9963570324079336,1.0009085422168211
0.9965901173849142,1.0011710851023925
0.9953210181171358,1.000581474589873
0.9952269660687943,1.0006080127419072
,,egauge26086,egauge30039,egauge5198,egauge23534,egauge28684,egauge3167,egauge8617,egauge16608,egauge13974,egauge30378
,,0,0,1,0,0,0,1,0,1,1
,,1,1,1,1,1,1,1,1,1,1
0.9997163348869957,1.000079004633444
0.9976463317222715,1.0007301154471249
0.9958318506018553,1.001552624731982
0.994600353291827,1.0021299615313977
0.9986259732961867,1.00002026779985
0.9978889984245934,0.9998739302826237
0.9980119408036504,1.001021228208523
0.9969213402202379,1.00064913915844
0.9974849846231747,1.0006997475301336
0.9975501452538099,1.0006721899391882
0.9958072084936889,1.0017759759726845
0.9949176776889317,1.0014271796025764
0.994001055166991,1.0025676085616302
0.9934225305134069,1.002480587244821
,,egauge3167,egauge18350,egauge20407,egauge33764,egauge22271,egauge18544,egauge15623,egauge4183,egauge26086,egauge9102
,,0.5,0.5,0,0.5,0,0,0,1,0,1
,,1,1,1,1,1,1,1,1,1,1
0.9997498018005574,1.000018633119011
0.9980762509616832,1.000395258982272
0.9969229050132307,1.0007562439424076
0.9959561669033252,1.000929197267011
0.9994392765618472,1.0001636112143832
0.9988616954876249,1.0003605506363165
0.996366129936949,0.999564572880951
0.9972994080446357,1.0006381843926586
0.9972596486184354,1.0003244319187226
0.9979030429254899,1.0003180572775134
0.9968278564469591,1.0007273268098587
0.9967115257434542,1.001141754096599
0.9953920376488574,1.0009012859579316
0.9951693171945911,1.001272937168019
,,egauge9102,egauge15623,egauge33764,egauge32290,egauge20407,egauge13974,egauge26086,egauge30378,egauge19821,egauge7692
,,1,1,0.5,1,1,1,0.5,0.5,0.5,0.5
,,1,1,1,1,1,1,1,1,1,1
0.9996439023545345,1.0001247150845867
0.9968442551331905,1.00076482856036
0.9950844943417854,1.0013041699492522
0.9946207738670281,1.0016346232750668
0.9988536040708557,1.0004839069037126
0.9972718198741716,1.0009003603426465
0.9977520319699579,1.0006843822816132
0.9963407286282779,1.0006939705614477
0.9959081755731608,1.0005826461832315
0.9951324802885698,1.001905394162369
0.9947686446682931,1.001453014043783
0.9936622079050745,1.0013470147953734
0.9941152719719304,1.0018824230075232
0.9945251490856055,1.0018275344663006
,,egauge3167,egauge26086,egauge15623,egauge13974,egauge27467,egauge30378,egauge22271,egauge16616,egauge7692,egauge4183
,,0.5,1,1,0.5,1,0,0.5,1,0.5,0.5
,,1,1,1,1,1,1,1,1,1,1
0.9997474640774408,1.000184158197968
0.9978862572738185,1.0011459326532899
0.9971624664007349,1.0018676561792186
0.9970159030852807,1.00202154409504
0.999490722136582,1.0003767392955796
0.9977982753223152,1.0020294336214648
0.9971593021263733,1.00101419388483
0.997009425567975,1.0013431033295939
0.9978459031946074,1.0018145158188072
0.995296152839861,1.0007211206618414
0.9968869440825544,1.0020662584737015
0.9966645197489323,1.0023287714817872
0.9965633451009202,1.0021673575170673
0.9968385945619779,1.0020954845365224
,,egauge5198,egauge28684,egauge15623,egauge16608,egauge20407,egauge23534,egauge18158,egauge18350,egauge18544,egauge13830
,,0,0,1,1,1,1,0.5,0,0.5,0.5
,,1,1,1,1,1,1,1,1,1,1
0.9997571224825714,1.0000946512145714
0.9975935705250318,1.000826371226616
0.9966121530373298,1.0011458000199804
0.9960587853849139,1.0014817927423887
0.9988953395351559,1.0000687959395163
0.9987531085698458,1.0000546842062874
0.997124321754501,1.000924853738
0.9967371729807605,1.0012822025198955
0.9964856215377257,1.0006458188409586
0.996367412100218,1.0019866757147395
0.996468295026858,1.001166465824389
0.9962501629082818,1.0011029674706555
0.9959791732397024,1.0016785275518696
0.9952505927875416,1.0018140232555615
,,egauge18158,egauge4183,egauge18544,egauge8617,egauge15623,egauge16608,egauge7692,egauge22271,egauge32290,egauge16616
,,0.5,0,0,0,1,0,1,0,0,0.5
,,1,1,1,1,1,1,1,1,1,1
0.9997856608726101,0.9999667994085376
0.9985204048690083,0.999825155558037
0.9973967082603549,0.999621649847102
0.9969189702581513,0.9994111872291151
0.9983241562366131,1.0001217477895499
0.9987855326657048,0.9997161894937614
0.9988571869028875,0.9998812578887747
0.9983179825719595,0.9997543762069161
0.99726615460487,1.0001850584053238
0.996781265204457,0.9996626170633983
0.9973527036744668,0.9997743254513569
0.9963425597315241,0.9995421017412368
0.9964654853907557,0.9993675875524458
0.9967059193318624,0.9993043332647668
,,egauge19821,egauge16608,egauge13974,egauge15623,egauge32290,egauge5198,egauge30039,egauge28684,egauge13830,egauge18544
,,0.5,0.5,0.5,0.5,0,0,1,0,1,1
,,1,1,1,1,1,1,1,1,1,1
0.9997331750606919,1.0001280449405026
0.9980763233104947,1.0008799335316914
0.9972542559959768,1.0020390157666634
0.9971204166672161,1.00280954292918
0.9989948613964084,1.0004981295100843
0.9979279318321481,1.0004768746691857
0.9977936998291232,1.0006380991992514
0.9968570432137389,1.0010219407407481
0.9976224603761958,1.0002023405469507
0.997019768281435,1.000841308814936
0.9968594897657219,1.0023163134178237
0.9970198126440099,1.0020068570783363
0.9967281791969408,1.0032475407692312
0.9970351630068162,1.0034538136780242
,,egauge9102,egauge13830,egauge28684,egauge30378,egauge13974,egauge18158,egauge23534,egauge24121,egauge16616,egauge26086
,,1,1,0,0.5,0,1,0.5,0,1,0
,,1,1,1,1,1,1,1,1,1,1
0.9996770863071599,1.0000730466182806
0.9971249397959203,1.0002476151331834
0.9958260682558318,1.0002994637103273
0.9950382429928795,1.0004381917207332
0.9988867569334511,1.0004362045507447
0.9982506431895758,1.0013732344202995
0.9986575157225169,1.000029636522503
0.9957763901750634,1.0002880859766075
0.9962287809496354,1.0000958838065501
0.9953453313744545,1.0009236119424207
0.9956084480848825,1.0003737909707762
0.9950643652837439,1.0001726062582101
0.9945397103509812,1.0006710816258715
0.9941076411523053,1.0003953948959436
,,egauge13830,egauge17073,egauge4183,egauge30378,egauge18350,egauge16616,egauge5198,egauge23534,egauge28684,egauge33764
,,0,1,1,0.5,0.5,1,0.5,0.5,0,0.5
,,1,1,1,1,1,1,1,1,1,1
0.9997730217107845,1.0001499620440641
0.9980492039721347,1.0009189369267928
0.9969917109412179,1.0013670620500459
0.9963171613193308,1.0015016581317013
0.9990004435558519,1.0000996051581468
0.997779958563035,1.0018378144616753
0.9987563513454929,1.0010073204964216
0.9969318701696087,1.0009796927313155
0.9979483065421785,1.0011012305690117
0.9967039408853576,1.001750256936501
0.996913430712124,1.0014538878338235
0.9963634661749481,1.0016778081692925
0.9960421166714845,1.0014798038051023
0.9953701714780769,1.0017590553555553
,,egauge28684,egauge13974,egauge8617,egauge9102,egauge15623,egauge13830,egauge22271,egauge3167,egauge30039,egauge30378
,,1,0.5,1,0.5,1,0.5,0,1,1,0.5
,,1,1,1,1,1,1,1,1,1,1
0.9997465157203475,1.0001914159345073
0.9978958945869795,1.0012057798266785
0.9966712768836749,1.0018688935716242
0.9956921217156693,1.0023308985038404
0.999271083860138,1.0007908499496367
0.9978728361159193,1.0006531260827418
0.9986750470051802,1.0013625373009944
0.9972710540567328,1.0013070787838472
0.9966668168220788,1.0015807067073277
0.9973474420767148,1.0017471034304137
0.9964984545866455,1.001839938434419
0.9963518361939312,1.0022763661329241
0.9949981376109899,1.002812449157116
0.9946371889508097,1.0023952453112892
,,egauge33764,egauge32290,egauge4183,egauge16608,egauge26086,egauge18544,egauge18350,egauge16616,egauge13830,egauge23534
,,0,1,0.5,1,1,1,0.5,0,1,0
,,1,1,1,1,1,1,1,1,1,1
0.9997431314539426,1.0000973877892498
0.9978354463898036,1.0011796983247079
0.9966877344671815,1.0012644253113283
0.9958115429809915,1.0015978516082327
0.9987829786803812,1.000031649382763
0.9977991323561671,0.9999871280591617
0.998713501220609,1.0003589777504605
0.9969788031027916,1.00159516486104
0.9971298492243156,1.0021226830519574
0.9977392383565439,1.002251111119019
0.9965561933223205,1.0013347030023763
0.996421970050845,1.0007993707896268
0.9952980985948529,1.0020498109062168
0.9947806089453378,1.0014907212112143
,,egauge18544,egauge13830,egauge19821,egauge20407,egauge3167,egauge30039,egauge17073,egauge18158,egauge23534,egauge4183
,,0,1,0.5,0,0.5,0,0.5,0,0,0
,,1,1,1,1,1,1,1,1,1,1
0.9996962512417159,0.999985942702016
0.9971951308179288,0.9995596378195026
0.9950211901198143,0.9994053100517457
0.9942150940543831,0.9992775204258455
0.9992888410627025,0.9999407877298158
0.9982623692895525,1.0012822461467035
0.9981752637648375,1.0006825900643206
0.9964196280713601,0.9993517785030767
0.9971749697713332,0.9996405175746649
0.9963521798298712,0.9994565728543554
0.994565985872925,0.9994176839359711
0.9938533817802347,0.9993305099640305
0.993486275393145,0.9992266626144216
0.9939390381946869,0.9991386375008436
,,egauge9102,egauge24121,egauge3167,egauge26086,egauge7692,egauge33764,egauge18350,egauge18544,egauge28684,egauge27467
,,0,1,1,0,1,0.5,0,1,1,0.5
,,1,1,1,1,1,1,1,1,1,1
0.9998255455053359,1.0001518319383866
0.9985033600928787,1.0013183286520717
0.9981005446638169,1.0022378930576397
0.9977689369190206,1.0028028385896839
0.9989986683605917,1.0000968220515851
0.9982146405098375,1.0006603153824516
0.9991845121608718,1.0009849729458928
0.9976561134203478,1.0012368442868618
0.9981066420503338,1.0017845659188611
0.9967735901986,1.001821030133683
0.998055246874379,1.002217201605757
0.9980045240046567,1.002881729686855
0.997493417879676,1.0032116191917735
0.9976196395707408,1.0031463253124469
,,egauge17073,egauge33764,egauge20407,egauge18544,egauge30378,egauge16608,egauge28684,egauge9102,egauge4183,egauge26086
,,0,0.5,1,0,1,1,0.5,1,0.5,0.5
,,1,1,1,1,1,1,1,1,1,1
0.9996756522447381,1.0000863698793216
0.9978021250231117,1.0010170136219532
0.9966174698340382,1.0016381141647301
0.9960195678709639,1.001958793878891
0.9984383355864271,0.9999578356714013
0.9979185229676224,1.0006069477952295
0.9972914634308352,0.9997633120055135
0.9977113428978358,1.0009532163119388
0.9966535345595144,1.001361451689944
0.9961121254948894,1.0018871400634748
0.9965516995861292,1.0017378968302852
0.9957981080570775,1.0019843403152728
0.9958820716543886,1.002009819093179
0.9952220344361737,1.0024199588541922
,,egauge3167,egauge30039,egauge13830,egauge33764,egauge28684,egauge16608,egauge32290,egauge26086,egauge18350,egauge5198
,,0.5,1,0,0,0,0,1,0.5,1,1
,,1,1,1,1,1,1,1,1,1,1
0.9997654794675616,1.0001170479633172
0.9981076591962234,1.0006766607935498
0.9971043271070185,1.001416418399867
0.9968455874516606,1.0019808244372261
0.9994817505327479,1.0002989133843805
0.9978905310379808,1.0015746141396853
0.9981222283825434,1.000040491071164
0.9974229074003474,1.000605810175114
0.997774766185401,1.0006462947924883
0.9962944093890287,1.0004450208092253
0.9968904877556992,1.001387478713251
0.9961077182005024,1.0018719329686556
0.996707956252989,1.0023016649783598
0.9959409429930643,1.00245273273074
,,egauge8617,egauge19821,egauge24121,egauge17073,egauge13974,egauge9102,egauge13830,egauge3167,egauge5198,egauge22271
,,1,0,0.5,1,0.5,0.5,1,0.5,1,0.5
,,1,1,1,1,1,1,1,1,1,1
0.9997328100827806,1.000185628911869
0.9978479892307169,1.001796551814497
0.9971131644559263,1.0028619493810076
0.9965913287704231,1.0034401879130606
0.9992833697038551,1.0007743472937773
0.9979862278336895,1.0000609958965914
0.998105666950964,1.0003237998816863
0.9971323102359313,1.0025914154060067
0.997041676850074,1.00203987951372
0.9964071456502996,1.0021253594612405
0.9969856691026201,1.0031146520439387
0.9970705358107468,1.003055140006524
0.996569601089101,1.0037549504319119
0.9957507357627108,1.0039451587334711
,,egauge30039,egauge4183,egauge32290,egauge13974,egauge20407,egauge22271,egauge30378,egauge18350,egauge16616,egauge23534
,,0.5,1,0.5,0.5,0,0.5,0.5,0,1,0.5
,,1,1,1,1,1,1,1,1,1,1
0.9996951517074026,1.0000140285429624
0.9971007417688211,1.000030208821809
0.9957135548441425,1.0004083996629975
0.9952050592608288,1.0008695349046852
0.9987153983282855,1.0003260688041558
0.9987797168843984,1.0008112181338837
0.9976304240802332,0.9998016295199993
0.9962247266125637,1.0002538550626165
0.9961342079037783,0.9996619060953738
0.9958144956664446,1.0009186560718621
0.9951636369999571,1.0004331770857835
0.9955965310419872,1.000344208316873
0.9950098724262786,1.0011826694234955
0.9946418578749893,1.0011800980144758
,,egauge18544,egauge9102,egauge18350,egauge27467,egauge7692,egauge30039,egauge4183,egauge28684,egauge18158,egauge30378
,,0.5,1,0.5,0.5,1,0.5,1,1,0.5,0.5
,,1,1,1,1,1,1,1,1,1,1
0.9997962244265713,1.0001693294803287
0.998470936714157,1.001313737261084
0.9971768947620133,1.0019429999345972
0.996000400098347,1.0019814655514339
0.9994781340339,1.0004678839707557
0.998304022568494,1.0008508279527
0.9988162545342658,1.0005973988591752
0.9983992659164657,1.0016481581536523
0.9979268025246203,1.0017681396163287
0.9966939341481366,1.0018938271505
0.9971480998510521,1.0020960947032562
0.996937775004042,1.0025544089232525
0.9951255550856982,1.0020060454689506
0.9948385834318907,1.002033619116395
,,egauge8617,egauge20407,egauge30378,egauge32290,egauge23534,egauge22271,egauge28684,egauge9102,egauge19821,egauge27467
,,1,0.5,0,0,1,0.5,0,0,0,1
,,1,1,1,1,1,1,1,1,1,1
0.9996799363395037,1.0000231581577577
0.997820232292541,1.000576397315589
0.9968072122012148,1.0009044860061096
0.9963551038783248,1.0012892168800165
0.9992189422541068,1.000598295169133
0.9973442950803939,0.9995762161187873
0.9968197872169664,0.9995656310566168
0.9972959712677922,1.0000123286324316
0.997376584272547,1.0012556656785532
0.9960603398167921,1.001504113622265
0.9967373159303469,1.0008920905363607
0.9960089329247904,1.0008636488601161
0.9958340947736102,1.0012222063834684
0.996291510618858,1.0020396143082209
,,egauge5198,egauge18544,egauge30378,egauge13830,egauge18158,egauge16616,egauge15623,egauge28684,egauge20407,egauge18350
,,1,1,1,1,0.5,0,0.5,1,0,0
,,1,1,1,1,1,1,1,1,1,1
0.9997614939577065,1.0000531619779625
0.997975483827867,1.0001374446997227
0.996342651612363,1.0001498400729678
0.995547908178286,0.9999004925367575
0.9988761128526071,1.0005070771194007
0.9991916076974784,1.0012112613650879
0.9969573423600236,1.0007468273309963
0.9972678271096045,1.0007245737154287
0.9967411094696763,1.0001874254633623
0.9967668913683421,0.9994780089229437
0.995833366895527,1.0001580965530021
0.9961936067898762,1.0005671928166118
0.994940710164372,0.9996751455251618
0.9951119804390305,0.9998149577158176
,,egauge19821,egauge16616,egauge5198,egauge20407,egauge18158,egauge26086,egauge22271,egauge33764,egauge30039,egauge4183
,,0.5,0,0.5,0,1,0.5,0.5,1,1,0.5
,,1,1,1,1,1,1,1,1,1,1
0.999700157098154,1.0000713145758224
0.9976269385741758,1.000843680780642
0.996556675729017,1.001814788279548
0.9962150418988021,1.0023345462954742
0.9989545733399096,1.0004137707525869
0.9982442613499177,0.9997630690718845
0.9979783508970054,1.0005159940754844
0.9965893660058578,1.0005198248910752
0.9968448420179733,1.001137388751008
0.9961021087006647,1.001619333660815
0.9961622362579908,1.0020106891579852
0.9956139137394027,1.0024690369323257
0.9959545002576768,1.0028572302978729
0.9959489675883374,1.0024632501032187
,,egauge30378,egauge27467,egauge9102,egauge19821,egauge32290,egauge30039,egauge3167,egauge26086,egauge18158,egauge23534
,,0.5,0,1,0.5,0,0.5,1,0.5,1,0
,,1,1,1,1,1,1,1,1,1,1
0.9996847513111825,1.000072714053047
0.9976953513478761,1.0005559521968517
0.9963757277742573,1.0011281680710171
0.9950114070204645,1.001307602233848
0.9982950697462353,1.0001316389825368
0.9991373560457927,0.999992785817284
0.9980810904350671,1.0008204028899326
0.996999940638376,1.000879945188915
0.997140945982356,0.9998986020659393
0.9962187808823373,1.00113552322428
0.9963921670471627,1.0012811157162314
0.9954839869958565,1.0015602373364934
0.9941520174985826,1.0015698817588137
0.9939496381756352,1.0012219251069774
,,egauge16608,egauge13830,egauge24121,egauge27467,egauge5198,egauge32290,egauge15623,egauge8617,egauge13974,egauge26086
,,0,0,0,0.5,0,0,0,0,0.5,1
,,1,1,1,1,1,1,1,1,1,1
0.9997146818426744,1.000012404573716
0.9981805861893116,1.000346581619088
0.9968004637349651,1.000926426104329
0.9957247129325839,1.001632029547034
0.9987199927008465,0.9999362877134056
0.9981793123510593,0.9999524612820285
0.9980229789061617,0.9997966770446903
0.998029225742724,1.0006704944551885
0.9977978953828884,1.0003204275177493
0.9966346912896452,0.9995229777881895
0.9962991177506045,1.000897503158854
0.9966422546446043,1.0008469815513414
0.9951101661274048,1.0017732232421368
0.9946408236666767,1.0026296792711389
,,egauge16616,egauge22271,egauge3167,egauge15623,egauge27467,egauge19821,egauge18544,egauge4183,egauge24121,egauge18350
,,0,1,0.5,1,1,0,1,0,0,1
,,1,1,1,1,1,1,1,1,1,1
0.9997918260378227,1.0001076949036303
0.9980638587978284,1.000868963340282
0.997327323133949,1.001144349791828
0.9966984345228317,1.0012283938870778
0.9990357405042057,0.9998534097038608
0.9978108134567617,1.0021362137747307
0.9991508182601412,1.000487359216365
0.9967942858429618,1.0012431145129763
0.9979447408557095,1.001568140260187
0.9967584773902635,1.0007194367268923
0.9972959027279873,1.0013924055652537
0.9971781039298563,1.000973287565691
0.9963291695230954,1.0010609268568356
0.9961874274235035,1.0016346500718256
,,egauge17073,egauge7692,egauge8617,egauge28684,egauge33764,egauge4183,egauge23534,egauge18350,egauge32290,egauge26086
,,0,0,0,0.5,0,0,1,0,0,0
,,1,1,1,1,1,1,1,1,1,1
0.9997463097524163,0.9999620640929368
0.9979817568553054,0.9998401322365351
0.9965695580261901,0.9996884285612834
0.9955854347596262,0.9994187469077455
0.9984134837881308,0.999845268636517
0.9976584392491589,0.9998604745978296
0.9986531312997237,0.999815781743355
0.9976251141678228,1.000113253847677
0.9970685438983552,0.9997868587691788
0.9975374653201368,0.9995513256286872
0.9962285053461822,0.9999791967712298
0.9963445580422768,0.9996312882021245
0.9951877478358104,0.9993678805988014
0.9944380570419228,0.9993760016917972
,,egauge17073,egauge9102,egauge5198,egauge24121,egauge30378,egauge8617,egauge16608,egauge27467,egauge19821,egauge30039
,,1,0,0.5,0,1,0.5,0.5,0,0.5,1
,,1,1,1,1,1,1,1,1,1,1
0.9997293931046144,1.0001402352408229
0.9980606383787319,1.000904875551867
0.9968353096149655,1.001656535105209
0.9958761829101674,1.0023368392388823
0.9987632086329112,1.0010479103552032
0.9981740929879929,1.0000551420825143
0.9980126351372618,1.000589704043254
0.9973391746895718,1.0004899497215751
0.9969514688707235,1.0012290021145638
0.9978726660307579,1.0013686601567438
0.9964694983973971,1.0017268453212718
0.9967181300295839,1.0016029628209961
0.9953890716608069,1.0025848443360172
0.9948557884391853,1.0031096505852866
,,egauge18544,egauge20407,egauge16608,egauge17073,egauge16616,egauge28684,egauge24121,egauge4183,egauge3167,egauge13974
,,0,1,1,0,1,0,0.5,1,0,1
,,1,1,1,1,1,1,1,1,1,1
0.9997235447489315,1.0000767890729496
0.9981731876141292,1.0006477341319069
0.9972669201602291,1.0011861562103983
0.9966613285103029,1.001493904876059
0.999433975611581,1.0000340105903562
0.9974693697029888,0.9997676921748158
0.9977991439224096,1.0010404464311458
0.9971349437828845,1.0005217513103617
0.9976649991367262,1.001030603289899
0.9977498667495918,1.0005970364146157
0.9970358907317662,1.0011861562024114
0.9969892867666407,1.0015742615928376
0.9966251133355352,1.0014720507608754
0.9956718576176471,1.0021317756355121
,,egauge15623,egauge8617,egauge30378,egauge9102,egauge18544,egauge33764,egauge5198,egauge30039,egauge20407,egauge3167
,,0,1,0.5,1,0.5,1,0,0,0,0
,,1,1,1,1,1,1,1,1,1,1
0.9997298835885451,1.0000038741609647
0.9983878691419723,1.0000646446235528
0.9968835137910388,0.9996519691163596
0.9958538593291701,0.9994155475483266
0.9984276167839768,0.9999335443129963
0.9987440219485912,1.0010787925603128
0.9969459582048246,1.0001210626873194
0.9976269509614506,1.0003479604260657
0.9983001870469471,1.000216397415523
0.9966170845953901,1.0009096322381563
0.996546444325735,0.9996395919821848
0.9961270506841458,0.9994772051420718
0.9947048462240494,0.9992485904130656
0.9958219351259797,0.9993621169181439
,,egauge17073,egauge33764,egauge24121,egauge3167,egauge30039,egauge30378,egauge19821,egauge18350,egauge7692,egauge28684
,,0,1,1,0.5,0.5,0.5,0,0,0,1
,,1,1,1,1,1,1,1,1,1,1
0.9997610443875624,1.0000882124776935
0.9980586612630501,1.0005795380158928
0.997269133307433,1.0008194046154233
0.9970970654981876,1.0011462843164687
0.998442254506365,0.9999598882606889
0.9979581111503921,1.0013027257622507
0.998119062304261,1.0006313660674757
0.9977560380602283,1.000751633297497
0.9970910290674154,1.0008596120119575
0.9958710977533047,1.0006953921266255
0.9970182453090136,1.0007863541554978
0.9968536113845489,1.000755182177203
0.9966534306399736,1.0011098763561266
0.9969478871434161,1.0017463947786542
,,egauge15623,egauge27467,egauge7692,egauge18350,egauge3167,egauge18158,egauge18544,egauge20407,egauge30039,egauge5198
,,0,1,0,0.5,0,0,0.5,0,1,0
,,1,1,1,1,1,1,1,1,1,1
0.9997433354090904,1.000015090699
0.9981815368668008,0.9999243304397387
0.9970120198012846,0.9999515559546979
0.9962994463415196,1.000085912691484
0.9984410478709489,0.9999305961173661
0.9994727076696237,1.001407011522471
0.9975537660178513,0.9998893416198029
0.9978379506280067,1.000035592057168
0.9979290002249915,0.9998672651455369
0.9955457709856653,0.9996512416868033
0.9969708929122136,1.0000134689838949
0.9953500465546455,0.9996201847681208
0.9958202425645433,1.0002604955707266
0.9953953877584294,1.0000538280787417
,,egauge17073,egauge27467,egauge28684,egauge15623,egauge20407,egauge13830,egauge16608,egauge3167,egauge5198,egauge18544
,,1,0.5,0.5,1,0,0.5,1,1,1,1
,,1,1,1,1,1,1,1,1,1,1
0.9998113009791916,1.0001758890805776
0.9982507666696319,1.000963436948962
0.9976857657407255,1.0021064786193805
0.9972297253880503,1.0027549261320197
0.9988143906569277,1.0010525063227536
0.9995353990669168,1.0008159269736954
0.998674641016845,1.0007717777361111
0.9971438319515887,1.001294932886421
0.9970513596510782,1.0006496534518767
0.9967900444824455,1.0015395676075525
0.9973319228012385,1.0022927181290024
0.997659601370243,1.0025140653775781
0.9966140749723519,1.0030687585096778
0.9971231471910972,1.0033776652871202
,,egauge22271,egauge8617,egauge13830,egauge33764,egauge18350,egauge30378,egauge16616,egauge9102,egauge15623,egauge20407
,,0,1,1,0,0.5,1,0,0.5,1,0.5
,,1,1,1,1,1,1,1,1,1,1
0.9997324961000562,1.0000472588513352
0.9976713171353087,0.9999287187804059
0.9963203083119246,0.9997592451516547
0.9951095368943572,0.9997209596001159
0.998684773208676,0.9999935022492825
0.998729194975442,1.0011075665219116
0.9982055816630243,1.001443810241425
0.9967960020082686,0.9998579307615988
0.9974981463931616,1.000031323406217
0.9954145850983077,1.0004090305493765
0.9960327405894205,0.9996395995038302
0.9956108777382949,0.9998340897839737
0.99421397157249,0.9998663775634198
0.9942173662855396,0.9994430936175692
,,egauge16608,egauge9102,egauge16616,egauge5198,egauge20407,egauge24121,egauge27467,egauge22271,egauge30039,egauge4183
,,0.5,1,0,0,1,0,0,0,1,0.5
,,1,1,1,1,1,1,1,1,1,1
0.9997376043948052,0.9999950503723063
0.9980321381134327,0.9999897530510563
0.9970045897308061,1.0003067403157782
0.9966797714582099,1.00082559207908
0.9987871851398343,1.0001760690379538
0.9982021933555316,1.000714782662022
0.9980454084568163,0.9997585574585928
0.9972918354776688,0.9999594116923344
0.9970444000111066,0.9998279575534921
0.9970136119796082,0.9997216722058653
0.9969552383771635,1.0002902247698264
0.9959509314826679,1.0002425567713695
0.9961276357144946,1.0013500146859973
0.9964348417286722,1.0009219446233903
,,egauge3167,egauge13830,egauge20407,egauge8617,egauge13974,egauge18544,egauge22271,egauge16608,egauge15623,egauge17073
,,0.5,0,1,0.5,0,0.5,1,0.5,1,0.5
,,1,1,1,1,1,1,1,1,1,1
0.9997448085659376,1.0001218741778206
0.9981411668303998,1.0013414934626013
0.9969380019439783,1.0025089938421918
0.9964098191292516,1.002977703957992
0.9994782401126256,1.0003109919976156
0.998215247718416,1.000061923107084
0.9973294652244147,0.9997972846459412
0.9980705283933574,1.0015745545090562
0.9972741410639924,1.0011996927827216
0.9980064329443902,1.0018829037658694
0.9967410428240927,1.002927310699578
0.9959907305493589,1.002687828203917
0.9955404496057213,1.0032624075657204
0.9954856747446862,1.0033435087826303
,,egauge4183,egauge30378,egauge18350,egauge22271,egauge15623,egauge18544,egauge17073,egauge16608,egauge16616,egauge26086
,,0.5,0,1,0,0.5,1,0,1,0.5,0
,,1,1,1,1,1,1,1,1,1,1
0.9997270520820954,1.0000519792345963
0.9979699388224663,1.000445829145477
0.9963650556974114,1.0005271981403654
0.9956864604554663,1.000431220765887
0.9993266293472826,1.000171506170362
0.9970479295130089,0.9996125680364926
0.9988006594646648,1.0009944319065012
0.9970818155554435,1.000385115881188
0.997336165213098,1.0005917560346889
0.9978737154524991,1.001605612655808
0.9960651525035269,1.0004776405290905
0.9954290533997591,1.0009948526844092
0.9954766990882494,1.0003511949978128
0.9948573868021633,1.0003907418553417
,,egauge32290,egauge23534,egauge18350,egauge15623,egauge13830,egauge4183,egauge8617,egauge9102,egauge19821,egauge33764
,,0,1,0,0,0,0,0,0.5,0.5,1
,,1,1,1,1,1,1,1,1,1,1
0.9997643895906722,1.0000427764113318
0.9982215985414093,1.0004543634272707
0.997056449074705,1.0010914598038145
0.9960642238065983,1.0017006471784107
0.9987550594276644,0.9998845796588712
0.998111272292645,1.0014893585020812
0.9987462547767049,0.9999440592753076
0.9970678413236256,1.0003443638705862
0.9977727778905884,1.000403767923662
0.9976977208930321,1.000145619352315
0.9969865320737485,1.0010625312188508
0.9964180951299235,1.0012092640243548
0.9955723129769777,1.0019411753738612
0.9951285547710369,1.0023655403873155
,,egauge30378,egauge16608,egauge24121,egauge9102,egauge22271,egauge23534,egauge28684,egauge15623,egauge20407,egauge16616
,,0,0.5,1,1,0.5,1,0.5,0.5,0.5,0.5
,,1,1,1,1,1,1,1,1,1,1
0.9996883206277155,1.0000395004654463
0.9978157861273863,1.0005262103172792
0.9965286107287277,1.000342732208389
0.9955995319741144,1.0001188904552962
0.9982665348116446,0.999802700279127
0.997834660202867,1.000382686982033
0.9980388300522168,1.0006071001134464
0.997069921971987,1.0008788929799044
0.9969152808477814,1.000992011692601
0.9966716880654471,1.0017338947230974
0.9964710672438906,1.0004170632214329
0.9952100393664605,1.000410491152814
0.9949778492822435,0.9999443727431085
0.9948554919811514,1.000001254143269
,,egauge15623,egauge5198,egauge18544,egauge7692,egauge13830,egauge33764,egauge28684,egauge32290,egauge16608,egauge13974
,,0,0.5,0,0,0.5,1,1,1,1,0.5
,,1,1,1,1,1,1,1,1,1,1
0.9997713671663159,1.0001116051891663
0.9978185888254693,1.0011761538229043
0.9962939291929213,1.0018794574629304
0.9952264431733304,1.0022964513760004
0.9984780851156455,1.000056431260588
0.998145104351798,1.0005314910102885
0.9989830427987206,1.0000260455912349
0.9977177189860575,1.0011255151653464
0.9970525809145024,1.0014682902745118
0.9967112346776634,1.0023175656302614
0.9961994239166211,1.0021070336318434
0.9957618984116419,1.0018044384180351
0.9946050352386079,1.002617411246994
0.9943553704694397,1.0025216986285073
,,egauge15623,egauge27467,egauge18544,egauge33764,egauge4183,egauge20407,egauge17073,egauge7692,egauge28684,egauge13830
,,0,1,0.5,1,1,0,0,1,0.5,0.5
,,1,1,1,1,1,1,1,1,1,1
0.9997959617370967,1.0001034629442729
0.9981120700119489,1.000697988858849
0.9971143687650917,1.0011440945159258
0.9967004042044088,1.0014388804217735
0.9984867427257396,1.0000443984894283
0.9994949657849521,1.0015209842326265
0.9991465691637731,1.0006846422112392
0.9972490672181157,1.0011030867074464
0.9978901109728741,1.000951129709424
0.9960232065685564,1.000099829120015
0.9967442371311187,1.001094500784546
0.9970078051443486,1.0015418051140044
0.9964397124177233,1.0016353974947252
0.9961723068081153,1.0017684367905355
,,egauge5198,egauge22271,egauge27467,egauge7692,egauge32290,egauge16608,egauge19821,egauge26086,egauge8617,egauge13830
,,0,0.5,0.5,1,1,1,1,1,0.5,1
,,1,1,1,1,1,1,1,1,1,1
0.9997827890844605,1.0002403500314316
0.9978313005408008,1.0020576157666414
0.9965068253110252,1.0035925109823411
0.9959662251311532,1.0041391496314207
0.9989431105545687,1.0002189561144226
0.9978337504056376,1.0011944924610032
0.999484405309739,1.0009255263667796
0.9977909489804824,1.0025242598875044
0.9973271850719736,1.0019866495680396
0.9961801448024562,1.002909719927358
0.9962767049194748,1.0039034994529312
0.9957619842005662,1.0044848331298468
0.995886621614817,1.0043072582748114
0.9951793678583861,1.0048059554450635
,,egauge5198,egauge7692,egauge16616,egauge18350,egauge20407,egauge17073,egauge30039,egauge18544,egauge4183,egauge28684
,,1,0.5,1,0.5,0.5,1,1,0,0,1
,,1,1,1,1,1,1,1,1,1,1
0.9998208082814518,1.000125257596603
0.9982486597770797,1.0007210620050526
0.9975102254662158,1.0013457293445946
0.9972500577426826,1.0015830993353223
0.9989129692124645,1.0005893091038278
0.9979093887233841,1.0005378815828234
0.9982504476126001,1.001035706143335
0.9978871351850299,1.0008925220124565
0.9972606685432991,1.0001091177718793
0.9966920197556458,1.0023150772742693
0.9971153397906695,1.0016476213767582
0.9974175149037499,1.0013028866926053
0.9970616412691476,1.0014669549286312
0.996877142925028,1.0021942487749014
,,egauge23534,egauge16608,egauge7692,egauge3167,egauge16616,egauge20407,egauge13830,egauge30039,egauge18158,egauge9102
,,0,0,0,0,1,0.5,0.5,1,1,0.5
,,1,1,1,1,1,1,1,1,1,1
0.9997344317245621,1.0000454907303715
0.9981446718256802,1.0006121404337676
0.9969938982396026,1.0014802581954791
0.9958493742488973,1.0018008133189868
0.998676874892007,0.9999498238422713
0.9978084714434379,0.9999080962959705
0.9975662756135938,0.9999385565828335
0.998058926692851,1.000581776747703
0.9975620409574193,1.0009868045028465
0.9960115698224918,1.0000388896636123
0.9968952027921064,1.0016084530013387
0.9964332165167911,1.0020806051253737
0.9950180192099696,1.0020632454465754
0.995158235313301,1.001950877183002
,,egauge16616,egauge32290,egauge23534,egauge7692,egauge13974,egauge5198,egauge18158,egauge30378,egauge8617,egauge18544
,,0,1,1,0,1,0,1,0,1,0
,,1,1,1,1,1,1,1,1,1,1
0.9997435200200911,1.000048619296296
0.998131615528239,1.0006135119667983
0.996959490039235,1.0009668066269704
0.9968639178318468,1.001257433779042
0.9990328130233872,0.9998340269461249
0.99779322378502,0.9999061853499932
0.9979920761758634,1.0016092463892474
0.9977261910946492,1.0005629069489674
0.9972645991692434,1.001170565643553
0.9970495082591312,1.0005748994016597
0.996625265003263,1.001111457858011
0.9955234137206025,1.000731330957223
0.9968204495224035,1.001650890543479
0.9967680378970912,1.0012059250480634
,,egauge32290,egauge20407,egauge8617,egauge3167,egauge24121,egauge26086,egauge19821,egauge9102,egauge4183,egauge18350
,,1,0.5,0.5,1,0,0.5,1,0,0,0
,,1,1,1,1,1,1,1,1,1,1
0.9997264214984,1.0000179366001383
0.9980352171368417,1.0004397856953648
0.9969237031591642,1.00061878684716
0.9966811690950289,1.0004652274262864
0.9987467948875424,0.999938035274809
0.9973435536261918,0.9995906866798706
0.9986114478034533,1.0004884726771153
0.9979948559526711,1.0007839892341541
0.9975511369480584,1.000250053535608
0.9963094618893975,1.001270636113429
0.9966441486357529,1.0008973646603736
0.9960934079586758,1.0005652801595282
0.9964639199466084,1.000319731440505
0.9965533616233556,1.000422429296062
,,egauge32290,egauge18350,egauge3167,egauge15623,egauge13830,egauge4183,egauge7692,egauge13974,egauge20407,egauge8617
,,0.5,0.5,0.5,1,0.5,0.5,1,1,1,1
,,1,1,1,1,1,1,1,1,1,1
0.9997612686454468,1.000114535099037
0.9980096250715289,1.0012621942580562
0.9967571544274113,1.0021329425663668
0.9960664605141873,1.0023769034485503
0.9987374467951802,0.9998846830981982
0.9988096452248012,1.0004959302308845
0.9991439940741877,1.0004985756605562
0.9968241705634466,1.0016161802272527
0.997335592554826,1.0015750203453395
0.9975660240567857,1.0014088645827122
0.9966420440466389,1.0023191879025743
0.9958738654137688,1.0027702854471356
0.9952432870665967,1.0022675302793413
0.9958996349282491,1.002945668798533
,,egauge20407,egauge16616,egauge32290,egauge28684,egauge33764,egauge27467,egauge18350,egauge30378,egauge24121,egauge19821
,,0,0.5,0,1,0,0.5,1,1,1,1
,,1,1,1,1,1,1,1,1,1,1
0.9996993254824385,1.0000115616008733
0.9978810937280467,1.0013380735338422
0.9964256279877174,1.0023511111420582
0.9957451274973266,1.0028842152973863
0.9981548288188907,0.9997331567105583
0.9982661434229145,0.9998039900096434
0.9976382779158084,0.9997970469070747
0.9974978882343064,1.0019081081318952
0.9971956027528575,1.001267167558797
0.9976117519719959,1.0019684502694874
0.9963845296988378,1.0025291229188014
0.9950222999189878,1.0027158807243826
0.9953979680785029,1.0029563394130308
0.9950237796715554,1.0036790261309907
,,egauge13974,egauge5198,egauge18350,egauge28684,egauge16616,egauge23534,egauge26086,egauge32290,egauge13830,egauge22271
,,1,0,0.5,0,0.5,1,0,1,0,1
,,1,1,1,1,1,1,1,1,1,1
0.9997431822829689,1.0001272063754667
0.9977590119453703,1.0008334957607796
0.9961627303020698,1.0012947610053882
0.9953620629093085,1.0019068152591644
0.9987763396890167,1.0007908654076916
0.9981205441366663,1.00008254349493
0.9988055988149629,1.0005544550166685
0.9973859409426014,1.0007930007426202
0.9975319851262594,1.0007251088193045
0.9962755528908631,1.0021487582909694
0.9958423713888929,1.0012768334401128
0.9956046572380479,1.0012142677417142
0.9951379262327807,1.001876206475807
0.9943529054470007,1.003001491123581
,,egauge15623,egauge13974,egauge27467,egauge30378,egauge32290,egauge33764,egauge30039,egauge24121,egauge26086,egauge18158
,,0.5,0,1,0,1,0.5,0,1,1,0
,,1,1,1,1,1,1,1,1,1,1
0.9996941192514555,1.00007252875405
0.9975572948909477,1.0003387235563979
0.9962830249014666,1.00068985521362
0.9951336365277816,1.0010746039416718
0.9983919060504004,1.0002413673895143
0.9976770335353536,0.9998186464079761
0.9993865845881374,1.0015661027012897
0.9962413465857753,1.0000960518364093
0.9970432696494314,1.00026790122122
0.9960799758632194,1.000840843814669
0.9960883763472353,1.0006200331974697
0.9955345254960855,1.0008831274552477
0.9948156281084212,1.0017304254896886
0.9936476975921388,1.0007534925434136
,,egauge32290,egauge15623,egauge33764,egauge30378,egauge16608,egauge24121,egauge13830,egauge18158,egauge20407,egauge28684
,,0,1,0,0,1,0,0.5,1,0,0
,,1,1,1,1,1,1,1,1,1,1
0.9996550447939113,0.9999578700809316
0.9971953190248649,0.9998790700386679
0.9955512248797512,0.9999798596437884
0.9946933116618816,0.9997532901730846
0.9987364332612402,0.9998779184170608
0.9972713004237477,1.000701848176061
0.9977786754585846,0.9998402339375898
0.9961828501825476,0.9995669188841191
0.9963519907139835,1.000212924551342
0.9958961195405445,0.9996476482177341
0.9953084598422112,1.000088475891704
0.9943296368785604,1.0003193656331961
0.9938342448824374,0.9995279823797034
0.9944064778627397,0.9997105280487869
,,egauge16616,egauge19821,egauge16608,egauge9102,egauge7692,egauge18158,egauge13830,egauge33764,egauge32290,egauge4183
,,1,1,1,1,1,0.5,1,1,0,1
,,1,1,1,1,1,1,1,1,1,1
0.9997324939704455,1.0001883801352955
0.9980130873203327,1.0011305106807165
0.9970661155813316,1.0017205743721767
0.9966776399152413,1.0015479482928051
0.9990073195940115,1.0006381534562308
0.9983929193887838,1.0016884177667056
0.9978321011163868,1.001170385212949
0.9974080907211017,1.0014445882156895
0.9980338174246423,1.0015896045892954
0.995747930139423,1.0012012394434249
0.9968646191930897,1.0019687988780839
0.9961080658735701,1.002385483316701
0.9962815432634654,1.0010601100388146
0.9964933829644527,1.0019767152386707
,,egauge3167,egauge13974,egauge4183,egauge24121,egauge8617,egauge19821,egauge18158,egauge16608,egauge20407,egauge17073
,,1,0.5,1,0.5,0,0.5,0,1,0.5,1
,,1,1,1,1,1,1,1,1,1,1
0.9996885025337392,1.0000756435343365
0.9973356436089347,1.0002218262337481
0.9953134550769406,1.000312821597768
0.9942536538788702,1.0003647481482996
0.9994853722867374,1.0004822541949745
0.9978541190611651,1.0005555260032752
0.9987234372919521,1.0009383913970558
0.9968816281733406,1.000245244110533
0.9971945134408289,1.0001206690673778
0.9959919241727391,1.000781844343647
0.9948621916264458,1.0001725863246451
0.9945167083412122,1.0007945104334561
0.993761453182191,1.0000830550662057
0.9932034376064494,1.0011893559152363
,,egauge13830,egauge22271,egauge26086,egauge30378,egauge28684,egauge8617,egauge15623,egauge24121,egauge30039,egauge16616
,,0,0.5,1,1,0.5,1,1,1,0,0
,,1,1,1,1,1,1,1,1,1,1
0.9997419287608604,1.000109776050841
0.9977289046115281,1.0005025582303193
0.9959561920058233,1.0003183527426507
0.9952317170790514,0.9998518510450488
0.9989658740317182,1.0000776905325814
0.9977803347612644,1.0010597707613678
0.997649956633021,1.0020670345416747
0.9970162596291845,1.0008467873102576
0.9975877088425793,1.0007657671123693
0.997592155055212,1.0015186833788199
0.9954553491070058,1.000471154160408
0.9954350052625991,1.0005029943827173
0.9945381131763787,0.9997646107286204
0.9950403505513358,0.9992751906572022
,,egauge13830,egauge18544,egauge20407,egauge17073,egauge26086,egauge23534,egauge28684,egauge22271,egauge4183,egauge24121
,,0,0,0,1,0,0.5,0.5,0,1,0.5
,,1,1,1,1,1,1,1,1,1,1
0.9996757690175171,1.0000132520475387
0.9974352983777249,1.0007421882963836
0.9961874999203093,1.001008502874354
0.9957867349379237,1.001176949548933
0.998911471875109,0.9999659491365225
0.9989544179830924,0.9999300565070883
0.9963564113426087,0.9995560641167865
0.996619315139841,1.0015933851586467
0.9966495085029424,1.0006221425386124
0.9964954866069197,1.0013799003345436
0.9960396067373581,1.0011159586379375
0.9951348636099423,1.0009228560077987
0.9956275768551592,1.001467401432421
0.995350682915553,1.0011769494809273
,,egauge17073,egauge16608,egauge7692,egauge32290,egauge18350,egauge3167,egauge5198,egauge18544,egauge4183,egauge15623
,,0.5,0.5,0,0.5,1,0,0,1,0.5,1
,,1,1,1,1,1,1,1,1,1,1
0.9998057666634824,1.0001005362292064
0.998347911546907,1.0007348467533497
0.99739845049302,1.001415101526602
0.9965080212800518,1.0017228399535503
0.9986627112928889,1.0004857785355343
0.9979933911969412,1.0004540776816349
0.9975988804841964,0.9999912234782353
0.9978083839027342,1.0003604588319337
0.9978976416826612,1.0011804950955716
0.9977706420789841,1.0006383080969607
0.9973655335742685,1.0014068328569117
0.9973238279993449,1.0020583136521477
0.9964066450774256,1.0018030029822635
0.9951682479968692,1.0021195161975827
,,egauge8617,egauge26086,egauge5198,egauge19821,egauge30378,egauge32290,egauge3167,egauge16608,egauge4183,egauge18158
,,0,0,1,0.5,1,0.5,0.5,0.5,0.5,0.5
,,1,1,1,1,1,1,1,1,1,1
0.9997491528703998,1.0000553964664383
0.9976716041724092,1.000462750088044
0.9962987471117399,1.0007389052702749
0.9954538688698117,1.0008029289832967
0.9992678347154116,0.9999780382828387
0.9976353898768944,0.9999896508093848
0.9980117488107366,1.0009975937434603
0.9970467092094458,1.0007968350533534
0.996733611219102,1.0008069629481207
0.9966408702507404,0.9997421092678199
0.9962987469948094,1.000809139363525
0.995415942805476,1.000920904320445
0.9953670823109887,1.0008757247350126
0.9941688040695967,1.0008103889079707
,,egauge7692,egauge23534,egauge20407,egauge3167,egauge27467,egauge22271,egauge24121,egauge9102,egauge30039,egauge16616
,,0,0.5,0.5,1,0.5,0,1,0.5,1,0
,,1,1,1,1,1,1,1,1,1,1
0.9997478219495289,1.0000173785771778
0.9982918926490766,1.0005073898058183
0.9972174760796163,1.0006842230957647
0.9967957725338372,1.0007063713098627
0.9987220318697112,0.9999600658224979
0.9979743563203745,1.0006436558407565
0.9972505813429713,0.9995683377724074
0.9982515191793409,1.0009022665591931
0.9982515191693677,1.0008313641871684
0.9965714964822617,1.000391577178178
0.9970282795172971,1.0007214019674493
0.9964188081760967,1.0008662103942658
0.9961008755423933,1.0011724272202378
0.9962729342348233,1.0000646702483298
,,egauge4183,egauge17073,egauge26086,egauge33764,egauge7692,egauge13830,egauge20407,egauge32290,egauge18158,egauge9102
,,0,1,1,0,0,0.5,1,1,0.5,1
,,1,1,1,1,1,1,1,1,1,1
0.9997006061124155,1.0001065285714619
0.9975157673865583,1.0002825926062082
0.9957051547398362,1.000377566770037
0.994575064225641,1.0006208777847048
0.9992888607473622,0.9999197913028732
0.9977489364430708,1.0017695880705428
0.9975888989654239,1.0020987252698632
0.9967399709897254,1.000204907084088
0.997414933732563,1.0002320073739042
0.9965557922267931,1.0008689766570367
0.9954629413622323,1.000311502924439
0.9951628728326416,1.0002919837074142
0.9937233375823095,1.0006499883285183
0.9939380171637942,1.000984903393004
,,egauge24121,egauge16608,egauge33764,egauge15623,egauge9102,egauge23534,egauge28684,egauge18350,egauge27467,egauge32290
,,0.5,1,0.5,0.5,1,1,1,0.5,1,0
,,1,1,1,1,1,1,1,1,1,1
0.999768936162633,1.0001355861420025
0.9982612246944957,1.0011864330296192
0.9975329114368227,1.00169396710993
0.996907230297157,1.001726621035636
0.9989491012465513,1.0001970928840687
0.9979386911399618,1.0010493116210373
0.9978424896657012,1.0007226636571447
0.996995115927357,1.0013311113573662
0.9977701496838556,1.0015457922452433
0.997185813627496,1.0025235738216502
0.9974588090959094,1.0019297695047242
0.997021397525307,1.001908333295214
0.9968275378452671,1.002237010198509
0.9958324401175804,1.001030651076615
,,egauge30039,egauge18544,egauge23534,egauge5198,egauge9102,egauge24121,egauge30378,egauge16616,egauge17073,egauge8617
,,0.5,0.5,0,0.5,1,0,1,1,1,0
,,1,1,1,1,1,1,1,1,1,1
0.9997496173862795,1.00012112070693
0.9978426432033821,1.0009888916076701
0.9964750840032314,1.0018887643210401
0.9959661581179305,1.0023239375394217
0.9987944504957971,1.000443287921251
0.999128788971978,1.0006712424166695
0.9976563531408793,0.9999693555106383
0.99759689060199,1.0012015926961795
0.9970967552267079,1.0012898714088772
0.9969391436280274,1.000374663819822
0.9959821409978603,1.002029434684351
0.9962515013152189,1.0023498906439339
0.9954381623231024,1.0029442126231392
0.9958916622969068,1.002248879175195
,,egauge26086,egauge18158,egauge33764,egauge16616,egauge15623,egauge23534,egauge30378,egauge16608,egauge27467,egauge32290
,,0,0.5,0.5,1,0,1,1,1,0,0.5
,,1,1,1,1,1,1,1,1,1,1
0.999705157185599,1.0000727645734704
0.9977400110662806,1.000788878114809
0.996078686029447,1.0010029425678881
0.995690727608799,1.0007341991535423
0.9986244115843623,1.0000331512267275
0.9970565001714053,1.0003160956097437
0.9977602298212235,1.0006449532363202
0.9975099259324528,1.0012063390601067
0.996850195926087,1.000707896214147
0.9965899454802373,1.0022009383831585
0.9956105983159168,1.0011351988341228
0.9951005233502739,1.0014850256209795
0.9955966834007146,1.000697808910187
0.9951803335028236,1.0003696954643573
,,egauge26086,egauge33764,egauge5198,egauge30039,egauge8617,egauge13830,egauge23534,egauge27467,egauge13974,egauge3167
,,0,0,0.5,1,1,0.5,0.5,1,0,1
,,1,1,1,1,1,1,1,1,1,1
0.9997633227690158,1.0001486570819873
0.9982056796572908,1.0016257998758131
0.9970954926057088,1.0024115669826892
0.9964908980871926,1.0025720807092673
0.9986523199352054,1.0000996639163033
0.9979471452682254,1.0000425417442595
0.9980300480681019,1.0005981303640221
0.9975522606989812,1.0022758364829514
0.9981854944598819,1.0021775546272103
0.9968025978596025,1.0021545941598455
0.9967213488953078,1.0025399027181676
0.9971701013150431,1.0031414718330085
0.9958107115186792,1.0024699747210204
0.9964802483292892,1.0029906284223382
,,egauge16616,egauge13974,egauge7692,egauge32290,egauge28684,egauge20407,egauge24121,egauge30378,egauge13830,egauge18544
,,0,0,0.5,1,0,0,0,1,1,1
,,1,1,1,1,1,1,1,1,1,1
0.9996967253092632,0.9999916361178092
0.9975892339974752,1.0001602409143457
0.9962313779556394,1.0007939676635083
0.9960086314733401,1.0015312471607907
0.9989141837870692,0.9998296180777986
0.9977377968645774,0.9997921547169478
0.9977457262041864,1.0003948363563204
0.9970852624615559,1.0000894335167216
0.9973768464170089,1.0001197780972568
0.995307236497935,0.9995112068540914
0.9959465027649812,1.0007149532901425
0.9948283743966684,1.0011152161636014
0.9955139605037046,1.0019831709429547
0.9959447739560515,1.0020994454825782
,,egauge24121,egauge18350,egauge16616,egauge5198,egauge26086,egauge19821,egauge28684,egauge13974,egauge17073,egauge20407
,,1,1,1,0.5,1,0.5,0,0.5,0.5,1
,,1,1,1,1,1,1,1,1,1,1
0.9996942099776354,1.0001502632296326
0.9973239618595079,1.0010839537192089
0.9955788143747314,1.0013345816819372
0.9945059619958555,1.0014435817847442
0.9988561414797074,1.0003918816846236
0.9988136818740941,1.0010082776191858
0.9981959192211416,1.001037981740932
0.997283634693084,1.00128654666058
0.9965612493286282,1.0019760783972957
0.9959798537522824,1.0016905387826092
0.9955090199608606,1.001326313797135
0.9945800014746262,1.0015917250819717
0.9939644500820161,1.0016913257047475
0.9935084225371988,1.001261509373961
,,egauge20407,egauge26086,egauge30039,egauge19821,egauge22271,egauge3167,egauge32290,egauge4183,egauge30378,egauge16608
,,0,0,1,0.5,1,0.5,0.5,1,1,1
,,1,1,1,1,1,1,1,1,1,1
0.9996813761341816,1.0000680981528784
0.9978162370422288,1.001365520190561
0.9961793693997295,1.001885009304983
0.9948712237960877,1.0023919289353467
0.9982334706425714,0.9997439570723387
0.9975970402451254,1.0000115689863784
0.9976934636652852,1.001642645419797
0.9972007527495177,1.0016999614811837
0.9971395785171354,1.0023899442807356
0.9977200311983939,1.0016941605698797
0.995982192913074,1.0017278450492813
0.9960303535927716,1.0022924895270187
0.9940480511211691,1.0026399500799812
0.9938944676647454,1.0028748024571799
,,egauge4183,egauge16616,egauge30039,egauge13830,egauge15623,egauge24121,egauge5198,egauge20407,egauge16608,egauge19821
,,0,1,1,0,0.5,0,0,0,1,1
,,1,1,1,1,1,1,1,1,1,1
0.9997184797074732,1.0000315952889927
0.9975004696715187,1.0001647597214962
0.9958119861506949,1.000415855580444
0.9949099049061212,1.0008962464759452
0.9993148993525562,0.9998614476471932
0.9982823952368615,1.000872176382149
0.9976708477591252,1.0015846375908204
0.9967246845860904,1.000104066613093
0.9965919645882089,1.0001647597135734
0.9964816633848116,0.9999332596874102
0.9957914514804433,1.000403467263858
0.9945475784985727,1.0000696073175592
0.9942887308275179,1.0011419436342468
0.9943150547504407,1.0013549466970317
,,egauge16616,egauge18158,egauge28684,egauge13974,egauge17073,egauge22271,egauge26086,egauge7692,egauge18544,egauge15623
,,0.5,0.5,0.5,1,0.5,0.5,0,0.5,0,0
,,1,1,1,1,1,1,1,1,1,1
0.9997695787108448,1.0000804775150292
0.9979261390793495,1.000810514204542
0.9972270432360726,1.0007760742760865
0.9965587112232969,1.0006897146456388
0.9990300682852911,0.9999699940538403
0.9970413369181204,1.0003181823329634
0.998668425381558,1.000676395455129
0.9970898627765193,1.0014285254230733
0.997178188605908,1.0011548685184866
0.9961811642228416,1.001699781072681
0.9968816139578577,1.0007538508244862
0.9970991530430889,1.000990208375715
0.9965152586797509,1.0006606037303656
0.995261326865941,1.0006362034750371
,,egauge26086,egauge13974,egauge3167,egauge9102,egauge16608,egauge17073,egauge8617,egauge28684,egauge18544,egauge4183
,,0.5,0.5,0.5,0.5,0.5,1,0,0.5,1,0.5
,,1,1,1,1,1,1,1,1,1,1
0.9997692771692144,1.0001599685597848
0.9982321987821808,1.0012817692048892
0.9979346881795488,1.0018678645642323
0.9977816229273846,1.0023234174223172
0.9986946080710304,1.0006247275009523
0.9979091496114927,1.000639227843749
0.9992189343320317,1.0005441577525145
0.9974557409814411,1.0013881345927917
0.9973348629953194,1.0014438736659679
0.9969058356609914,1.002873392133035
0.9979058674132382,1.0018389094608389
0.9977640334536558,1.0021573439577893
0.9977453595975204,1.0027611643156744
0.9975359110410632,1.0024413929905978
,,egauge30039,egauge16608,egauge28684,egauge8617,egauge19821,egauge27467,egauge33764,egauge4183,egauge18350,egauge13974
,,0.5,0,0.5,0.5,0.5,0,0.5,0.5,0,0
,,1,1,1,1,1,1,1,1,1,1
0.9997519330450196,1.0000582415752541
0.9981718119651884,1.000392288526349
0.9969270191897104,1.0004600641915442
0.9963334655817648,1.0003359401684764
0.9987424826120774,1.0003848064765573
0.9978016934310219,0.9998933129922002
0.9986706961530044,1.0006361616376784
0.9980002757749512,1.0006352131151859
0.9974860842199289,1.000728607536678
0.9979940749526636,1.000295788931768
0.9965652766349303,1.0005757119845933
0.9966607198385417,1.000588483718349
0.9962176330644057,1.0003068414188663
0.9952488006571365,1.000207578373345
,,egauge16616,egauge20407,egauge8617,egauge33764,egauge5198,egauge18544,egauge30378,egauge30039,egauge13974,egauge18350
,,0,1,1,0.5,0,0,0,0.5,0,0.5
,,1,1,1,1,1,1,1,1,1,1
0.9997215340178774,0.9999877662189273
0.998108502087745,1.0000820211579413
0.9965201083485504,1.0001147692947105
0.9958204464786254,1.0001148130672384
0.9989363588364211,0.9998414705129317
0.9974500334199751,0.9996795193283585
0.9986768912984952,1.001134571159511
0.9973407154444934,1.0003450992542657
0.997670608547026,1.0000617911376826
0.9977910298754328,0.9999604940551776
0.9960787644299637,1.0000239623802571
0.9954989303705366,1.0003973823333334
0.9952084972562798,0.9999839186608067
0.9953935219042589,1.0003073782121623
,,egauge22271,egauge9102,egauge23534,egauge16608,egauge20407,egauge33764,egauge30039,egauge17073,egauge26086,egauge32290
,,0,1,0,0.5,0.5,0,0.5,1,0.5,1
,,1,1,1,1,1,1,1,1,1,1
0.9996360018101113,1.0000583709505033
0.997204979013382,1.000436882766344
0.9957968750598671,1.0012251663958331
0.9950026343428081,1.001404620598017
0.9986118385325696,0.9999835130729149
0.9981007754230764,1.000761098027303
0.9975624228774453,0.9998981571018043
0.9963087356328396,1.0005684562178714
0.9962383250612665,1.0000009387984015
0.9959972125886579,1.0002438953741162
0.9956777901517981,1.0013078432768134
0.9950632827784112,1.0020398823632901
0.9944608027018482,1.0016669296134413
0.9944714201039276,1.0013189336184536
,,egauge27467,egauge5198,egauge9102,egauge16616,egauge15623,egauge3167,egauge30039,egauge26086,egauge24121,egauge30378
,,0.5,0.5,0.5,1,1,0,1,0.5,1,0.5
,,1,1,1,1,1,1,1,1,1,1
0.9997512889025388,1.0001373619933869
0.9975892193441829,1.001109045554923
0.9961954217624341,1.001816767109181
0.995187590626023,1.0019065152350892
0.9996188846042621,1.0004861736020623
0.9981184735273262,1.0005572605702056
0.9981506641599872,1.0004841356464778
0.997407720392891,1.0014674890420736
0.9963605876403017,1.0014767507777846
0.9970124691136207,1.0010317787234704
0.995801152884362,1.0021105480882873
0.9954477711425778,1.0021276778742243
0.9946453902871967,1.001972115697099
0.9937651298159293,1.001960109735807
,,egauge16608,egauge28684,egauge13830,egauge20407,egauge8617,egauge3167,egauge17073,egauge23534,egauge16616,egauge19821
,,0,0.5,0,0,0,0.5,0.5,1,0,0.5
,,1,1,1,1,1,1,1,1,1,1
0.9997140566839156,0.99999499656275
0.9977143007010639,0.9999300313245835
0.9960329911418421,1.0001623977371552
0.9955052434336263,0.9999836235567855
0.9986865666919357,0.9999308366640262
0.9987316527597679,1.0005372045890017
0.9980747925491467,0.9999286098854644
0.9967901070186459,0.999586313940262
0.9975731071559437,0.999859243195408
0.9976055217448457,1.000122990929352
0.995575991153474,1.0002986522767077
0.9952248212030468,1.0008367973461776
0.995295527067349,0.99972386288834
0.9949312181584724,1.0003473750014593
,,egauge13830,egauge23534,egauge28684,egauge16616,egauge26086,egauge30039,egauge15623,egauge24121,egauge3167,egauge9102
,,1,0,1,0.5,1,0,0.5,1,1,0
,,1,1,1,1,1,1,1,1,1,1
0.9997708031449873,1.0001365543013865
0.997898468083731,1.0007742532669373
0.9966265478729018,1.0011537857397466
0.9964036997278881,1.0013844937880023
0.9990000006417523,1.000834032679125
0.9978335709376926,0.9999994767495498
0.9986749293888961,1.0013572675333846
0.997545492883101,1.0006658814981924
0.9973891412695682,1.001674649014527
0.9960549619803718,1.0005161394636268
0.9961253048519384,1.001215786759458
0.9961049457237571,1.0013452486758394
0.996186522478195,1.0016686630068175
0.9960458993816887,1.0013523599188485
,,egauge5198,egauge22271,egauge9102,egauge16608,egauge4183,egauge26086,egauge15623,egauge23534,egauge16616,egauge18350
,,0,0.5,1,0.5,0,1,1,0.5,0.5,0.5
,,1,1,1,1,1,1,1,1,1,1
0.9997682498263768,1.0001309469102284
0.9980502488462994,1.000924107999762
0.9968883823462757,1.001388829931308
0.9963355026306052,1.0014529350862942
0.9989223747321566,1.0001079140210334
0.9978163377864642,1.0010896655198598
0.9981249914180521,1.0009231796947022
0.9972010238205279,1.0010658861206516
0.9977369659116523,1.0007320010493856
0.9964172682405091,1.002724141493645
0.996411593368174,1.001541824642431
0.9962865725361879,1.001721024126917
0.9958362009576963,1.0013800959362305
0.9959729397651909,1.0016672403560922
,,egauge20407,egauge18350,egauge16616,egauge32290,egauge28684,egauge7692,egauge15623,egauge5198,egauge13974,egauge3167
,,0.5,0.5,0,0.5,0,0.5,0,0.5,0,1
,,1,1,1,1,1,1,1,1,1,1
0.9997629115459908,0.9999591086969701
0.9982344724632176,1.000038290614259
0.9969686678639952,1.0002643394032025
0.9964721511107019,1.0004186912178767
0.9984902533448128,0.9997590075901435
0.9988077689258619,1.0003169913091683
0.9979914862695193,0.9997454098909686
0.9976401079530659,0.9997284543320585
0.9980923094896403,1.0000101053034833
0.9972240723431711,1.0004163869559322
0.9964672193061029,1.0002395675688358
0.996904272360197,1.0004783440758074
0.9959655352891696,1.0003168443800743
0.9963869630176393,1.0008361766483924
,,egauge18158,egauge24121,egauge13974,egauge22271,egauge17073,egauge15623,egauge8617,egauge5198,egauge32290,egauge18544
,,0.5,0,1,0.5,1,0.5,0,0.5,0,0.5
,,1,1,1,1,1,1,1,1,1,1
0.9997649877855616,1.00006855816063
0.9982806369202789,1.0006932756034124
0.9975938667027867,1.0005359826119786
0.9972306303886888,1.0004009018265285
0.9983731034649506,1.0001449067504014
0.9981858538054792,0.999819626659776
0.9977936910451913,1.0013666983010283
0.9973127491022844,1.0011688375683123
0.9974638357048675,1.0015370540847388
0.9962172164643982,1.0009713672175946
0.9975527114179293,1.0005070730008918
0.9966884181663124,1.0007607625028896
0.9967132838389381,1.0002117811773918
0.997124052077319,1.0006042364551788
,,egauge24121,egauge4183,egauge16608,egauge18158,egauge7692,egauge16616,egauge22271,egauge15623,egauge5198,egauge30378
,,0,0.5,1,1,1,0,0.5,0,0,0
,,1,1,1,1,1,1,1,1,1,1
0.9997549045023562,1.000021914347957
0.9981221068987371,1.0001864687553421
0.996738398302546,1.0002672495936893
0.9958488489259181,1.0001137699478677
0.9989757614314262,0.9999021785673122
0.9988101300337983,1.0002577808880628
0.9977923071086892,1.000992842888918
0.9973048648205256,1.00054069410519
0.9979796492627192,1.000611574675467
0.9969534549186811,0.9995053718919922
0.9964630149433562,1.000457215779516
0.9958424454315937,1.000203069044559
0.995812668728328,1.0000992241430158
0.9944146710048628,0.9998785314770815
,,egauge19821,egauge28684,egauge17073,egauge22271,egauge33764,egauge16608,egauge13974,egauge3167,egauge30378,egauge9102
,,0,1,0,1,0,0,0.5,0,1,0
,,1,1,1,1,1,1,1,1,1,1
0.9996784562205503,1.0000882646273173
0.9976482006299697,1.0007412545043108
0.9958741583949516,1.000966327102915
0.9946994625996533,1.0011200999071268
0.9988243960509335,1.000005765290609
0.9987388407336322,1.0012090033307255
0.9971140522681083,0.9998316550546342
0.9969533726061335,1.0017649239019273
0.9970338316500202,1.000670398481149
0.9961007190356012,1.000528896831543
0.9954882456684903,1.0010365800677266
0.995820951617543,1.0009127984475334
0.9938980876644467,1.001367749268463
0.9939137862985028,1.0010252700842395
,,egauge19821,egauge16616,egauge30378,egauge4183,egauge15623,egauge3167,egauge13830,egauge22271,egauge23534,egauge24121
,,0,0,1,0.5,0.5,0.5,0.5,0.5,0.5,0.5
,,1,1,1,1,1,1,1,1,1,1
0.9997104849705448,1.0000491090559347
0.9982182247116023,1.000774365656312
0.9967858930073891,1.0013608863334784
0.9961050976532401,1.001482639901278
0.9988268662954732,0.9999819317918271
0.9982485554934561,0.9997578845328521
0.996897565210002,1.000776739837944
0.9980508313432854,1.000875612911077
0.9970268911381792,1.000921293176448
0.9976792898221216,1.001078878535756
0.9967118873751694,1.0014807923095306
0.9957112563293717,1.0018431725084362
0.9956279891227349,1.0016283603531215
0.9954881428645593,1.0014826053317079
,,egauge26086,egauge27467,egauge5198,egauge8617,egauge18350,egauge16616,egauge32290,egauge4183,egauge33764,egauge13974
,,1,0,0.5,0,0,0.5,0.5,1,0.5,1
,,1,1,1,1,1,1,1,1,1,1
0.999757243302472,1.0001059238761763
0.9981650874364675,1.0004369554945367
0.9969362395394251,1.000960802092588
0.9958806206086047,1.0014795999496866
0.9987057278835108,1.0011017774845568
0.999187378774167,1.0000237690388727
0.998022754501526,1.0005508180414397
0.9980058883179823,1.0003628646920864
0.997901220748767,1.0003964794420133
0.9968218842097681,1.000224674159873
0.9965523879742526,1.0008093354281353
0.9966699372621266,1.001389271942592
0.9952442779213102,1.0016647946158204
0.9950513531913971,1.0020906744889766
,,egauge19821,egauge30039,egauge13830,egauge18158,egauge30378,egauge33764,egauge22271,egauge17073,egauge18544,egauge15623
,,1,0.5,0.5,1,0,0.5,0,0.5,0,0.5
,,1,1,1,1,1,1,1,1,1,1
0.9997243586601697,1.0001263985988644
0.9977692839890835,1.0005188630140334
0.9967601314277459,1.0007453161495432
0.9963516924447049,1.0008012731702798
0.9990019961530894,1.0009245260769657
0.997810955190099,1.0007202805087636
0.9981858034341488,1.0007725307074697
0.9967737881820516,1.0008372369337546
0.9964096495746143,1.0002962709708447
0.9965466549422418,1.0010210901624907
0.9964168966773933,1.0007188564876293
0.9957803558452945,1.0011201082016743
0.9963082506260612,1.00077215841883
0.9950546377066752,1.0009439741946375
,,egauge26086,egauge30039,egauge28684,egauge18350,egauge5198,egauge13974,egauge18158,egauge9102,egauge8617,egauge16616
,,0,1,0.5,0.5,1,1,0,0.5,0,1
,,1,1,1,1,1,1,1,1,1,1
0.9997852560780472,1.0001244056096952
0.9982761028880148,1.0008291443725879
0.9970036831841663,1.0009284340554099
0.996882627037628,1.0011142624649676
0.9986657129996108,1.0000658310269812
0.9978957291510694,1.0015898024598966
0.9986689334950855,1.0007149803302098
0.9981045455345094,1.001009311913018
0.9980280773695205,1.0012647076699168
0.9966146723411492,1.0019507510176895
0.9965022156444461,1.0008115945592277
0.9963115943551072,1.0010783435464552
0.996839157690725,1.001063294128279
0.9963330249790427,1.0014999357643868
,,egauge13974,egauge33764,egauge9102,egauge26086,egauge32290,egauge15623,egauge18350,egauge30039,egauge22271,egauge30378
,,1,0.5,0,0,0,0.5,0.5,0.5,0.5,0
,,1,1,1,1,1,1,1,1,1,1
0.9996789292621219,1.0000541056432342
0.9975773014060042,1.000108854076204
0.9962812396492962,1.0005698217506174
0.9949986399558975,1.000717225492211
0.9986879336436131,1.000675854959867
0.9979268796410062,1.0005911048917835
0.9980784418205905,0.9999573763837569
0.9968828414417125,0.9999672597054132
0.9971237074873182,0.9996313080139603
0.995236793687953,1.0003541107004015
0.9961446976399065,1.0006524347925847
0.9952840214505344,1.0008909851643972
0.9945145746833065,1.0010667237941961
0.9935659121113449,1.0004510484253493
,,egauge7692,egauge22271,egauge18544,egauge28684,egauge5198,egauge16616,egauge18350,egauge24121,egauge30378,egauge19821
,,0.5,1,1,1,0.5,1,1,0.5,0,1
,,1,1,1,1,1,1,1,1,1,1
0.9997598698044371,1.0002249999853476
0.9980497309699572,1.0013087389810127
0.9964512581519955,1.001795618850493
0.9952187614185308,1.002129503043244
0.9988067986948694,1.00044354290869
0.9977908565594095,1.0022538643465797
0.999127739939557,1.001500878720826
0.9978983938083174,1.0018662496517596
0.997437421232306,1.0015215203730636
0.9969041491683177,1.0021404411818278
0.9964101586091239,1.0019693758138875
0.9959404003271648,1.0016241829206354
0.994243715081506,1.0019691455851463
0.9945918380863562,1.0029236051293187
,,egauge22271,egauge33764,egauge4183,egauge28684,egauge5198,egauge23534,egauge13974,egauge15623,egauge26086,egauge9102
,,1,1,0.5,0,1,0.5,1,0.5,0.5,0.5
,,1,1,1,1,1,1,1,1,1,1
0.9997315026201091,1.0002114743127568
0.997974836839641,1.0012690206112382
0.9964823191836233,1.0020555432369933
0.9955351229927026,1.0023698923720359
0.9987459691443609,1.0013006297147005
0.9979232493267183,1.001440301421468
0.9987668293413919,1.0004794980844398
0.997793254840498,1.0012380088889499
0.9977603948570035,1.0017143253081722
0.9964341915314187,1.0018599412292568
0.9961356180938192,1.0023121456581043
0.9956740664270431,1.0022163762824579
0.9949857245302702,1.0026734605972052
0.9947391099709975,1.0025522419758368
,,egauge19821,egauge13830,egauge23534,egauge28684,egauge22271,egauge18158,egauge30378,egauge15623,egauge16616,egauge24121
,,0.5,1,1,0.5,1,0,0,1,1,1
,,1,1,1,1,1,1,1,1,1,1
0.9997183491238782,1.0001945594041965
0.9978552159153727,1.001068164205226
0.9964861194707509,1.0014796304300428
0.9959980736939408,1.001793765059384
0.9989985216955559,1.0005493050483256
0.998309269935592,1.001481559313517
0.9979752141114371,1.0017462153023289
0.9977039137143989,1.0013214157516561
0.9971177499710756,1.0020619151671808
0.9960258439567337,1.000508325286094
0.995931591670975,1.0013845432262471
0.9952164970104297,1.0018761927975548
0.995506201195032,1.0020941974866635
0.9952855557845908,1.0020081564253716
,,egauge7692,egauge20407,egauge13974,egauge16616,egauge18158,egauge15623,egauge5198,egauge4183,egauge30039,egauge24121
,,0,0.5,1,0.5,1,0.5,1,1,0.5,1
,,1,1,1,1,1,1,1,1,1,1
0.9997092426400616,1.0000676607190961
0.9978462282324158,1.0008929226145284
0.996773826426498,1.0016615912566589
0.9958389851613054,1.0019116405921524
0.9987587793503387,1.0000141888685026
0.9973884441195525,0.9995899295627825
0.9977893689958518,1.001354327565814
0.9975527419051221,1.0007410755655561
0.9974334810430957,1.0012271773654333
0.9955112900928315,1.0011440728034455
0.996740933939764,1.0018435956319922
0.9966247052626047,1.0020904154977859
0.9951448770073082,1.0021213154318835
0.9952966142704799,1.0020402800790984
,,egauge13830,egauge15623,egauge32290,egauge3167,egauge17073,egauge5198,egauge4183,egauge18350,egauge30378,egauge20407
,,0,1,0.5,0.5,0.5,1,1,1,0,0.5
,,1,1,1,1,1,1,1,1,1,1
0.9997340082426828,1.0000211487936441
0.9978430726947486,1.000336593099679
0.9962466339335218,1.0002110883170283
0.9947863849981536,0.9998786530883216
0.9989422147602423,0.9999878653535892
0.9972897309712807,1.0007931506742314
0.9976742533720755,0.9998132138755923
0.9977926333049152,1.0004985167133107
0.9971273968592688,1.0006383710768167
0.9965486234755733,1.0011553297461502
0.9961973269602566,1.0003408743183952
0.9961401799681757,1.0006044227198851
0.9938118404362588,0.9997114529786812
0.9937779098524498,0.9995686795905303
,,egauge27467,egauge13830,egauge32290,egauge30378,egauge28684,egauge23534,egauge5198,egauge9102,egauge24121,egauge22271
,,0.5,0,1,1,1,0.5,1,0,0.5,0
,,1,1,1,1,1,1,1,1,1,1
0.9997346762516705,1.0000765510129197
0.9977881891491239,1.0007591207896016
0.996485345470182,1.0009080718828884
0.9956778778101781,1.0008568565088316
0.999600788552336,1.0004231724071326
0.9982655796171952,1.0000110495991508
0.997680031304617,0.9999268452702514
0.9965665067679089,1.001098642293676
0.9976268150319157,1.001336544031
0.9968314172827173,1.0013146810839777
0.996473014685918,1.0010775136790424
0.9956873736780282,1.0008331388128326
0.9953452047007294,1.000876387031607
0.9948169616994389,1.0008033347730787
,,egauge13974,egauge18544,egauge18158,egauge9102,egauge26086,egauge32290,egauge23534,egauge17073,egauge16608,egauge3167
,,1,0,0.5,1,1,0.5,0.5,1,0,0.5
,,1,1,1,1,1,1,1,1,1,1
0.9997109429474081,1.0001421961413868
0.9974218913646594,1.0011871184729535
0.9960955040971845,1.0019220927072803
0.995497945684558,1.001973409753305
0.9987358497753124,1.000784441937675
0.9989808244358956,1.000062261339762
0.9968729921009449,1.000395435793321
0.996646179719723,1.0015445357173387
0.9966864412101273,1.0020418186198339
0.9964420772400601,1.0004699493653442
0.9958983464074898,1.002054492504513
0.995361652228286,1.0028317459511058
0.9948474492126463,1.0019005258552873
0.995455398720392,1.0021663981053035
,,egauge17073,egauge13830,egauge20407,egauge24121,egauge13974,egauge8617,egauge9102,egauge15623,egauge27467,egauge16608
,,1,1,0.5,0,0.5,0,0.5,0,0.5,1
,,1,1,1,1,1,1,1,1,1,1
0.999710164038069,1.000085329426109
0.9981064399557813,1.0004144411425644
0.9969530136248412,1.0009354195980638
0.9963359382106335,1.0014289413025548
0.9987536502194381,1.0009450689416146
0.9982563129310551,1.0013662186866192
0.9972187481479968,0.9995747400519005
0.9975820009592958,1.0001761279381023
0.99740061698827,1.000645668525533
0.9978562644296192,1.0002560324536556
0.9966364628169042,1.0009932718728622
0.9957913613811995,1.000846060373527
0.9962707783831066,1.0016621032439632
0.9953999690207938,1.0019112641408936
,,egauge18544,egauge13830,egauge33764,egauge7692,egauge9102,egauge13974,egauge26086,egauge15623,egauge30378,egauge16616
,,0.5,0.5,0,0,1,1,0.5,1,0.5,1
,,1,1,1,1,1,1,1,1,1,1
0.9997210360854498,1.0001378642161962
0.997544953743347,1.0011939918647679
0.9961010098034333,1.0018663486080712
0.9951602524727772,1.0021264713161238
0.9994980648056279,1.000424527818904
0.998276199954119,1.0007578586636563
0.9977778252394177,1.000006826978413
0.9974340342378474,1.0011230979458883
0.9967993294200561,1.0015385020991925
0.9957976053800867,1.0023395753477091
0.9957577442682926,1.002011153486489
0.9955220394449401,1.0022494894304355
0.9941924885524313,1.00215563349614
0.9946045340155819,1.0025369566052404
,,egauge32290,egauge24121,egauge18350,egauge16616,egauge7692,egauge18158,egauge18544,egauge16608,egauge30378,egauge28684
,,0,0,0.5,0,1,0.5,0.5,1,1,0.5
,,1,1,1,1,1,1,1,1,1,1
0.9997387968328485,1.0000172740477677
0.9980667200632514,1.0006162354247305
0.9966329607481894,1.0014402497792343
0.9958317889370627,1.0018249405716018
0.9987152947884073,0.999880348261605
0.9982100527811402,0.9998033736283508
0.9987988133057062,1.0004231618571149
0.997705572581562,1.000039693905495
0.9979528571383216,1.0010744105589364
0.9958223029722623,1.0006741610404855
0.9965959630929285,1.0015436248052019
0.9956541537738922,1.0019225817087591
0.9950076726339625,1.0020727959902198
0.9956980307399873,1.0021036808602226
,,egauge32290,egauge20407,egauge30378,egauge33764,egauge19821,egauge30039,egauge4183,egauge22271,egauge5198,egauge27467
,,0.5,0.5,0,0,0.5,0.5,0,0.5,0,0
,,1,1,1,1,1,1,1,1,1,1
0.9997074997850184,0.9999469670742708
0.9982950373126361,1.0003593235404435
0.9974244307916932,1.000505561442615
0.9971884408996905,1.0004607689923946
0.9987614501276707,0.9998710654462039
0.9973606857561225,0.9995757188629903
0.9968308772473684,0.9995616035241781
0.997462750016316,1.0002993556157544
0.9976999178486877,1.0006941118564676
0.996674933328158,1.0009387599760067
0.9973215707668741,1.0004312291038941
0.9963976472466387,1.0010143743851916
0.996572821008782,1.0004462172201287
0.9971138369949528,1.0004128478148688
,,egauge13974,egauge15623,egauge16608,egauge30378,egauge22271,egauge26086,egauge24121,egauge4183,egauge8617,egauge27467
,,1,1,0,0,0.5,0,0,0.5,1,1
,,1,1,1,1,1,1,1,1,1,1
0.9997276907025099,1.0001239275453553
0.9978295186731979,1.0007647551554018
0.9973354035707594,1.001395847900119
0.9971824391574905,1.00214803464624
0.9987766212940463,1.000760051349343
0.9973240290671768,1.000894151794244
0.9977218668843346,0.9999412079376336
0.9964697871076261,1.00054209844819
0.9970932322474395,1.0012306877876282
0.9962840054789736,1.000638900932407
0.9970228198267239,1.0012883702058597
0.9971861829325303,1.0014601237669984
0.9971172137617114,1.002549202229444
0.9970225909363121,1.002899192416961
,,egauge5198,egauge13974,egauge9102,egauge28684,egauge27467,egauge16616,egauge24121,egauge4183,egauge32290,egauge7692
,,0.5,0.5,0.5,1,1,0.5,0,1,0,0.5
,,1,1,1,1,1,1,1,1,1,1
0.9997911749734908,1.0000664584257495
0.9986269666244789,1.0004291611781144
0.9975230518153475,1.0002054717943658
0.9968036287982868,0.9999044790545121
0.99892249171657,1.0002853790868378
0.9979173963512478,1.0005438928638852
0.9981787333496709,1.0004278031281297
0.9982757201338927,1.000974118128884
0.9985360957048562,1.0011315979868156
0.9973552011157105,1.000206689278335
0.9973214461783289,1.0001379989541797
0.9970002890682044,1.0005907312239
0.9960725614996147,0.9994980522077018
0.9961793213096672,1.0000979224006261
,,egauge3167,egauge18158,egauge32290,egauge5198,egauge13830,egauge23534,egauge26086,egauge30378,egauge22271,egauge18350
,,0.5,0.5,0,0.5,0,1,1,0,0,0
,,1,1,1,1,1,1,1,1,1,1
0.9997145053621148,1.0000258327163656
0.9975919385941289,1.0006758563721492
0.9957729658675988,1.0009259547707086
0.9952644403704526,1.0008427326580713
0.9994529646035198,1.0002076785261091
0.9970357016602812,1.0003225879207909
0.9976719658770394,0.9997962541465452
0.9975221713481652,1.0008884789517738
0.997279404838586,1.000625247618099
0.9964780496120724,1.0019357009553447
0.995465066262864,1.0012679990125786
0.994338917322262,1.0006904904915794
0.9947657763891996,1.0007917806651236
0.9951474789067325,1.0007785084150844
,,egauge7692,egauge17073,egauge3167,egauge4183,egauge20407,egauge16616,egauge26086,egauge13830,egauge19821,egauge28684
,,1,0.5,0,0.5,0.5,1,0.5,0,0,0.5
,,1,1,1,1,1,1,1,1,1,1
0.9997402219979347,1.0000602835724866
0.9976156913560332,1.000255973420846
0.9961190928790031,1.0005445476248132
0.995540433882118,1.000647012793439
0.9988157846752569,1.0005504482523175
0.9975591441182663,1.0007608112867006
0.9991355757667995,0.9999961187210394
0.9974046702458373,1.0002964446659426
0.9964171867387743,1.0000132269501705
0.996379712378145,1.0009016345028545
0.9958192766638273,1.000730444107122
0.9953102613885765,1.00048034604067
0.9950632794862384,1.000581519349161
0.9952745726187491,1.0009146565206046
,,egauge17073,egauge4183,egauge16608,egauge18158,egauge13974,egauge22271,egauge24121,egauge8617,egauge13830,egauge33764
,,0.5,0,0.5,1,0,0.5,0.5,0.5,1,0
,,1,1,1,1,1,1,1,1,1,1
0.9997029084945737,1.0000942869846463
0.9977457261909263,1.0008661776399248
0.9968801059939121,1.0013287675105
0.9962438845836247,1.0016814479908078
0.9985500254746743,1.0004687908631802
0.998809839436253,0.9997917891369981
0.9977191496012654,1.000457427736533
0.9965019074863336,1.0012206875690781
0.9967080084220922,1.000714335386753
0.9964070088543406,1.001755503010676
0.9966950955680525,1.0013163658297102
0.996869422748331,1.0015430414080548
0.9959654279500834,1.0021334519125793
0.995387996359705,1.0016064464829295
,,egauge7692,egauge16616,egauge5198,egauge22271,egauge28684,egauge23534,egauge27467,egauge30039,egauge18158,egauge18350
,,1,0.5,0.5,1,0,1,0,0,0.5,0.5
,,1,1,1,1,1,1,1,1,1,1
0.9998233950194279,1.0001208223628315
0.9982690534899811,1.001045090221351
0.9970577574996761,1.001091293999589
0.9962244722456551,1.0012413516173164
0.9988329145594042,1.000621452374652
0.9983524644865245,0.9999287710758112
0.998020524933219,1.000570280858269
0.9973784757364405,1.0020792782812606
0.997963027294764,1.0010147110050898
0.9969618432608145,1.0024106772490189
0.9970042905096523,1.0010747631409942
0.9963180266880908,1.0009628176268377
0.9953421709930287,1.0012704834953254
0.9961286647762797,1.0014556033716064
,,egauge30039,egauge32290,egauge18158,egauge15623,egauge5198,egauge8617,egauge17073,egauge16616,egauge7692,egauge26086
,,0.5,0.5,0.5,0.5,0.5,0,1,0.5,0,1
,,1,1,1,1,1,1,1,1,1,1
0.9997740009443312,1.0000885855456516
0.9983614955747254,1.0010174160439582
0.997224303420727,1.0019286540285
0.9966069894766031,1.0024698806250736
0.9987488763850969,1.000420269976886
0.997844807605574,0.999804776189072
0.9968664394723282,1.0003552476783066
0.9973965442344888,1.0011583399532007
0.9979496417066566,1.001230124445729
0.9980727572116311,1.000877781988395
0.9970764701832536,1.0022473132375285
0.996489466004107,1.0018107660735474
0.9965200838848698,1.0024334157184989
0.9957026003638099,1.0034577643659282
,,egauge9102,egauge3167,egauge23534,egauge33764,egauge13974,egauge28684,egauge7692,egauge5198,egauge27467,egauge17073
,,1,1,0.5,0,0,1,1,0.5,1,0.5
,,1,1,1,1,1,1,1,1,1,1
0.9997871566485581,1.0001845739557074
0.9984785536214429,1.0013178761017973
0.9978798600630369,1.0023941584492566
0.9972370101874363,1.0030613853291905
0.9989897613337316,1.000565223802125
0.9992374660513795,1.000958127354298
0.9979146194116598,1.000884280590536
0.9975708808068093,1.0012469718163324
0.9975537221651147,1.0011250017256292
0.9980445972043842,1.0024013571346635
0.9978420926586146,1.0025880463203758
0.9971797140048326,1.002619431733362
0.9973167489352012,1.0035579641927745
0.9960448597432546,1.0034479451372287
,,egauge16608,egauge3167,egauge18544,egauge16616,egauge28684,egauge33764,egauge32290,egauge13974,egauge4183,egauge22271
,,1,1,0,0,1,0,0.5,0.5,1,0.5
,,1,1,1,1,1,1,1,1,1,1
0.9997876081205629,1.0000877130164219
0.9981536912831721,1.0004314233326812
0.9967440859907222,1.000853535750842
0.9961397782034541,1.0013790804311593
0.9988181087912974,1.0005746233658481
0.9992422776991134,1.000862443425911
0.9989824333468447,1.000001992250339
0.9974478273758559,0.9998972865042521
0.9978331000932998,1.0009579720922779
0.9965114013105094,1.0002963237994518
0.9965344480168722,1.0007048229951518
0.9958927071304463,1.0010462691910422
0.996002869398694,1.0016486705309393
0.9951341239427421,1.0018613775497962
,,egauge20407,egauge5198,egauge26086,egauge15623,egauge13830,egauge27467,egauge17073,egauge13974,egauge30378,egauge18350
,,0.5,0.5,1,1,0,0.5,0.5,0,0,0
,,1,1,1,1,1,1,1,1,1,1
0.9996700519324804,1.0000396077809104
0.9976628539772568,1.000269032768173
0.9957414302396764,1.0001745951635932
0.9948143738414759,0.9999955442591499
0.9984373817380149,0.999758684376613
0.9980872291323473,1.0004541287863258
0.9975618794228116,1.0020177066384914
0.9967452543463925,1.0006435450063318
0.9973493643554401,1.0002184483423426
0.9975666656151743,1.0008870603358193
0.995449956352147,1.000319111060143
0.9947955031364671,0.9999860159906883
0.99383979687421,0.9998355902433034
0.994697475112953,0.9999313843084591
,,egauge19821,egauge28684,egauge24121,egauge17073,egauge26086,egauge32290,egauge5198,egauge18350,egauge16608,egauge23534
,,0,0.5,0,0,0.5,1,0.5,0.5,1,0
,,1,1,1,1,1,1,1,1,1,1
0.9997051797745617,1.0000448979208152
0.9977586370243744,1.000546447157644
0.9965060074740483,1.0009875905273011
0.9952988148599567,1.0012118691535314
0.9988296699679542,0.9999726977514163
0.9987333935211329,1.000591553032629
0.9980439628115934,0.9998285423987068
0.9965669969935258,1.0004083577678118
0.9969568574333796,1.0010021278735208
0.9964742642430536,1.0004113292615096
0.9965101178674307,1.0010743774773416
0.9963995206256652,1.0011803545025957
0.9946556932723996,1.0015332306395113
0.9942260768768056,1.0011304361522133
,,egauge32290,egauge28684,egauge13830,egauge4183,egauge33764,egauge24121,egauge17073,egauge30378,egauge13974,egauge7692
,,0.5,0,1,0.5,0.5,0.5,1,1,0,0
,,1,1,1,1,1,1,1,1,1,1
0.9997052029177363,1.0000716880587688
0.997522124075983,1.0006765861982208
0.9956381050796533,1.001233027890379
0.9950090996469902,1.0010729550548454
0.9987024314472267,0.9998731886508764
0.9986981975223672,1.000020605965697
0.9981821797362614,1.0014602582195788
0.9973809626741202,1.0007778218744208
0.9970919001845066,1.0009398491974462
0.9965997724626982,1.0005603017383295
0.9953548737430077,1.0015721092933447
0.9942360901186942,1.001597316758398
0.9943661980382681,1.0009273545905832
0.9949028021561575,1.0010194196583773
,,egauge17073,egauge30039,egauge28684,egauge18158,egauge33764,egauge27467,egauge13830,egauge8617,egauge13974,egauge26086
,,1,1,1,0.5,0,1,0,0,1,0.5
,,1,1,1,1,1,1,1,1,1,1
0.9997622999336012,1.0002178534757313
0.9978585865446307,1.0010375783816454
0.9964684326939622,1.0015646686339488
0.9954578272767542,1.0021548529945186
0.9987434730685986,1.0011105259009467
0.99789783425958,1.0016789875257468
0.9986682624912541,1.0014257432912754
0.9968515226715117,1.0010679594971
0.9969582788801453,1.0009464480682377
0.997589251894561,1.0023919139003867
0.9962430264808624,1.00155226349949
0.9963087198840794,1.001489677458949
0.9949012549369783,1.0025633215527208
0.9944003015370313,1.002615547104299
,,egauge24121,egauge4183,egauge30378,egauge8617,egauge5198,egauge28684,egauge16608,egauge18544,egauge15623,egauge22271
,,0.5,0,1,1,1,1,0.5,0,0.5,0
,,1,1,1,1,1,1,1,1,1,1
0.9997777581639123,1.0000891495359865
0.9987327727183458,1.0010180979748045
0.9977305256745922,1.0011393016542716
0.9968965760156514,1.0012161788974323
0.9989767888681154,1.0001593437839142
0.9988130415791812,0.9997840963612272
0.9969801978582226,1.0008170560902772
0.9986022827517625,1.0015754179457845
0.9979852626027094,1.0014638954346127
0.9981180448872202,1.0021011959189217
0.9975130230205703,1.0012095689465992
0.9976601743670125,1.0010964694407016
0.9960135710620518,1.0013399995226309
0.9959991984792281,1.0011626344475468
,,egauge19821,egauge27467,egauge24121,egauge16616,egauge23534,egauge17073,egauge3167,egauge28684,egauge5198,egauge32290
,,0.5,1,1,1,1,0.5,0.5,1,0.5,0.5
,,1,1,1,1,1,1,1,1,1,1
0.9997926949298453,1.0001796978999886
0.998358044413288,1.001279718512701
0.9974952158775799,1.001630311554259
0.9966548836869514,1.001531672413661
0.9990449460484394,1.0005535968564045
0.9995267701637444,1.00158335972038
0.9980959866882194,1.0007006126552072
0.9980829561121437,1.0017155135181048
0.9976000204659905,1.0019949184561983
0.9961961891653508,1.001960768859462
0.9974746401405199,1.0017047557364132
0.9973459669512366,1.0022200351904778
0.9960396530148892,1.001684689544115
0.9961545414256796,1.0011531061314891
,,egauge33764,egauge30039,egauge20407,egauge22271,egauge5198,egauge18544,egauge23534,egauge8617,egauge3167,egauge18350
,,0.5,0.5,0.5,1,0.5,0.5,0.5,1,0.5,0
,,1,1,1,1,1,1,1,1,1,1
0.9997901216357661,1.0001139484191155
0.9987082487577413,1.0014438269347208
0.9981870347163034,1.0020466432901065
0.9979674818988234,1.002135971129203
0.9987969752206393,1.0003993274011929
0.997886207635359,1.0007201061051558
0.9972765833340439,0.9995871250200588
0.9976894949918098,1.002478501931169
0.9978531028774771,1.0016528205530426
0.9984489737128243,1.001981479249997
0.997985270372264,1.0021744658519258
0.9980803355018701,1.00263665660552
0.9977499007183275,1.0022672188341222
0.9975516155117067,1.00209308851467
,,egauge9102,egauge33764,egauge24121,egauge4183,egauge26086,egauge13974,egauge5198,egauge30378,egauge18544,egauge18350
,,1,0.5,0.5,0.5,1,1,0.5,0,0.5,0.5
,,1,1,1,1,1,1,1,1,1,1
0.9997222449899371,1.0001285418421644
0.9979020667800405,1.0011371459076162
0.9969107553996615,1.001399557369644
0.9968024492181671,1.0016751795615464
0.9989318734438738,1.0004856971417466
0.9979569739309234,1.0006687457709758
0.9980595477736759,1.0002970895200187
0.9977608417835262,1.0012384366024736
0.9971460543870565,1.0019631064064234
0.9962453513910975,1.0022265211092065
0.9968943061395444,1.001486386504609
0.995474762028314,1.0011639613932968
0.9967517403626093,1.001857379850676
0.9966959249948815,1.0018680998937135
,,egauge13974,egauge22271,egauge9102,egauge16608,egauge32290,egauge18544,egauge30378,egauge8617,egauge28684,egauge18350
,,1,1,1,0.5,1,1,1,1,0,1
,,1,1,1,1,1,1,1,1,1,1
0.9997503652236209,1.000236598978019
0.9982302685830421,1.0013307801822589
0.997362368319817,1.002140894910222
0.9971837891515322,1.0023975999625052
0.9987572655129223,1.000883038823411
0.9978120434702766,1.002269437226828
0.9981352055969963,1.0010116229812465
0.9972926509508355,1.0015030281795554
0.9974552047784553,1.001249746446485
0.9980762742813282,1.0024336512093481
0.9968935652875883,1.0022816073650533
0.9972877489641259,1.0027202376983735
0.996908461542891,1.0023757225383971
0.9970295006920642,1.002859003990174
,,egauge9102,egauge18350,egauge5198,egauge4183,egauge18544,egauge28684,egauge16616,egauge3167,egauge8617,egauge19821
,,0.5,0,0.5,1,0.5,0,1,0,1,0
,,1,1,1,1,1,1,1,1,1,1
0.9998534726537148,1.0000973384361938
0.9986360267121236,1.0008846030130567
0.9976579482202119,1.0013735595280253
0.9971292757813547,1.0016813094853374
0.9990332863115188,1.0002791996190004
0.9989148520050192,1.0000160896372217
0.9980551965759962,1.0005462241939227
0.9982726562252133,1.0012897875290303
0.9985148685451192,1.0011681933910774
0.9980777608954865,1.000826666927879
0.997374036995103,1.0015389585785825
0.9976021053685542,1.0013414260714686
0.9970121522194751,1.0020758698179995
0.9964112203291284,1.001617021652803
,,egauge5198,egauge16608,egauge27467,egauge22271,egauge3167,egauge28684,egauge32290,egauge4183,egauge8617,egauge20407
,,0.5,0,1,1,0,1,0.5,0,0,1
,,1,1,1,1,1,1,1,1,1,1
0.9997968042254259,1.0000736740628804
0.9979821645351835,1.000411824907892
0.996784231996789,0.9999184650207184
0.9960783433951647,0.999758645447102
0.9989055522884924,1.0002983311826124
0.9978388353743942,0.9999278238429606
0.9994798938089757,1.0015672041511055
0.9970347531991139,1.0013918301595197
0.9979216280106057,1.0003814684094052
0.997309050650313,1.0015013860660886
0.9965622543909914,0.9997699164882011
0.9965073310459127,0.9997266561192192
0.9959697823687212,0.999707758686626
0.9950426090234747,0.9995839461015086
,,egauge32290,egauge33764,egauge13830,egauge27467,egauge16616,egauge5198,egauge13974,egauge3167,egauge17073,egauge20407
,,1,0,0.5,0.5,1,0,1,1,0,0.5
,,1,1,1,1,1,1,1,1,1,1
0.9997454721418889,1.0000447345411227
0.9980413381569854,1.0004599689975555
0.9963675088817044,1.0005543579602045
0.9951547478230703,1.0002983252839466
0.9987487793477671,0.9999687732514961
0.9979361674885343,0.9999197507187607
0.9981425577620876,1.0007083288888527
0.9979908869109901,1.0007940528794685
0.9975129361348626,1.000836346029579
0.9968329183086496,1.0004213634368415
0.9959854760798718,1.0008063735398853
0.9963249179653298,1.000961198690797
0.9944106789732441,1.000211038911495
0.9941776578607626,1.0000523436076327
,,egauge17073,egauge16608,egauge23534,egauge33764,egauge9102,egauge16616,egauge24121,egauge22271,egauge19821,egauge20407
,,1,0,1,1,0.5,1,0,0.5,0,0
,,1,1,1,1,1,1,1,1,1,1
0.9996422032048059,1.0000575585087677
0.9973778088472562,1.000330032195211
0.9955572059593529,1.000206283191554
0.9945224385905305,0.9999313809495914
0.9986377037786708,1.0009481978486885
0.9977564662599012,0.9999177616123885
0.9979518019686989,1.0016024800297876
0.9967873782933433,1.0007424714928255
0.9966222674397374,1.0004514681511214
0.9963549930202122,1.0007605050281152
0.9953642781517082,1.000156744351205
0.9946275407921586,1.0005808365340063
0.9940183755443303,0.9998586725933052
0.9934930847833012,0.9995786483210827
,,egauge30039,egauge18350,egauge5198,egauge17073,egauge16608,egauge18544,egauge33764,egauge13830,egauge24121,egauge8617
,,0,1,1,0.5,0,1,1,0,0.5,0.5
,,1,1,1,1,1,1,1,1,1,1
0.9998120768011602,1.0001253451135725
0.9982903526881048,1.0009118411710143
0.9974706266764709,1.0012898910404457
0.9969761753814668,1.0013845706036022
0.9987839262742289,0.9999895061179324
0.9988558157284526,1.001005589662663
0.9980155743683626,1.0010676203227111
0.997324319525339,1.0012663702242157
0.9973625036957808,1.0007903564719396
0.998123326025566,1.0020722634131773
0.9972024326876253,1.0015338532700668
0.996650435947252,1.0012363419324555
0.9964547825213412,1.0013845705533615
0.9968696292386389,1.001620293302372
,,egauge27467,egauge18544,egauge33764,egauge8617,egauge26086,egauge30039,egauge28684,egauge7692,egauge23534,egauge19821
,,0,0,0.5,0,0.5,1,1,1,0.5,0.5
,,1,1,1,1,1,1,1,1,1,1
0.9997802563574208,1.0001596687370642
0.9980369939443168,1.0016205648234693
0.9968482648674518,1.002674936809154
0.9958371654893089,1.0031051781971727
0.9995590073873315,1.000116173909322
0.9990606667444369,1.0000790201624155
0.99780141799092,1.0007523433097945
0.9979159217046568,1.0015495684469637
0.9971336410127934,1.001927185824163
0.9965602652178435,1.0030369550388027
0.9967578086570007,1.0029024618346976
0.9967736910090212,1.003168711907592
0.9951864060676455,1.0033461049656567
0.99510353838188,1.0034702720801365
,,egauge18350,egauge24121,egauge33764,egauge32290,egauge5198,egauge27467,egauge18544,egauge28684,egauge4183,egauge7692
,,1,0.5,0.5,0,0,0.5,0,1,1,1
,,1,1,1,1,1,1,1,1,1,1
0.9998281505892542,1.0001068709271534
0.998802685286047,1.0007137487396651
0.9982363965776586,1.001593778524207
0.997516593445282,1.0021390460579205
0.9993400556170802,1.0005869738582318
0.9982316385482624,1.0002579329779784
0.9978772047676725,1.0007042742682135
0.9979247461407933,1.0000574063646999
0.9979450585399194,1.0006935036121323
0.9986678457588019,1.0013383871809034
0.9982075655110869,1.001577237858844
0.997766597346654,1.0021942060805216
0.9974150958625189,1.0024234683826099
0.9964622950065437,1.002632509369672
,,egauge33764,egauge20407,egauge27467,egauge19821,egauge24121,egauge4183,egauge16608,egauge15623,egauge17073,egauge32290
,,0.5,0.5,1,1,0.5,0,1,1,0,0
,,1,1,1,1,1,1,1,1,1,1
0.9997082202167947,1.0000302910694554
0.9976177095211826,1.0002235523326461
0.9961182653631251,1.0002289117588161
0.9951143958392679,0.99973065779593
0.9987719822323872,1.0003032828511667
0.9973816877100118,0.9995935364026396
0.9994152862749145,1.00152775883018
0.9969727131418564,1.0009830023324553
0.9971439435161056,1.0002066040621407
0.9971370130903429,0.9999324641073842
0.9957856071752811,1.0004147389177032
0.9951633621287354,1.0006441387904825
0.9943703644583795,0.9996434299813474
0.9945300220986304,0.9993521024963646
,,egauge24121,egauge8617,egauge13974,egauge18158,egauge28684,egauge18350,egauge5198,egauge20407,egauge19821,egauge26086
,,0.5,0,0.5,0,0,1,1,0,0.5,0
,,1,1,1,1,1,1,1,1,1,1
0.9996877783114219,0.9999985838707014
0.9976245929150327,1.0000271558439249
0.9959536897833713,1.0000750798030236
0.9948952099249982,1.0001518579327713
0.9988344894672458,1.0000627537339382
0.9987572574927701,0.9998387562251714
0.9977158228603894,1.000465500190702
0.9963182490830138,0.9998076237319915
0.9972818124802296,0.9999866993924894
0.9970951167608757,1.0005870450886927
0.9959495820750781,1.0001989329957737
0.9946466272156751,0.999725732703251
0.9944617110587364,1.0002682475852462
0.9937487742160842,1.0001090756485576
,,egauge24121,egauge18544,egauge13974,egauge27467,egauge26086,egauge4183,egauge30378,egauge17073,egauge30039,egauge3167
,,1,0,0.5,1,0.5,0,0,1,1,1
,,1,1,1,1,1,1,1,1,1,1
0.9997257537524163,1.000166478371227
0.9979324556894498,1.0016057944262782
0.9965238287196851,1.0027120568202779
0.9962689660768118,1.0034123981020047
0.9989336487653204,1.0003853501226507
0.9990661285583436,1.0000837601511858
0.9977287957339307,1.000661510651516
0.9978948190666155,1.0023006606143012
0.9971589908770461,1.0019049858050455
0.9975669397415813,1.001258000679745
0.9960185395601961,1.0026168313492332
0.9957470777211896,1.0036249557683932
0.9955745046710779,1.0039311118461496
0.9959496777715643,1.0038206119282014
,,egauge15623,egauge20407,egauge4183,egauge17073,egauge18544,egauge24121,egauge32290,egauge33764,egauge28684,egauge7692
,,0,0.5,0,0,1,1,0.5,0,0.5,0
,,1,1,1,1,1,1,1,1,1,1
0.9997610230252846,0.9999744559434868
0.998139532329639,1.0001574850640775
0.9972128395433381,1.0000212142878315
0.9970216715958966,1.0001427912382665
0.9984386625026447,0.9999095210256588
0.9973996517297579,0.9995863224556212
0.998710039618176,0.9996892625456631
0.9968899690968065,1.000025995451711
0.9982586840883941,1.000728690599142
0.9970014565690278,1.000621505669802
0.9970071961677454,0.9998767738593757
0.996467782607765,0.9999463596965033
0.9968912557629017,1.0003246621725845
0.9964098590951307,1.0000843891095534
,,egauge8617,egauge7692,egauge17073,egauge3167,egauge16608,egauge32290,egauge13974,egauge9102,egauge22271,egauge30378
,,1,0,0,0,0.5,0,0.5,1,0.5,1
,,1,1,1,1,1,1,1,1,1,1
0.9997077463864037,1.0000769564503524
0.9975232627946621,1.000530388161824
0.995533476373138,1.0013575872040485
0.9945420072654694,1.0018834244228199
0.9992430080642611,1.0006576628385688
0.9977120720060954,0.999977047969547
0.9971637630264898,0.9998203503078383
0.9974728425245925,1.000482572519225
0.9968641949504415,1.0007024731412857
0.9964299304198756,0.999783176229149
0.9951477202521464,1.0014361420832762
0.9947576394136609,1.0016683296678175
0.9940582060089388,1.002233403370047
0.9931418292201305,1.0022479917209406
,,egauge18350,egauge13830,egauge32290,egauge15623,egauge22271,egauge24121,egauge27467,egauge8617,egauge19821,egauge30039
,,0.5,1,0,1,1,1,0,0.5,0,0
,,1,1,1,1,1,1,1,1,1,1
0.999722619263902,1.0000835969281383
0.9977386713380648,1.000870340244279
0.9965343632676279,1.0008656520987405
0.9954793439498167,1.0007376416978235
0.9992112203297031,1.000297555894784
0.9983182555153753,1.0013878716301816
0.9976879744430703,0.9998206602902024
0.9965222613852573,1.0012451186670874
0.9973506490009885,1.0018886066597201
0.9967704399362987,1.0012225555416052
0.9964891495555684,1.0008449941322648
0.9963959311490609,1.0011226531890483
0.9949733256346253,1.0006866960230842
0.9944594260153118,1.00059851883125
,,egauge27467,egauge22271,egauge16616,egauge24121,egauge7692,egauge20407,egauge9102,egauge8617,egauge13974,egauge28684
,,0,0.5,0.5,1,0.5,0,1,1,1,1
,,1,1,1,1,1,1,1,1,1,1
0.9997472130616801,1.000100399781352
0.9979075257920281,1.0008674118839833
0.996734688035828,1.0020654789127417
0.9960413043567563,1.0028167330259534
0.9995323449792292,1.000053812609306
0.9977893480824698,1.001032018856939
0.9982498763076448,0.9998795485945406
0.9971837262043192,1.0011003423294482
0.9978167322775044,1.0010091804810457
0.9957868403824645,1.000230562771095
0.9964346528555129,1.0022103178062969
0.9966707754022147,1.0026167113886686
0.9953687068558232,1.0032547345108003
0.9958710326379886,1.0034287721369683
,,egauge18158,egauge3167,egauge30378,egauge23534,egauge16616,egauge18350,egauge13830,egauge15623,egauge33764,egauge18544
,,0.5,0,0.5,1,0.5,1,0.5,0,0.5,0.5
,,1,1,1,1,1,1,1,1,1,1
0.9997580434561157,1.0000897641879576
0.9980631070597638,1.0010123042040888
0.9970127851747506,1.0014454583282726
0.9963891495451972,1.001776664184995
0.9983508399275705,1.0001847925131453
0.9991652099798226,1.000023230014687
0.9969365503355854,1.000218127534325
0.9975084598723785,1.00169890986276
0.9973673930918618,1.0009211766104311
0.9973320284344237,1.0018243630737271
0.9969161850952478,1.0015612407747059
0.9958108738330598,1.0013490571029529
0.9957162739858872,1.0019807582908467
0.9963359102155721,1.0020768365474186
,,egauge7692,egauge19821,egauge32290,egauge22271,egauge30039,egauge4183,egauge3167,egauge18350,egauge16616,egauge23534
,,1,1,0,0,0.5,0.5,0,0.5,1,0.5
,,1,1,1,1,1,1,1,1,1,1
0.9997856035441492,1.0001034892293978
0.9984631701588106,1.0007297714857195
0.997543488626137,1.001301299817081
0.9967285286960617,1.0017629230272558
0.9988209282321997,1.0006044500987976
0.998391481889258,1.0016225570458879
0.9976765525567778,0.9998169869760114
0.9974823308933376,1.0006684664122354
0.9974950738411563,1.0010364133073337
0.997881001424055,1.0009600728597359
0.9975146812277349,1.0012888985380317
0.9972985105786966,1.0015155667038378
0.9961928188612339,1.0020618035637368
0.9961536679948476,1.002095263793596
,,egauge19821,egauge16608,egauge3167,egauge5198,egauge17073,egauge32290,egauge23534,egauge18158,egauge28684,egauge16616
,,0,0.5,1,1,0,0,0,1,1,1
,,1,1,1,1,1,1,1,1,1,1
0.9997028954355506,1.000085295663352
0.997506186132894,1.0005658028374875
0.9960950285349194,1.0013265400315534
0.9959550105618729,1.0019229790234025
0.9988611736874642,1.0000040894610829
0.9978541894640022,1.0004405363949065
0.9991802473304107,1.0009151539008074
0.9975666970392114,1.001011362161998
0.9962575633603825,1.000444367783246
0.9964878925668343,0.9995090973845322
0.9956802835323589,1.0012934697647962
0.9949894225881308,1.001712309882696
0.9958537010546357,1.0023313357972838
0.9958698745965784,1.0023197487936115
,,egauge32290,egauge17073,egauge28684,egauge23534,egauge30039,egauge18158,egauge7692,egauge15623,egauge30378,egauge22271
,,0,0.5,0,0,0.5,0,0.5,1,0.5,0.5
,,1,1,1,1,1,1,1,1,1,1
0.9997136811247544,1.0000414433022125
0.9977286860906703,1.000628129298232
0.9964479937007653,1.0013074108881057
0.9952079950582164,1.001644065534398
0.9987648865427284,0.9998785135917783
0.997503144101196,1.0007649818205815
0.9986188703868304,0.9999826612399444
0.9972073301432476,1.0005572827374958
0.996761434340638,1.0009318913942555
0.995818277681718,1.000141951590563
0.9963945653469757,1.0013910710845884
0.9951507895624148,1.0017038927025936
0.9942401811795804,1.0016877848685355
0.9944961507831802,1.0021479683473735
,,egauge7692,egauge16608,egauge8617,egauge22271,egauge3167,egauge13974,egauge27467,egauge18544,egauge4183,egauge20407
,,0,0.5,0,0,0.5,1,0,0,1,0
,,1,1,1,1,1,1,1,1,1,1
0.9997756508723741,1.0000042338915063
0.9981923655694994,1.0000963097421194
0.9973439404142318,0.9999893412381728
0.996501752313507,0.9999574864467389
0.9987446424342581,0.999940073291853
0.9979338717429225,1.0003158383840312
0.9986745590571404,0.9998491855701452
0.9972585035713741,1.0000356215518598
0.9981519968631285,1.0002075939720876
0.9965457050673883,1.0009400220830351
0.9972945691932242,0.9999687046511134
0.9971235186954204,0.9999144894703694
0.9963786567963683,1.000153867398337
0.9952469290316791,0.9996154277987759
,,egauge18158,egauge26086,egauge22271,egauge4183,egauge23534,egauge16616,egauge18350,egauge7692,egauge8617,egauge28684
,,1,1,1,0.5,0,0,0,1,0.5,1
,,1,1,1,1,1,1,1,1,1,1
0.9997737278114169,1.0001872826136384
0.9986957288475412,1.0005089572875572
0.9981250975379664,1.0013053478095264
0.9979322037206635,1.001824814914872
0.9984595900082985,1.0005725338004674
0.997785697142171,1.0020500531355445
0.997674895708952,1.0023637798944864
0.9983849234781424,1.0006135131085971
0.9977711985470737,1.000425753562893
0.9972981721607829,0.9997856871536049
0.9980921522525259,1.0012888127754958
0.9970700383723748,1.001809049346497
0.9977581371207562,1.0019997566700747
0.9973139102575725,1.0024361387995118
,,egauge13830,egauge23534,egauge3167,egauge18350,egauge20407,egauge16608,egauge7692,egauge18158,egauge4183,egauge30378
,,0.5,1,0.5,1,0,1,1,0,1,0
,,1,1,1,1,1,1,1,1,1,1
0.9997284299470632,1.0000506204290736
0.9976545258507612,1.000165909892704
0.9965393666007699,1.0002662978913475
0.995713220939095,1.0002535818030924
0.9989180921282417,1.000366996395573
0.9980928161368277,1.0014962710695874
0.9991340798571322,1.0004202531989757
0.9975613547326826,1.0004141967401536
0.9966538634351609,0.9997971675628438
0.9958881817311699,1.0007159906570515
0.9964900425005466,1.0003736594438783
0.9952462747999238,1.000191421606239
0.995611940477803,1.000422345884469
0.9944322208208549,0.9999862313381325
,,egauge9102,egauge20407,egauge13974,egauge18158,egauge8617,egauge26086,egauge3167,egauge22271,egauge32290,egauge4183
,,0.5,1,0.5,0.5,1,0.5,1,1,0.5,0
,,1,1,1,1,1,1,1,1,1,1
0.9996780818585201,1.0001033514832516
0.9980291097893231,1.001038667399586
0.9968913258247962,1.0015591823978096
0.9963820662734701,1.0012084904689196
0.9988770815962748,1.0002522612227855
0.9974203265151378,0.9997995017211654
0.9976974139698295,1.000609324471892
0.997463437282215,1.0010773543353502
0.9979080386675339,1.0015960008416571
0.9964472459454977,1.0018932407395094
0.9968707648210383,1.0017163444512915
0.9958909539754534,1.0026532039168388
0.9959912364933801,1.0009391258049318
0.9961052974915894,1.0010264685714891
,,egauge18544,egauge32290,egauge5198,egauge16608,egauge30039,egauge19821,egauge27467,egauge23534,egauge8617,egauge33764
,,0,1,0,0,1,0,1,0,0,0
,,1,1,1,1,1,1,1,1,1,1
0.999766348775609,1.0000354668622047
0.9978962548306063,1.0005441602400935
0.9968980036851561,1.0008038194534852
0.9964016425082577,1.0007010005529107
0.9994406753251078,0.9999915254164746
0.9978339465695354,0.9999064456266445
0.9980031323498296,0.9999926904694929
0.9969590081687422,1.0004227282789342
0.9973734615550528,1.0012806237114407
0.9964553278645689,1.0003897437045817
0.9969391289879599,1.0010848471998235
0.9958232228913161,1.000728895572045
0.996336477518443,1.0006500570844998
0.995548742835318,1.00062070476751
,,egauge15623,egauge13830,egauge28684,egauge32290,egauge17073,egauge33764,egauge22271,egauge3167,egauge30039,egauge18158
,,0.5,0,1,0,1,0.5,1,0.5,1,0
,,1,1,1,1,1,1,1,1,1,1
0.9997456875003391,1.00015462793948
0.9980012638422822,1.0013069038536897
0.9970126636152227,1.002345392240756
0.9964765051486312,1.0026536828214003
0.9984433963633796,1.0003136106349133
0.9983112358446128,1.0000793994786437
0.998649510758389,1.0013642022667688
0.9974466573783685,1.0006489705435564
0.9970425283684533,1.0021485182625314
0.9967343598783772,1.001821797402715
0.9966262289079172,1.0027677714103096
0.9969396798156028,1.0025277366643375
0.9957818720868965,1.0031792377546893
0.9952114630240475,1.002396295090475
,,egauge26086,egauge27467,egauge18158,egauge32290,egauge13830,egauge8617,egauge7692,egauge16616,egauge30378,egauge22271
,,1,1,0.5,1,0,1,0,1,0.5,1
,,1,1,1,1,1,1,1,1,1,1
0.9997259755245493,1.0002067355788884
0.9978884420404381,1.0012158941283646
0.9963919997787666,1.0021427007955
0.9951278951029341,1.002830159540987
0.9987259501365757,1.001180632782389
0.9994675035605682,1.0016069159936138
0.9969030304691701,1.0004560108031455
0.9973842925833297,1.0011449983349376
0.9975757984669054,1.0011652530420456
0.9976629287249532,1.002237510127356
0.9963509031255396,1.0021178739308323
0.9961045869146794,1.0026039647730278
0.9941601742115581,1.002873939658813
0.99443734877492,1.0039152662655793
,,egauge13974,egauge9102,egauge28684,egauge27467,egauge33764,egauge7692,egauge3167,egauge18544,egauge30039,egauge16616
,,0.5,1,0.5,0.5,0,0,0,0.5,0,0.5
,,1,1,1,1,1,1,1,1,1,1
0.9998039530826096,1.0000568115683333
0.9985281320797635,1.0001171838526484
0.9976825160164684,1.0000805687557464
0.9969629095322179,0.9999428973498777
0.998808425654328,1.0003010874254628
0.9983117236968492,1.0007833096012466
0.9986732460194522,1.0006451147714015
0.9984069893752768,1.0004410089006572
0.9975901822781854,1.0000601033691725
0.9969865711050274,1.0000082395959415
0.9976578197793211,1.000061437462776
0.9973094105844177,1.0003801404728243
0.996275109013721,0.9998556476415242
0.9963369400103302,0.9998466670750731
,,egauge32290,egauge23534,egauge16608,egauge13974,egauge3167,egauge28684,egauge30378,egauge13830,egauge18350,egauge16616
,,0,0.5,1,0.5,0,0,1,0,0.5,0.5
,,1,1,1,1,1,1,1,1,1,1
0.9997096855609727,1.0000306877803422
0.9980453499817367,1.0002920872870493
0.9968232779030299,1.000524251449764
0.9965676931008777,1.0005818769072135
0.9987024068876779,0.9998797687765351
0.9979364174441132,1.0006659131671303
0.9977837643412213,1.0010065728993351
0.9971833920970845,1.0004843682332127
0.9979848089264645,1.0002313850555278
0.9975259574308528,1.0002341917325737
0.9962808472708595,1.0006646955255385
0.9960664777425997,1.0004707506963921
0.9963359955100677,1.0007128838664676
0.9959740115588935,1.0004855738830996
,,egauge13830,egauge18350,egauge32290,egauge4183,egauge20407,egauge28684,egauge16608,egauge26086,egauge18158,egauge19821
,,0,1,1,0.5,0.5,0,0.5,1,1,0.5
,,1,1,1,1,1,1,1,1,1,1
0.9996651500145064,1.0000940605855877
0.9973683119607925,1.0007486122393559
0.9957411261593564,1.001825239186532
0.9948451154629021,1.0022229432194283
0.9988428232563251,1.0000575928890056
0.9988436393107114,1.0009505872007929
0.997666569309642,0.9999611752009012
0.9972293786576416,1.0008132079969112
0.9962405451420494,1.000505724434547
0.9967340949590834,1.000687657928683
0.9953593778444314,1.0018831523564866
0.9948164339009885,1.0028231162487165
0.9940121148101739,1.0024855060074551
0.9941972452742109,1.0025018142374873
,,egauge8617,egauge18350,egauge27467,egauge5198,egauge4183,egauge18544,egauge30378,egauge24121,egauge30039,egauge26086
,,0.5,1,0.5,1,0,0.5,0,0.5,0,0
,,1,1,1,1,1,1,1,1,1,1
0.9998027179207228,1.0000524751507098
0.9980792230550206,0.9999687709262773
0.9963441761369658,0.999721250465777
0.9956448083037742,0.9995678574956738
0.999304884191707,1.0003092294379223
0.9988588138407982,1.0009421851780038
0.9994607218580431,1.0007589242117987
0.9975097544202186,1.0003952023212583
0.9978875318126377,0.9997679601553234
0.9977857146686318,1.0004889805906874
0.9958389954510505,0.9996181102894582
0.9956911854733269,0.9998174773637238
0.9954133648959135,0.999407984352357
0.9948157748467634,0.9995464805770088
,,egauge4183,egauge7692,egauge22271,egauge23534,egauge16616,egauge32290,egauge16608,egauge20407,egauge13830,egauge33764
,,1,0.5,1,1,0.5,0.5,1,1,1,0.5
,,1,1,1,1,1,1,1,1,1,1
0.9997450576147718,1.0001660551866605
0.997496969046039,1.0008313396541362
0.9956685116836177,1.0015426841015873
0.9950520946614878,1.0021007572616847
0.9992858487326755,1.000581245423192
0.9979003079139814,1.0005693624412397
0.99761262307467,1.002329798091119
0.9968102351856751,1.0013890209481056
0.9971505280380704,1.0007199879354365
0.9964978775871933,1.0001559530757629
0.9953196190601858,1.0017122528264915
0.9944998038916057,1.0013820091230166
0.9945174534822294,1.0025549599124057
0.9942407453235393,1.0023688605218417
,,egauge13830,egauge26086,egauge24121,egauge13974,egauge23534,egauge30378,egauge16608,egauge8617,egauge15623,egauge5198
,,1,1,1,0.5,1,1,0.5,0.5,0,0.5
,,1,1,1,1,1,1,1,1,1,1
0.9997068267615474,1.000191375555967
0.9977743523916782,1.0011086395048898
0.9970920270080258,1.0014363311348549
0.9962777931888637,1.0015132575189578
0.998937249716139,1.0008646482267127
0.9977391665240475,1.002023252093211
0.99801765581674,1.0007378386252552
0.9969278377350933,1.0013154426814184
0.997250119469272,1.0018460169560548
0.995539991985008,1.0017659754349513
0.9967515981492473,1.0015066230804903
0.996953503427272,1.0016909291848375
0.9953954412708126,1.0014476970588602
0.9959556922471889,1.0017382969231086
,,egauge13830,egauge9102,egauge15623,egauge18350,egauge8617,egauge28684,egauge5198,egauge32290,egauge16608,egauge20407
,,0,0.5,1,0,0.5,0.5,1,0,0.5,1
,,1,1,1,1,1,1,1,1,1,1
0.9997402432555273,1.000026948210926
0.997902595335555,1.0000763807202648
0.9962839477072206,0.9999312041142823
0.995020068137691,0.9998800730224795
0.9989178431243704,0.9999948658344173
0.9982131036182568,1.000342387317206
0.997126230760208,1.0008582921076394
0.997559702228963,1.0000078214140606
0.9977916288104832,1.000309093770894
0.9973207006663337,1.000616982596248
0.9962839476751495,1.0000612685155124
0.9956668629109097,0.9996532690418436
0.994362723262022,0.9999657302709803
0.9938732448919938,0.9997106542974659
,,egauge27467,egauge20407,egauge23534,egauge4183,egauge5198,egauge18350,egauge13830,egauge16608,egauge7692,egauge16616
,,1,0.5,0.5,0,0,0.5,0,1,0.5,0.5
,,1,1,1,1,1,1,1,1,1,1
0.9997558296023754,1.0000460157236453
0.9984144087571117,1.0002869903606941
0.9972544857833899,1.0006152441544902
0.9971015394061076,1.000679279379979
0.9996228877603879,1.000778548295279
0.9974124789426212,0.9995887735623019
0.9978466111486871,1.000712769039192
0.9982428233424784,1.0000846780201624
0.9980452426828732,1.0002667554388958
0.9977986336372897,1.0006345275342021
0.9969378218289354,1.0005945922968864
0.9963494041219485,1.001107820779102
0.9968315843153038,1.000822035344398
0.9967874992478938,1.0005829653233254
,,egauge19821,egauge18350,egauge22271,egauge17073,egauge4183,egauge28684,egauge13830,egauge18544,egauge8617,egauge20407
,,0,1,0,0,0,0.5,0,1,1,1
,,1,1,1,1,1,1,1,1,1,1
0.9997229340667323,1.0000659683482835
0.9981003031850262,1.0005588713327833
0.9970926720192048,1.0011495628170455
0.996342207475234,1.0013931739103277
0.9988311407547641,1.000000217759868
0.9988761346208009,1.0009316273254714
0.9976041852090328,0.999953754572122
0.9972333190590624,1.0004374372730187
0.9978380041261775,1.0003366165292653
0.9974078765207811,1.0010997814942686
0.9967760680345813,1.001137163756188
0.9970287322670525,1.0017603995882334
0.9962842866319875,1.001779402986459
0.99517255834081,1.0012325272807563
,,egauge18544,egauge33764,egauge3167,egauge16616,egauge19821,egauge22271,egauge4183,egauge8617,egauge26086,egauge18158
,,0.5,0,0,1,0,0,0.5,0,0,0.5
,,1,1,1,1,1,1,1,1,1,1
0.9997585665082193,1.000015162782313
0.9979752576382078,1.000087262916478
0.996769579228143,1.0000907351724897
0.9954925786824922,1.000090737312736
0.9995040831611499,1.0003095866373823
0.9979176856772368,0.9999098515407583
0.9991360575711596,0.9999510013536779
0.9972797945167882,1.000390830895386
0.997279794507641,0.9999861218346165
0.9960740893705424,0.9999522183264814
0.9967407982228933,1.0001278880068616
0.9967056638751979,1.0000051811166202
0.9950154529685808,1.0000616469818573
0.9940590077007742,1.0002412673132448
,,egauge17073,egauge18158,egauge33764,egauge20407,egauge7692,egauge15623,egauge13830,egauge8617,egauge18350,egauge32290
,,0,0.5,1,1,1,1,0,0,1,0
,,1,1,1,1,1,1,1,1,1,1
0.9997289914110227,1.0000344956122507
0.9979769938842463,1.0001323384456955
0.9970767583966788,0.9998716422781252
0.9965356365314028,0.9996789661197926
0.9984054100782228,0.9999061795436336
0.9970296052106511,1.0003121759869271
0.9978127970971421,1.0013488192734237
0.997043839152596,0.9999806277891972
0.9978559302479157,1.0005877962318053
0.9955970826913038,1.0008310184426177
0.9967601604207491,0.9998592619275017
0.9969275835329837,0.9997968009232201
0.9963184245504116,0.9999552892626415
0.9957181736579509,0.9993971550098226
,,egauge16616,egauge18350,egauge9102,egauge7692,egauge18158,egauge8617,egauge16608,egauge4183,egauge24121,egauge13830
,,0,0,0.5,1,0,1,1,0,0.5,1
,,1,1,1,1,1,1,1,1,1,1
0.9997680885617471,1.0000420055012966
0.9982457827715446,1.0008369002135398
0.9969402814156099,1.0012778002672251
0.9962085950417869,1.001643059848063
0.999031781608826,0.9998544514025649
0.9989069410576269,0.9999620801582305
0.9981522936515766,1.0003765164810596
0.9979003384265819,1.0013028725739372
0.9969960658798034,1.0005737505924888
0.9980588450199347,1.0019004052247955
0.9965867511814283,1.0014597222838273
0.9967591766893233,1.0010957634838458
0.9959118818934599,1.001676666656751
0.9954215076483256,1.002307907867099
,,egauge8617,egauge22271,egauge19821,egauge7692,egauge13974,egauge16616,egauge26086,egauge20407,egauge18350,egauge28684
,,1,0,0.5,1,1,0.5,0.5,1,1,0.5
,,1,1,1,1,1,1,1,1,1,1
0.9997270353356543,1.000144894574563
0.9977989903875243,1.0011424525848613
0.9962938491495371,1.0016829708677006
0.9959311605865175,1.00211198080871
0.9992880642515827,1.0007214224769518
0.997720707552342,1.0000379901302123
0.99822565332287,1.0008706011050144
0.9976927995888412,1.0016085930991538
0.9969826562535875,1.0017607060851454
0.9965088228242924,1.0009246593847525
0.995868349031406,1.0018601966760445
0.995071182004451,1.0015222692895858
0.9957502727487293,1.002396394056655
0.9955907304178918,1.0024122719075133
,,egauge33764,egauge19821,egauge13830,egauge4183,egauge18544,egauge26086,egauge16616,egauge20407,egauge24121,egauge30039
,,0,1,0.5,0,1,1,1,1,0.5,1
,,1,1,1,1,1,1,1,1,1,1
0.9997023153188148,1.0001513638977897
0.9978586144350283,1.0011276682481924
0.9965507023371382,1.0015321465200626
0.995828298848647,1.0018016038770574
0.9987168421658403,1.0000881556699286
0.9983081267017144,1.001639770358537
0.998100067089517,1.000815041897089
0.9975359003139624,1.0008896841282386
0.9978081741156324,1.0017154843598737
0.9960547188685275,1.0027798407302801
0.9962671636308281,1.0016893034664462
0.9956679321695334,1.001371473532883
0.9954738753115224,1.0016995905152282
0.9948079614995046,1.0024021782025314
,,egauge26086,egauge4183,egauge18544,egauge18158,egauge13830,egauge27467,egauge19821,egauge3167,egauge32290,egauge18350
,,0.5,1,0,0.5,1,0.5,0.5,1,0,0
,,1,1,1,1,1,1,1,1,1,1
0.9997852169503227,1.0000907664235896
0.9982952058418392,1.0005808325647427
0.997368059027131,1.0005643144566094
0.9966332144076219,1.0001040105854997
0.998676964628645,1.0005723302279983
0.9988043161139352,1.0009005471823063
0.9988841297134937,1.0000052123666066
0.997075609194794,1.0006188439560442
0.9975769571736033,1.001196205884292
0.9981868861608894,1.0011990880371289
0.9971212536073902,1.0007006337567739
0.9971500527710085,1.0009711599972158
0.9959022965833834,0.9996296326196199
0.9961967244652283,1.0000505364367305
,,egauge24121,egauge3167,egauge26086,egauge30039,egauge28684,egauge19821,egauge16616,egauge8617,egauge27467,egauge18350
,,1,0.5,0,0.5,0,0.5,0,1,1,0.5
,,1,1,1,1,1,1,1,1,1,1
0.9997971348361313,1.0000974617206884
0.9982785850442099,1.000899024802632
0.9976929259715565,1.0014449604201423
0.9973233295368267,1.0020094092187273
0.9989480648986211,1.0003639317544597
0.9991999325700122,1.0004573327969377
0.997522906586032,1.0000349461995395
0.9973106993442211,1.001152225785664
0.9981065929466928,1.0008585266522505
0.9969329557240778,1.001536854917691
0.9976023790129441,1.0011969617045695
0.9975543034502599,1.0020238278345557
0.9972435976661406,1.0025053727983888
0.9968225904073581,1.0022238552285736
,,egauge18544,egauge5198,egauge3167,egauge24121,egauge28684,egauge33764,egauge13974,egauge27467,egauge22271,egauge16616
,,0,0,1,0.5,0.5,0,1,1,0.5,1
,,1,1,1,1,1,1,1,1,1,1
0.9998121554760023,1.0001504566179507
0.9981246716335583,1.001364148612717
0.9970038502976623,1.0026938046012046
0.9964247132327146,1.003278348953469
0.9994975188579721,1.0001076744101212
0.9981479473846742,1.0001104869732622
0.9992158340172758,1.0009737771368945
0.9975497535015972,1.001333757944172
0.9979531450969893,1.0016274523545854
0.9965229981470237,1.0012289001835273
0.9966831702772778,1.002929885102942
0.9968490238379948,1.0034006242985518
0.9959957638893647,1.0036289044310918
0.9956799436376155,1.0037402317827395
,,egauge24121,egauge30039,egauge23534,egauge13974,egauge32290,egauge9102,egauge4183,egauge13830,egauge19821,egauge18158
,,0.5,0.5,0.5,0,0,0,0,0,1,1
,,1,1,1,1,1,1,1,1,1,1
0.9996806474278199,1.0000306357991573
0.9973840122591431,1.000008220357699
0.9960923646304312,1.0005587125202349
0.9950571324597854,1.0012444521162656
0.9989091479390946,1.0000962250300205
0.9978314555374123,1.000629923919353
0.9977556576342437,1.0007203394070934
0.9965077032809107,0.99988193967489
0.996789535387863,0.9995931517579076
0.996039814978627,0.9998945844536907
0.9960348509658193,1.0004885050024732
0.9958050539495852,1.0005052096272156
0.9947102578150975,1.001783718043883
0.9938362657871787,1.0015980268754625
,,egauge8617,egauge32290,egauge13830,egauge3167,egauge18544,egauge30378,egauge15623,egauge28684,egauge33764,egauge9102
,,0.5,1,0.5,0,0,1,0,0.5,1,1
,,1,1,1,1,1,1,1,1,1,1
0.9997784662151784,1.0001113268935184
0.9982456838334218,1.0008680911037797
0.997276646900742,1.0015773058270039
0.9967653178558791,1.0021803464521506
0.9992332788411381,1.000364022144769
0.9978460261950216,0.9999734580344815
0.9982097838074864,1.0007749734744638
0.9980748601327402,1.000828251666794
0.9981548539773789,1.0008275944327654
0.9960255066523989,1.0015136559242688
0.9968487312412514,1.0015318214369409
0.9968717708384143,1.001866685985405
0.9961138403516474,1.0026180194595782
0.9961073245568209,1.0025450426229567
,,egauge9102,egauge18158,egauge26086,egauge23534,egauge13974,egauge8617,egauge33764,egauge27467,egauge7692,egauge15623
,,0.5,0.5,0,0,0,0,0,0.5,0,1
,,1,1,1,1,1,1,1,1,1,1
0.9997484695447059,1.0000257353531923
0.9981114377714191,1.000160276964039
0.9971026671865538,1.000534337780475
0.996269723016011,1.0007521106622541
0.9989672641470309,1.0001704734146353
0.9970325571563781,1.0002987745009937
0.9974865737647349,0.9999718985590698
0.9971595654222958,1.0000475724243176
0.9972058888032227,1.000008561299694
0.9977831039963794,1.0000032162622874
0.9968104013741227,1.0005012984497763
0.9969428347578182,1.0008769063861027
0.9961796593852205,1.0007157196410337
0.9949728015758412,1.0011697604589747
,,egauge33764,egauge3167,egauge22271,egauge19821,egauge18544,egauge23534,egauge18350,egauge28684,egauge13974,egauge24121
,,0,1,0,0.5,0.5,1,0.5,0.5,1,1
,,1,1,1,1,1,1,1,1,1,1
0.9997694741657116,1.0001512653236546
0.9980499895534234,1.0014802265499152
0.9969026637343865,1.0022119737356538
0.9958978834003626,1.0026677214756063
0.9988183813483391,1.000097788188535
0.999195876440136,1.000925365574015
0.997630076187825,1.000032949104704
0.9974234655033071,1.0018295801800536
0.9979390036737713,1.00175802803733
0.9964361869602115,1.002842403716485
0.9968533183173978,1.002293143254491
0.9965831345622435,1.0024801121689042
0.9953410214245586,1.0031202511756643
0.9950367377682179,1.0027748800219418
,,egauge9102,egauge4183,egauge33764,egauge30378,egauge32290,egauge3167,egauge23534,egauge24121,egauge22271,egauge16616
,,0.5,0.5,1,0,0,1,1,1,1,0.5
,,1,1,1,1,1,1,1,1,1,1
0.9997349978020141,1.0001210594989307
0.9976242433475878,1.0008075831136307
0.9964129467772852,1.0018697587248604
0.9956820301816424,1.0024604449793872
0.9989339436676099,1.0002782793193725
0.9987775651940112,1.0003682054773104
0.9977939294370114,1.0014278329028825
0.9962648434567666,1.0005849151716601
0.9971101777342355,1.0001399295984814
0.9975472944044768,1.0015227133795868
0.9961992829878639,1.002151139902819
0.9958341702539386,1.0019662295790241
0.9949519376105682,1.0031976964546765
0.9954692920612153,1.0023639281922723
,,egauge30039,egauge16616,egauge32290,egauge4183,egauge13830,egauge20407,egauge17073,egauge26086,egauge13974,egauge15623
,,0,1,0,0,0,0.5,0,0.5,1,0
,,1,1,1,1,1,1,1,1,1,1
0.9996996455869901,0.9999694424840702
0.9975075858166299,0.9999457128928123
0.9959369575994257,1.00043635618188
0.9952506971095592,1.000724563599543
0.9986760336885568,0.9998975044012528
0.9982901608084868,1.0007980679883512
0.9976622774203485,0.9998042038571309
0.9973099613993769,0.9998023822489746
0.9967875278324063,0.9998933840201173
0.9953089663105363,0.9994752968855424
0.9956248923184247,1.0003868038895063
0.9951182566928104,1.000897770281439
0.9946505203206527,1.0011032029835623
0.993957174136633,1.0006496467743218
,,egauge3167,egauge16616,egauge24121,egauge13830,egauge20407,egauge32290,egauge8617,egauge26086,egauge18350,egauge18158
,,0.5,1,1,0.5,1,1,1,0.5,0,0.5
,,1,1,1,1,1,1,1,1,1,1
0.9997417847723663,1.0000970970391616
0.9975839138430446,1.0006309924356993
0.9966190826882542,1.0011993691396452
0.9961292196019311,1.0012057768735425
0.9994471380754015,1.0002739985894635
0.9983229745131248,1.0008971009296777
0.998013759696759,1.0006501512402726
0.996838253804721,1.0009144978942692
0.9964558580999736,1.000469074281844
0.9966039103111175,1.0004958610373418
0.996586196188375,1.0013946639047135
0.9955533808829269,1.0016815638792913
0.9959211564123065,1.0011766481967106
0.9946945625869579,1.0012593273938444
,,egauge16616,egauge28684,egauge33764,egauge13974,egauge13830,egauge22271,egauge23534,egauge32290,egauge18158,egauge7692
,,0,0.5,0.5,0,0.5,0.5,0,1,1,1
,,1,1,1,1,1,1,1,1,1,1
0.9996960163322509,1.0000704861499572
0.9975138665922675,1.0007748300898445
0.9958489462652985,1.0011878867820871
0.9950866844570783,1.0017008026173069
0.9990057208847698,0.9998509390678163
0.9987061566094224,1.0006130199432708
0.9978022624654339,1.0006559292464217
0.9964898809432253,1.0006128844254518
0.9970795725073598,1.0010875167034439
0.9962313562114227,1.0016640594637438
0.9954384254853156,1.0011548219343969
0.9953490833768313,1.0011022217672096
0.9942272179662762,1.0019632038424846
0.9950760522753633,1.002172555104221
,,egauge18158,egauge5198,egauge32290,egauge26086,egauge8617,egauge22271,egauge30039,egauge28684,egauge15623,egauge18350
,,1,0.5,0,0,0.5,1,0,0.5,0,0.5
,,1,1,1,1,1,1,1,1,1,1
0.9997583822669851,1.0000666834269178
0.9979720929617906,1.0008200591774241
0.996223076033323,1.000996438136717
0.9951493794943893,1.001079724008367
0.9984362916136476,1.0004440266181633
0.998123941194718,1.0004853647254122
0.9976990460326491,0.9998022742333184
0.9974691811108212,1.000702038415398
0.9978510300921888,1.0010631065412734
0.9964497808689724,1.0027944523824415
0.9958287951118794,1.0009468530515173
0.996046996939378,1.0012856199658489
0.9942754249497618,1.001028757751326
0.9946393146176842,1.0012939348808008
,,egauge20407,egauge7692,egauge19821,egauge28684,egauge27467,egauge3167,egauge5198,egauge15623,egauge4183,egauge18544
,,1,0,1,0.5,1,0,0,0.5,0.5,0.5
,,1,1,1,1,1,1,1,1,1,1
0.9997836500873813,1.0001034418094867
0.9986493540645908,1.0008739935155107
0.997726665238565,1.0012014519189978
0.9975991268186879,1.0014585123283533
0.9986021561256798,0.9999417109299221
0.9977719528036468,1.000003530201079
0.9983083224359304,1.0017093244685518
0.9985080040910158,1.0011474490205758
0.998548384959103,1.001569772766637
0.9980718782352135,1.0008100360119567
0.9977143162852251,1.0011931853343004
0.9964274877366784,1.0013514097329888
0.9974976193681603,1.001553222539792
0.9975351486813787,1.0017585720327793
,,egauge16608,egauge18350,egauge13974,egauge9102,egauge18544,egauge28684,egauge30039,egauge18158,egauge27467,egauge13830
,,0.5,0,0.5,0.5,1,1,1,1,1,1
,,1,1,1,1,1,1,1,1,1,1
0.999767257345132,1.0002243143878646
0.9987269204643074,1.0022143012143818
0.997871764023654,1.0036649206141797
0.9975752388758065,1.0044949091857802
0.9988170762396172,1.0004050287899982
0.9988587123398471,1.0001270462130791
0.9977867696922688,1.0007281782759643
0.9979500072724837,1.0023217917938554
0.9984185974309939,1.0028231816895354
0.9982512258398808,1.0032989289422427
0.9974808225044647,1.0039427499617208
0.9966971957911893,1.004019505639185
0.997589741528577,1.0049996459250015
0.9967868740621613,1.0051404592614623
,,egauge5198,egauge30378,egauge18350,egauge16608,egauge18158,egauge33764,egauge20407,egauge32290,egauge23534,egauge30039
,,1,0,1,0,0,0.5,0,0,1,0.5
,,1,1,1,1,1,1,1,1,1,1
0.9997068792307813,0.9999697229169948
0.9970552996774773,0.9996066216874917
0.9956199408488479,0.9993504964678526
0.9948547684955376,0.9995488200305369
0.9988375311538932,1.0004402471288767
0.9970531762068573,0.9995602557390407
0.9987351940141409,1.000926171735139
0.9962117202521353,0.9995762940720585
0.995797295263321,0.9995257528681243
0.9958841410657651,0.999858054594298
0.99520074004801,0.999276265567961
0.9950387270691701,0.9992863854553945
0.9942552892510033,0.9998541932701024
0.9944510563529714,0.9997091776713644
,,egauge20407,egauge28684,egauge26086,egauge3167,egauge30378,egauge4183,egauge18158,egauge32290,egauge15623,egauge16608
,,0,0.5,0.5,0.5,1,0.5,0.5,0,0.5,1
,,1,1,1,1,1,1,1,1,1,1
0.9996931811724252,1.0000068194433014
0.997896994530638,1.0002372953100773
0.996428015655918,1.0001804351516532
0.9956283336751846,1.0005582072975627
0.9981270964953565,0.9997493939483342
0.9986968525714793,1.0005260430644316
0.9975081455086414,1.0009402764456954
0.9976316225507982,1.0004093210064722
0.9967483994336424,1.000581416476252
0.9976084152620249,1.0004303249980375
0.9959309959148415,1.0001804351487966
0.9958214596440971,0.9995712255347056
0.9947466584336481,1.0006600954030642
0.9950032733275649,1.001040037097492
,,egauge33764,egauge16608,egauge28684,egauge15623,egauge30378,egauge9102,egauge5198,egauge18544,egauge4183,egauge23534
,,1,0.5,1,0.5,1,0,0,0.5,0.5,0.5
,,1,1,1,1,1,1,1,1,1,1
0.9997860010714593,1.0001449475044961
0.9982461293142243,1.0007385186130298
0.99747698976536,1.0011816674972325
0.9970629152605163,1.0014636575147144
0.9988175626182826,1.0007820832782173
0.99793489624354,1.0005023371868151
0.9986655850089993,1.0013491992371295
0.997278359004159,1.0008701392534405
0.9970366660940174,1.001041265504878
0.9968046039809971,1.000641979531761
0.997127346159695,1.001169267969963
0.997370380315882,1.0014816289112345
0.9969469824159852,1.0015510819686504
0.9964885841045409,1.001806601710178
,,egauge9102,egauge30039,egauge18544,egauge30378,egauge28684,egauge13830,egauge18350,egauge4183,egauge20407,egauge19821
,,0.5,0.5,1,1,0,0.5,1,0,0,1
,,1,1,1,1,1,1,1,1,1,1
0.9997194379457828,1.0000488111615207
0.9976076137311578,1.000228486977259
0.9961937362047506,1.000304100908352
0.9950693304536199,1.0003618892191155
0.9989183984167499,1.0002081112885939
0.9978580955760866,1.000637296662215
0.9990955609301967,1.0013268662092254
0.9964422823903427,1.0003854773053127
0.9973353885009671,1.000188020896173
0.9961863509146618,1.0006935617037591
0.9960704873386343,1.0004238574876636
0.9960127919211045,1.000103104697471
0.9941954500940937,1.0001218769427405
0.9944743677072262,1.0008114757430198
,,egauge27467,egauge13974,egauge16608,egauge18544,egauge16616,egauge23534,egauge7692,egauge3167,egauge18350,egauge30039
,,1,0,0,0.5,0.5,0.5,0,1,0,1
,,1,1,1,1,1,1,1,1,1,1
0.999790953473049,1.0001096309045197
0.9984931551900675,1.0009119129509503
0.9973642539841993,1.0015678988818495
0.9965052170257128,1.0020106858507034
0.9996626410234196,1.0008445670586494
0.9977713365497398,0.9998447327656044
0.997705480803739,0.9999174935998331
0.9982654183160928,1.0011651177743264
0.9979966967677217,1.0008063592298293
0.9971386587885662,1.0015150986804768
0.9973107674866543,1.0015472237789507
0.9970445498612366,1.0019752267188513
0.9962228741256184,1.0019815294941727
0.9954840593126106,1.0027939391625484
,,egauge28684,egauge13974,egauge7692,egauge18544,egauge32290,egauge19821,egauge9102,egauge22271,egauge8617,egauge13830
,,0.5,1,1,1,0.5,1,0,1,0,0
,,1,1,1,1,1,1,1,1,1,1
0.9997538538469464,1.0001905035960348
0.9980214691514846,1.001192447266689
0.996816907692546,1.0017325922191942
0.9965558450835319,1.0016492908506291
0.9992466377622827,1.000480780595522
0.9979150285721484,1.00143146196678
0.9977686765743677,1.001174161574259
0.9979710190983329,1.0017879037069142
0.9975071614412728,1.0008178569854116
0.9968105804927146,1.0026266776579063
0.9965086260263587,1.0017201846273014
0.9959973542375493,1.0028055564578053
0.9965051509887454,1.0015982903169007
0.9961938794285986,1.0015850054688042
,,egauge18350,egauge13830,egauge16616,egauge4183,egauge7692,egauge18544,egauge23534,egauge17073,egauge30039,egauge8617
,,0.5,0.5,1,0,0,0.5,0,1,0.5,1
,,1,1,1,1,1,1,1,1,1,1
0.9998308470883114,1.000155884851669
0.998481622141132,1.0011048487921774
0.9971832788280532,1.0021449959887019
0.997085309997515,1.0026842286551514
0.9993179395045649,1.000368035256537
0.998336769215101,1.0007626906171487
0.9982565103006942,1.0010727925947336
0.9982091147867377,1.0009630877187912
0.9980016008681041,1.001042000837002
0.9979808796671876,1.0016461079253693
0.9967679969790518,1.002116031418661
0.9961187652354357,1.0030572863599845
0.9963901744043044,1.002903138808458
0.9969499435045677,1.0032639427284107
,,egauge27467,egauge16616,egauge7692,egauge30039,egauge30378,egauge32290,egauge8617,egauge13974,egauge23534,egauge13830
,,1,0.5,0.5,0.5,0.5,0.5,0.5,0.5,0,1
,,1,1,1,1,1,1,1,1,1,1
0.9997485080616124,1.0001008610190316
0.9975211469767941,1.0005828568541961
0.995858180670482,1.0011588093228672
0.9947912252721671,1.0015051305993052
0.9996119614566997,1.0008469952448196
0.9983379761051234,0.9999210373403213
0.9977554981123987,1.0005442429977578
0.997117985820854,1.0008460906123504
0.9963464448738508,1.0006435885776193
0.9963359575660332,0.9998883931960181
0.9958376448220209,1.0012538818384131
0.994912124032257,1.0013730402238137
0.9940907658102852,1.0014322869615115
0.9940372919405229,1.002192417458386
,,egauge27467,egauge15623,egauge13974,egauge9102,egauge26086,egauge18350,egauge16616,egauge8617,egauge28684,egauge13830
,,0.5,0.5,0.5,0,1,1,1,1,1,1
,,1,1,1,1,1,1,1,1,1,1
0.9997712699947315,1.0002420157777936
0.9984820114776742,1.0021052367255652
0.9976820808086857,1.0034421096751498
0.9971979596285522,1.004187468800814
0.9996002437801641,1.0005880982824735
0.9973231467751413,1.000566009984991
0.9977989033431369,1.0007557951284711
0.9977895179161901,1.0020748194717095
0.9976146347754082,1.00296747685935
0.9979605680250827,1.0029445864523778
0.9973981612793873,1.0036079124469128
0.997522137832,1.0040330933884807
0.9970312894785696,1.0046042311499497
0.9964296482782724,1.0048758406881895
,,egauge33764,egauge18350,egauge32290,egauge24121,egauge16608,egauge13830,egauge30378,egauge8617,egauge18158,egauge3167
,,0,0.5,0,0,0.5,0,1,1,0.5,0
,,1,1,1,1,1,1,1,1,1,1
0.999715123331694,0.99999891440314
0.9979125694926794,1.0003243724361957
0.9969054652464492,1.0008325865706167
0.9961104750056539,1.000814480951452
0.9988217510464881,0.9999276955604728
0.9988727271298865,1.0003741225374547
0.9976479866756435,0.9998183628766908
0.9971867627929482,1.0000996482245628
0.9969753043450094,1.0004840777949713
0.9965896991626007,1.0002155464678195
0.9965246556241498,1.000973081939004
0.9969054647869512,1.0014110355640906
0.9952355192977702,1.0008363186550748
0.9960678970342237,1.000782368703322
,,egauge23534,egauge20407,egauge7692,egauge15623,egauge13830,egauge33764,egauge18158,egauge30378,egauge18544,egauge27467
,,0.5,0.5,1,0.5,1,1,1,0,1,1
,,1,1,1,1,1,1,1,1,1,1
0.9997153566965715,1.0001498550506835
0.9980083305751284,1.0016488364062874
0.997017262408916,1.0024986159241642
0.9968707244324579,1.0032824640173055
0.9987943140611546,1.0004642772903531
0.9973885881798894,0.9996544867704177
0.9977523970845041,1.001114796638248
0.997088323148769,1.0018110111270266
0.997534345024025,1.0022776084348513
0.9964575164542329,1.0027611657137534
0.9968774465983569,1.002641957700761
0.995777390974199,1.0022627143080225
0.9968055231978195,1.0036832544979866
0.9967215861513724,1.0040238725628297
,,egauge13974,egauge18544,egauge9102,egauge3167,egauge7692,egauge23534,egauge28684,egauge24121,egauge20407,egauge26086
,,0.5,0,0.5,0.5,0.5,0,0.5,0,0.5,0
,,1,1,1,1,1,1,1,1,1,1
0.9997000673696502,0.99999329256546
0.9975467356926084,0.999937460705205
0.9956005239778445,0.9997910145007408
0.9943502827407906,0.9996120481923028
0.9987066691423628,1.0002286414577692
0.9989483000285436,0.9999101037954031
0.9980876624448128,1.0003091331744987
0.9975164819597275,1.000048724028379
0.997405570166581,1.0000790736301015
0.9957496453057576,0.9997855949818186
0.9954773619822141,0.9998652970990844
0.9947396808301111,0.9996627352946388
0.9936501891530164,0.9994376350128372
0.9932893473791976,0.9995692931823102
,,egauge17073,egauge24121,egauge28684,egauge5198,egauge19821,egauge18544,egauge18158,egauge3167,egauge32290,egauge13974
,,0,0,0.5,0.5,1,1,0,1,1,0.5
,,1,1,1,1,1,1,1,1,1,1
0.999751464473741,1.000081252544251
0.9981201249053828,1.0010555914056227
0.9964941994308558,1.0011987424995945
0.9955979188719752,1.0012684579590403
0.998434115970742,0.9999586578197542
0.9981867950028619,0.9998429135006102
0.9986384258637643,1.0006739348377147
0.997788959001467,1.0012683094157813
0.9975827040913582,1.001817087210573
0.9979158804406981,1.0022162106074133
0.9959807181765596,1.0010938340537403
0.9965368008260223,1.0016058929745308
0.9952580492874086,1.0012174803369218
0.9945990854517827,1.0014827165114175
,,egauge18350,egauge16608,egauge30378,egauge32290,egauge13974,egauge19821,egauge15623,egauge16616,egauge28684,egauge33764
,,0.5,1,0.5,0.5,0,0,0.5,0,1,1
,,1,1,1,1,1,1,1,1,1,1
0.9997161244416126,1.0000531352809456
0.9976683465365572,1.0001247740161756
0.9963229047709223,1.0005600613103607
0.9957188862646836,1.0012650612000815
0.9992294221905541,1.000245686547323
0.9979159922551855,1.0009664572625896
0.9968865693520604,1.0001814929261725
0.9972757743095485,0.9997708700512422
0.9968823400545708,0.9999731408482907
0.9963620505780972,0.9999511454504764
0.9961215863443342,1.000618300758331
0.9955782252563683,0.9999825865145006
0.995595905251267,1.001654795771931
0.9948622601431668,1.0018797344590582
,,egauge17073,egauge28684,egauge3167,egauge13974,egauge8617,egauge26086,egauge32290,egauge4183,egauge18158,egauge16616
,,0.5,0.5,1,1,0,0.5,0.5,0.5,0,0.5
,,1,1,1,1,1,1,1,1,1,1
0.9997716505172572,1.0000623050543564
0.998028730448079,1.0001513963671609
0.9967725034333157,0.9997352438294396
0.995869615822925,0.9995514649953625
0.9985787868654947,1.0004519230565094
0.9987125115339051,1.000619290461022
0.9991889616798115,1.0008973357300914
0.9971995628442585,1.0006777589138227
0.9978773970276077,1.0000704754395395
0.9960302061427505,1.0009883800921904
0.9965628581850281,0.9995826027714098
0.9966340322227277,0.9998314723336201
0.9949660221081907,0.9994933234450148
0.99561383456118,0.9994339076121066
,,egauge15623,egauge18544,egauge28684,egauge26086,egauge20407,egauge32290,egauge16608,egauge24121,egauge8617,egauge7692
,,0,0,0.5,0,1,1,1,1,0,1
,,1,1,1,1,1,1,1,1,1,1
0.9997458184624641,1.000044918629457
0.9975294567985818,1.0003918861685006
0.996369153295531,1.000944138076646
0.9962227267943641,1.0011524004079633
0.9984585077889858,0.9999914482165422
0.9989998959146882,0.9999649930201739
0.9986269292352105,1.0006425254075175
0.9966851836032239,1.000371648738329
0.9965777323968468,1.0002097840420894
0.9965687106058102,1.0002567929481807
0.9959912263195039,1.0011190049433274
0.9956031744262908,1.0012333020768387
0.9961503372604691,1.0011014297747804
0.9960843459326061,1.001642854518505
,,egauge20407,egauge7692,egauge13974,egauge16616,egauge32290,egauge3167,egauge18350,egauge8617,egauge18158,egauge22271
,,1,0,0.5,1,0.5,1,0.5,1,0.5,1
,,1,1,1,1,1,1,1,1,1,1
0.9997574546759171,1.0001229711650401
0.9984987540553062,1.0013461421453393
0.9975469907919591,1.0024897522211376
0.9967322660221961,1.003164643885442
0.9985355716770995,0.9999604336830603
0.9977732340024161,1.0000230572507238
0.9977664822056589,1.0006331201309593
0.998124697632081,1.0017109918075064
0.9976629122660191,1.000971483943407
0.9983034282818997,1.0020810844757118
0.9974725620872424,1.002568412204639
0.9974190520580167,1.003080073559
0.9960759348935271,1.003193841860847
0.9956869544638697,1.0042501817222467
,,egauge18544,egauge17073,egauge32290,egauge3167,egauge5198,egauge19821,egauge23534,egauge20407,egauge13830,egauge15623
,,0.5,0,1,1,1,0.5,1,0.5,0.5,1
,,1,1,1,1,1,1,1,1,1,1
0.9997502773256223,1.0000889121214507
0.9978470377486248,1.0009790324096057
0.9961190042428559,1.0013304292163745
0.9954811715964599,1.0017535752932702
0.9994836367856169,1.000388486827857
0.9972898644435495,0.9998673180426014
0.9977038294612519,0.9999568600513036
0.9975896336218443,1.0013741292287701
0.9973009514603841,1.0014068800993605
0.9966939693636663,1.0016215732585563
0.9957740291896017,1.0015785394711494
0.9948965925257144,1.0008778798254236
0.9951015824394812,1.001979536298345
0.9941642404356131,1.0021288137129085
,,egauge16608,egauge19821,egauge18544,egauge33764,egauge24121,egauge7692,egauge22271,egauge28684,egauge8617,egauge13830
,,0.5,1,0,0.5,0.5,0.5,0,0.5,1,1
,,1,1,1,1,1,1,1,1,1,1
0.9997789021181186,1.0001615916437585
0.9983772750713338,1.0011380088919093
0.9973006657697205,1.0020081172022246
0.9970519473803611,1.0027593455921322
0.9988152512512302,1.0003473664368354
0.9984365711048256,1.0016624935821303
0.9989859605312492,1.00007603042413
0.9976734721727124,1.001389398846971
0.9977844993497658,1.0011301637015944
0.9970660007160677,1.0015187609678224
0.9968935467069147,1.0019791573095835
0.9969170779266802,1.002308371529041
0.9969649958880655,1.0031461975046383
0.9966128564586086,1.0034465617533073
,,egauge27467,egauge32290,egauge24121,egauge17073,egauge18158,egauge16608,egauge8617,egauge13830,egauge19821,egauge18544
,,0.5,1,0.5,0.5,0,1,0,0,0.5,0.5
,,1,1,1,1,1,1,1,1,1,1
0.9997552329133729,1.0000666081449268
0.9979173838821823,1.0006443448536146
0.9970924831128841,1.000960682362664
0.9966340342528518,1.0013515693917872
0.9996292197226416,1.000408987512899
0.9978191758010163,0.9999267444672979
0.9981042805078393,1.000225628299092
0.9967989453241528,1.0009987619067107
0.9968090079818083,1.0003812550735716
0.9962280668348689,1.0014947422801919
0.9970349011333292,1.0009317582456216
0.9962726607428237,1.0009071540632777
0.9961924368873515,1.0015919985797133
0.9965168827514372,1.001651591232384
,,egauge18544,egauge22271,egauge19821,egauge3167,egauge26086,egauge13974,egauge28684,egauge13830,egauge32290,egauge30378
,,0.5,0,1,0,1,1,0,0.5,1,1
,,1,1,1,1,1,1,1,1,1,1
0.9996779474336844,1.0001675677411292
0.9974659504676678,1.0011998808079707
0.9960229523351801,1.0015085793824592
0.9948675147030904,1.0016560564246297
0.9994841943698584,1.0004671703000716
0.9977199121516227,1.0000552640719444
0.9982324683874808,1.001775058219814
0.9974155336236559,1.0011694960332493
0.9967103289746239,1.0020388783505259
0.9958149411301876,1.0023606968267293
0.9959572284916135,1.0014961750620806
0.9955841380460443,1.0018140503332678
0.9945062740654956,1.0015957691017745
0.993466784667982,1.002014477573747
,,egauge5198,egauge30378,egauge22271,egauge24121,egauge13974,egauge18544,egauge28684,egauge3167,egauge8617,egauge15623
,,1,0,0.5,1,0.5,0,0.5,1,0.5,0.5
,,1,1,1,1,1,1,1,1,1,1
0.9997660565142882,1.0001204285927578
0.9981987065187077,1.0008691762863462
0.9972108981879851,1.0015141438452693
0.9963524041877119,1.0017449084991206
0.9989095792970094,1.0005889734732496
0.9970776221138513,0.9997068810206385
0.9976601203576316,1.0011425533317158
0.9976290039185384,1.0010633375599258
0.997492806761618,1.0011021074187505
0.997891576839449,1.0007919313487255
0.9971533082925594,1.001625799701891
0.9970401800788541,1.0019321696455328
0.9962582859405834,1.0019125437384995
0.9950553549147403,1.001905881022404
,,egauge7692,egauge15623,egauge28684,egauge23534,egauge9102,egauge32290,egauge5198,egauge26086,egauge13830,egauge17073
,,0,0,1,1,0.5,1,0.5,0,0,0.5
,,1,1,1,1,1,1,1,1,1,1
0.9997617790820376,1.00008495630118
0.9977529537425456,1.0006753803215902
0.996558242377761,1.0009094613515632
0.9958840680484171,1.0011016839842333
0.9987707155792304,1.0000303391805312
0.9973147466581072,0.9999720801127007
0.9986448090058903,1.001304828136171
0.9972311400843274,1.0013642584590043
0.9969967237186177,1.000844327001123
0.9967727537113126,1.000540241843313
0.9965417999960732,1.0009962402856685
0.9957283071710864,1.0008071003904333
0.9956380933211953,1.001065277940214
0.9951105764122885,1.0014766337595389
,,egauge17073,egauge18544,egauge7692,egauge27467,egauge32290,egauge16616,egauge23534,egauge4183,egauge26086,egauge28684
,,0,1,0.5,1,0,0,1,0,0,0.5
,,1,1,1,1,1,1,1,1,1,1
0.9997742494971321,1.0000417264246093
0.9981725353219999,1.0000458441755482
0.9968117317653924,1.000438875903817
0.9960548743594643,1.0005063645396444
0.9984706631332442,0.9999231970517513
0.9991700813465056,1.0012423869737554
0.9977707928387037,1.0004885404764854
0.998119621899953,1.0007292365297455
0.997617816082073,0.9995654714872113
0.996950269962107,0.999410507057853
0.9964705810079526,1.0007333376282515
0.9965348217556889,1.0002891060421542
0.995302781604703,1.0004471599944131
0.9957854812160437,1.0007846712722526
,,egauge19821,egauge17073,egauge16608,egauge33764,egauge26086,egauge28684,egauge5198,egauge27467,egauge30039,egauge13830
,,0.5,0,1,0,0,0.5,1,1,0,0
,,1,1,1,1,1,1,1,1,1,1
0.9997375676259906,1.000102145587903
0.9983410710249672,1.0006718990687644
0.9976457047406708,1.0012600901570305
0.9968625345744565,1.0011448219896801
0.9989898675752251,1.0004650387465424
0.9973227944778728,0.9998623969927573
0.9978288474340963,1.0010712816359388
0.9974335460811331,1.000601048850447
0.9974576431261788,1.0005504487926111
0.9977271641902346,1.0011757515989768
0.9976415887718618,1.0014420083794302
0.9976990301494395,1.001989004216588
0.9965293929861891,1.00105016796934
0.9960429342590459,1.0010912820489486
,,egauge30378,egauge24121,egauge18350,egauge28684,egauge19821,egauge20407,egauge32290,egauge33764,egauge13830,egauge23534
,,0.5,0,1,1,0.5,1,0,0.5,0.5,0.5
,,1,1,1,1,1,1,1,1,1,1
0.9996748321759737,1.000055347821601
0.9972769748599073,1.0005035247472522
0.9957568483708161,1.0006093546001789
0.9947154493124517,1.0009744394008975
0.998257730740623,1.0001041998452969
0.9981257199846427,0.9998420157306253
0.9987430424839693,1.0009754577453476
0.9970653121442833,1.001080773696775
0.9966725053534919,1.000746481252574
0.9951668435263149,1.0002140537719457
0.9955351418177205,1.0003285775183741
0.9949085322698225,1.000866277885783
0.9941882383312896,1.0012001926806804
0.9937494708063452,1.0012529000015953
,,egauge17073,egauge30039,egauge33764,egauge20407,egauge3167,egauge22271,egauge19821,egauge18544,egauge4183,egauge30378
,,0,0,0.5,0.5,0,0,0,0,0,0
,,1,1,1,1,1,1,1,1,1,1
0.9997060306582151,0.99993798659845
0.9975385589028926,0.9994759594515258
0.996154305350038,0.9991678057701238
0.9952018536552529,0.9989506625938022
0.9983990136081436,0.9998417568818888
0.9978521634328291,0.9998537450900037
0.9977846207841048,1.0004864995131006
0.9965815847375398,0.9992940544184667
0.9974881377191701,0.9994355293623189
0.9958206115124446,0.9993527051906064
0.9958996430239768,0.9991306967152561
0.9960585062076353,0.9991250732544052
0.9950934057280554,0.9988489924257256
0.9937687750166294,0.9987370980611291
,,egauge16616,egauge8617,egauge9102,egauge18158,egauge15623,egauge5198,egauge24121,egauge18544,egauge18350,egauge23534
,,1,1,0.5,1,1,0,0.5,0,1,0
,,1,1,1,1,1,1,1,1,1,1
0.9998104632211606,1.0001099807764997
0.998199356903062,1.0005829471005785
0.9973430330822769,1.0007022588795398
0.9967590288345558,1.0008796283062036
0.9990374613268165,1.0005541741729187
0.9987600431539086,1.0012105473465263
0.9981968325276023,1.0004582152338959
0.9971590912901994,1.0009341086143617
0.9969334493873837,1.0009778591259404
0.996702298300035,1.000544335929363
0.9971332455656957,1.0006898663708694
0.9972577569624652,1.000659448768132
0.9964986085300485,1.0011727992488544
0.9956844253228425,1.0007618861963452
,,egauge13830,egauge19821,egauge27467,egauge22271,egauge7692,egauge33764,egauge26086,egauge16616,egauge28684,egauge30039
,,0.5,0.5,0,0.5,0,0.5,0,1,1,0
,,1,1,1,1,1,1,1,1,1,1
0.9997607603772306,1.0001110608218164
0.9980740387407107,1.0008460447584668
0.996832395793671,1.0012663681256087
0.9965394909394224,1.001522860400467
0.9989794806447551,1.0004393344939528
0.9982838620312998,1.0007933559016113
0.9991098373239077,1.0000188030804424
0.997118446433959,1.0013120221490113
0.997963049646859,1.0007954258398633
0.9962876416009656,1.001359533859144
0.9964830193893846,1.001220900419733
0.9960924824186314,1.001652110634275
0.9963878627266842,1.0019383167469536
0.9959053217543236,1.0013860745410927
,,egauge26086,egauge28684,egauge7692,egauge13974,egauge9102,egauge19821,egauge3167,egauge8617,egauge5198,egauge18158
,,0.5,0.5,0.5,1,0,0.5,0.5,0,1,0.5
,,1,1,1,1,1,1,1,1,1,1
0.9997836748606036,1.0001266736964298
0.9980674112644473,1.000858991660982
0.9973355919422853,1.0012173693917181
0.9966359760879049,1.0015186162977219
0.9986753228117572,1.0006034001188098
0.998744097856943,1.0006835674327734
0.9977731504090516,1.0005738861705127
0.9972891393572211,1.0014274482300294
0.9973616204007043,1.0007744358130217
0.9968812077830682,1.0015129699286434
0.9973397063959544,1.001287643186173
0.9972716337014417,1.001142408950957
0.9966939249401879,1.00183928205325
0.995380953394285,1.001557115630941
,,egauge20407,egauge16616,egauge23534,egauge33764,egauge16608,egauge5198,egauge32290,egauge19821,egauge28684,egauge30039
,,0.5,0.5,0.5,0.5,0,1,1,1,0,0.5
,,1,1,1,1,1,1,1,1,1,1
0.9996989451391152,1.0000348731569848
0.9980636972592957,1.000885963141624
0.9967298744703099,1.001497489167388
0.9960113143958503,1.0016705939881356
0.9984827466944096,0.9997790142862961
0.9982631013990345,0.9998529070194411
0.9977790417629864,1.0007335250808536
0.9973478342935603,1.0011689695372457
0.9971249753679104,1.0007847265674576
0.996862452831528,1.0017360183751536
0.9965448969727311,1.001468546714456
0.9959848339585858,1.0023017349206813
0.9958655980597365,1.0016414493425927
0.9949907506259993,1.002002898673654
,,egauge18158,egauge13974,egauge7692,egauge8617,egauge3167,egauge27467,egauge22271,egauge18350,egauge19821,egauge23534
,,1,0,0.5,1,0.5,1,0.5,0,0,0.5
,,1,1,1,1,1,1,1,1,1,1
0.9997483967850884,1.0001263611807871
0.9984810882787969,1.0012194266639998
0.9971055864309173,1.0016143541307945
0.9963990830428204,1.0017554287131127
0.9984476950665272,1.0005054206879727
0.9976958530149673,0.9998757025958844
0.9977567528552408,1.0005741130914438
0.9983677040527574,1.0017768789845636
0.9984128219697448,1.001401785094083
0.9983463001211224,1.0025677442465493
0.9967026720779615,1.0018087599169199
0.9969777145792805,1.001569769550732
0.9958849190010626,1.0016971355705646
0.9954703465644233,1.0020940459677443
,,egauge9102,egauge32290,egauge26086,egauge33764,egauge15623,egauge28684,egauge18350,egauge16608,egauge18158,egauge19821
,,1,0.5,0,1,1,0,1,0.5,1,0
,,1,1,1,1,1,1,1,1,1,1
0.9996835408550783,1.0000890747273874
0.9975793586711431,1.001059086482965
0.9957853577314351,1.0015831340438048
0.9945854525681941,1.0017370086881896
0.9988829645208146,1.0004416555449684
0.9978157029675236,0.9998306218984025
0.9974652045318441,1.0000249076888403
0.9969948144888489,1.0016569962724546
0.9967299249888529,1.001433948443913
0.9969257744755922,1.0010011384669473
0.9957401841849639,1.0017651216363992
0.9949030883709963,1.0017545959478604
0.9937553415846347,1.0019702561959103
0.9937998836976323,1.0016512881382333
,,egauge20407,egauge24121,egauge16616,egauge19821,egauge16608,egauge7692,egauge18544,egauge26086,egauge23534,egauge8617
,,0.5,1,0,0,0.5,0.5,0.5,1,1,0.5
,,1,1,1,1,1,1,1,1,1,1
0.9996946176728497,1.000069489560609
0.9977630614088263,1.0013479565350343
0.996688297901248,1.0026038396718802
0.9961093415822939,1.0031743916327005
0.9984616598851905,0.9998128856850018
0.998114604691711,1.0006015810751536
0.9980992148878107,0.9997540034920952
0.9970071740655823,1.0012871785395094
0.9968561589147089,1.00149993948303
0.997074238194252,1.001701801006472
0.9966800753418705,1.0027197803745054
0.9958794989373679,1.0034951235462717
0.995508966704486,1.003707577609268
0.9960241901378499,1.0034320934701633
,,egauge18350,egauge4183,egauge23534,egauge20407,egauge13974,egauge27467,egauge5198,egauge33764,egauge30039,egauge13830
,,0.5,1,0,0.5,1,0.5,0,1,1,0
,,1,1,1,1,1,1,1,1,1,1
0.99974014940133,1.00010631759195
0.9979273532249799,1.0008393959463013
0.9969521895206176,1.001532611505933
0.9963573216116447,1.0018725095547973
0.9992642632629721,1.0002987897658637
0.9988329978410778,1.000911476847506
0.997624591276916,0.9999566065757421
0.9967686519495119,1.0003654813869407
0.9970839718318866,1.001406736034424
0.997716829170431,1.0014643537761898
0.9969069533845554,1.001524341689627
0.996015533192848,1.002143724631451
0.9958915448632994,1.0023622637941698
0.9955382127949438,1.0018403571805294
,,egauge17073,egauge13974,egauge33764,egauge13830,egauge24121,egauge30378,egauge18544,egauge18350,egauge7692,egauge30039
,,0.5,0.5,0,0,1,0.5,0,0,0.5,0
,,1,1,1,1,1,1,1,1,1,1
0.9997357891387874,1.0000328742718736
0.9982437740810073,1.0000608540502487
0.9972654014920785,1.0000312009924077
0.9965718387367406,1.0000824097796202
0.998584153671663,1.0004073509607208
0.9978629850571795,1.0004745598269305
0.9978389721683529,0.9999092011827133
0.9975738428628914,1.0000102820733194
0.9976902164438969,1.0002323413612715
0.9958076348354471,1.0001766371758027
0.9972407174678447,1.000002308623038
0.9967876270874338,0.9999670383433019
0.9960509940220039,1.0002351652162624
0.9955506001326591,0.9999433945884328
,,egauge18544,egauge22271,egauge4183,egauge7692,egauge13974,egauge9102,egauge17073,egauge16616,egauge30378,egauge19821
,,1,0.5,0.5,0.5,0.5,1,1,0.5,1,0.5
,,1,1,1,1,1,1,1,1,1,1
0.9996943366711779,1.0001871479902618
0.9971464000676976,1.0013297480184984
0.995385499085367,1.0021890648967338
0.9942368126618405,1.0026190567031008
0.9995027001612524,1.0008261160092418
0.9978148395231847,1.0011475738437616
0.9987462949131642,1.0004459423424568
0.997055688454874,1.0015323994669334
0.9961999275217813,1.0015241269278328
0.9957450787006027,1.0019527122447072
0.9950859442212964,1.0025202454272495
0.9950984291020938,1.0020925789605744
0.9934358788009777,1.0028671434515268
0.9934939768689157,1.0029732038817079
,,egauge16608,egauge18544,egauge30039,egauge22271,egauge16616,egauge18350,egauge27467,egauge30378,egauge13830,egauge23534
,,0,0.5,1,0.5,1,1,1,1,0,0
,,1,1,1,1,1,1,1,1,1,1
0.9997693784928607,1.0001662515971197
0.9979336116536289,1.0013397918560343
0.9965229306365058,1.0018453583737306
0.9959758070061774,1.0017556396364178
0.9987762569671933,1.000056819419797
0.9991178585684152,1.000711087721976
0.9977607190825631,1.0017240856773846
0.997258151828015,1.0018263238129363
0.9976557727626197,1.001775617295042
0.9977411949768837,1.0021521635671968
0.9965064889301061,1.0021018969080213
0.9951194433982428,1.0022099096684502
0.9955575340257284,1.001719205429597
0.9950615596364716,1.001659202874587
,,egauge9102,egauge33764,egauge19821,egauge26086,egauge3167,egauge28684,egauge27467,egauge23534,egauge16608,egauge15623
,,0.5,0,1,0,1,0.5,0,0.5,0,1
,,1,1,1,1,1,1,1,1,1,1
0.9997316240398962,1.0001079520589715
0.9979949131648844,1.0006776580981898
0.9967207894550806,1.0010124954078272
0.9961100936012984,1.0011663175397303
0.9989092324127138,1.0002673769988544
0.9979209558467225,0.999990553299393
0.9982730120007915,1.0017245710961067
0.9971381079227054,1.0005966390506793
0.9979949130802505,1.0010624826334251
0.997533227598668,1.001179979436394
0.9966591220623355,1.0009918338584007
0.9957631351440697,1.001365973258027
0.9954374429674738,1.0010789416126438
0.994923952664427,1.0015556941322512
,,egauge18350,egauge24121,egauge20407,egauge33764,egauge3167,egauge32290,egauge23534,egauge27467,egauge30378,egauge16608
,,0.5,0,0.5,1,0,0,0.5,0,1,0
,,1,1,1,1,1,1,1,1,1,1
0.9996783971531716,0.9999605096943066
0.9976974350106891,1.0001265619427278
0.9959744095641536,1.0004230706066894
0.9946602520703741,1.0005511363119843
0.9992870281140545,1.0001521552144428
0.9981572215747118,0.9997949699789415
0.9971764741812592,0.9995564476713337
0.9971036239449467,1.0007136831729293
0.9976570899504823,1.000086100733988
0.9964694960121954,0.999528865744266
0.9957526461768657,1.0005593669614352
0.995836070013746,1.0003695762848364
0.993837286227732,1.0007840570814803
0.9936731395771666,1.0004227417378795
,,egauge19821,egauge9102,egauge30039,egauge24121,egauge4183,egauge26086,egauge28684,egauge33764,egauge23534,egauge18158
,,0,0,0,1,1,0.5,1,1,0,0
,,1,1,1,1,1,1,1,1,1,1
0.9997118953509398,1.0000675913812296
0.9977377115560088,1.0009712743200412
0.9958247978014578,1.0014724628186198
0.9943970771840487,1.0012419374033488
0.998799054041447,0.9999857616687015
0.998173308528885,0.9999854344373352
0.9977323410351326,0.999861881650164
0.9970772231332364,1.001124497714406
0.9975477266537088,1.0013765027802048
0.9959735076846928,1.001792895504637
0.9957673024751574,1.0017040665694725
0.9951549242945523,1.0021264472220304
0.9936753115499252,1.0011691163362544
0.9930712579613488,1.000963571701972
,,egauge18350,egauge30039,egauge26086,egauge18544,egauge7692,egauge3167,egauge9102,egauge20407,egauge27467,egauge30378
,,0,1,0,0,1,0,0,1,0.5,1
,,1,1,1,1,1,1,1,1,1,1
0.9997294786567892,1.000060102674178
0.9979279336353779,1.000453067803288
0.9960833983940169,1.0006925292339193
0.9952895370575029,1.0010897052129826
0.9992997790963131,1.000004592238706
0.9978678372177172,1.001507682360641
0.9975035459453632,0.9999905805403048
0.997837138010956,1.0004125909820192
0.9978371379023592,1.0008783076712504
0.9978317150567123,1.000395161252675
0.9957753852316236,1.0006636142761007
0.9950839890852463,1.0004999199946565
0.9952533808211195,1.0013227746029942
0.9940153194973613,1.0014110659390947
,,egauge23534,egauge13974,egauge15623,egauge33764,egauge26086,egauge24121,egauge17073,egauge18350,egauge16608,egauge22271
,,0,0,0.5,0.5,0.5,1,0.5,1,0,1
,,1,1,1,1,1,1,1,1,1,1
0.9997070214425711,1.0001284690035555
0.9977562538071044,1.001468139418844
0.9964623925803295,1.0025293650046245
0.9956548543697399,1.0031037475294478
0.9986340523041295,1.0000480134989638
0.9977136204531506,0.9998812456525019
0.9971006859932496,1.0004896619999728
0.9973976266856105,1.0017316485460033
0.9970003723777637,1.0018933085054564
0.9965982761766189,1.001795298273849
0.9961706691444048,1.002674283116171
0.9963665582015,1.0030015786367292
0.9950042359947066,1.0030234689715771
0.994978905131137,1.0041892069957281
,,egauge28684,egauge3167,egauge5198,egauge13974,egauge18544,egauge18158,egauge24121,egauge22271,egauge18350,egauge19821
,,1,1,0,0,0.5,0.5,1,0.5,1,1
,,1,1,1,1,1,1,1,1,1,1
0.9997964492934949,1.000179546426596
0.9980063440505874,1.0012578767565594
0.9967672659400285,1.002371974598671
0.9963091035780955,1.0031235843113517
0.999297334996698,1.0007851147876121
0.999250548895993,1.0009528788691004
0.9980186440153418,1.0001367627480955
0.9970136015832072,1.0010492523276013
0.9979357169516783,1.001541592194597
0.9955884645439825,1.0013351712105814
0.996578170447257,1.0024133670438728
0.9959110486442511,1.0028763102414755
0.9961042205618192,1.0034375530273785
0.9956388441763228,1.0039186194899499
,,egauge26086,egauge16616,egauge32290,egauge30378,egauge33764,egauge30039,egauge8617,egauge18350,egauge18544,egauge23534
,,0.5,1,1,0.5,0,0,0,0.5,1,1
,,1,1,1,1,1,1,1,1,1,1
0.9997503424490259,1.0001169681429412
0.9981986531917174,1.0008449179303585
0.9976502082231229,1.0017330690435815
0.9972170110511069,1.0025676485465702
0.9986746092674933,1.0005546778013232
0.998298637901649,1.000969683128077
0.9976568236691018,0.9999609151310427
0.9970608342101837,1.0008955428160538
0.9973971254215358,1.000753808347934
0.9964897059345298,1.000613231931766
0.9975884726878254,1.0017041185451776
0.9972434703630302,1.001919019831691
0.9971517829997056,1.002983617175401
0.9964010065463444,1.003351416625064
,,egauge15623,egauge20407,egauge9102,egauge26086,egauge22271,egauge5198,egauge19821,egauge4183,egauge18544,egauge16608
,,1,0.5,0.5,0.5,1,1,0,1,1,1
,,1,1,1,1,1,1,1,1,1,1
0.999708986585219,1.000161916926865
0.9980609832392849,1.0018980570441383
0.9969257823866594,1.0027614953153086
0.9963341772025364,1.0034297041024376
0.9984676803926397,1.000573397568171
0.9974204496437951,0.9996563696045274
0.9980658434966142,1.0005002529721154
0.9973048289376285,1.0022801347049701
0.9973711559174968,1.002912963844042
0.9971528479862057,1.0027497138615769
0.996629788981171,1.0027283690442468
0.9967446809133416,1.0031706346001896
0.9962979760913826,1.0038680219175973
0.9953982096519386,1.0039024188538108
,,egauge18544,egauge23534,egauge33764,egauge16616,egauge22271,egauge4183,egauge26086,egauge3167,egauge5198,egauge19821
,,0,0,0,1,1,1,0,0.5,0.5,0
,,1,1,1,1,1,1,1,1,1,1
0.9997504107024744,1.0000889545305263
0.9981288467964998,1.0011148122625313
0.9970674663272372,1.0012246642220366
0.9965646302804437,1.0013015584320328
0.9994525877414416,1.0000461754330907
0.997810319437743,0.9999450202561854
0.9977773405757833,0.999982014887671
0.9974330785059171,1.001480024210366
0.9973125102078756,1.0021287811988142
0.9975132794832137,1.001888259758788
0.9967179925123539,1.0012081307521512
0.9969928731245106,1.0014067677033336
0.9964849701536608,1.0014517967266205
0.995841000285847,1.0012158819061703
,,egauge13974,egauge19821,egauge24121,egauge27467,egauge23534,egauge16616,egauge4183,egauge18158,egauge22271,egauge17073
,,0,0,0.5,0.5,0,1,1,1,0,1
,,1,1,1,1,1,1,1,1,1,1
0.9996969781162518,1.0000905837652148
0.9977813034060413,1.00123681302783
0.9963041387009027,1.0021672740134495
0.9953367672476661,1.0026490036064206
0.998622683332909,0.9999441646614065
0.9979087420222686,0.9999491975099276
0.9980545861629341,1.0002302331403694
0.9977913911309172,1.0015530922204967
0.9967636691159629,1.001115281691415
0.9970511524987722,1.0019523061814064
0.9962507194601936,1.0023328280565156
0.9951982601127569,1.0025105034954462
0.9946214132575999,1.0025979429170258
0.994476195701186,1.0035295848658015
,,egauge16608,egauge13974,egauge27467,egauge19821,egauge30039,egauge28684,egauge8617,egauge4183,egauge16616,egauge18158
,,0.5,0,0.5,0.5,0,1,1,1,0.5,1
,,1,1,1,1,1,1,1,1,1,1
0.999737453847879,1.0001174340883874
0.9982635967946643,1.0011502023139822
0.9973310939129868,1.001850455577698
0.99645067892036,1.0019659468730382
0.9987716829418708,1.0003012688071782
0.9976848283082438,0.999871164332757
0.9994745255332029,1.0008032229979333
0.9975890464545089,1.001484558557968
0.9974090889457186,1.0010084336587484
0.9978385407945312,1.0022334688502326
0.9972652679254429,1.0020780239252494
0.9970646670227742,1.0022787312168076
0.9961367576175094,1.0018566266948015
0.9952065592358231,1.0023198225553371
,,egauge19821,egauge7692,egauge16608,egauge9102,egauge18158,egauge30039,egauge15623,egauge23534,egauge30378,egauge24121
,,0.5,0.5,1,0,0.5,0.5,0,0,0.5,0
,,1,1,1,1,1,1,1,1,1,1
0.9997111404349873,1.0000376747832262
0.9975609691786018,0.9998448667525238
0.995940710324825,0.999512373680444
0.9950856725486823,0.9994031962156967
0.9989634637591805,1.0003988641148494
0.9978859968352936,1.0004575238894764
0.9977706245099704,1.001014896688182
0.9968735085569003,0.9997841966005444
0.9966431380644366,0.9998853183323775
0.9957182016239818,1.0004055174843778
0.9954398758720737,0.9994834990354421
0.9956002764652505,0.999428542922165
0.9942045641772206,0.9993741295392558
0.9943875001871592,0.9992963432558288
,,egauge8617,egauge18544,egauge17073,egauge30378,egauge16616,egauge7692,egauge26086,egauge24121,egauge16608,egauge19821
,,1,1,0,0,0.5,0,0.5,0.5,0.5,0.5
,,1,1,1,1,1,1,1,1,1,1
0.9997182976972425,1.0000842264733767
0.9975251982532825,1.0002760814869833
0.9958707293680017,1.0007784563783648
0.9949135530408455,1.0009833967364332
0.9992970051883701,1.0006621642891746
0.9991526370434142,1.0012849473085768
0.9971428312328416,0.9998276181255116
0.9963319423956764,1.0000232176255823
0.9972336341104578,1.00015468798732
0.996880532482357,1.0001217138525733
0.9955668982736325,1.0009478722305987
0.9951052044120678,1.0008748035928456
0.9942707266408903,1.0010903374126128
0.9941701218951466,1.0013452964606187
,,egauge16616,egauge28684,egauge16608,egauge24121,egauge27467,egauge13974,egauge30378,egauge7692,egauge19821,egauge26086
,,0.5,1,1,0,0,1,1,1,1,0.5
,,1,1,1,1,1,1,1,1,1,1
0.9997105525400182,1.0001802022329167
0.9974174979344052,1.0013026826140468
0.9957061007970639,1.0024714876698166
0.9948210953828673,1.0031744594810672
0.9990091495875991,1.0000703010179444
0.99874520128568,1.0013135527840125
0.9977653001125544,1.0011444979882271
0.9969237003393978,1.0010217695450119
0.997346920090896,1.001244172518169
0.9957665823709667,1.0024636400436913
0.9951643890525514,1.002612254746657
0.9956209901695537,1.0029651436076525
0.9943226922444611,1.003722262321041
0.9940034809630671,1.0035503265758834
,,egauge18544,egauge30039,egauge27467,egauge28684,egauge7692,egauge4183,egauge19821,egauge22271,egauge32290,egauge8617
,,1,0,1,0.5,0.5,1,0.5,0,0,1
,,1,1,1,1,1,1,1,1,1,1
0.9997958882189969,1.0001252098356004
0.9981445852573649,1.0006526870655683
0.9967436003891308,1.000744520921658
0.9963171264097421,1.0006809715798697
0.9994635031020602,1.000766765854063
0.997910042312487,0.9998854547040925
0.9995241180455354,1.0016263472995006
0.9977814261184693,1.0009249139131293
0.9979504891799078,1.0008540197581237
0.997721278533417,1.0014450565365236
0.9965093054157093,1.0008850016978672
0.9956902682621573,1.000676854480904
0.9959190931196359,1.000215441574343
0.9961893742348478,1.001266598369879
,,egauge18544,egauge30039,egauge4183,egauge17073,egauge32290,egauge22271,egauge16616,egauge18350,egauge8617,egauge5198
,,0,0.5,1,0,0,1,0,1,1,0.5
,,1,1,1,1,1,1,1,1,1,1
0.999809930699384,1.0000949303429256
0.9982851852017103,1.0005594409824257
0.9977762305515995,1.0009451493352077
0.9971741420886089,1.0014257238450262
0.999468951022126,1.0000521509433653
0.9979052044300537,1.0007113601310103
0.9987299974615355,1.0009690829117217
0.9974180111560479,1.0004278888993448
0.9977303921235652,0.99996709348503
0.9964791683457143,1.0025058648514624
0.9977021379171204,1.0006972968946621
0.9975736237555881,1.00141648134167
0.997101670763347,1.0018265497104761
0.9962691440859796,1.0016400221356887
,,egauge33764,egauge3167,egauge23534,egauge18350,egauge26086,egauge17073,egauge19821,egauge27467,egauge16608,egauge4183
,,0,0.5,0.5,1,1,1,1,1,1,0.5
,,1,1,1,1,1,1,1,1,1,1
0.9997585621463471,1.000249996739373
0.9979154077622089,1.0024876357780483
0.9967790329330599,1.0037232872952768
0.9960982946709203,1.0040719670389464
0.9987996819827839,1.0001900868161746
0.9991681853797877,1.0006028263876556
0.9978555655734536,1.0009558481127236
0.9978246133468726,1.0029342067370859
0.997179527020272,1.003299931856342
0.9965895433401707,1.004085791264981
0.9964995268177826,1.0040301751449279
0.9967044652783444,1.0044543207696193
0.9954617886634453,1.0044009109763257
0.9958960910632381,1.0042065558281483
,,egauge30378,egauge26086,egauge18350,egauge28684,egauge16608,egauge5198,egauge18158,egauge18544,egauge30039,egauge24121
,,0.5,0,0,0,1,0,1,0,0.5,0.5
,,1,1,1,1,1,1,1,1,1,1
0.9997473072715167,1.0000293620316163
0.9981370986172506,1.0004461687013153
0.9969269490371168,1.0006991934650793
0.996151717286397,1.0008016876592132
0.9983462266272082,1.0000932422594428
0.997654665728657,0.999975259524357
0.9987713523746996,0.9999405114176706
0.9978147799755237,1.0004158109705812
0.9973506554516424,1.0008916650896205
0.9969253590746253,1.0004075637705891
0.9964460652075665,1.0008272701439842
0.9966886421779511,1.0006563835084692
0.9954645789168884,1.001020112152438
0.9956410415611863,1.000651853582136
,,egauge26086,egauge7692,egauge24121,egauge16616,egauge32290,egauge13830,egauge15623,egauge4183,egauge18544,egauge9102
,,0.5,0,1,0.5,1,0.5,0.5,1,1,0
,,1,1,1,1,1,1,1,1,1,1
0.9997879512334847,1.000096978178245
0.9985563789082308,1.0007058494812568
0.9976350567353024,1.0013526331917098
0.9972806975886698,1.0016817664106836
0.9987054433869486,1.000573531826241
0.9977724929442872,0.9999962767362575
0.9980639514036088,1.0006643946243157
0.9979921832921252,1.0005945142669077
0.9979348387229786,1.0006254201844986
0.9974085926823004,1.0012839214735452
0.997116767836215,1.001418495538517
0.9974857830618497,1.0017813012971915
0.9972589520914127,1.0021170829661836
0.9964606931987938,1.001649621266505
,,egauge13830,egauge5198,egauge18544,egauge32290,egauge28684,egauge9102,egauge16616,egauge27467,egauge30039,egauge22271
,,0,0,1,1,0,1,0,1,1,0.5
,,1,1,1,1,1,1,1,1,1,1
0.9998141595944355,1.000131328920331
0.9982957062986656,1.0009811747528339
0.9973878625469904,1.001752410153692
0.9965924277505553,1.0024623892882587
0.9990398341638798,1.0000953551825675
0.9981538556155245,1.000091360180089
0.9991041013233621,1.0014167786898422
0.9977812314993044,1.0009001744537496
0.997988301274659,1.0009406726714989
0.9968732871476832,1.001696452013205
0.9972932346677615,1.001500187906691
0.9973132410533568,1.0024817475514627
0.9963969196089001,1.002973413392653
0.9955499188978328,1.0029667783481975
,,egauge30378,egauge16608,egauge18158,egauge22271,egauge5198,egauge17073,egauge28684,egauge23534,egauge26086,egauge7692
,,1,0,1,0,0,0.5,0.5,0,0,0.5
,,1,1,1,1,1,1,1,1,1,1
0.9996959881685813,1.0000571726347895
0.9977314180088951,1.0003128754378674
0.9966292683300169,1.0004765993642775
0.9960566760992353,1.0005441575673106
0.9982964650383626,1.0004209558345272
0.9977895187527088,0.9999048564951896
0.9969554623751998,1.0008347584868018
0.9967339688554883,1.0002521717113309
0.9976809853015969,1.0002825224887382
0.9960501282400506,1.001005685939423
0.9964812975631129,1.0005922494187787
0.9959657227241948,1.0003803083650296
0.9954924787617692,1.0005175553306214
0.9959289634407458,1.0007430072032826
,,egauge30039,egauge9102,egauge15623,egauge13974,egauge28684,egauge26086,egauge17073,egauge19821,egauge18158,egauge13830
,,0.5,0.5,0.5,0.5,0.5,0,0,0.5,0.5,0
,,1,1,1,1,1,1,1,1,1,1
0.9997029135129512,1.0000624216180525
0.9975494087169606,1.0003356804242212
0.9958945006685307,1.0004548739332069
0.9949671320006513,1.0004372290220551
0.9987026162075863,1.000376109917778
0.9981906208201257,1.000389511722584
0.997096481347927,1.0003993607526436
0.9966258219075974,1.000532583841184
0.9973182046266903,1.000598837402422
0.9957279615791348,1.000269056655254
0.995560513412521,1.000405320556753
0.9952670742841522,1.000808119151185
0.9940861463618894,1.0004590570085847
0.994712076241802,1.0003837338112649
,,egauge4183,egauge20407,egauge16616,egauge8617,egauge13974,egauge32290,egauge5198,egauge16608,egauge7692,egauge18350
,,0.5,1,1,1,1,0,0.5,0.5,0,1
,,1,1,1,1,1,1,1,1,1,1
0.9997558510561843,1.000076240886352
0.9982554058267238,1.0007213004791233
0.9974282270315132,1.0011953216898999
0.9971796971600403,1.001438924275487
0.99928143373503,1.0001872023476945
0.9974749142936984,0.9997710309786199
0.9982513473860318,1.0009804879745612
0.9981675936422284,1.0012637458253735
0.9974699975529162,1.001334575963343
0.9964167957867289,0.9998628399765125
0.9974158824479074,1.001282129921594
0.9964599661173063,1.0013774188756515
0.9968419374163615,1.0014025037368839
0.9968707131238234,1.001899806882757
,,egauge18544,egauge20407,egauge28684,egauge23534,egauge5198,egauge8617,egauge7692,egauge30039,egauge18350,egauge18158
,,0.5,0.5,0.5,0.5,1,0.5,0,0,0,1
,,1,1,1,1,1,1,1,1,1,1
0.9997841246050795,1.0000390036862945
0.9982937697765923,1.000571941230051
0.9970761011466093,1.0006252359375454
0.9962304036299532,1.000798168146781
0.9994669827704328,1.000324158356258
0.9974194765299943,0.9995916747820079
0.9986539349356701,1.0006346281156435
0.9975315890188491,1.000871784619372
0.9977343821005422,1.0010175038238864
0.9982373493261029,1.0010355434945675
0.9970267456209887,1.0006004535366075
0.996328301391014,1.0004861315428772
0.9961290608115589,1.0007617751504387
0.994965375066049,1.0011453133969705
,,egauge19821,egauge18544,egauge33764,egauge28684,egauge22271,egauge15623,egauge23534,egauge9102,egauge30039,egauge13830
,,1,0.5,0,1,1,0,0.5,1,1,0.5
,,1,1,1,1,1,1,1,1,1,1
0.9997691959655561,1.000235322017069
0.9981415852023303,1.0019298125027087
0.997032187299005,1.0029254525538616
0.9965032051497041,1.0035101618498956
0.9990234206040233,1.0010366590621749
0.999146159856348,1.0007953425570324
0.9978001616824257,1.000128363872705
0.997977334870088,1.0024877324080315
0.9973735714539106,1.0029650809390918
0.995799509355985,1.0017806376164622
0.9968430323709051,1.0030497229558026
0.9962443313765711,1.0033226913888391
0.9958085509867003,1.0039784687689628
0.9957979361428156,1.0038109478346011
,,egauge4183,egauge33764,egauge8617,egauge24121,egauge30378,egauge16608,egauge22271,egauge17073,egauge19821,egauge18544
,,0.5,1,0.5,1,0.5,1,0,1,1,1
,,1,1,1,1,1,1,1,1,1,1
0.9997466284042045,1.0002303864818047
0.9975616260741448,1.0017842602199685
0.9962922877945233,1.0031305302188072
0.9958787817706213,1.003979310365484
0.9993064828566157,1.0003625281874098
0.9979586280002778,1.0014408602261085
0.9986851769083753,1.0007441587346084
0.9970778176673588,1.0018754900790183
0.9962123788128983,1.0018349411112517
0.9960168041316293,1.0026551743614789
0.9960088365420294,1.0030973895587572
0.9955582639771711,1.0040438790366928
0.9954520381243847,1.0045276316876925
0.9958149341149993,1.0045921866834353
,,egauge15623,egauge18544,egauge3167,egauge27467,egauge16608,egauge18350,egauge30378,egauge32290,egauge20407,egauge13974
,,1,0,0.5,0.5,1,0.5,1,0,0,0
,,1,1,1,1,1,1,1,1,1,1
0.9997221406291112,0.9999788124526163
0.9972454728746832,0.9997013977872702
0.9951099652642184,0.9991376914484907
0.9939553446520268,0.9989294537048986
0.9984311704025695,1.000373257257044
0.9989802553859036,0.9998988930894194
0.9991075108567559,1.0003408501712239
0.9971950692066609,0.9999542406614187
0.9963894281445212,1.0000250636792065
0.9966683469049696,0.9998750105378843
0.9946547113097399,0.9991035374843094
0.9945893018651856,0.9990569607318589
0.993160233616181,0.9987987426887347
0.9930432079924985,0.9988023154841833
,,egauge13974,egauge28684,egauge17073,egauge8617,egauge19821,egauge22271,egauge26086,egauge5198,egauge32290,egauge18158
,,0,1,0.5,0,0.5,0,1,0.5,0,0
,,1,1,1,1,1,1,1,1,1,1
0.9997103524349427,1.0000490928994197
0.9978459026658512,1.0001585712279504
0.9968003220603534,1.0002571632842154
0.9959124688100017,0.9997197566082681
0.9986552727732362,0.9999100846535287
0.9987090413391743,1.001184813793081
0.9973580959363861,1.0008338008067426
0.9976946020332969,1.0000829909000302
0.9972712480575898,1.000487760794501
0.9959450257362009,1.000042806329985
0.9964961543757145,1.0006413087685262
0.996493293386071,1.0004497609861307
0.9954857084681256,0.9993927491716447
0.9944836522211385,0.9996342400724952
,,egauge16608,egauge16616,egauge18350,egauge27467,egauge22271,egauge18158,egauge3167,egauge23534,egauge33764,egauge5198
,,0.5,0,0.5,1,1,0,1,1,0,0.5
,,1,1,1,1,1,1,1,1,1,1
0.9997782296476693,1.0001230931828957
0.9983202384709561,1.0015688522458122
0.9972501527786412,1.0023352921319522
0.996651773422904,1.002421551473914
0.9987850973883695,1.0003091184166255
0.9983116088835605,0.999775236384295
0.9988481677389413,1.0005489325634689
0.99826454552966,1.0022744172741875
0.9975888219143356,1.0026007639340353
0.9959202158548998,1.001102299750511
0.99712674928106,1.0024925981196222
0.9966178902758347,1.0031188454081716
0.9960003831928624,1.0023850886996617
0.9959074913231807,1.0026468321014357
,,egauge23534,egauge33764,egauge18350,egauge9102,egauge32290,egauge24121,egauge20407,egauge13830,egauge16616,egauge16608
,,0.5,0,0.5,0,1,0.5,0.5,1,1,0
,,1,1,1,1,1,1,1,1,1,1
0.999703335271515,1.0000346137951421
0.9974764717211789,1.0002590585583948
0.9957205619539227,1.000529567300031
0.9950790153526569,1.000593595889544
0.9987655737302042,1.000332054955359
0.9979072785406061,0.99990435397912
0.9987857440675322,1.0004148364742491
0.9966906443943038,1.000228707533431
0.9969725679710175,1.0001781273261705
0.9963622902672735,1.0003748683972324
0.9952526708735228,1.0004304576070941
0.994933930680301,1.0011226510904951
0.9950020858981984,1.0007658955295924
0.9941126161662092,1.000497291504828
,,egauge19821,egauge30039,egauge26086,egauge3167,egauge4183,egauge16616,egauge33764,egauge27467,egauge8617,egauge13974
,,1,0,1,0.5,0.5,1,0,1,0,1
,,1,1,1,1,1,1,1,1,1,1
0.999745319241492,1.0001923639940669
0.9981642084336522,1.0011508942393619
0.9970243509540736,1.001839718123821
0.9964261911456912,1.0021434160353333
0.999012874955713,1.0009966628378018
0.997870059355182,0.9999463658799183
0.9976260809079667,1.0021574019644033
0.9980935681069184,1.0013231056654899
0.9978934232354788,1.001269958459955
0.9968187623446814,1.0019044320740662
0.9966818705472239,1.0018107639811558
0.9968693701138739,1.0025887829841857
0.9963103459239303,1.0020923857673478
0.995567289866124,1.002743689665611
,,egauge20407,egauge33764,egauge27467,egauge13974,egauge4183,egauge17073,egauge8617,egauge30378,egauge5198,egauge13830
,,0,0.5,0.5,1,0.5,0.5,0.5,0.5,0,0.5
,,1,1,1,1,1,1,1,1,1,1
0.9997137375423415,1.0000349019787036
0.9977711111912981,1.0008730500476128
0.9966537534575798,1.0012179300709547
0.9964309200190316,1.0013845552931473
0.9981729227409413,0.9997404331645227
0.9979336038147832,1.0005535205867218
0.9994022733780359,1.0007413323692573
0.9968921578700175,1.001430274519761
0.9976299081105577,1.0009743092093168
0.9962765489709989,1.0015495465661728
0.9966249764396916,1.0013130092142057
0.995228813586257,1.0012821924475326
0.9963745588476982,1.0013699876377713
0.99607742881345,1.0016845887740258
,,egauge20407,egauge16608,egauge33764,egauge8617,egauge18350,egauge13974,egauge17073,egauge22271,egauge5198,egauge30378
,,1,1,0,0.5,0,1,1,0,0.5,0
,,1,1,1,1,1,1,1,1,1,1
0.9996882801670695,1.0000684970989826
0.9975491945252386,1.000849417811139
0.9958116287670441,1.0012969265125804
0.9949294088688949,1.0012905842284299
0.9985386218294273,0.9999045030055357
0.9979031300633897,1.0009705911280093
0.9978105620374497,0.9999308955084192
0.9974786055970641,1.0010823434993288
0.9974382743730864,1.000788675588633
0.9958980253215034,1.0019289771687228
0.9955283398573125,1.0016360334565202
0.9950780263591038,1.0012219590332412
0.9949004960650193,1.0014435578254615
0.9934967989845299,1.0010550185327602
,,egauge20407,egauge22271,egauge24121,egauge19821,egauge5198,egauge30378,egauge8617,egauge28684,egauge16616,egauge3167
,,0.5,0.5,0.5,1,0,0.5,0.5,0.5,1,0.5
,,1,1,1,1,1,1,1,1,1,1
0.999724369367307,1.000075796947692
0.9983248816939286,1.0010699170001898
0.9976291067381898,1.0017356582591541
0.9971385704602141,1.0020883942246577
0.9984947959237871,0.9997994826241209
0.9977534932519079,1.0010153467194194
0.9980660153231264,1.0002478046527756
0.9976390297815191,1.0018301265809397
0.9977754054676744,1.0010370569864704
0.9957743745854577,1.0011732295445739
0.9975632574730078,1.0018307955119818
0.997447854073209,1.0020250925044438
0.9966315542262623,1.0023788385637973
0.9970639709813648,1.0022814087418557
,,egauge18158,egauge5198,egauge30378,egauge16608,egauge4183,egauge15623,egauge23534,egauge30039,egauge22271,egauge16616
,,0,1,0,1,0.5,0,1,0,0.5,0.5
,,1,1,1,1,1,1,1,1,1,1
0.9997615122618495,1.0000658179359434
0.9980114507897887,1.0008035045223587
0.9970348140355415,1.0013693492337665
0.9964607305019484,1.0016193938708322
0.9983327229088934,0.9999097488403095
0.9981091183778782,1.0009408971237252
0.9968924548376755,0.9996177195842428
0.9974359315843715,1.0012593236249017
0.9978702075598233,1.0009047553724408
0.9956697359546659,1.0006490406906845
0.9968911810500763,1.0016505645873397
0.9960130143841532,1.0012301225706828
0.9957516533559847,1.0019692644682356
0.9957148943821464,1.001522972825759
,,egauge13830,egauge8617,egauge19821,egauge16616,egauge18350,egauge17073,egauge18544,egauge27467,egauge32290,egauge13974
,,0,0.5,1,0.5,1,0,1,0.5,0,0.5
,,1,1,1,1,1,1,1,1,1,1
0.999769217624615,1.000092719364149
0.9982487103401139,1.0004394014568678
0.9971212059245649,1.0007157438600789
0.9960526528859063,1.0004408751347842
0.9989570248922193,1.0000474677353828
0.9987217215077561,1.000572611544783
0.9982963889274188,1.0016963836134685
0.9979814728987495,1.0003382182774363
0.9979067001923179,1.0008848942883004
0.9962015740932925,1.0001933262351625
0.9970800738038211,1.0009512741065891
0.9970039867525458,1.001058385875988
0.9953222424471477,1.0000444437431566
0.9953343103666061,1.000697747239961
,,egauge22271,egauge15623,egauge17073,egauge27467,egauge18544,egauge8617,egauge4183,egauge26086,egauge13830,egauge18350
,,1,0.5,0,0,0,0,0.5,0,1,1
,,1,1,1,1,1,1,1,1,1,1
0.9997651844001576,1.0001244469527844
0.9984913787198153,1.0006325511635368
0.9972662507160169,1.0013017868589027
0.9966104937287528,1.0019505778517634
0.9987614011246967,1.0012071275965873
0.9973238660604219,1.0004523441398532
0.9972091011814457,0.9998770177236148
0.9983803347873458,1.0005819450097893
0.9983197776844263,1.000592065757467
0.9981850887266769,1.0004974195192435
0.9972168840480368,1.001338992869411
0.996435619330335,1.0012696560964567
0.9960748601330945,1.002407616774834
0.996301718409536,1.0024224692560446
,,egauge7692,egauge16608,egauge22271,egauge8617,egauge32290,egauge28684,egauge30378,egauge4183,egauge13830,egauge18544
,,0,0.5,0,0,0.5,1,1,1,1,1
,,1,1,1,1,1,1,1,1,1,1
0.999787357240465,1.000128428528749
0.9983910700840462,1.0012789685189332
0.9972642822168286,1.002481468490541
0.9969330310882686,1.0032330911076086
0.9987954947714766,1.0000749528367012
0.9979334809197521,1.0004806908353958
0.9976533168374516,1.0000096100723876
0.9981797023470642,1.0011988464661816
0.9977288755264068,1.0008942194776906
0.9976599568753048,1.0023725382521007
0.9967832045756224,1.0026222374561302
0.997104418474301,1.0028892354480186
0.9965926215271559,1.0036841589469117
0.9968797573791027,1.0038651681920723
,,egauge15623,egauge5198,egauge13830,egauge22271,egauge13974,egauge18158,egauge32290,egauge26086,egauge17073,egauge9102
,,0,0.5,1,0,1,0,1,0.5,1,0.5
,,1,1,1,1,1,1,1,1,1,1
0.9996950259960129,1.0001389012156894
0.9970861471718928,1.000947285244125
0.9953684785440354,1.001701846423111
0.9944415581524724,1.0022922268809695
0.9984854986687124,1.0000794916144085
0.9981368892188983,1.0005588005768515
0.9982138751484418,1.0015472319328647
0.9962705031488258,1.000886536006043
0.9963006834624358,1.0015427406291706
0.9956629123274358,1.0004148837915832
0.9951591825664764,1.0016728969883162
0.9945609470264624,1.0021218297237342
0.9939289493242749,1.0028905719697034
0.9936455207706794,1.0024328558087998
,,egauge26086,egauge30039,egauge30378,egauge27467,egauge15623,egauge32290,egauge22271,egauge16608,egauge20407,egauge18158
,,0,1,0,1,0,1,1,0,0,1
,,1,1,1,1,1,1,1,1,1,1
0.999677938269825,1.000028074265996
0.9977591738674204,1.000589463829744
0.9958853942089045,1.0010125697727301
0.9945905190890921,1.0010191085250018
0.9986051246597746,0.9999960132309651
0.9977980334249725,1.001471084343658
0.9968167243112583,0.9995842887468498
0.9976805637709268,1.0011769065972034
0.9967983333657338,1.0004477890226728
0.9967981644218787,1.000415739896907
0.9958689649093193,1.0013350203530527
0.9949499283861994,1.0009162177792654
0.9939623717855738,1.0007934634733575
0.993349150510576,1.0013618733267533
,,egauge18544,egauge24121,egauge33764,egauge26086,egauge16616,egauge30039,egauge4183,egauge17073,egauge13974,egauge28684
,,0.5,0,0,1,0.5,0,0.5,1,0.5,0.5
,,1,1,1,1,1,1,1,1,1,1
0.9997548097383905,1.000099396873445
0.9979398327948982,1.00113182319972
0.9966999453951729,1.0019836267454367
0.9960002399462192,1.0022851177342824
0.999447458330536,1.000398975288199
0.9981563169708527,0.9998595443323548
0.9978001049470561,0.9999924559102769
0.9971837862933206,1.002003708499583
0.9973565429523965,1.0010269699885954
0.996550237789634,1.0008771640874505
0.996634168663261,1.0020250002288074
0.9959230318274329,1.002872450163526
0.9953204489613624,1.0024491977626018
0.9958299764931512,1.0025745118261902
,,egauge28684,egauge20407,egauge16608,egauge17073,egauge9102,egauge4183,egauge33764,egauge13830,egauge32290,egauge30039
,,1,0,0.5,1,0.5,0,1,0.5,0.5,1
,,1,1,1,1,1,1,1,1,1,1
0.9996958017691748,1.0000631397578803
0.9979858906357363,1.001117479914942
0.997140472978167,1.0018561766041312
0.9964510818242981,1.002061798780639
0.999241393085193,1.0006731931152955
0.9966791799820844,0.9995905342670732
0.9977764189419982,1.0004336773199565
0.9972600210975487,1.0019487586511513
0.9972197319877217,1.0012277259345645
0.9974088681534589,1.0008073219596558
0.9969128105063679,1.0021095888153881
0.99660393627093,1.002148991705422
0.9961108679288486,1.0017921630279505
0.9954299899614408,1.0028021399856826
,,egauge16608,egauge23534,egauge33764,egauge13974,egauge28684,egauge19821,egauge5198,egauge18350,egauge18158,egauge22271
,,0.5,1,0.5,0,0,0,0.5,0.5,1,1
,,1,1,1,1,1,1,1,1,1,1
0.9996967502449217,1.00016351434127
0.9979217869881222,1.000993052722008
0.9971021944069137,1.0021036124712879
0.9963369981018769,1.0029645304485362
0.9987059587558685,1.000345248395772
0.9980926964010284,1.0016188777492685
0.9978151919402076,1.0007628202832284
0.9968838530604345,1.0008293943273652
0.9975808040080966,1.0009626753730259
0.9965019110579387,1.0008385543003477
0.9971104211375191,1.0021905137821137
0.9969210548955967,1.002307356237301
0.995426311070185,1.0032054173287597
0.9955805372990897,1.0040498129847406
,,egauge15623,egauge9102,egauge26086,egauge13830,egauge28684,egauge16616,egauge27467,egauge13974,egauge18158,egauge33764
,,0,0,1,0,0.5,1,0.5,0.5,0.5,0
,,1,1,1,1,1,1,1,1,1,1
0.9997157780506484,1.0001045500190995
0.9977903895801958,1.0006857374631082
0.9960060918424478,1.0009759893823662
0.9947361979256326,1.0009375793323299
0.9984835258694509,1.0000438335047936
0.9982315931920777,1.000032109691728
0.9976140147052062,1.002098598143426
0.9975154650916342,1.0006553711371091
0.9974979431405864,1.0009591321733056
0.9966294039500861,1.001385501076194
0.9959937680441937,1.0011123749793325
0.9950327179868211,1.0011901740428193
0.993855455913482,1.000959420220547
0.9939080614392165,1.000841235889337
,,egauge17073,egauge19821,egauge9102,egauge24121,egauge22271,egauge28684,egauge7692,egauge16616,egauge30039,egauge20407
,,0,0.5,0,1,0,1,0.5,0,0.5,0
,,1,1,1,1,1,1,1,1,1,1
0.9996820482073482,0.9999857130424255
0.9977825358375457,0.9999077907427302
0.9965116218272848,0.999494450289597
0.9956094816370816,0.9992772679243354
0.9984307878298679,0.9998574043736691
0.9982442309070113,1.000618677342447
0.9980346217932169,0.9999215538474041
0.9973187536689968,1.0001404572575971
0.9967649011133903,0.9998471160767191
0.9971095823193126,1.0006608102685561
0.9961911299468414,0.999552204261284
0.9958624688990613,0.9992512045351175
0.9953053863172171,0.999270002143129
0.9942393316199918,0.9990109849663271
,,egauge7692,egauge30378,egauge15623,egauge23534,egauge19821,egauge16608,egauge16616,egauge9102,egauge4183,egauge3167
,,0.5,0.5,1,0.5,0.5,0,0.5,0,0,0.5
,,1,1,1,1,1,1,1,1,1,1
0.9997644831802559,1.0000507644777734
0.9979491902818919,1.0001729637908636
0.9971842799328343,1.0000828924400873
0.9970249737475151,1.000108515571089
0.9988139275428266,1.0002718025722914
0.9971275229249082,1.000174658922962
0.9971262647008459,1.0008689922449927
0.9972336461506813,1.0004859319984072
0.9972434975587332,1.0005069343880595
0.9962205587327857,0.9999800365639862
0.9971102392933308,1.0000333608427154
0.9963537287968754,1.000029419626054
0.9968728253388899,1.000006706063992
0.9969823495825378,1.0003010794133596
,,egauge13974,egauge20407,egauge30039,egauge5198,egauge23534,egauge24121,egauge4183,egauge32290,egauge8617,egauge33764
,,0.5,0.5,1,1,0.5,1,1,0,1,1
,,1,1,1,1,1,1,1,1,1,1
0.9997273195125213,1.0000894999265864
0.998142423179106,1.0010264344934525
0.9972603348990215,1.0015783198371386
0.9965985229224742,1.002314551809635
0.9987434659653395,1.0003129871417318
0.9973532773795634,0.9995937123228813
0.9976972767559341,1.0016611724539883
0.9972854668416634,1.001470367822253
0.9975827919380821,1.001360741994953
0.996831927646785,1.0013710873245205
0.9971945144124189,1.0017478957429147
0.9964459453844747,1.0008931683072781
0.9965043769605514,1.002715798400168
0.9956303779702863,1.002972065753618
,,egauge30039,egauge17073,egauge23534,egauge28684,egauge3167,egauge30378,egauge27467,egauge18544,egauge18158,egauge18350
,,0,0.5,0.5,1,1,1,0.5,0,1,1
,,1,1,1,1,1,1,1,1,1,1
0.9997544248391532,1.0001621051436616
0.9986270634729152,1.001441028403659
0.9978047074296064,1.002097903363797
0.9969706366764632,1.0025856786745162
0.9987691496323602,1.000032972076078
0.997531469663085,1.0008860754400464
0.9978769666128767,1.000861098292563
0.9982435191122552,1.0020189167824447
0.9984671490798532,1.001826199991408
0.9960995476073169,1.002069879616213
0.9977923573209821,1.0022328685123687
0.997660059510842,1.0020550226760077
0.996116475742775,1.002819159729835
0.9968321328048672,1.0030579237571735
,,egauge23534,egauge16616,egauge13974,egauge4183,egauge9102,egauge27467,egauge17073,egauge28684,egauge22271,egauge20407
,,0,0.5,0.5,1,0,0.5,0.5,1,0,0
,,1,1,1,1,1,1,1,1,1,1
0.9996882485074866,1.0000195290444227
0.9976447905453794,1.0003334290383665
0.9956521596937083,1.0003762083651566
0.9943891759120379,1.0001332156411236
0.9986672109048997,0.9999423826825297
0.9983129506720576,0.9998067665456893
0.9976924706238192,1.0005159041269518
0.9974229544230688,1.000606709969349
0.9969053897049178,1.0003030753515336
0.9974716710082024,1.0008548702245312
0.9953073758585312,1.0004051144895743
0.9952799518725857,1.0007829634836674
0.9936746271242929,1.0000895787229882
0.993328191942072,0.9997910859156351
,,egauge13830,egauge18158,egauge16608,egauge16616,egauge18350,egauge30039,egauge28684,egauge9102,egauge27467,egauge18544
,,1,0,0,0.5,0,0.5,0,0.5,0.5,1
,,1,1,1,1,1,1,1,1,1,1
0.9997712705990066,1.0000788901505338
0.9987278568788627,1.0006950194410098
0.9981820507090963,1.0013504566737477
0.9980927184432418,1.0019212893116558
0.9990105913176233,1.0007624949831662
0.9969452114237269,0.9998933198403722
0.9976897937589048,0.9999251999323772
0.9982118964428403,1.0005893560986014
0.9982433793843409,1.0006500811286105
0.9968825297755741,1.0012449032452955
0.9981120403286078,1.0013339207563507
0.9973611661124168,1.0015325871889864
0.9980274226243117,1.0021545874509776
0.9977471909521545,1.0025572897422255
,,egauge23534,egauge22271,egauge9102,egauge24121,egauge18544,egauge33764,egauge7692,egauge18158,egauge18350,egauge30039
,,0,0.5,0,0,0,1,0.5,0,0,0
,,1,1,1,1,1,1,1,1,1,1
0.9997509465442734,1.0000102131152044
0.9980003254815195,0.9999539888431543
0.9967233921393626,0.9998066920807396
0.9962263666425403,0.9997044081895571
0.998686681579975,0.9999245820857952
0.9977920453095502,1.0009704383188764
0.9981263304175368,0.9999295784841015
0.9975263445560301,0.9997442391720278
0.9978173781480185,0.999913535891156
0.9967990417843036,1.001113098351625
0.9966987238803375,0.9998809760753395
0.9953710056685209,0.9995692173418028
0.9958790098267422,0.9996753311548051
0.9952055476967036,0.9995761421927986
,,egauge18158,egauge18544,egauge28684,egauge15623,egauge9102,egauge4183,egauge20407,egauge13974,egauge24121,egauge30039
,,0,1,1,0,1,1,0.5,0.5,0.5,0
,,1,1,1,1,1,1,1,1,1,1
0.9997223756900958,1.0000386373041519
0.9973692111047893,0.9999974302645973
0.9956171778175498,0.9997304015081969
0.9946964750536513,0.9996153784156236
0.9982700298741778,0.9999122718286385
0.9991221913419139,1.0012256688512924
0.9986555813682706,1.0012595881858004
0.9961408965071356,0.9999016774593598
0.9969828678864744,1.000296238816037
0.9971000326612837,1.000689502140723
0.9953544708140506,0.9996313853924167
0.9948731224419459,0.9997660063833607
0.994342528011113,0.9996589929258113
0.9936775084126939,0.9993589123353852
,,egauge17073,egauge9102,egauge19821,egauge27467,egauge16608,egauge24121,egauge20407,egauge13974,egauge18350,egauge7692
,,1,1,1,0,0.5,0,0.5,0,0.5,1
,,1,1,1,1,1,1,1,1,1,1
0.9996928779227743,1.0000962302775516
0.9976508112797533,1.0000086366846839
0.9961799616479498,0.9999783487262642
0.9959508736528707,1.000259946759783
0.9987265780799263,1.0009835127332827
0.9981575483166195,1.0008217781679538
0.9982295025341928,1.0016953531787025
0.9975398778852077,0.9999580678301869
0.9967641587348369,1.0001300264873647
0.9965638815495668,0.9997771793941884
0.9957118156769985,0.9998793035721344
0.9952547864855879,0.999735477874315
0.9957193458117441,1.000332695802821
0.9956849928610388,1.0006271777265994
,,egauge19821,egauge23534,egauge30039,egauge18544,egauge17073,egauge3167,egauge7692,egauge16616,egauge5198,egauge9102
,,0.5,1,0.5,0,1,1,0.5,0,1,0.5
,,1,1,1,1,1,1,1,1,1,1
0.9997841852089204,1.000150576047936
0.9986534682240821,1.0008543893180306
0.99792348091472,1.0009701157253186
0.997432941484047,1.0013481906828001
0.9990364438883869,1.0005165262876088
0.9981712309795233,1.001605676866109
0.9977726266690636,1.0008108167138177
0.9985625944514152,1.0007835238274296
0.9979169430458893,1.0016628445431999
0.9985764254181321,1.0016082518208074
0.9978864265027597,1.0010527678500982
0.997586903782109,1.000328214760748
0.9970013994572698,1.0016687919300495
0.9966447096913015,1.0015088896307915
,,egauge33764,egauge16608,egauge5198,egauge23534,egauge13830,egauge26086,egauge22271,egauge27467,egauge18544,egauge7692
,,0.5,0.5,0,0.5,0,0,1,0,0,0
,,1,1,1,1,1,1,1,1,1,1
0.9997877448582693,1.0000726187540785
0.9982387937371958,1.0005692343339838
0.9974346869974107,1.0010812378353917
0.9972880753108836,1.0010172071322354
0.9988335570060732,1.0003593607912287
0.9979424589013044,1.0004225022166142
0.9980362263213174,1.0000298404827666
0.997371412548522,1.0008332516073468
0.9975426699453618,1.0005186319633481
0.9965147826723255,1.0005020127644488
0.9970439483923382,1.0014947138952974
0.9972961070776677,1.0010277019157585
0.997215594273904,1.0009880849551458
0.9965415512567455,1.0009529696929
,,egauge32290,egauge30378,egauge15623,egauge26086,egauge19821,egauge3167,egauge4183,egauge28684,egauge13974,egauge7692
,,0,0,0,0,0,0,0.5,0.5,0,1
,,1,1,1,1,1,1,1,1,1,1
0.9997123955802408,0.999962144384766
0.997971759230175,1.0001886081787903
0.9971062377600138,1.0005788932407835
0.996513782569979,1.0007700417083347
0.9987288741571184,0.9998694018942005
0.9970241311445286,0.9995831416241783
0.9971093899677299,0.999877464438145
0.9969236976120545,1.0001582596841982
0.9972156842871921,1.0001234526540719
0.997875535650826,1.0001307197226394
0.9970198662739629,1.0006201981946818
0.9968505328279067,1.0008583508556261
0.9958841922292908,1.0006754295699458
0.9958327257522884,1.0012627082828351
,,egauge17073,egauge3167,egauge30039,egauge18158,egauge7692,egauge33764,egauge9102,egauge16608,egauge30378,egauge8617
,,0.5,0.5,1,0,0,1,1,1,1,0.5
,,1,1,1,1,1,1,1,1,1,1
0.9997619062574382,1.000173476253308
0.9978297088763144,1.001070866041123
0.9966973930475449,1.0019076613694826
0.9959279465734325,1.002273304900606
0.998590609033049,1.0005552046873536
0.9992064458203407,1.000522861487384
0.9977553549425247,1.001748971397331
0.9966007243685677,1.0007772824101364
0.9977288377000354,1.0010202336790321
0.9967150494660934,1.002212136024288
0.9964325838510375,1.0020317828448195
0.9957185111147911,1.002390259286646
0.9951037359494476,1.002521291372955
0.9958534540301283,1.0025200038671935
,,egauge15623,egauge27467,egauge16616,egauge18350,egauge30039,egauge30378,egauge18158,egauge32290,egauge18544,egauge13974
,,0,0.5,0,1,1,0,0,0.5,1,0.5
,,1,1,1,1,1,1,1,1,1,1
0.9997117191537419,1.0000221986061497
0.99788509869188,1.000556387887933
0.9964278177235919,1.0006240617119175
0.9959510406862049,1.0011045733433976
0.9984094788601443,0.9999504617531257
0.999427087608587,1.0006743179127924
0.9980761707234952,0.9997491134856711
0.9974679354361042,1.000991810816797
0.9969188786714811,1.0012613680298672
0.9953477695339199,1.0001318715518468
0.9959184814689684,1.000504293711062
0.9958316843676327,1.000249343300092
0.9960279632931102,1.0015198245576988
0.994951787075926,1.0012973638748264
,,egauge22271,egauge26086,egauge13830,egauge33764,egauge30039,egauge27467,egauge19821,egauge30378,egauge16616,egauge8617
,,1,0.5,1,0,1,0.5,0,1,1,1
,,1,1,1,1,1,1,1,1,1,1
0.9997284529953554,1.00024609202522
0.9978092234012657,1.001386602491461
0.9964059016721774,1.0020996316799113
0.9958588467365894,1.002677349151333
0.998734053226501,1.00132789902343
0.997729014623719,1.001095694233961
0.9982133079833044,1.001630183151058
0.9970230854152018,1.001306473985953
0.9973173949868298,1.0021166505029082
0.9975976012625294,1.0019962203329635
0.9961265191409178,1.002066531199824
0.9954107124274786,1.0024642921855569
0.9953526004344253,1.0029911519301025
0.9956886118887763,1.0032269601269062
,,egauge7692,egauge17073,egauge32290,egauge18350,egauge20407,egauge24121,egauge30039,egauge23534,egauge13974,egauge27467
,,0,1,0,0,1,0.5,0,1,1,0.5
,,1,1,1,1,1,1,1,1,1,1
0.9997179360384725,1.0000702274990703
0.997677461470929,1.0006430926871053
0.9963674923226183,1.00150817184348
0.9958396402041718,1.0020918976069415
0.99871434293917,1.0000167554851622
0.9977628060727497,1.0017594989116347
0.9976287494438635,0.9998127030984887
0.9972868749806957,1.0005520048138725
0.9965694012764017,1.0004848036923328
0.9963491048373563,1.0005396994435871
0.9960810616413447,1.0014378855785382
0.9954739874498699,1.002204256805759
0.9952322319569361,1.0025240264516317
0.995835853025728,1.0024350965305833
,,egauge24121,egauge5198,egauge26086,egauge18350,egauge30378,egauge17073,egauge7692,egauge20407,egauge28684,egauge9102
,,0.5,1,0,0,0.5,0.5,0,1,0.5,0
,,1,1,1,1,1,1,1,1,1,1
0.999681920309558,1.0000252222016242
0.9974319932003868,1.0001157346926906
0.9961892113116523,1.0001169955250775
0.9956106819449315,1.0002577908204393
0.9988894449602778,1.000109356270572
0.9980747101118594,1.000879582003048
0.9974680248247766,0.9999703208745085
0.9973210885069127,1.000049730419252
0.9962035877790721,1.0001523161501618
0.996011027896629,1.0007267890963794
0.9961440161126961,1.0000963558225626
0.9951896741676414,0.9999458993873576
0.9954949489535715,1.000461519209714
0.9948135360711603,1.0001936109886524
,,egauge4183,egauge13830,egauge15623,egauge26086,egauge18158,egauge23534,egauge33764,egauge5198,egauge18350,egauge3167
,,0,0.5,0,0.5,1,0.5,0.5,0,1,0.5
,,1,1,1,1,1,1,1,1,1,1
0.9997686463697654,1.00009992642559
0.9980795275883012,1.0010799967546518
0.9972485481301494,1.001610823962121
0.9969873347431796,1.0020020175095539
0.9993496194009075,0.9999341159826534
0.9983005989369831,1.0007134164306348
0.9971196468525065,0.9999834944328357
0.9972528488646818,1.0015359646900652
0.9970351118027456,1.001444731938718
0.9965819801040987,1.0016399130290188
0.9968784465548296,1.0017183561427752
0.9967777993716975,1.0015893953901742
0.9969076346299758,1.0023228660852828
0.9966677728206398,1.0021842880960805
,,egauge30378,egauge16616,egauge7692,egauge18158,egauge17073,egauge16608,egauge24121,egauge9102,egauge32290,egauge3167
,,1,1,1,1,0.5,1,0.5,1,1,0.5
,,1,1,1,1,1,1,1,1,1,1
0.9997302840394383,1.0001462851570961
0.9976912854994835,1.0009101458728284
0.9965735272469362,1.0011424463092486
0.9962298333374284,1.0012001130989117
0.9983512899091368,1.0005101066883015
0.9983694615262879,1.0009996514094395
0.9977544458035651,1.0011344810320544
0.9967358552163605,1.001254540696775
0.9967412301244892,1.0012390135282394
0.9960015077883332,1.0017532216744227
0.9963803662874205,1.0011217815807174
0.9957542080044215,1.0014852610734795
0.9958680072275331,1.0011491395935708
0.9961872493796249,1.0013714975096113
,,egauge24121,egauge7692,egauge33764,egauge17073,egauge28684,egauge13974,egauge18158,egauge22271,egauge18350,egauge13830
,,0.5,0.5,1,1,1,1,0.5,1,0,1
,,1,1,1,1,1,1,1,1,1,1
0.9997656059023984,1.000245300852888
0.9980002167922379,1.002210140025815
0.9969932464246236,1.0032373309134042
0.9967448412026941,1.0035908831791203
0.9989331441241921,1.0002657215737865
0.9979005860086074,1.0006652496355048
0.9978475650901579,1.0015683103029651
0.9972290405704712,1.0030365749998962
0.9976925803199506,1.0027783985596337
0.9963826493799435,1.0033189116796308
0.996746264854574,1.0032539042983981
0.9959927539710195,1.0043229623194703
0.9965524529657862,1.0035543701368472
0.9960323243151649,1.004247084975998
,,egauge7692,egauge30378,egauge18158,egauge30039,egauge32290,egauge33764,egauge9102,egauge18544,egauge13830,egauge17073
,,0.5,0,1,0,0,0.5,0,0,0,1
,,1,1,1,1,1,1,1,1,1,1
0.9997204370405374,1.000031068467656
0.998070977720998,1.000106168258498
0.9968985094309343,1.000513440397775
0.9962367882224453,1.0010070433862086
0.9988194798213608,1.0002557142725086
0.9970708234557019,0.9995969655283441
0.9969171490575415,1.000798449983182
0.9975787720325738,0.9999746866217564
0.9975465603265405,0.9996657597677505
0.996825749922363,1.0006337443330477
0.9965901969649142,1.000472142657307
0.9968026255308784,1.0004706398346892
0.9959988550629836,1.0009706414149102
0.9954603014203001,1.001885920980338
,,egauge28684,egauge18544,egauge33764,egauge17073,egauge30039,egauge32290,egauge23534,egauge13830,egauge13974,egauge20407
,,0.5,0.5,0,1,1,0,0,0,0.5,1
,,1,1,1,1,1,1,1,1,1,1
0.9996871792712692,1.0000593451258364
0.9971395482581669,1.000374953283909
0.9948230250503226,1.000345287422286
0.9935613532675889,1.0003773205065927
0.9992451460205392,1.0003547283763885
0.9991243013893135,1.000598573916042
0.9977987157026967,0.9999317502397728
0.9966120489056677,1.0011434493842895
0.9968473276183635,1.0009515346379607
0.9961025159279046,0.9995942417768432
0.9944252996786741,1.000316384321656
0.9940372347116644,1.000313192968682
0.9929195599588074,1.0005228513439606
0.9923955699449893,1.0002168664925215
,,egauge18544,egauge24121,egauge20407,egauge28684,egauge16608,egauge33764,egauge4183,egauge22271,egauge5198,egauge15623
,,0.5,0,1,0,1,1,1,1,1,1
,,1,1,1,1,1,1,1,1,1,1
0.9997752994636419,1.0001698414757425
0.9985710242875449,1.0019821086349385
0.9976273665550628,1.0033891968249822
0.9967748766358783,1.0038969941967184
0.9994720583007931,1.0004465332521821
0.9981877866362432,0.9999344762120466
0.9973587464456497,0.9998396261464271
0.9982730320386421,1.0019516958081067
0.9977436486955502,1.0024284134956354
0.9968014418677146,1.0031633891866267
0.9975697479935917,1.0035591350784898
0.9966371038329658,1.0044750224142978
0.9963653507938022,1.0042185599369513
0.9954346791568678,1.0042900316256733
,,egauge18158,egauge18350,egauge30378,egauge30039,egauge4183,egauge33764,egauge17073,egauge32290,egauge24121,egauge26086
,,0,0,0,0,0.5,0,1,0,0,0.5
,,1,1,1,1,1,1,1,1,1,1
0.9996973765064218,0.9999516567688236
0.9978492767936014,0.9999044062436859
0.9962598816689717,0.9999286308070369
0.9954259575224416,0.9999765041476262
0.9982390845462645,0.9998718265941932
0.9988174676411027,0.9998870704531042
0.9968259153772497,0.9995332815600444
0.9972530180553173,0.9997789493227439
0.997607220838281,1.0000358972289913
0.9963636544551924,0.9998065459246565
0.9959271664675128,1.0002713205156835
0.9956747087909467,0.9993850005433204
0.9948405141153512,0.9999037917594897
0.9943636633944017,1.0004151802313752
,,egauge32290,egauge7692,egauge19821,egauge30378,egauge30039,egauge22271,egauge23534,egauge9102,egauge18350,egauge17073
,,0.5,0,0.5,1,0.5,0,0,1,1,1
,,1,1,1,1,1,1,1,1,1,1
0.9996898573446803,1.0001194512902534
0.99752077003464,1.0012877950797088
0.9962219348559452,1.002242309382589
0.9956942208716371,1.0030517304884334
0.998746407437683,0.9998775180542128
0.9977009346013429,1.000017159751755
0.9981958611527992,1.0008480137738418
0.9963999275803275,1.0016019309375241
0.997218339894683,1.0015911644097808
0.9959654785510209,1.0011718756659875
0.9960124262100399,1.00219265134625
0.9954454619877671,1.0026070322676104
0.9956218767504067,1.0033729763681385
0.9949182346008244,1.0039327299180152
,,egauge5198,egauge18158,egauge23534,egauge17073,egauge26086,egauge33764,egauge7692,egauge3167,egauge20407,egauge24121
,,0,1,0.5,0,1,1,1,0.5,1,0
,,1,1,1,1,1,1,1,1,1,1
0.9997093600617846,1.0001041543358922
0.9977269947486895,1.0008655540881328
0.9966378357954268,1.0009184804203535
0.9955128159304695,1.0007156193460807
0.9988510389104075,1.0000815736450026
0.9971177765531498,1.0008222349837341
0.9978190576619493,1.0007699272024309
0.9968540429671029,1.0007238330685102
0.996862960613684,1.0017878952781973
0.9959988153412624,1.001948456681823
0.9965843953527987,1.0010920579050613
0.9963368857095084,1.0010898078479737
0.9948189749497189,1.0005846319663414
0.9946520624692992,1.0006086004712644
,,egauge33764,egauge28684,egauge27467,egauge16608,egauge24121,egauge18158,egauge13974,egauge4183,egauge3167,egauge7692
,,0.5,1,0.5,0.5,1,1,1,1,1,0
,,1,1,1,1,1,1,1,1,1,1
0.999782323771666,1.0001796301706412
0.9980813651126124,1.0011977750065613
0.9974718850217319,1.0019879047356999
0.9973831577194198,1.0021995946748665
0.9988465247411146,1.0004733376430328
0.9987511589183502,1.001307584657627
0.9994832812383606,1.0008755596313255
0.9972333279075558,1.001369995959048
0.9977283159597687,1.001380147002927
0.9957968782298757,1.001864410315305
0.9971181320301251,1.0022155100627848
0.9974079164661778,1.0023954344619954
0.9973521093036,1.002476741511496
0.9963290260460271,1.002145988055757
,,egauge4183,egauge30378,egauge30039,egauge33764,egauge17073,egauge32290,egauge26086,egauge5198,egauge16616,egauge7692
,,1,1,0.5,0,0,1,1,1,1,0
,,1,1,1,1,1,1,1,1,1,1
0.9997484927080449,1.000135736133584
0.9982721056740564,1.0008634877306266
0.997190878752494,1.0018614552083658
0.9966814941846488,1.0020602795625093
0.9993025248108608,1.000556736694647
0.9971288629060897,1.0008157756357696
0.9977490885151734,1.0007874352265507
0.9973545829267398,1.0007723761500906
0.9971579560680822,1.0007420099685507
0.9967754827663559,1.0007090129486795
0.996841353725974,1.0022173478610144
0.9968074386067144,1.0023225676172784
0.9961788919263155,1.0023227920496391
0.9965427772737468,1.002006681746808
,,egauge18158,egauge27467,egauge13830,egauge24121,egauge18544,egauge19821,egauge9102,egauge7692,egauge16616,egauge30039
,,0.5,0,0.5,1,1,1,1,0,0.5,1
,,1,1,1,1,1,1,1,1,1,1
0.9998122963882377,1.0001375561450887
0.9983576445257024,1.001344819456367
0.9975189431195776,1.001830240903018
0.9967678912604857,1.0021939569027443
0.9983773118562247,1.0002043457991059
0.9991859022535255,1.0000418336456944
0.9982098707630652,1.0007909410916505
0.9977912904453845,1.0014461349229673
0.9981501779316412,1.0019530755406818
0.9970118891711112,1.0027874895469944
0.997264178075454,1.001977882832565
0.9970914029487975,1.0017659417945841
0.9964850434197263,1.0021283437694957
0.9957464104430898,1.0029498617076023
,,egauge13830,egauge24121,egauge19821,egauge20407,egauge28684,egauge18350,egauge33764,egauge18544,egauge5198,egauge27467
,,0,0,0,0.5,1,0,1,0,1,0
,,1,1,1,1,1,1,1,1,1,1
0.999760730950973,1.0000177335182256
0.9983950474340988,1.0004176826224462
0.9975759160035157,1.0009502972609685
0.9969899973192953,1.0011892928841761
0.9989383111531491,0.9999781388453459
0.9981947172050258,0.9998078594305441
0.9977176172634632,0.9998708756331245
0.9974081786541832,1.000142387716452
0.9980914062309062,1.0009725688039977
0.9979118340275784,1.00034047887204
0.9973899271374161,1.001181758421254
0.99746929404376,1.000907474606437
0.9963745219681064,1.0015025462758527
0.996915410968868,1.0011464581425258
,,egauge19821,egauge30378,egauge32290,egauge33764,egauge3167,egauge16616,egauge8617,egauge5198,egauge24121,egauge18544
,,0,1,0,0.5,0,0,0,0.5,0.5,1
,,1,1,1,1,1,1,1,1,1,1
0.999765512825002,0.9999927316061652
0.9985647593422231,1.0001600560076287
0.9975295390177024,1.0005659165336236
0.9970963116089431,1.0008990670562745
0.9987965859107982,0.9999158761431387
0.9971366401845355,1.0006644237013487
0.9976645263913906,0.9998113415645442
0.9976554330330083,1.0004072328120857
0.9984535251208569,1.0001297085392677
0.9972476505122467,0.9995126828145087
0.9974883868716359,1.0005370058989664
0.9966241595744384,1.0007585845000415
0.9966761898784319,1.00090366225359
0.9969897502788063,1.0014561216354074
,,egauge22271,egauge18350,egauge7692,egauge13974,egauge20407,egauge5198,egauge19821,egauge26086,egauge15623,egauge3167
,,0.5,0,0.5,0,0,1,1,0,1,0.5
,,1,1,1,1,1,1,1,1,1,1
0.9997449008309309,1.0000572363022568
0.9977607500499368,1.000296140575086
0.9964973599146031,1.000901772009506
0.995577877578774,1.0012349282665682
0.9987187390081611,1.0005520312357201
0.9988111729089082,0.9999773095276022
0.9977716424462761,1.000484518045472
0.9968759745440975,1.00008371973215
0.9965974581974003,0.9999724295890295
0.9967144792925182,1.0009968678864838
0.996222054519276,1.0011670931773746
0.9955436740973761,1.0008696564508959
0.9946962555762147,1.001497185302463
0.9952588516313673,1.0014095605984321
,,egauge20407,egauge19821,egauge4183,egauge32290,egauge30039,egauge13830,egauge30378,egauge26086,egauge3167,egauge16608
,,1,1,1,0,1,0.5,0.5,0.5,0,0.5
,,1,1,1,1,1,1,1,1,1,1
0.9996695800717775,1.0000873456194161
0.9975940987080922,1.0005070165721512
0.9958799514721162,1.0008188639215747
0.9952637330793419,1.0008957187310703
0.9984890695090246,0.9999181790747741
0.9983257825534783,1.0015834328803692
0.9987151606776424,1.0009408813178229
0.9970498330797104,0.999819391660996
0.9971884077322513,1.001175484391513
0.9961345178531897,1.0010478933765383
0.9954078717861439,1.0008436533948368
0.9950931756483535,1.001238098131696
0.9952348087006051,1.0008593215455295
0.9942759097337625,1.001077751226579
,,egauge7692,egauge22271,egauge23534,egauge15623,egauge33764,egauge20407,egauge17073,egauge8617,egauge16616,egauge3167
,,0,0,0,0,0.5,0,0,0,0.5,1
,,1,1,1,1,1,1,1,1,1,1
0.9997504745383774,0.9999695241014446
0.9979422116665079,0.9997883485760471
0.9971529246970242,0.9997414992558893
0.9968009690857491,0.9998305241573231
0.9986998964257153,0.999904927677075
0.9977687165579744,0.9998520877516456
0.9975981356480694,0.9998412178856338
0.9969660579804285,0.9997276824784234
0.997004912745446,0.9999674568522551
0.9955058816702034,0.9992255292076837
0.9966390405822116,0.9996878619427663
0.997003736345269,0.9996666694171799
0.9963013914895227,0.9997505551969161
0.9967263994691251,1.0001193078805342
,,egauge20407,egauge22271,egauge28684,egauge30039,egauge16616,egauge17073,egauge4183,egauge18350,egauge13974,egauge5198
,,0.5,1,1,0,1,0,0,0.5,0.5,0
,,1,1,1,1,1,1,1,1,1,1
0.9997385284230972,1.0000696648699725
0.9982866314100519,1.00022662885341
0.9974118797216301,1.000325114654763
0.9968451764754764,1.0004595307250015
0.9985138199925928,0.9998057859855387
0.9977904381123872,1.0020893274114444
0.9986538553351911,1.0012906604783902
0.9973187362991698,1.0000951284950979
0.9977127164966639,1.0006543705729423
0.9961820259551865,0.9999758246749706
0.9973131351953112,1.0002438111973102
0.9969275604218752,1.000539134694592
0.9961889384777408,1.0006341907030138
0.996237968487144,1.0004274319419324
,,egauge3167,egauge18544,egauge28684,egauge17073,egauge16616,egauge16608,egauge20407,egauge8617,egauge18158,egauge18350
,,0,0,0,0,0,0,0.5,1,0,0.5
,,1,1,1,1,1,1,1,1,1,1
0.9997539852393711,0.9999675700643625
0.997541286173582,0.9997108953163922
0.9963358541296158,0.99973897064803
0.9955204684080787,0.9997517699577408
0.9995295668729274,0.9999354899400129
0.9988823220086799,0.9998817440147098
0.9986581745106606,0.9998886314516279
0.9962926105888755,0.9995895829130138
0.9972489261643228,0.999448082227959
0.9958263352322703,0.999600975003925
0.9960564949217648,0.9996275780083771
0.9963145588030341,1.0000384214169737
0.9946244717689903,0.999693614632015
0.9953184036723587,0.9998586939632986
,,egauge15623,egauge18544,egauge16608,egauge33764,egauge30378,egauge24121,egauge32290,egauge19821,egauge7692,egauge18350
,,0.5,0.5,1,1,0.5,0.5,0.5,0.5,0.5,0
,,1,1,1,1,1,1,1,1,1,1
0.9997326635381407,1.0000923718893466
0.9979429734526852,1.0004388073589447
0.9970842361999462,1.000521437001052
0.99676654894354,1.0006174703970947
0.9984043842160926,1.0002607952962252
0.9991360461469002,1.0006457748675184
0.9977963163764323,1.0010768296166308
0.9971877748391118,1.001036279235659
0.9965931145649563,1.0004995288014313
0.9966123129722299,1.0004475601087228
0.9967525724960437,1.000368654026461
0.9963388823824259,1.0008747099864304
0.9964472098373298,1.0007703224472788
0.9962661404663677,1.000553263275608
,,egauge22271,egauge13974,egauge26086,egauge24121,egauge8617,egauge13830,egauge17073,egauge30378,egauge30039,egauge28684
,,0,1,0,0,1,0.5,0,0,0.5,0
,,1,1,1,1,1,1,1,1,1,1
0.9996617292582785,1.0000379859359654
0.9978456839571792,1.0002069314373903
0.9963054226372601,1.0001469864265735
0.996006313474063,1.0003005796905613
0.9986518640113308,0.9999672475446134
0.997829968106493,1.0012552126378453
0.9974680897853738,0.9999775810553744
0.9973757146805459,1.0000212180726447
0.997785157210519,1.0007535876353693
0.9968732769377692,1.0007476167116833
0.995993220870114,1.0000974510773493
0.9949978147335832,0.9999117387223295
0.9957134612603824,1.0004970403087698
0.9958254095253218,1.0002684869338576
,,egauge27467,egauge3167,egauge33764,egauge22271,egauge5198,egauge20407,egauge4183,egauge19821,egauge13974,egauge30039
,,1,0.5,0.5,0,1,0,0.5,1,0.5,0
,,1,1,1,1,1,1,1,1,1,1
0.9997400716124636,1.000072909683856
0.997677134784748,1.0001816151843421
0.9963950596801817,1.0005215373315695
0.9953719419885266,1.0005663775021045
0.999617161460565,1.0008327155798666
0.9991885530716917,1.000418397833547
0.9977948304977212,1.00066260705947
0.9968592096381125,1.0001209208744009
0.9974421260363672,1.0004852170367062
0.995612147826294,0.9995707125443147
0.9963375253019446,1.0005628394689938
0.9956503154711706,1.0013141354921922
0.994893407945607,1.000719220262336
0.9943521539126711,1.0004165850884856
,,egauge23534,egauge13830,egauge33764,egauge18350,egauge32290,egauge30378,egauge9102,egauge27467,egauge24121,egauge15623
,,0.5,0,1,1,0,1,0.5,1,0,1
,,1,1,1,1,1,1,1,1,1,1
0.9997411191200511,1.0001043206127296
0.9979110450616869,1.0006552247196263
0.9967303871993887,1.001234704412822
0.9956306315197986,1.0012989014534865
0.9988229852938151,1.0004374637079558
0.9982630213268274,1.0000352983666423
0.997807765337418,1.001408131937532
0.9975177461244532,1.0010503841788978
0.9974077331594846,1.0000079042657557
0.9957162214036073,1.0012400157966943
0.9967098301109935,1.0012843091807733
0.9965766348509751,1.00197432402497
0.9952546074624926,1.0011095800287857
0.9943346946833774,1.0016923164836806
,,egauge33764,egauge17073,egauge22271,egauge23534,egauge16608,egauge3167,egauge32290,egauge13974,egauge18544,egauge30039
,,0.5,0.5,0,1,0,0,0.5,0.5,1,1
,,1,1,1,1,1,1,1,1,1,1
0.999742243854736,1.0001404894663497
0.9979004021549084,1.0010997107515156
0.9968876268173446,1.0017990979516664
0.9962078805466716,1.002643508328367
0.9988372853286862,1.0004344561381422
0.9975450485134004,1.0008739211370103
0.9976515909823821,1.0000058381791643
0.9970638305839339,1.0018295114240534
0.9969631507444501,1.000997224299657
0.9978041867140626,1.0010417599509358
0.9966910142682921,1.0016460843683987
0.9960426267283613,1.0019854776194657
0.9959545770883965,1.0030814203474425
0.9951977047961877,1.0034347579865415
,,egauge3167,egauge30378,egauge16616,egauge18158,egauge23534,egauge13974,egauge15623,egauge24121,egauge18350,egauge28684
,,1,0,0.5,0,0.5,1,0.5,0,0.5,0
,,1,1,1,1,1,1,1,1,1,1
0.9997426675713899,1.0000199601181519
0.9977854879130728,1.000253272358752
0.996329254505644,1.000274063186344
0.9959284060455895,1.000370059902566
0.9994432611446187,1.0004224217052355
0.9970543070271347,0.9995920859510296
0.9982139275083051,0.9998177099782767
0.9965276634464317,0.9999663315065532
0.9969244079412096,1.0005424884667982
0.9961351242350014,1.0013477648093256
0.995832293688059,1.0003359998120813
0.9957865680114575,0.9999960154321987
0.9955811723650171,1.0005010342496126
0.9957280429518858,1.0003379645081485
,,egauge5198,egauge26086,egauge9102,egauge24121,egauge8617,egauge15623,egauge32290,egauge3167,egauge16616,egauge28684
,,0.5,1,0,0.5,0.5,0,1,0.5,1,1
,,1,1,1,1,1,1,1,1,1,1
0.9998068307135992,1.000132649453399
0.9982617521420469,1.000747227459171
0.9975941936273496,1.0014168873625515
0.9973901943356054,1.0020252357769708
0.9989186865349878,1.000353950055948
0.9978096630910687,1.0019896664839407
0.9981482162189645,1.0000684791117724
0.9977490129946346,1.0007241619177434
0.9981911036017002,1.0009902538354094
0.9959193378495813,1.0006399892195634
0.9974090265802801,1.0013838135743247
0.9972744020245577,1.0016097489110467
0.9969301738768064,1.002324208890553
0.9969304544134453,1.0026085683854777
,,egauge18350,egauge16616,egauge27467,egauge23534,egauge16608,egauge33764,egauge18158,egauge13830,egauge19821,egauge24121
,,0,1,1,0.5,0.5,1,0,0.5,0,0
,,1,1,1,1,1,1,1,1,1,1
0.9997410243610328,1.000090271700935
0.9972729237434432,1.0003738183153077
0.9956732826875621,1.0001528610605432
0.9949679758773061,0.9999931678523106
0.9993025009270186,1.0000474925351903
0.9983008622488274,1.0009359328140615
0.9994585961560781,1.0015791045567175
0.9964174318025854,1.0006571395906785
0.9963671306220937,1.0005458717578473
0.9962031868936553,1.001552759517476
0.9951603017203211,1.0000372868039207
0.9954369303942695,1.0004524582883614
0.9944839265639455,0.9999204541743125
0.994500490739087,0.9998670408789813
,,egauge13830,egauge4183,egauge13974,egauge15623,egauge32290,egauge16608,egauge33764,egauge17073,egauge16616,egauge22271
,,0.5,0,0,0.5,0,0,0.5,1,0.5,0.5
,,1,1,1,1,1,1,1,1,1,1
0.9997420168244052,1.0000486815146679
0.9980343763281386,1.0005371937276852
0.9966500710215751,1.0014463105409974
0.9959252222512117,1.0016964354266114
0.9989614477476039,1.0003657898730964
0.9987967908540315,0.9997424670064826
0.9975985596843081,0.9998022922654738
0.9971250314438582,1.0006789070722668
0.9974989768744928,1.0000019401648534
0.9961924308749813,1.000327846620549
0.9965390853709601,1.001545550760953
0.995788154977838,1.0023041747507202
0.9957949760969608,1.0016308607755846
0.994904764305603,1.0022110976905594
,,egauge17073,egauge13830,egauge9102,egauge33764,egauge13974,egauge22271,egauge18350,egauge16608,egauge18158,egauge18544
,,0,1,0.5,0.5,0.5,1,1,0,0,1
,,1,1,1,1,1,1,1,1,1,1
0.9997263283813649,1.0001498028415345
0.9977674397565773,1.001287257628376
0.9964673508239876,1.0016963063238344
0.9957999634339272,1.001914582051395
0.9984432400853797,1.0000214692818146
0.998302052172131,1.0014202402168555
0.9980962372866559,1.0004742169030931
0.997082040522122,1.0015507105329287
0.9969322661733129,1.0014493631536534
0.9967812098623068,1.0032239172214759
0.9964221406914928,1.0018783182208033
0.9955206070523898,1.0015677381679013
0.994918102692634,1.001725123117745
0.9959809007427417,1.002558173349116
,,egauge20407,egauge5198,egauge17073,egauge13830,egauge30378,egauge8617,egauge32290,egauge27467,egauge9102,egauge19821
,,1,0.5,0,1,0,0,0.5,1,1,1
,,1,1,1,1,1,1,1,1,1,1
0.999685265235866,1.0000968035071005
0.9977455700153788,1.0010453284817171
0.9965238131743596,1.0019181427778066
0.9956209867105326,1.0025858254324367
0.9985309858156566,0.9999271217664194
0.9980900252412177,1.0005113037196889
0.9971278604158402,0.9998438261887088
0.9974531392162487,1.001671230587147
0.9965066497151804,1.0008225979907104
0.9974434814398004,1.0008964205555906
0.996314229403266,1.0017609723833558
0.9964918636575674,1.002647622838815
0.9950932063209603,1.0028047101285946
0.9948875469118875,1.0033803567739474
,,egauge13830,egauge33764,egauge13974,egauge19821,egauge17073,egauge16616,egauge28684,egauge18544,egauge30378,egauge18350
,,0,1,0,0.5,0,0,0,0,0.5,0
,,1,1,1,1,1,1,1,1,1,1
0.9997112636967337,0.9999955512080263
0.9978467209977806,0.9997182755503098
0.9967746391736679,0.9996681102932764
0.9958527869550376,0.999661718757582
0.9989242744264265,0.9999567449311191
0.9979360789975914,1.0012065610487775
0.9975844468719295,0.9997790229889063
0.9971411135792936,1.0000496721652614
0.996888343914726,0.9995868542015833
0.9969766438942818,0.9993755904140134
0.9967088566175653,0.9996557329185073
0.9966787693802582,0.9996253524738794
0.9948842253010979,0.9996965585316236
0.9957357438558434,0.999618961191034
,,egauge28684,egauge22271,egauge18544,egauge13974,egauge8617,egauge4183,egauge7692,egauge30378,egauge27467,egauge24121
,,0.5,0.5,1,0,0.5,0,0.5,1,0,0.5
,,1,1,1,1,1,1,1,1,1,1
0.9997570908170031,1.0000970286244864
0.9980212840760895,1.000230923875925
0.9967771423259689,1.0004871927036518
0.9963674189667532,1.0004360023600372
0.9992670043414494,1.0003827488535246
0.9977969489899287,1.0010520139265853
0.999131094668517,1.0013782247511407
0.9971241724511201,1.0000791955412327
0.9979506556834741,1.000438649701775
0.9976714282068483,0.9998586817344698
0.9967401382485701,1.0005656670621754
0.9953732298615067,1.0008083248061495
0.9962515818355212,1.00039962493413
0.9955589272379792,1.0004039044477886
,,egauge17073,egauge22271,egauge18350,egauge9102,egauge30039,egauge4183,egauge33764,egauge18544,egauge16608,egauge30378
,,0.5,1,0,0,0,0,1,0.5,0.5,1
,,1,1,1,1,1,1,1,1,1,1
0.9997447593644064,1.0001449547139278
0.9980538115249192,1.0006889703564559
0.99669652259199,1.0015350864121177
0.9953813479160006,1.0018620968379968
0.998617657092308,1.0005198138497187
0.997813546141591,1.00218618920049
0.9988133429547004,1.000048961722044
0.9972674460957179,1.0005962058361428
0.9975230588801751,1.000557398141647
0.9976497805322398,1.000341552792068
0.9965896414837336,1.0017791192276628
0.996600661953395,1.0018030109043308
0.9947092823486741,1.0019860118730703
0.9941706229171164,1.0022266561782749
,,egauge5198,egauge7692,egauge30378,egauge3167,egauge18158,egauge24121,egauge19821,egauge28684,egauge9102,egauge32290
,,1,0.5,0,0.5,0,0,1,0,0,1
,,1,1,1,1,1,1,1,1,1,1
0.9997399274422951,1.0000266420910415
0.9976833752706192,1.00007909069394
0.9964074730563012,1.0004437439769978
0.9956380572691285,1.000366966915
0.9988942336123597,1.0004961901959846
0.9978942439869941,1.000445213142035
0.996895959844418,0.9995802906417472
0.9976934617637412,1.0002597913134013
0.996454606493417,0.9998363949668491
0.9967608480983675,0.9997484700903426
0.9962102429494027,1.000756565465253
0.996045572355314,1.0004223449176293
0.9951319476979245,1.000330592456813
0.9950958194016678,1.000292081728878
,,egauge4183,egauge23534,egauge26086,egauge13974,egauge32290,egauge5198,egauge27467,egauge18350,egauge18544,egauge30378
,,0,0,1,1,1,1,1,0,1,1
,,1,1,1,1,1,1,1,1,1,1
0.9997320958809802,1.0001700461029148
0.9980888112952455,1.001531600172986
0.9971172114609705,1.002491615093151
0.9962399167432795,1.0030760162627566
0.9992988278178275,1.0000013153706888
0.9978310708724744,1.0000216026558353
0.9975993407428206,1.0021381646629304
0.9972218389206743,1.0020892579690333
0.9972267981900848,1.0014505472270954
0.9968682746651357,1.0023828887893942
0.9971007581630811,1.0027732030374967
0.9969999925345474,1.002427265799726
0.996196480652269,1.0034922339882812
0.9948368996292959,1.0034410975367432
,,egauge30378,egauge22271,egauge16608,egauge3167,egauge5198,egauge9102,egauge8617,egauge24121,egauge18544,egauge20407
,,1,1,1,1,0,1,0.5,0.5,1,1
,,1,1,1,1,1,1,1,1,1,1
0.9997353004669816,1.000173971525693
0.998296757896763,1.0008236009792806
0.9972431274311553,1.001149035287375
0.9965674365091518,1.0014058912921355
0.9983440902595939,1.0005181775661849
0.997761987175065,1.0021948468492428
0.9977727486229884,1.0011353505553313
0.9982462913838616,1.0012084918693294
0.9974396448607176,1.0008033532243747
0.9969145107130116,1.00148071569417
0.9972019892600273,1.0012399727188437
0.9965009373890348,1.0011490352625332
0.9963357389914596,1.0018212902631083
0.9956524622560253,1.0012452422519786
,,egauge23534,egauge3167,egauge28684,egauge30378,egauge26086,egauge20407,egauge13830,egauge8617,egauge27467,egauge22271
,,0,0,1,0,0.5,1,0.5,1,1,1
,,1,1,1,1,1,1,1,1,1,1
0.9997270338058318,1.0001821890142761
0.9974878289160634,1.0015754912414923
0.9968009690956656,1.0031729080092413
0.9961522985779517,1.0042473902200408
0.9987245165902775,1.0000987764052693
0.9991617949031942,1.0001220843824057
0.9986412979347612,1.0013953776775424
0.9961286488498642,1.001328893329589
0.9967120566544058,1.0019404396465799
0.9957026747354496,1.0012277098586269
0.9966817423170238,1.0033013588247541
0.9967370513052981,1.0037314580762413
0.9961016288880369,1.0047592968729848
0.9951421915652169,1.0052912127398346
,,egauge27467,egauge30039,egauge20407,egauge8617,egauge3167,egauge7692,egauge17073,egauge24121,egauge16608,egauge23534
,,0.5,0,0,0.5,0,0.5,0.5,1,0.5,0
,,1,1,1,1,1,1,1,1,1,1
0.9997351475686916,1.000012016676034
0.9979494418893867,1.0004815502288584
0.9960612739452728,1.000821985665432
0.9948293692453485,1.0008860330983687
0.9995978876809164,1.0003210500691992
0.9978659212283731,0.9998678863544047
0.9963683325550692,0.999563010628063
0.9978870508549088,1.0007245004329728
0.9979090847930123,1.0004511912285392
0.997008237530533,1.0008678089915124
0.9956723629364723,1.000970745062737
0.995731426714913,1.0009213955148173
0.9941577421564104,1.0010170873203805
0.993757231111869,1.0008038166588125
,,egauge32290,egauge18544,egauge22271,egauge4183,egauge13830,egauge7692,egauge13974,egauge8617,egauge23534,egauge15623
,,0.5,0,0.5,0.5,0.5,1,0,0,0,0
,,1,1,1,1,1,1,1,1,1,1
0.9997776739014193,1.0000205950772538
0.9981214807381874,1.0002316911181992
0.9967931866483524,0.999987449541635
0.9958270767473442,0.9998915333181634
0.9987590492874967,0.9998887680305275
0.9990191862775836,0.9999390946738588
0.9976554052392621,1.0010485083355383
0.9980205746799748,1.0003328735830974
0.997385420257746,1.0005291024362577
0.9970761192046392,1.0011017411200198
0.9964225993254623,0.9999296697621891
0.9966547122250272,0.9999125979387885
0.9954203193538449,0.9998406385579858
0.9945308376653372,0.9998103555269694
,,egauge18544,egauge15623,egauge30039,egauge18350,egauge33764,egauge9102,egauge23534,egauge8617,egauge28684,egauge17073
,,0,0.5,0.5,0.5,1,0,0.5,0.5,0,1
,,1,1,1,1,1,1,1,1,1,1
0.9997674230550178,1.0001455617985937
0.9981750693976297,1.001291545006627
0.9968290750752037,1.0021459139689066
0.9960645113660637,1.0026726069795706
0.9994752186760898,1.0001020813801043
0.9972897027553719,1.000463713579159
0.9977196684121573,1.0008092352173654
0.9980438878711799,1.001494187581273
0.9976304285558327,1.0018997629612858
0.9968922714001377,1.001175625079999
0.9964673751913574,1.0022691383791653
0.9967438508310834,1.0024033036114388
0.9959125362539907,1.0026507224624168
0.9950014103952758,1.003585464757672
,,egauge16616,egauge30039,egauge26086,egauge18544,egauge13830,egauge3167,egauge24121,egauge15623,egauge28684,egauge22271
,,1,0.5,1,0.5,0.5,1,0.5,0,1,1
,,1,1,1,1,1,1,1,1,1,1
0.9997641250422095,1.0002310339418856
0.9983801046427003,1.0015283039816882
0.9971607198280316,1.0024304208234704
0.9964642442945952,1.0034009821016843
0.9990185737887383,1.0006800470045867
0.9978506314032016,1.000832868776278
0.9976843191006605,1.0021964000072252
0.9983195395878374,1.0018041714787949
0.998160372502129,1.0018425290265198
0.9978028130486342,1.0022748235669732
0.9969592009673268,1.0024097246608568
0.9958624145024896,1.002376799622429
0.9962108640675396,1.0037991967183109
0.9954537637493379,1.0044685381885832
,,egauge33764,egauge30039,egauge8617,egauge28684,egauge16608,egauge22271,egauge27467,egauge18544,egauge20407,egauge4183
,,0.5,0.5,0,0.5,1,0,0,0.5,0.5,1
,,1,1,1,1,1,1,1,1,1,1
0.9997884666290562,1.0000433831551567
0.9982080362958509,1.0003557406002854
0.9973206249770591,1.000435991788555
0.9965557905319258,1.0004552797224782
0.998809922480405,1.000332239837637
0.9978923848161761,1.0006489162063428
0.9986795112065305,0.9998936832794035
0.9978448498525365,1.000558306839835
0.9973652141593634,1.0007294988849196
0.9962983031529128,1.000239948722817
0.9972712551157296,1.0004153443046313
0.9972353510726344,1.0005965177205873
0.9957726931727736,1.000280692584544
0.9963225695808109,1.000744276776862
,,egauge27467,egauge18158,egauge7692,egauge22271,egauge16616,egauge5198,egauge24121,egauge32290,egauge23534,egauge33764
,,0,0.5,1,1,0,0.5,0.5,1,0,0.5
,,1,1,1,1,1,1,1,1,1,1
0.9997336852781523,1.0000581448898709
0.9980758977608157,1.0003973575595824
0.9965055144050845,1.0004314868052604
0.9954187084642253,1.0005083100506895
0.9995370690295007,1.0000085802669305
0.9970511256772743,1.0003339595379281
0.9977618750630617,1.001051588252234
0.9970579067690349,1.0013742015327747
0.9974981420283822,0.9999355815995387
0.9964635610147039,1.0007633547110535
0.9963575653032299,1.0004686546045178
0.9960052610234555,1.0003465728446663
0.9946960630309494,1.0004646537760338
0.9946642103059674,1.0007751800852909
,,egauge16616,egauge16608,egauge27467,egauge9102,egauge13974,egauge30039,egauge13830,egauge33764,egauge23534,egauge19821
,,0.5,0.5,0,1,1,0.5,1,0,0.5,1
,,1,1,1,1,1,1,1,1,1,1
0.9997246474875965,1.0001503473696682
0.9976834804854086,1.0016614209526042
0.9961486159614136,1.002637027364515
0.9952208040948849,1.0032988473825668
0.9989793237965771,1.0000540934923223
0.9978825761853213,1.000501058714146
0.9991068846126305,1.0000362886068175
0.9969715538757431,1.0019756953451529
0.9967702157870268,1.0022597559077473
0.9962290211665998,1.0021643260254933
0.9958570014015833,1.0028896630330135
0.9953719210934443,1.0025404905705306
0.9945633020752968,1.0035106119558892
0.9946363542296647,1.004094046667123
,,egauge30378,egauge28684,egauge5198,egauge32290,egauge15623,egauge19821,egauge24121,egauge13830,egauge18158,egauge33764
,,0.5,0,0,0,0.5,0.5,1,1,1,1
,,1,1,1,1,1,1,1,1,1,1
0.999726136478679,1.0000983685191167
0.9977441242370718,1.0009867331575837
0.9962624305861385,1.002090438650235
0.9951252483531445,1.002674612427699
0.9983193494616032,1.000157160293929
0.9987191092419826,1.000045318093811
0.9979652599203065,1.000055588945842
0.9971685605324253,1.0003290485031988
0.9965992617982287,1.0011487811645388
0.9965528226579465,1.0015589261495856
0.9961104164596652,1.0021732000870454
0.9960472108162525,1.0027556376493603
0.9942801802537583,1.0029300156224144
0.9944665515447688,1.0032758056373607
,,egauge20407,egauge15623,egauge27467,egauge8617,egauge19821,egauge17073,egauge32290,egauge9102,egauge3167,egauge16608
,,0,0,0.5,0,0.5,0,0.5,1,0.5,0.5
,,1,1,1,1,1,1,1,1,1,1
0.9997038143185463,1.0000000451453983
0.9976323559043166,1.0002007028337552
0.9962433225230971,1.000398550571438
0.9956522103891056,1.0005841829239437
0.9981215295386766,0.9997576381799028
0.9973035272517876,0.9998921111243905
0.9994582263181466,1.0006502586706527
0.9975617600381617,1.0001298920505794
0.996926928518428,1.000539021907572
0.9957594785160664,0.9999634098834486
0.9960338089667282,1.0002457897837682
0.9954243258464156,1.0007946070145572
0.99562327267879,1.0007151904317335
0.9947063858333924,1.0007589725565282
,,egauge16608,egauge19821,egauge4183,egauge24121,egauge15623,egauge20407,egauge18158,egauge3167,egauge17073,egauge8617
,,1,1,0.5,0.5,1,0.5,0.5,1,0,0
,,1,1,1,1,1,1,1,1,1,1
0.9997278654661828,1.0000629312012497
0.9978061737077634,1.0000791438506371
0.9962892848962607,1.0001236814435701
0.9954123126984608,0.9999957799609748
0.998788247494978,1.0005399168478044
0.9983756947316101,1.001565260429589
0.9987286610986464,1.0003434136729052
0.9974317756518445,1.0001398394243446
0.9967506112673006,1.0003634933550152
0.996237906191931,0.9996163172875471
0.995849813985493,1.0001278095322812
0.996299932058385,1.0004588020505725
0.9945164286218273,0.9999085247973863
0.9952634326219733,0.9999102355079436
,,egauge3167,egauge32290,egauge5198,egauge13974,egauge7692,egauge9102,egauge30039,egauge18158,egauge28684,egauge15623
,,1,1,0,1,0.5,1,0.5,1,1,0.5
,,1,1,1,1,1,1,1,1,1,1
0.999760006069373,1.000153669889192
0.9978272266288505,1.0014634693577067
0.9962180624915041,1.0022706793015776
0.9953542182357855,1.002720009456718
0.9994567849790065,1.0005661800856622
0.9978336760818062,1.0000136765895153
0.998024053086986,1.0001108875191027
0.997121635892687,1.002043569379013
0.9976960992067282,1.0016745643216298
0.9969368704586984,1.0021223406864097
0.9958237821133,1.0023824348503139
0.9959413479010101,1.0026399151521306
0.9952529810118586,1.0031313114942115
0.9940586920493308,1.0028856326341393
,,egauge13830,egauge8617,egauge24121,egauge23534,egauge30378,egauge30039,egauge28684,egauge17073,egauge20407,egauge3167
,,1,1,0.5,0,0.5,1,0.5,0,0.5,0.5
,,1,1,1,1,1,1,1,1,1,1
0.999716350991665,1.0000594621711416
0.9974962471796037,1.0000695149596566
0.9962739549991411,0.9998669813549188
0.9956318224813974,0.999762693620849
0.9989609217739058,1.0007532480977326
0.9987416043373163,1.0011346691293874
0.9980549885059464,1.0002465571438428
0.996724290948719,0.9999872394263709
0.9962480101618111,1.0000695149517715
0.9961502905455367,1.0012982429953712
0.9962082115316024,0.999947401547291
0.9951122480463387,0.9997386906964407
0.9949378833587198,0.9995882493625887
0.9955786310222432,0.999880313011969
,,egauge4183,egauge33764,egauge23534,egauge26086,egauge19821,egauge27467,egauge22271,egauge30039,egauge9102,egauge3167
,,1,0,0,1,1,0,0,0,0.5,1
,,1,1,1,1,1,1,1,1,1,1
0.9997507848430393,1.0001104866942634
0.9978924484651724,1.0011062007459572
0.9966964425105747,1.0013390775625444
0.9961937600768581,1.001698097017592
0.9993389575737658,1.0005414864091795
0.9979192444228175,1.0000067655808178
0.9976568140205215,0.9999530338632563
0.997136445376223,1.0019171740309474
0.9972573149739936,1.001856297302685
0.9977769936564064,1.001026244925547
0.9963635555028119,1.001314274263713
0.9963557033334476,1.00119502443409
0.9956511618749713,1.0018219880559511
0.9961511779251889,1.002116213417858
,,egauge16608,egauge28684,egauge33764,egauge27467,egauge3167,egauge18350,egauge16616,egauge8617,egauge23534,egauge17073
,,0,0,0.5,0.5,1,0,0.5,0,0,0.5
,,1,1,1,1,1,1,1,1,1,1
0.9997437156678337,1.0000415638532154
0.9982461782787307,1.0004387735980453
0.996695224455,1.0004997606818793
0.9953483223817686,1.0006662717243449
0.9987079626203047,0.9999474968542601
0.9987488933615821,0.9999926743520086
0.9978333333745238,1.0006406004624928
0.998256271599427,1.000762721756362
0.9982562716114843,1.0008336183890707
0.9977639784038045,1.0003615679193376
0.996617116204571,1.000458463608275
0.9965461172399029,1.000424863743207
0.9946185202552742,1.0006153303405632
0.994152580478631,1.0010196051748883
,,egauge18158,egauge22271,egauge8617,egauge7692,egauge17073,egauge27467,egauge15623,egauge5198,egauge16616,egauge9102
,,0.5,1,1,1,0.5,0,0.5,0,1,0
,,1,1,1,1,1,1,1,1,1,1
0.9998065833682634,1.0001664580585656
0.9986646433661401,1.000809824274413
0.9978182294104797,1.0011188966362774
0.9972926720565899,1.0013560070148018
0.9984470994075687,1.0002224089015401
0.9978428166965834,1.0021997282090658
0.9986792667259262,1.001344686943451
0.9980989101261055,1.001258251283426
0.9979076248403891,1.001144046120939
0.9984336466333305,1.0007132770640506
0.9973019129101907,1.001180895073493
0.997106324303158,1.001086772844034
0.9968687168218685,1.001647455057598
0.9965045714990771,1.0013238742117117
,,egauge13974,egauge28684,egauge30039,egauge17073,egauge16608,egauge18350,egauge27467,egauge9102,egauge30378,egauge8617
,,0,0.5,0.5,1,1,0.5,0,0.5,0,1
,,1,1,1,1,1,1,1,1,1,1
0.9997263912733461,1.0001223364072618
0.997997896079071,1.0011270521754587
0.9966644183144682,1.001366029518907
0.9958506049416264,1.0015713356935994
0.9987013238800987,0.9999537073210595
0.9987378714476478,1.0006536033346427
0.9977507159695521,1.0007691280647257
0.9972619437316356,1.001958340143161
0.9971284267482937,1.0015830453671117
0.9978054647077602,1.001474934278417
0.9966356409562118,1.0013453593440949
0.9958662755059438,1.0014731576109939
0.9949614740176824,1.0014110837028618
0.9957973994441347,1.0021502892279588
,,egauge16608,egauge13974,egauge5198,egauge27467,egauge33764,egauge23534,egauge28684,egauge18350,egauge17073,egauge4183
,,0.5,0.5,1,0,0.5,0.5,0,1,1,0.5
,,1,1,1,1,1,1,1,1,1,1
0.999739650964339,1.0001626172353204
0.9980794451920728,1.0012198000767683
0.9971441404739911,1.002082360336439
0.9963912363863843,1.002692295243089
0.9987465639887041,1.0003477978897801
0.9979323358176688,1.000617474376791
0.9980265613502871,1.001104933954051
0.9979886332186991,1.00116915881424
0.9974643235855551,1.0014850809472557
0.9963888882713037,1.0018521461760175
0.9970577652047792,1.0020658101350266
0.9970482285132958,1.0025543252873
0.9956677552092208,1.0033128397114996
0.9961676758092975,1.0028084939535682
,,egauge30039,egauge7692,egauge16616,egauge18544,egauge24121,egauge18350,egauge16608,egauge4183,egauge5198,egauge19821
,,0.5,0,1,0.5,0,0.5,0,0.5,0.5,0
,,1,1,1,1,1,1,1,1,1,1
0.9997932285122014,1.0000488711740008
0.9984035650827601,1.0001693867484611
0.9972818411080071,1.0002629229052715
0.996798020323097,1.0003461310470554
0.9987680799612152,1.000374374001798
0.9976921428331389,0.9999431673610847
0.998251641401585,1.0009684434752464
0.9982925326953093,1.0004527376375625
0.9978877191048625,1.0000132417078385
0.9977007007989941,1.0005192030579833
0.9969117253002667,1.000213380765668
0.9970793304545024,1.0004020134040816
0.9963971435613874,1.0004989341110697
0.9959877219914681,1.0002605511600138
,,egauge18544,egauge9102,egauge16616,egauge13830,egauge30378,egauge7692,egauge33764,egauge13974,egauge30039,egauge32290
,,1,0.5,0.5,0.5,0,0,0.5,0.5,0,0
,,1,1,1,1,1,1,1,1,1,1
0.9997204869661622,1.0000104060371726
0.9977200104885955,0.9997895133426649
0.9962593790737563,0.9995522738339134
0.995617107705854,0.9993245667606344
0.9994398348541546,1.000635300069748
0.998230809927714,1.0003148265128199
0.9982331166886357,0.9998179519923797
0.9970896331520491,1.0000727369861895
0.9964754403073393,0.9995671131067717
0.9963301424037077,0.9996899627870252
0.9960087914003775,0.9996557920831465
0.9953452133717581,0.9997554046052153
0.9949320731179185,0.9992955027895534
0.9950430054078192,0.9992604577148876
,,egauge32290,egauge17073,egauge30039,egauge33764,egauge13830,egauge18544,egauge3167,egauge19821,egauge5198,egauge16608
,,0.5,0.5,0,0,1,0.5,1,1,0,0
,,1,1,1,1,1,1,1,1,1,1
0.9997569441491673,1.0000918268444043
0.9982928438898614,1.0010891670584299
0.9973191750560765,1.0017127623400024
0.9967082359210945,1.0016358731047927
0.9987747931394224,0.9998916244584432
0.9975508933182986,1.0008065375482578
0.997745226798678,0.9998742945271449
0.9975489614574701,1.001035949259757
0.9975465584328883,1.0017020133282444
0.9980811005728549,1.0016298102997492
0.9973150606869324,1.001869952877108
0.9966589413640032,1.002516184523842
0.996672018729866,1.0016213011281543
0.9957399644837276,1.0015287378959783
,,egauge9102,egauge23534,egauge16608,egauge3167,egauge27467,egauge13830,egauge26086,egauge4183,egauge30378,egauge24121
,,0.5,0.5,1,0,1,0,1,0.5,0,1
,,1,1,1,1,1,1,1,1,1,1
0.9997154487863594,1.0001215043284322
0.9979335459200697,1.0009051565017348
0.9962159092309653,1.0014417864155367
0.9950343994506605,1.0014290320520363
0.9988998317537402,1.00027992109279
0.997963372927658,1.000764250845515
0.9977529430498454,1.0010911911442022
0.9979032783109134,1.000874782305308
0.9977822296060185,1.0016043632165728
0.9968024546237912,1.0008463460111248
0.9959119526708144,1.0018048402594915
0.996066886730794,1.0015075686364092
0.994154029938746,1.0012688069685953
0.9942271874661353,1.0017029352774156
,,egauge18158,egauge27467,egauge16608,egauge13974,egauge20407,egauge26086,egauge3167,egauge32290,egauge30039,egauge24121
,,0,0,0.5,0.5,0,0,0,0.5,0,0.5
,,1,1,1,1,1,1,1,1,1,1
0.999676894389346,0.9999479758341504
0.9973102925943954,0.9995909343241587
0.9963893391945007,0.9994236380404352
0.9956091875343777,0.9993469542279547
0.9982056250698856,0.9998657477701685
0.9990399006464027,0.9998463656384516
0.9977151124871408,1.000248828775503
0.9964823028445623,0.9994582185564317
0.9961705096275404,0.9994090045502747
0.995314908270645,0.9995330867625494
0.9963687904382197,0.9994071397317672
0.9958466135336302,0.9993274668421959
0.9949152683897408,0.9993178894857847
0.9950882150153655,0.9992614753827154
,,egauge20407,egauge9102,egauge17073,egauge23534,egauge32290,egauge16608,egauge16616,egauge4183,egauge33764,egauge15623
,,0,1,0.5,1,0.5,1,0,0,1,0
,,1,1,1,1,1,1,1,1,1,1
0.9996920196046286,1.000003471146158
0.9978961969362234,1.0002046182406983
0.9965455907379601,1.000036791397274
0.9956490819799818,1.000356911142655
0.9981568573462638,0.9997519391002508
0.9981566914492317,1.0006776194632832
0.997319413216436,1.000741823824172
0.9971401899901865,1.0009437819600415
0.9973920421664471,0.9998362027349844
0.9961868407164234,1.0010888722293716
0.9962620539252847,0.9998636148199188
0.9962794119956996,0.9998870926922758
0.9949767978711793,1.0007863605887877
0.9947093131861343,1.0002606337666728
,,egauge32290,egauge30039,egauge26086,egauge22271,egauge17073,egauge16616,egauge27467,egauge15623,egauge30378,egauge3167
,,0,0,0.5,1,0,1,0.5,1,1,1
,,1,1,1,1,1,1,1,1,1,1
0.9997242039127342,1.0001167858911884
0.9979526095729366,1.0015889596254277
0.9967752371623619,1.0024596007498785
0.9961161437620445,1.002921865278623
0.9987735970291831,0.999881497400019
0.997810800776354,0.9998745186716519
0.9976003187496699,1.0010354837585098
0.9972972823051713,1.0026136527747493
0.9972267687779022,1.0014572475405932
0.9970806381868879,1.0024209367396912
0.9967341218949058,1.0025920844632434
0.9954775273155155,1.0028566216870878
0.9951617251761805,1.0031700413419324
0.9958959179794906,1.0033298438279326
,,egauge33764,egauge13974,egauge19821,egauge16616,egauge7692,egauge8617,egauge22271,egauge26086,egauge27467,egauge17073
,,1,0,0.5,0.5,0,0,0.5,0,0,0.5
,,1,1,1,1,1,1,1,1,1,1
0.9997245877677865,1.00006287328281
0.9979597846641738,1.0002571848532453
0.9962734644839902,1.0006267210042563
0.9956631927478138,1.0008067006082557
0.9987771777077089,1.000716103919042
0.9977559687790325,0.9998165393340621
0.9982090558406401,1.0007910813159333
0.9977745910585439,1.0001459086464393
0.997828636637162,1.0001914224083401
0.9976711837625701,1.000122113135245
0.9958791580945119,1.0008140774273142
0.9954438108533676,1.000574493668132
0.9955763845994947,1.0007705332530497
0.9947704353385267,1.0011922338456267
,,egauge23534,egauge8617,egauge13830,egauge30378,egauge7692,egauge5198,egauge3167,egauge15623,egauge9102,egauge16616
,,0.5,0.5,0.5,1,0,0,1,1,0.5,1
,,1,1,1,1,1,1,1,1,1,1
0.9998015005157547,1.0001393759602486
0.9984092423158908,1.0010032309181875
0.9973045740295703,1.0017991586052355
0.9970927243552443,1.0021327295378957
0.9988702080879762,1.000467819027247
0.9987476223306215,1.0006111228611863
0.998238361186372,1.000798845844348
0.9972075456565331,1.0013476633330358
0.9980564233453485,1.0009424776501457
0.9970945045461325,1.0009646005676514
0.9971811628758416,1.001952227315781
0.9960060473178607,1.002195870282846
0.9965502483650496,1.0021983479876961
0.9963922795343313,1.002593989027517
,,egauge18158,egauge13830,egauge16616,egauge32290,egauge16608,egauge23534,egauge15623,egauge4183,egauge18350,egauge26086
,,1,0,0,0,0,0.5,1,1,0,0
,,1,1,1,1,1,1,1,1,1,1
0.9997328070479098,0.9999913562421987
0.9977914173650547,1.0000248814837598
0.9969128664859519,1.0004228223967588
0.9963964948737726,1.0003716359949115
0.9983680957483585,1.0003825198901575
0.9981974062605292,0.9999273667509544
0.9980323038814476,0.9997584888996114
0.9972369490941739,0.9996408876811298
0.9968542866560187,0.999923785947024
0.9960631087753259,1.0006270341956096
0.9963952548825561,1.0005715116399212
0.9967637207253288,1.0008081807184699
0.9961451818560293,1.0003425359990135
0.9952480113824906,1.0003288425710086
,,egauge18544,egauge30378,egauge9102,egauge18158,egauge3167,egauge33764,egauge22271,egauge4183,egauge32290,egauge17073
,,0,0,1,0.5,0,0,0,0,1,0.5
,,1,1,1,1,1,1,1,1,1,1
0.9997211908484968,0.9999994460653135
0.9976066259418443,0.9999643549909342
0.9962816305089357,0.9999923723643822
0.9953306876491058,1.0001651872390407
0.9993596309530021,0.9999566714943567
0.9970493215084549,0.9995946148735066
0.998116020771382,1.000727275445976
0.996528839156033,1.000022758851937
0.9975562006897024,0.999913788784466
0.9963004268819952,0.9998679041916925
0.9958750040988276,0.9999634813211074
0.9960048949818877,0.9998213014342238
0.9949909264956635,1.0001142760124462
0.9941518445445495,1.0005380378284205
,,egauge18544,egauge18158,egauge30039,egauge4183,egauge7692,egauge8617,egauge26086,egauge23534,egauge33764,egauge18350
,,1,1,1,0,0.5,0.5,1,1,0.5,0
,,1,1,1,1,1,1,1,1,1,1
0.9997870061407966,1.000216371425715
0.9981338677340076,1.001291754720147
0.9966272996555852,1.0023314887288286
0.9959975625366435,1.0024662338806425
0.9994462963470953,1.0008575979894987
0.9971980049150616,1.0009127778596467
0.997761481919914,1.001790220298731
0.9978614726268497,1.0011398361642898
0.997980485188425,1.0014919296458678
0.9978836839086733,1.0017557509593689
0.9962821159528301,1.0026544412346956
0.9960099619843146,1.0030523927139259
0.9953466780861934,1.0026631971309088
0.9959017811228306,1.0024030344258492
,,egauge32290,egauge20407,egauge4183,egauge30039,egauge9102,egauge15623,egauge3167,egauge22271,egauge26086,egauge23534
,,0.5,0,1,0.5,0,1,1,1,1,0.5
,,1,1,1,1,1,1,1,1,1,1
0.9996995139138075,1.000104252405127
0.9978942518475395,1.0018425142365357
0.9966104363349836,1.0034306131630455
0.9958408314363182,1.0041380114236012
0.9987728643031233,0.9998789418928027
0.9967212659419455,0.9995854689467142
0.9987156236227587,1.000950673065504
0.9970546303656111,1.0021216454356112
0.9971382476386768,1.0018121064143268
0.9956804739463168,1.0025794053148125
0.9965939929224763,1.0035922680175804
0.9956997336682609,1.0045057265269288
0.9952984606698486,1.004723022916542
0.9953516026649258,1.0044605285387838
,,egauge30039,egauge5198,egauge7692,egauge24121,egauge19821,egauge13830,egauge4183,egauge30378,egauge16608,egauge23534
,,0.5,0,0,1,0,0.5,0,1,0.5,1
,,1,1,1,1,1,1,1,1,1,1
0.9997464338194428,1.0000944582847484
0.9975598014549696,1.000829422666608
0.9958447081446744,1.0014578379399008
0.9949172370991173,1.0019859040786856
0.9987538820133912,1.0004097716577254
0.9981034428690642,1.0000544912871752
0.9975343183609157,0.9999875179477383
0.9968342985475676,1.0009205501512166
0.9969293008283945,1.0007484368893347
0.9961771656731306,1.0013705058191404
0.9957789982990087,1.0013831054556597
0.994633311651226,1.001822223481347
0.994245541387751,1.0021171285637775
0.9943016197799914,1.0027671556767055
,,egauge13974,egauge33764,egauge30378,egauge30039,egauge4183,egauge18350,egauge18158,egauge13830,egauge16608,egauge24121
,,0.5,0.5,0,1,0.5,0,1,1,0,0
,,1,1,1,1,1,1,1,1,1,1
0.999692135182363,1.0000711378892142
0.9979068275551554,1.000670994936359
0.9962211918666825,1.0010067258601778
0.9953630965140453,1.0007827229668822
0.9986996661292086,1.0002694789741162
0.997947364000519,1.0006106687423246
0.9968675412241794,0.9996008152720215
0.9973271876988737,1.0013497308947663
0.9977629494773997,1.0007823547686043
0.9973072261721505,1.0005744635546048
0.9957407111232,1.0011307154448725
0.9956567350747199,1.0016925227279898
0.9947271470544653,1.0007099414234828
0.9948635219576283,1.000612871379662
,,egauge4183,egauge15623,egauge30039,egauge17073,egauge7692,egauge32290,egauge27467,egauge9102,egauge19821,egauge28684
,,0,1,1,1,0,0.5,1,1,0.5,0.5
,,1,1,1,1,1,1,1,1,1,1
0.9997472055964249,1.0001759816042017
0.9980880754898699,1.0013005011684808
0.9970080322423401,1.0023235153294374
0.9964605857080467,1.0027021850139437
0.9993066433966977,1.0000088567642273
0.9972702792563387,1.0009489248432164
0.9976995042437611,1.0017515776698551
0.9973771689167495,1.0021573370709664
0.997974071202085,1.0012447880282629
0.997007604888758,1.0006054487068938
0.9969792431327309,1.0026133306755323
0.9961882895830849,1.002690550778512
0.9959539769558557,1.0029356980517765
0.9962902290993093,1.0029919492511004
,,egauge8617,egauge19821,egauge13830,egauge23534,egauge5198,egauge4183,egauge9102,egauge30378,egauge20407,egauge27467
,,0,1,1,1,0.5,0.5,0,0.5,0,0
,,1,1,1,1,1,1,1,1,1,1
0.9997143231938347,1.0000367484814925
0.9976407699933297,0.9999532181806106
0.9957520314008338,0.9995778844666898
0.9950912497088045,0.9992839452515198
0.9992501776177681,0.9999617575618306
0.9983388205219799,1.001535751747998
0.998168856132399,1.0014351208093808
0.9971871410799525,1.0003089784260202
0.9972316627059412,1.0000681549238448
0.9973138276409708,1.000088284368487
0.9954441393626553,0.9995572579181873
0.9944558950562412,0.9995137562011309
0.9943905406089216,0.9990242874525886
0.9950168314361377,0.9992305229400003
,,egauge18158,egauge13974,egauge20407,egauge16616,egauge17073,egauge22271,egauge32290,egauge15623,egauge33764,egauge4183
,,0.5,0.5,1,0.5,0,0,1,0.5,1,0.5
,,1,1,1,1,1,1,1,1,1,1
0.9996963876411248,1.0000365323766247
0.9979687750492822,1.0002946223711082
0.9969554537396583,1.0007864717276531
0.9962822622301503,1.0012606848339374
0.9983189548446316,1.0001401675142851
0.9978435933428988,1.000479497333076
0.9972742493609904,0.9997117231175858
0.9974483785486999,1.000183341237699
0.9968928816790744,1.0001732262222118
0.996067622258653,1.0001659850093263
0.9967663160028958,1.0007575535593043
0.9956362142486891,1.0009231269846055
0.9956094722016149,1.0017124642724569
0.9960161667258683,1.0013892258167807
,,egauge22271,egauge8617,egauge18350,egauge23534,egauge4183,egauge30378,egauge17073,egauge5198,egauge13830,egauge9102
,,0,0.5,0.5,0,0.5,0.5,0.5,0.5,0,1
,,1,1,1,1,1,1,1,1,1,1
0.9997497641729904,1.0000722543452998
0.997723685076683,1.000551060872505
0.9965831940407572,1.001058518800917
0.9959153731704579,1.0012187169766011
0.9987287162645129,1.0000052817389815
0.9987482522270636,1.0005458628696844
0.9988636865057421,1.0004852731636074
0.9970712564755742,1.0004397460144494
0.9975522400257373,1.0006489867888342
0.9953827603575667,1.000666911093847
0.9962791050791951,1.0012031856972536
0.9965405922372789,1.0012834374549884
0.9956910881906602,1.001182305904993
0.9951285610944679,1.0015622405063642
,,egauge32290,egauge16608,egauge7692,egauge3167,egauge15623,egauge16616,egauge26086,egauge33764,egauge30378,egauge17073
,,0.5,0,1,0.5,0.5,0.5,0,0.5,1,0
,,1,1,1,1,1,1,1,1,1,1
0.9997055788982162,1.000025750163837
0.99774117867827,1.0002921807990752
0.9958162665423498,1.0004856728913596
0.9945213410882643,1.0006265585437215
0.9987437486731485,0.9998800155410723
0.9977830872254208,0.9998853466597808
0.9977656079679652,1.0010153189649764
0.9975683252468838,1.0004414731535884
0.9968811421087481,1.000443974414603
0.9965123564178491,1.0000992263919066
0.9954960381797346,1.0004702340334493
0.9953433753145878,1.0007639727066022
0.993568728790802,1.000874063464436
0.9937570421823089,1.0004981526634036
,,egauge13974,egauge30039,egauge23534,egauge3167,egauge9102,egauge7692,egauge16616,egauge24121,egauge27467,egauge30378
,,0,0,0,0.5,0.5,0.5,0.5,0.5,1,1
,,1,1,1,1,1,1,1,1,1,1
0.9997213713696864,1.0000444673456583
0.9981361385528099,1.0007674434005491
0.996922154737905,1.001292000379189
0.9961402221562217,1.0019269555222476
0.9986953369155739,0.9998915248267991
0.9978640593474006,0.9998631192804476
0.9976380867343517,0.9998992047493129
0.9980957725302249,1.000929449457704
0.9973799173381823,1.0008889421460605
0.9969561621043292,1.0011345048255107
0.9968275790535187,1.0012299982965767
0.9962241407965169,1.0012598700005633
0.9961185060392359,1.0024301680740806
0.9947752735314436,1.0022486339004193
,,egauge30039,egauge32290,egauge13830,egauge13974,egauge19821,egauge18350,egauge15623,egauge26086,egauge16608,egauge3167
,,1,0.5,1,1,0,0,0.5,0,0,0.5
,,1,1,1,1,1,1,1,1,1,1
0.9996960217907294,1.0000826456855658
0.9977143929574397,1.0003524274658007
0.9964728179317297,1.0004371568860364
0.9958432433068144,1.0004731694098883
0.9986917613334402,1.0008543168054846
0.9977982227272639,0.9998302558128535
0.9981168037530088,1.001452031640129
0.996938192241972,1.0009668035440455
0.9969980844131999,1.0002650925364647
0.9969551120304104,1.0002752296422974
0.9963247651902867,1.0004991054439614
0.9954835696751843,1.00039689627152
0.9951563561874804,1.00040041445206
0.9958006788779744,1.0006444066726063
,,egauge16616,egauge20407,egauge16608,egauge18158,egauge3167,egauge8617,egauge30378,egauge19821,egauge32290,egauge28684
,,0.5,0,1,0.5,0.5,0,0.5,1,0,0
,,1,1,1,1,1,1,1,1,1,1
0.9996954465298009,0.9999680231870953
0.9979470624267249,1.0000202244806442
0.9963972295181184,1.0000767743205736
0.9959582011952791,0.9997085011374619
0.9989932729771878,0.9998550755056517
0.9965472120932669,0.9995746880613268
0.9977618993066356,1.000904785240888
0.996727968844937,1.0000365478605822
0.9979470623543715,1.0001922060520738
0.9976584659678877,0.9998792287022739
0.9958537438911171,1.0001015421103252
0.9956631132917617,1.0008740330608246
0.995582029678444,0.9993742342399421
0.9955804176821715,0.9996657412721142
,,egauge26086,egauge20407,egauge15623,egauge28684,egauge8617,egauge17073,egauge16616,egauge24121,egauge5198,egauge3167
,,0,0,0,0.5,1,0.5,1,0.5,0.5,1
,,1,1,1,1,1,1,1,1,1,1
0.9997580113983927,1.0000380378172748
0.9985894977789737,1.001080687797076
0.9975378039720219,1.0015956517355706
0.9969646466212563,1.0019740263267396
0.998644277145541,1.000010443413223
0.996633073486025,0.9995885858688676
0.9971352767794947,0.9999066301582343
0.9983102254300418,1.0013570158320078
0.998488535771184,1.0016277522523749
0.9967087585158022,1.0017545446722813
0.9974501724276439,1.001765231114606
0.9969197990695596,1.001521228145978
0.9963491897600568,1.0021198317645046
0.9969113709132731,1.0023922790296615
,,egauge20407,egauge24121,egauge32290,egauge30378,egauge30039,egauge18158,egauge9102,egauge15623,egauge28684,egauge18350
,,0,0.5,0,0.5,1,0,0.5,0,0.5,1
,,1,1,1,1,1,1,1,1,1,1
0.9996832890949204,0.9999537705026981
0.9976625016119867,1.0006225091545873
0.9965190891303145,1.0010986975468024
0.9961770926113009,1.001553826028169
0.998100282043347,0.9997501235181893
0.9981568642922145,1.0001032629881836
0.9976609146550273,0.9998142600022151
0.996859462585601,1.0006528753816626
0.9966953256063135,1.0013460347322924
0.9959596365126776,1.0001593852998023
0.9964985371949281,1.0011565611289914
0.9952217747660951,1.0009916302618813
0.996017860656832,1.0017505776387128
0.9956664009708851,1.0020254967866162
,,egauge30039,egauge13974,egauge18544,egauge17073,egauge13830,egauge3167,egauge16616,egauge32290,egauge9102,egauge15623
,,1,0.5,0,0,1,1,0.5,0,1,0.5
,,1,1,1,1,1,1,1,1,1,1
0.9997445633718981,1.0000823006928348
0.9982150534930985,1.00040625174309
0.9970944508697477,1.0002440888986954
0.9962869528718958,1.0005769878371387
0.998719474196695,1.0008447154491609
0.9978788360721227,1.0005621869564987
0.998972443399012,0.9999949317679939
0.9974014142074288,1.0002747234676908
0.9979224598010287,1.0010257571444237
0.9977202480499002,1.0011597151988365
0.9970204181595006,1.0001986760612835
0.9966151392591804,0.9995436610345316
0.9960969991903709,1.000846322703205
0.9949899971023645,1.0007375404821275
,,egauge15623,egauge4183,egauge18350,egauge30378,egauge9102,egauge30039,egauge16616,egauge22271,egauge26086,egauge33764
,,0,0.5,0.5,0.5,1,1,1,1,0.5,1
,,1,1,1,1,1,1,1,1,1,1
0.9997442117774298,1.000206517257956
0.9976450419676016,1.0020361514793532
0.9963229221292416,1.0034349155083486
0.9953442898278666,1.004013597259588
0.9984480328286423,1.00011956690362
0.9988402188095575,1.0004468108081692
0.9987426187562011,1.0006304100985295
0.9964984419639641,1.0020969873981846
0.9968993297233462,1.0023450464053905
0.9966243791938255,1.0033948858965205
0.9960394602428871,1.0035509695811158
0.9955851445051768,1.0045207978716209
0.9947999279053,1.0042432933997383
0.9943563657822466,1.0046480196050098
,,egauge16616,egauge22271,egauge15623,egauge30378,egauge13830,egauge17073,egauge26086,egauge18158,egauge23534,egauge19821
,,0,1,1,1,0,1,0,0.5,0,0
,,1,1,1,1,1,1,1,1,1,1
0.9996681936218216,1.0000784760993129
0.9971109851252892,1.000474773062201
0.9955105026379616,1.0002493908478036
0.9944820012059244,1.0001150760442887
0.9989460108337596,0.9998432160654338
0.9977730378295672,1.0021066371908978
0.9971006253477697,1.0009083159786305
0.9957825527176253,1.0008189907727665
0.9967986290965171,1.0004241763354529
0.9954157300935152,1.0020606593400458
0.9953112329536121,1.000187465071551
0.9943394441747456,1.0002493908317585
0.9937529499807252,1.0000310524754918
0.9938344118392678,1.0000295195141795
,,egauge30039,egauge23534,egauge26086,egauge15623,egauge18158,egauge19821,egauge24121,egauge8617,egauge13974,egauge28684
,,0.5,0,1,0,0,0.5,0.5,0,0,0.5
,,1,1,1,1,1,1,1,1,1,1
0.999701602075041,1.000050453984723
0.9977244414502544,0.999977580790142
0.9965450926377923,0.9999658418874154
0.9957247843221091,1.0000298643778767
0.9986854160244177,1.0003794701323079
0.9977151880413666,0.9999097796955285
0.9975664983602541,1.002022807605476
0.9965368289286471,0.9999244897257784
0.9964206758135946,0.9996843761199014
0.9964559423147065,1.0005842456029206
0.9963560469443428,0.9999534601563144
0.9964066587738813,0.9998696090015486
0.9950524400153892,0.9999207938384044
0.9953419139772236,1.0002973129832173
,,egauge9102,egauge18350,egauge33764,egauge13974,egauge28684,egauge22271,egauge15623,egauge3167,egauge16616,egauge30378
,,0,0.5,1,0,1,0.5,1,0.5,1,0.5
,,1,1,1,1,1,1,1,1,1,1
0.9997504837232097,1.0001472126574626
0.9978140019264292,1.0011838755723745
0.9966866348590924,1.0018194275359777
0.9956636739400937,1.002133713204951
0.998960085692631,1.0000773086581505
0.9988423133097039,1.0005264213986105
0.9978045127555087,1.0014438003194326
0.9969171116883117,1.0010016030662807
0.9976627071690912,1.0017413040819345
0.9965266676073298,1.0021122565953147
0.9964369017279138,1.0019724997602057
0.9966187880909111,1.0019802155591282
0.9953799755073184,1.0024473149802962
0.994240412894922,1.002198044635067
,,egauge16616,egauge5198,egauge28684,egauge8617,egauge7692,egauge17073,egauge13974,egauge18350,egauge20407,egauge30039
,,0.5,1,0.5,0,0.5,0,0.5,0,1,0
,,1,1,1,1,1,1,1,1,1,1
0.9997779287954446,1.0000208872749892
0.9979784468006508,0.9998882113436351
0.9963282128316862,0.9997475297821972
0.9953242165797404,0.9995366226105001
0.9990253179382994,0.9999126623809561
0.9981127618777182,1.0008826294285078
0.998650306313104,1.0006202004777718
0.9978931963341096,0.9998174267149343
0.9973862884573809,1.0000905182559852
0.9959379975094589,0.9996567871284191
0.9960652840082244,0.9998300625822608
0.995817430556113,0.9996639831203629
0.9947887736815689,0.9994203495380807
0.9943044896038868,0.9993549599740684
,,egauge18350,egauge18158,egauge15623,egauge13974,egauge20407,egauge23534,egauge16616,egauge18544,egauge9102,egauge4183
,,0.5,0,0,0.5,0.5,0.5,1,0,0.5,1
,,1,1,1,1,1,1,1,1,1,1
0.9997594246956025,1.000018490575638
0.9977727073430531,1.0003364504930907
0.9969976614733171,1.000822334655588
0.9964311566744951,1.0011061530820569
0.999256264792587,1.0002119409844374
0.996913755235218,0.9998363146244381
0.9971192642685754,0.9999095713319069
0.9968255315961855,1.0005793590301373
0.9967919110668827,1.0000218824919407
0.996202841690043,1.000820098484631
0.9968948535203509,1.0009793599800256
0.9969017663038103,1.0007795184683488
0.9958956360358577,1.0012081071388068
0.9962714509039868,1.0014858393426929
,,egauge15623,egauge22271,egauge33764,egauge24121,egauge19821,egauge20407,egauge17073,egauge9102,egauge18158,egauge28684
,,0,1,1,1,1,0.5,1,1,0.5,0.5
,,1,1,1,1,1,1,1,1,1,1
0.9996999896426714,1.0001784707925923
0.9974841813971733,1.0009807700516489
0.9962464920223404,1.0018540048553108
0.9954519720102347,1.0020528140825533
0.9984360337735579,1.0001248586655884
0.9977625817723652,1.002215957480273
0.9977753479398102,1.00149478881958
0.9970205630619453,1.0011762588364936
0.9967990122073981,1.0016390008672222
0.9956415712966715,1.0003081508990248
0.9958398832329037,1.0021643570354077
0.9954470555879841,1.0022185607645613
0.9946787606159063,1.002081973870412
0.9952605556855081,1.0023423566523988
,,egauge22271,egauge18544,egauge13830,egauge26086,egauge16608,egauge7692,egauge27467,egauge3167,egauge13974,egauge16616
,,1,1,0,0.5,1,1,0,1,0.5,0
,,1,1,1,1,1,1,1,1,1,1
0.9997832117244982,1.0001636495936237
0.9981144817865762,1.0008244146654497
0.99711206201247,1.0007945400740559
0.9961577925535904,1.0005516591878725
0.9987826349774632,1.0012400710573373
0.9991898145290407,1.0013599166527112
0.998139924087652,1.0000994768957845
0.9972072008600157,1.0012474146765984
0.9971870616133945,1.0012802443713746
0.997163066307815,1.0017136952198906
0.9970503658519104,1.000773883841063
0.9970374648597099,1.0012014959481306
0.9955686471313048,1.0007119027647524
0.995423884671449,0.999911687986361
,,egauge16608,egauge13830,egauge24121,egauge3167,egauge30378,egauge26086,egauge7692,egauge8617,egauge18350,egauge19821
,,1,0,0,1,1,0,0.5,0,0,0.5
,,1,1,1,1,1,1,1,1,1,1
0.9997223854129818,1.0000523851554397
0.9981050255853424,1.0005858754845154
0.9974968601612839,1.0008352496692046
0.9969810519263804,1.0010082305176973
0.9987622344949767,1.0005339271019271
0.9981870035585825,0.9999831187126841
0.9980790058968669,0.9998292234953071
0.9980477353468351,1.000970658256903
0.9967750267546626,1.0009301383565303
0.9962771148845567,1.0003074937964849
0.9974598244812003,1.0009220209755492
0.9974115684230981,1.0007496203160966
0.9967605224210097,1.0009645484466534
0.9962357895517465,1.001361706527267
,,egauge27467,egauge18544,egauge18350,egauge17073,egauge32290,egauge33764,egauge30378,egauge23534,egauge20407,egauge28684
,,0.5,1,0.5,0,0,0.5,0.5,1,1,0
,,1,1,1,1,1,1,1,1,1,1
0.9997277494991651,1.0000591017810625
0.9972809412513108,0.9999582937662977
0.9954495875580248,1.0001801274467457
0.9945939527552793,1.0000458293427974
0.9995781054926461,1.0004117086135837
0.999161723630567,1.001243262170467
0.9987950195883684,1.0004800757880998
0.9960695983566915,0.9998345867885517
0.9967670841975447,0.9995771507524256
0.9958676287893521,1.000440873671656
0.9948998411970498,1.0001801274445312
0.9948304778173159,1.0007812004514727
0.9938864438905771,0.999918205951121
0.9941903654833125,1.000024440342883
,,egauge28684,egauge13974,egauge7692,egauge24121,egauge27467,egauge20407,egauge18158,egauge13830,egauge5198,egauge30039
,,0.5,1,1,0,0.5,0.5,1,1,0,0
,,1,1,1,1,1,1,1,1,1,1
0.9997526783354314,1.0000906277292332
0.9980402052715882,1.000346145234006
0.9968367984801119,1.0007018960207246
0.9964867103247379,1.0005291494411324
0.9992803708052835,1.0003887719836153
0.9979341574054958,1.0012909007102653
0.9977609511569803,1.0010739306209246
0.9975646895561259,1.0002247416148309
0.9979981564385804,1.000609305364568
0.99580249555672,0.9998831726140555
0.9963066800431257,1.0008227107615109
0.9963168489491945,1.001315817217738
0.9959117973208043,1.0005073202077848
0.9957599171093825,1.0003268845716005
,,egauge18350,egauge16608,egauge22271,egauge9102,egauge13830,egauge32290,egauge5198,egauge26086,egauge33764,egauge30378
,,0.5,1,1,0,1,0,0.5,0.5,0.5,0
,,1,1,1,1,1,1,1,1,1,1
0.9997252704447569,1.0001324955130748
0.9975796449225398,1.0003976550031888
0.9960334174362195,1.0007515202963493
0.9949283413900856,1.000738784362196
0.9993504995381651,1.000326415180341
0.9978958629847159,1.001039470707927
0.9976516311035406,1.0023036516863268
0.9968239225068993,1.0003470628918487
0.9972103204992998,1.0010457671272854
0.9965804548429614,0.999472027271943
0.9960169853024239,1.0008217554048722
0.9951615101760574,1.001201313412301
0.9944082158508936,1.000921634893127
0.9938454717424662,1.0004969453631882
,,egauge15623,egauge5198,egauge4183,egauge18544,egauge23534,egauge18350,egauge30378,egauge24121,egauge9102,egauge27467
,,0,1,0.5,1,0,0,0,0,0.5,0
,,1,1,1,1,1,1,1,1,1,1
0.9997951207679306,1.000017636149901
0.9980317438053485,0.9999757294630195
0.9964679243116199,0.9997310802847115
0.9959462965221715,0.999759542231856
0.9984662933707539,0.9999610045551074
0.9981058555150907,1.0008942116381203
0.998740549731862,1.0002741940309563
0.9979812931371354,1.0005296838793853
0.9974794821607594,0.9998859941490947
0.9977948797640915,0.9998985659892736
0.9959626693919663,0.999627938908347
0.9959676933495129,0.9996241858800646
0.9954038573377079,0.999846790961033
0.9958718025637621,0.9997060898555734
,,egauge23534,egauge16616,egauge32290,egauge30378,egauge13830,egauge5198,egauge7692,egauge28684,egauge16608,egauge17073
,,0.5,1,0,0.5,0,0,1,0.5,0.5,0
,,1,1,1,1,1,1,1,1,1,1
0.9997200799503501,1.0000465345494531
0.9978730990573029,1.0004605775110733
0.9966937988791664,1.0009373661608585
0.9954990436856335,1.0009694090372858
0.9988010929105936,1.0003823201921804
0.9983583707676472,1.0009066732375294
0.9976708776688968,0.9998179327826966
0.9967446583907371,1.0005213004540274
0.9974932482213844,1.0004099816254663
0.9971015707583466,1.0004219719169771
0.9966773536863879,1.0011274827934602
0.9964914529271309,1.0012158146270926
0.9948684319007141,1.0010931936069194
0.9944048377218053,1.0008409511503529
,,egauge17073,egauge18544,egauge26086,egauge7692,egauge9102,egauge4183,egauge22271,egauge28684,egauge5198,egauge13974
,,1,0.5,0.5,0,1,1,1,0.5,1,0
,,1,1,1,1,1,1,1,1,1,1
0.99973979185386,1.0002133230515138
0.9981924172017788,1.0014345988958968
0.9970839911066193,1.002396257261903
0.9965431134623512,1.0025773679172874
0.9988075637020225,1.0011142881582624
0.9992064547162927,1.0007715961335746
0.9975876366505525,1.001160780819805
0.9980814125436837,1.0013738146938937
0.9974462200241133,1.0017792070035454
0.9978844984143559,1.0021696179708883
0.9967673910437014,1.0028145184976889
0.9969135086163708,1.0026851831663899
0.9965213870280739,1.0028970765750107
0.9956706792733728,1.002437942729174
,,egauge18158,egauge32290,egauge20407,egauge13974,egauge28684,egauge24121,egauge27467,egauge22271,egauge33764,egauge5198
,,1,0.5,1,1,0,0,1,0,0,0
,,1,1,1,1,1,1,1,1,1,1
0.9997132609867319,1.0000260060920876
0.9983044140078965,1.0004472300214522
0.9974297553016355,1.0007769580161459
0.9968451304468877,1.0007193502623322
0.998369519274213,1.0004042821094892
0.9977984303494539,0.9998276785589594
0.9972597943380952,0.999697349358054
0.9974500038077837,1.0009839089760477
0.9979459568821942,1.00041687225266
0.9967888518361443,1.0000874569004599
0.9974009517874479,1.0010621109203472
0.9963755656793215,1.0007234413306425
0.9962777095402805,1.0006684056898056
0.9959404856546443,1.0006979442336137
,,egauge8617,egauge22271,egauge27467,egauge16616,egauge18544,egauge5198,egauge4183,egauge30378,egauge33764,egauge9102
,,0.5,1,0,1,0.5,0,0.5,0,0,0.5
,,1,1,1,1,1,1,1,1,1,1
0.999797145777587,1.0000975393349103
0.9982331795979735,1.0003590083045222
0.996705520810756,1.0003039978859187
0.9960630442247815,1.0003488081987482
0.9992779785247742,1.0003479275117644
0.9978210995596026,1.002134395467483
0.9991869539992554,1.0000056073845125
0.9975751528786826,1.0007767215512222
0.9981625335156527,1.0006424226040536
0.9970133840450959,1.000312608455083
0.9966356329707929,1.0003535481900343
0.9953972955122095,1.0000215731799544
0.9958748933649468,1.0002906118105197
0.9952654711251434,1.00050931747516
,,egauge16616,egauge33764,egauge4183,egauge22271,egauge18158,egauge15623,egauge9102,egauge13974,egauge18544,egauge8617
,,1,0.5,0,1,1,0.5,1,0.5,0.5,1
,,1,1,1,1,1,1,1,1,1,1
0.9997592259427579,1.0001866248487474
0.9981918584436836,1.0017221218352375
0.9971584556460114,1.0025353339400498
0.997081975986793,1.003068224371539
0.9990115067597786,1.0006256823967281
0.9979363592884013,1.00074555899587
0.9987538286033849,0.9998663673543751
0.997415438586071,1.002746977292312
0.9973540187851867,1.0020605777246419
0.9960763321844328,1.002012835090359
0.9968541590137426,1.002680253088832
0.9962038873257429,1.0027928417827798
0.9970312503168589,1.0032726294636767
0.9970286928020082,1.0036589485501946
,,egauge9102,egauge20407,egauge7692,egauge28684,egauge18350,egauge4183,egauge19821,egauge3167,egauge26086,egauge24121
,,0.5,0,0,0.5,1,1,1,0.5,0.5,0
,,1,1,1,1,1,1,1,1,1,1
0.9997372344903016,1.00006647182631
0.9982395624997003,1.0010706820678643
0.9969124539231646,1.0016531202440724
0.995761688795965,1.0017622393796168
0.998914837313159,1.0001948316326026
0.9966384349392186,0.9995849372771276
0.9975995024697196,0.9999381509037869
0.9978675284598179,1.0013239342957363
0.9980796574136035,1.0014887191139776
0.9977937198717223,1.001830477463479
0.9967399621731587,1.00190960081362
0.9968530620367425,1.0018138769188516
0.9950387486852301,1.0020829969870426
0.994900680626137,1.0015626148426897
,,egauge18158,egauge32290,egauge16608,egauge24121,egauge5198,egauge15623,egauge7692,egauge27467,egauge22271,egauge30039
,,1,0,0.5,0,0,1,0.5,0,1,0
,,1,1,1,1,1,1,1,1,1,1
0.9997637598013474,1.0000487714016657
0.9980741160149669,1.0006178829004637
0.9972572480015204,1.0012781532380053
0.9965891450019879,1.0018441133364686
0.9984329304545829,1.0004094203040759
0.9978307652787194,0.9998453586389713
0.9978153004074616,1.0004232869886809
0.9975799340355738,1.0003039365173085
0.9976810804609032,1.0005976400641754
0.9957322132552426,1.0013328533474453
0.9972037682800309,1.0013649699313794
0.9971400097216331,1.001224604870023
0.9961181032608356,1.0025881309959686
0.9955678834842019,1.0017155227666992
,,egauge16616,egauge23534,egauge20407,egauge3167,egauge22271,egauge15623,egauge17073,egauge32290,egauge26086,egauge18350
,,1,0.5,0.5,0.5,1,0.5,0,0,1,0
,,1,1,1,1,1,1,1,1,1,1
0.9996995365202647,1.0000675774071133
0.9978128790611621,1.0008270369362202
0.9964026118646196,1.0009032273004346
0.995861939751018,1.0014739164453625
0.9989743063521611,1.0004897380371893
0.9979396702578821,1.0006864412425356
0.9971928846903868,0.9995760639018434
0.9977624414766355,1.0009890543826723
0.9968656583680366,1.0018000700667111
0.9958083806560354,1.0011168162610606
0.9960493074960614,1.0008453849658463
0.9958173399220619,1.0002186216367794
0.9953267813128642,1.0021519366422658
0.9957448953602773,1.001431067284578
,,egauge16608,egauge30378,egauge28684,egauge32290,egauge16616,egauge5198,egauge4183,egauge18544,egauge18350,egauge8617
,,1,0.5,0.5,0,1,1,0.5,0.5,0,0
,,1,1,1,1,1,1,1,1,1,1
0.9997933469489991,1.0000667987723957
0.9987166261568362,1.0002707158288129
0.9982822169206402,1.0004399827622934
0.9979569057895001,1.000363206033915
0.9988114951513088,1.0005590562719158
0.9971595897327435,1.0001867180803323
0.9986340326770144,1.0006412061815042
0.9977337200570806,0.9997765521815485
0.9982956686331385,1.0006606679676522
0.9970823561637198,1.0011207378359754
0.9981457581965216,1.0004854109755883
0.9979408358167137,1.0007396817580174
0.9976821226171442,1.0003268317308671
0.9974016655726997,1.0002883211775455
,,egauge26086,egauge18544,egauge27467,egauge4183,egauge17073,egauge13974,egauge30039,egauge15623,egauge22271,egauge32290
,,0.5,0.5,0.5,0.5,1,0.5,0,1,1,0
,,1,1,1,1,1,1,1,1,1,1
0.9997462062818532,1.000157467592519
0.9976808382665752,1.001113683423848
0.995982367763239,1.0015037808616132
0.9956389442936621,1.001729001322009
0.9987000066063518,1.0006104189794476
0.9991411076700166,1.0007174365902518
0.9994502779464124,1.000856404452857
0.9975396503110379,1.0012149713401153
0.9970988304731276,1.0019256091381499
0.996214758308055,1.0015195672289705
0.9955881977234203,1.0014458975063647
0.9946858735642378,1.0019218014530533
0.9950708825988266,1.0024656180952298
0.995160459451565,1.0010223311003386
,,egauge4183,egauge5198,egauge30378,egauge28684,egauge19821,egauge18158,egauge18544,egauge23534,egauge15623,egauge27467
,,0.5,0,0,0,1,0,0.5,0.5,0,1
,,1,1,1,1,1,1,1,1,1,1
0.9997743668294594,1.0000854685602891
0.9982491414729634,1.0009944382663123
0.9971463819385091,1.0017367527407608
0.9962748580740757,1.0021154119246434
0.9993337111087844,1.0002143110535422
0.9981131973756923,1.0000410113456706
0.9969132717284325,0.9996397436213116
0.998005135055349,1.000957135158245
0.9975867290850914,1.0017545802174055
0.9958750198953263,1.000524188757961
0.9971175881542995,1.0018401639522798
0.9968267600197351,1.0020905330098657
0.9953925094452625,1.0020570940462048
0.9961151828105936,1.0028385285829402
,,egauge16608,egauge18350,egauge30378,egauge28684,egauge27467,egauge18158,egauge24121,egauge15623,egauge23534,egauge32290
,,0,1,0.5,1,0.5,0,0,1,0,1
,,1,1,1,1,1,1,1,1,1,1
0.999714107621953,1.0000447222606252
0.9979522507062994,1.0003059371802323
0.9964605963789539,1.0002633918376191
0.9958474413155349,1.0001418638887034
0.9987035614827743,0.9999403313884018
0.9988022354988535,1.00093671725321
0.9969100272925581,1.0001730787724126
0.9978110173546948,1.0008521374731811
0.9978765062062993,1.0006298344946174
0.9955532730597324,0.9998911053029308
0.996246920584828,1.0001560578021804
0.9951633748556665,1.0006764880984116
0.995124427777013,1.0000545936528522
0.9953475789282377,1.0000669986204416
,,egauge33764,egauge16608,egauge15623,egauge24121,egauge30039,egauge22271,egauge4183,egauge17073,egauge18158,egauge19821
,,1,0.5,0,1,0.5,0,0,0.5,0,0
,,1,1,1,1,1,1,1,1,1,1
0.9996991363378841,1.0000510187617817
0.9976229727493907,1.000138184934695
0.9956749433003068,1.000047651090276
0.9945892232746152,0.9998366711502719
0.9987825951596935,1.0007078035399022
0.9978552254051462,1.0004090332708142
0.9970736202509917,0.9999158334592283
0.9972655320649644,1.0002549909419038
0.997199350614342,1.0004388378264615
0.9957683190447447,1.0000031322145937
0.9955681916214654,0.9999816130008321
0.9944956174161187,1.0004132980559701
0.9937951698641883,0.9996549440384462
0.9939415525963226,0.9997511427886391
,,egauge28684,egauge30039,egauge13974,egauge18544,egauge15623,egauge24121,egauge13830,egauge23534,egauge3167,egauge26086
,,0,0,0,0,0,0.5,0,0.5,0.5,1
,,1,1,1,1,1,1,1,1,1,1
0.9997128376682101,1.0000454769118348
0.9979930524222415,1.0006404312333095
0.9965026500657462,1.0014323688300424
0.9960383397494518,1.0020880825404404
0.9992976767224857,1.0000240879222562
0.9978324782630175,0.9998838624454452
0.9976005071491545,0.9997815271976905
0.9978215526616068,1.000599945451073
0.9970184727696674,1.000582449776693
0.996543348214132,1.0007954182336851
0.9961985902865308,1.0014199656335108
0.9955346166070236,1.0017241606005676
0.9959040699285703,1.0022108919978527
0.9952302790347747,1.0030862691217732
,,egauge22271,egauge7692,egauge3167,egauge13974,egauge9102,egauge30039,egauge23534,egauge27467,egauge16608,egauge28684
,,0,0.5,0.5,1,1,0,0,0,0.5,1
,,1,1,1,1,1,1,1,1,1,1
0.9997791594924466,1.0001011615992095
0.997828506553343,1.000880895705831
0.9964347587136356,1.0012623164764396
0.9957225379636157,1.0017368517503398
0.9987466509257503,1.0000369936477655
0.9979177294236476,1.0005156668816797
0.9992185375417604,1.0004856611396817
0.9970725613419711,1.001509097912307
0.997270943524916,1.0012556787546323
0.9966684618921319,1.0006105961923921
0.996036271306269,1.0012251154383351
0.996275052648017,1.0012087691109224
0.9950718689870036,1.0018607484840598
0.9954885214807491,1.0023481120996476
,,egauge5198,egauge30039,egauge18350,egauge15623,egauge32290,egauge24121,egauge16608,egauge28684,egauge18158,egauge27467
,,0,1,1,1,0.5,0,0.5,0,1,1
,,1,1,1,1,1,1,1,1,1,1
0.9997462499211937,1.0001235575606295
0.9980558200185653,1.00061549732577
0.9966891070439772,1.001341125559816
0.9960405270832322,1.0020023421182958
0.9989046486140095,1.0001010976839184
0.9978327932746828,1.0015907066256966
0.99872115840133,1.0010872703860578
0.9969309256876265,1.001010424519688
0.9975011778434193,1.0002532668658743
0.9967950141420142,1.0002418775838176
0.9963480061788286,1.001411409589446
0.9963270835481829,1.0013089933349852
0.9952089781894919,1.002257542985716
0.9961789232941506,1.0027426328229023
,,egauge18158,egauge32290,egauge30039,egauge27467,egauge26086,egauge24121,egauge13830,egauge9102,egauge16608,egauge16616
,,0.5,0.5,0,0.5,0,1,0,0.5,0,1
,,1,1,1,1,1,1,1,1,1,1
0.9997189426553712,1.000003824096085
0.9977754627828229,1.0004064267740023
0.9964241213798046,1.0006309743785426
0.9957500395347362,1.0008039461158773
0.9983234450859395,1.0001422638714386
0.9978190733687898,0.9998155088360321
0.99774553884534,0.9998724799760812
0.9976846835314652,1.0007202357715206
0.9969994257484045,1.0003659521709978
0.9966782476477728,1.0008880210667384
0.9962967301870125,1.0006185828771679
0.9956049487887443,1.000780830941046
0.9950993482657479,1.0007238849567495
0.9955798266384264,1.0012109056862284
,,egauge33764,egauge18158,egauge18544,egauge3167,egauge18350,egauge9102,egauge15623,egauge5198,egauge26086,egauge19821
,,0,0.5,1,0,0.5,0.5,0.5,0.5,0,0
,,1,1,1,1,1,1,1,1,1,1
0.9997727299806205,1.0000580126474397
0.998251757790099,1.0003148794701284
0.996943491590486,1.0004444158323305
0.9960420011483011,1.00036764040337
0.9987963313429967,0.9999993342631674
0.9970223012187502,1.0003250272276045
0.9991444315955998,1.0013417978706523
0.9979490654166328,1.0002845264486115
0.9977936933734403,1.000486920941064
0.9968586091456183,1.0005636001208764
0.9964256279381019,1.0005063649345485
0.996844273756847,1.0006373940193398
0.9954272181056354,1.0003458153306517
0.9952975688150212,1.0002713617997467
,,egauge30039,egauge33764,egauge8617,egauge3167,egauge28684,egauge13830,egauge9102,egauge5198,egauge13974,egauge18544
,,1,0,0.5,0.5,0,1,0,0.5,0.5,1
,,1,1,1,1,1,1,1,1,1,1
0.9998176525376767,1.0001524581988692
0.9985589177012261,1.001115175481897
0.9974554382314211,1.0017441370646285
0.9968251182913355,1.0022734833608902
0.9988082033009412,1.0009226617816163
0.9980022461800276,1.0000512152874128
0.998684888740315,1.0006661832031287
0.9985185314679298,1.0012967746014556
0.9983873028716121,1.0010949207542361
0.9972630121684465,1.002356130205414
0.9971510342736836,1.0017317293042816
0.997343097932593,1.001958516019342
0.9961446613897266,1.002448517700766
0.9967718514041519,1.002906608098028
,,egauge20407,egauge18544,egauge15623,egauge33764,egauge30039,egauge30378,egauge23534,egauge32290,egauge26086,egauge22271
,,0,1,0,1,0.5,0,0,0,0,0
,,1,1,1,1,1,1,1,1,1,1
0.9996792923588527,0.9999498585751914
0.9973397252386794,0.9996892918410225
0.99561236814021,0.99941035461778
0.994476157525963,0.9993464509010842
0.9980844264497346,0.9997487195033872
0.9991214006520072,1.0010888180544146
0.9971018160624592,0.9998755802966048
0.9967800307042642,1.00029635951797
0.9971031367950296,0.9999927170513642
0.9947512992581957,0.999239733013253
0.9953948039216557,0.9993773591614392
0.9950488963463114,0.9993035007596116
0.9939130234867884,0.9993246521695216
0.9934044767946558,0.9992716560224764
,,egauge19821,egauge17073,egauge24121,egauge13830,egauge3167,egauge27467,egauge30378,egauge9102,egauge8617,egauge5198
,,0.5,0,0.5,0,1,0.5,0.5,0,0.5,0
,,1,1,1,1,1,1,1,1,1,1
0.9997375933632109,1.0000475094053576
0.9983638268134454,1.0004959712832817
0.9970786336986502,1.0006028791829293
0.9970085331297271,1.0007373363638021
0.9989932422911346,1.0004067136792396
0.9973290436379748,0.9998076339322269
0.9981368665005339,1.0002301367590987
0.9980510067482347,1.0004475285982763
0.9983234499066611,1.000880713223164
0.9982675585131151,1.0011141646093253
0.9965771206320612,1.000627662367873
0.9962800975090106,1.000509738508809
0.996965057334106,1.0009047723145972
0.9963514274131153,1.0007159298785773
,,egauge16616,egauge5198,egauge13830,egauge18350,egauge30378,egauge8617,egauge23534,egauge17073,egauge22271,egauge3167
,,0,1,0.5,0,1,1,1,0,1,0
,,1,1,1,1,1,1,1,1,1,1
0.9997600946708619,1.0001360154223806
0.9978507440790946,1.0014151124958748
0.996632752309537,1.0023840832512436
0.9961243539860588,1.0029879352086228
0.9990406140479856,0.9998512465973659
0.9981333193140649,1.0010162709986152
0.9982288203984523,1.0007952316680162
0.9977397842955058,1.0013543296899374
0.9965211483919373,1.001759712685666
0.9977352948542423,1.0024599701744854
0.9964190327499127,1.002686344781594
0.9957466945507741,1.0022554107672241
0.9954444633172492,1.0037037142632803
0.9960604876991628,1.0029450094979293
,,egauge9102,egauge5198,egauge16616,egauge3167,egauge27467,egauge30039,egauge16608,egauge32290,egauge8617,egauge33764
,,0.5,0,1,0,0,0.5,1,1,0,0
,,1,1,1,1,1,1,1,1,1,1
0.9998096835089713,1.000040802379201
0.9983168005040648,1.0002486100990997
0.9969287443028587,1.000380537066896
0.9963306630996109,1.0002909722966056
0.9989878836422921,1.0002057539729432
0.9981525426914823,1.0000008379164942
0.9982648377067518,1.0009612000856813
0.9982217256265028,1.000210967653362
0.9982057795017149,1.0001980268986508
0.9966796383753894,1.0008399991528496
0.9966080926425359,1.0005622664165041
0.9963963127565127,1.0003056506795454
0.996222069571438,1.0002400535026357
0.9954903261872892,1.000216093835037
,,egauge18350,egauge27467,egauge16616,egauge33764,egauge30378,egauge5198,egauge8617,egauge20407,egauge3167,egauge18158
,,0,0,1,1,0.5,0,0.5,1,0,0
,,1,1,1,1,1,1,1,1,1,1
0.9997630232475534,1.0000209076810638
0.9979356085479153,1.0001386499700777
0.9967545321931731,0.9999522441365323
0.9959410423230295,0.9997477090726608
0.9993323220625914,0.9999741999338342
0.9991466397352937,0.9999407332078601
0.9981960830462064,1.0009004269430566
0.9970570104208148,1.0007055205080004
0.996740549901677,1.0001750872905815
0.9965636979537941,1.0001000590668767
0.9967216403656615,1.0000471812253955
0.995869276830056,0.9997491147350985
0.9959120946498339,0.9997258999939101
0.9946059453697342,0.999657162122783
,,egauge22271,egauge13974,egauge17073,egauge28684,egauge30378,egauge16608,egauge33764,egauge26086,egauge4183,egauge23534
,,0,0.5,1,1,0.5,0.5,0.5,0.5,0.5,0
,,1,1,1,1,1,1,1,1,1,1
0.9996601676273851,1.0001336650341708
0.9975422571899745,1.0008672375840086
0.9961912687942917,1.001224258718907
0.9955460785985706,1.0012434835210864
0.9986562984386474,1.0000623224897804
0.9978175621224085,1.0005792121594481
0.99761049533212,1.0019551071642034
0.9972575480045233,1.001433562564389
0.9964142581060386,1.0009269568125796
0.9957941971940208,1.0011956844476375
0.9958216315061925,1.0013276073538653
0.9952979498218989,1.0015594851549277
0.9953941972880562,1.0013163171040438
0.9945154695898738,1.0011685206860135
,,egauge5198,egauge23534,egauge18544,egauge15623,egauge33764,egauge16616,egauge4183,egauge24121,egauge18158,egauge30039
,,1,0,0,1,0,0.5,0,0,0,0
,,1,1,1,1,1,1,1,1,1,1
0.9997483430004046,0.9999648783001482
0.9977565499948127,0.9996354515569753
0.9963789530552472,0.9994220771152336
0.9952923857388576,0.9993453922164661
0.998881828348627,1.0004356646821813
0.9977506991354291,0.9998318131506952
0.9988270728203047,0.9998793369747412
0.9965377317347913,0.9998342201589359
0.9969936206700915,0.9995545799800382
0.9966050169996836,0.9994354146010469
0.9962967652816704,0.9993725842105039
0.9958787754403026,0.9993293608482542
0.9943410048988018,0.9992872648385093
0.9947757056901124,0.999302650719977
,,egauge30039,egauge28684,egauge7692,egauge16608,egauge23534,egauge19821,egauge16616,egauge4183,egauge9102,egauge24121
,,0,0,0.5,1,0,0.5,0.5,1,1,1
,,1,1,1,1,1,1,1,1,1,1
0.9997516822142043,1.000080633220471
0.997719474148874,1.0008227881445337
0.996719955168228,1.0013141964871766
0.9959375466407794,1.0016475107487555
0.9987757297871677,0.9999523101532655
0.998745661847628,1.000034258634915
0.9977613920284658,1.000525518768645
0.9968327493353155,1.0012884718134125
0.9970002090232162,1.0007454497010775
0.9963747368860801,1.0014602798673107
0.9966459553055567,1.0012604594108736
0.9965388978395865,1.0017106809607514
0.9953806569003602,1.0018661530986002
0.9954482608334537,1.0018833056463978
,,egauge9102,egauge23534,egauge20407,egauge16608,egauge18158,egauge24121,egauge27467,egauge5198,egauge17073,egauge32290
,,0.5,1,0,0,0,0.5,0.5,0.5,1,0.5
,,1,1,1,1,1,1,1,1,1,1
0.9996804058366883,1.0000095329181866
0.9977538125602781,1.0002484882654301
0.9968186434389619,1.0008725316170664
0.9958710613900805,1.0011740317155264
0.9988580639510091,1.0001438876437179
0.9980958724119293,1.0014329776087352
0.9963900140900183,0.9995635111036156
0.9968730224258329,1.0001232129494524
0.9966456523109664,1.0000057439417693
0.9967849518186094,1.0001449400169347
0.9968227553572767,1.0010047675131994
0.9964483780393901,1.0010870932494507
0.9951552532821023,1.0017788805377288
0.9953392988955058,1.0007886817153662
,,egauge33764,egauge5198,egauge32290,egauge23534,egauge30039,egauge22271,egauge4183,egauge13974,egauge7692,egauge3167
,,0.5,1,0.5,0.5,0,1,1,0,1,0.5
,,1,1,1,1,1,1,1,1,1,1
0.9997934531621544,1.000128243480586
0.9983210169820819,1.0012237696887523
0.9976188478107614,1.00174367478151
0.9975020798620808,1.0021349318881614
0.9988347646360904,1.0004267520713355
0.9981214283769854,1.0010084910359758
0.9976674649866535,0.999828310989425
0.9974940125325419,1.0015347318597436
0.9975095490772709,1.0010819887154392
0.9966858007469535,1.003179693338546
0.9975529993575394,1.0019008710306574
0.9966533678278627,1.0015722496645016
0.9967848826868658,1.0024631267484783
0.9974594315801179,1.0023065054025155
,,egauge3167,egauge19821,egauge5198,egauge13974,egauge18350,egauge16616,egauge13830,egauge33764,egauge22271,egauge18544
,,0.5,0.5,0.5,0.5,1,1,0,0.5,0.5,0
,,1,1,1,1,1,1,1,1,1,1
0.9997824204547453,1.000139716586892
0.9982169484333467,1.0010572446327688
0.9974119577689227,1.0014435354341729
0.9968533062400833,1.0017128657856318
0.9994979588751914,1.000320305073026
0.9983480446383848,1.0008159045006289
0.998037152402343,1.0005891851173696
0.9974090405638727,1.0012515517923253
0.9981123400634361,1.0014827880356596
0.9968714181663956,1.0018887010350055
0.9972893930669774,1.0014228633661666
0.9964667062385199,1.0017376282669028
0.9961583596519614,1.0020563272895284
0.9967467756410088,1.0016700045665028
,,egauge20407,egauge13974,egauge5198,egauge15623,egauge22271,egauge16608,egauge3167,egauge30039,egauge19821,egauge32290
,,0,0.5,1,0,0.5,0.5,1,1,0,0.5
,,1,1,1,1,1,1,1,1,1,1
0.9996958950170269,1.0000212398565493
0.9975478610710363,1.0006640250351346
0.9960823206915895,1.0010874655045887
0.9954084169402423,1.0008045396789078
0.9981902947766509,0.9997593767910216
0.997862852351957,1.000485511402184
0.9979660530846967,1.0009429160561838
0.9963192899163148,1.0005729349223595
0.9972960776220239,1.001119769001982
0.9963510881354832,1.001010386353909
0.9959590885924947,1.0012486743797298
0.9950616765088689,1.0018805937608213
0.9949674627401222,1.0007463119529747
0.9949300645515969,1.000419357751731
,,egauge23534,egauge18544,egauge13830,egauge30378,egauge8617,egauge4183,egauge19821,egauge16608,egauge30039,egauge27467
,,1,0.5,1,0,0,0,1,1,0,0.5
,,1,1,1,1,1,1,1,1,1,1
0.9997610265871824,1.0001536436699419
0.9982240727557523,1.0006706467999567
0.9969458176159384,1.001532594607483
0.9964239585257987,1.0016544369914409
0.9988756306035876,1.000925141915384
0.9991192640437422,1.0007070887360139
0.9981816851567815,1.0015047765834906
0.9970771531915839,1.0004480148508812
0.9981029736878826,1.000595182000018
0.9977237999504583,1.000323236774211
0.9966826958799914,1.0018428289729011
0.9960198019717796,1.0020149788141917
0.9957293685640858,1.0015670107358061
0.9963174823465836,1.0019959992766043
,,egauge26086,egauge16608,egauge9102,egauge13830,egauge3167,egauge24121,egauge19821,egauge8617,egauge32290,egauge13974
,,0.5,0.5,1,0,1,0,0.5,1,0,0.5
,,1,1,1,1,1,1,1,1,1,1
0.9996983463292817,1.000073753119613
0.9978816648063606,1.0002791923010281
0.9965906642243824,1.000557084910283
0.9957060003166044,1.0002822677065795
0.9986145084107151,1.0005465734571082
0.997854202675902,1.0004130996162497
0.9980552239726959,1.0008649399098237
0.9971055290624997,1.0002184909906864
0.9978513990653273,1.0006739626487298
0.9966488181774725,0.9999720651963417
0.9963440863119796,1.0006934030466437
0.9965054641407483,1.0011460617608223
0.9952938417740544,0.999795158060756
0.9947334211273593,1.0005390917398282
,,egauge23534,egauge27467,egauge18544,egauge3167,egauge26086,egauge28684,egauge18350,egauge16608,egauge30039,egauge5198
,,0.5,0,0.5,0,0,1,1,0.5,0,1
,,1,1,1,1,1,1,1,1,1,1
0.9997814821701794,1.0001056989211534
0.9983755859942905,1.0008311672078962
0.9974439354543351,1.0014000686996392
0.9969057273034602,1.0015988773552953
0.9988203463109214,1.0004585596434472
0.9992430484282532,1.0000191895022603
0.9990860389214355,1.0007050721970039
0.9982526398739164,1.0007805491810307
0.9975183934083058,1.00070969408114
0.9979521636705879,1.001914025970397
0.9973246174928456,1.0015820169661458
0.9965067337915476,1.0015714935371798
0.9962107396778721,1.0015041725955844
0.996318090185943,1.0020705731483304
,,egauge30378,egauge20407,egauge26086,egauge28684,egauge17073,egauge3167,egauge19821,egauge27467,egauge7692,egauge4183
,,0,1,0.5,0.5,0.5,1,0,0.5,0,0.5
,,1,1,1,1,1,1,1,1,1,1
0.9997007578016799,1.000059088110566
0.9984809303655571,1.0007496116276555
0.9978246174461876,1.0009379994817034
0.9972225007791301,1.00097002432197
0.9982606024649183,0.9998238648437388
0.9974324276225229,0.9997436539446629
0.9975312284269401,1.0010014412241688
0.998117626594549,1.0010158153476978
0.997445510320793,1.0011040726843794
0.9982643737602485,1.0014840365862998
0.9975077387273031,1.000904944388252
0.9977345203827613,1.001280731415086
0.9965055414527938,1.00093362393216
0.9970733001184733,1.001080604225462
,,egauge23534,egauge15623,egauge32290,egauge30039,egauge16616,egauge18544,egauge13830,egauge19821,egauge20407,egauge17073
,,0,0,1,0,1,0.5,0,0.5,0.5,0.5
,,1,1,1,1,1,1,1,1,1,1
0.9997000034026201,0.999998039450173
0.9977940295768772,1.000176937084807
0.9959852059308723,1.0000951964648253
0.9948990774242834,0.999928876236882
0.9986507916967833,0.9999229348854849
0.9972445382112191,0.9998860110546934
0.9976926335035562,0.9998586402871874
0.9971247885157237,0.9999948812208818
0.9973422834046343,1.0005615339159346
0.9976593510694532,1.0006982817581997
0.9957716504591313,1.0000828128378136
0.9952408242406613,1.0003519636360736
0.9942129591565741,0.9997616661965396
0.9939331313148625,1.0002311098391738
,,egauge22271,egauge30039,egauge9102,egauge19821,egauge28684,egauge32290,egauge13974,egauge33764,egauge16616,egauge26086
,,1,0.5,0.5,0,1,1,0,1,0.5,0
,,1,1,1,1,1,1,1,1,1,1
0.9996878207058341,1.0001172628128265
0.9976588466389511,1.0004657593023523
0.9957816917264362,1.0006430335994507
0.9947972955409102,1.0005470430867751
0.9987245109047422,1.001204206410047
0.9978674867916378,1.000732935387438
0.998087316015354,1.0004636485862735
0.9969030521256639,1.0003746905181803
0.9974370068167415,1.0010125827742715
0.996396258577716,1.0003306542882267
0.9954696841455294,1.0005857529435966
0.9950481122662792,1.0012535049536022
0.9942989061325682,1.0004670063659002
0.9938842444714067,1.0005042407875733
,,egauge23534,egauge18544,egauge20407,egauge33764,egauge17073,egauge3167,egauge4183,egauge16608,egauge13830,egauge30378
,,0,0,0.5,1,0,1,1,1,1,1
,,1,1,1,1,1,1,1,1,1,1
0.9996904683405409,1.0000879003460605
0.9977830333665961,1.0015565795684171
0.9962803483956987,1.0026807137711302
0.995390853364634,1.0032845396035626
0.9986402897300172,1.000011057738125
0.9989893039240583,1.000007970675638
0.9972102700269094,0.9995716259553092
0.997367605993333,1.0021548405428702
0.9969617400671349,1.0014350023707614
0.9976978392564496,1.002291704650118
0.9962310394587769,1.002838083815193
0.9953763124825307,1.0031637518045167
0.9951811657105797,1.0037227825007438
0.994211922616657,1.0036497106324316
,,egauge13830,egauge15623,egauge18544,egauge4183,egauge24121,egauge18158,egauge30039,egauge30378,egauge19821,egauge28684
,,0,1,0,0.5,0.5,0.5,0,0,0.5,0.5
,,1,1,1,1,1,1,1,1,1,1
0.999722097716572,1.0000306426352759
0.9977826883168369,1.0001450650506285
0.9963451609726309,1.0003031825968183
0.9957981451484038,1.0006809497295663
0.9989555535470521,0.9999873607207984
0.9972605078769098,1.000783434634167
0.9988607366850396,0.999938639417508
0.9976313990515928,1.0002462371645198
0.997369188679781,1.0000302369411576
0.9953675796069327,1.0002047068754283
0.9961249313671515,1.0002495096559416
0.9950374913946514,1.0000678914560033
0.9952919349794541,1.0009211886053955
0.9956279225631685,1.0009593138863153
,,egauge16616,egauge20407,egauge15623,egauge18544,egauge26086,egauge13974,egauge16608,egauge30039,egauge3167,egauge30378
,,1,0,1,0,1,1,1,0,0.5,0
,,1,1,1,1,1,1,1,1,1,1
0.999698317178436,1.0000380560663014
0.9976209935222917,1.0008368411537525
0.9963195866789132,1.000995174003121
0.9955698628161161,1.0009632136475046
0.9989663114290036,1.000477041307223
0.996641636512316,0.9995826182899414
0.9971075993782962,1.000844563781
0.9975302308768885,1.0007659771370272
0.9968652332166474,1.0017000190590277
0.996027176285532,1.0019204310256693
0.9959704232864249,1.0011811693523383
0.9959730442435045,1.000856008827691
0.9955336945570108,1.001086997260598
0.9943694632373856,1.0007277390058154
,,egauge33764,egauge27467,egauge17073,egauge4183,egauge13830,egauge22271,egauge18158,egauge8617,egauge15623,egauge30378
,,0.5,1,1,0.5,1,0,0.5,0,0.5,0.5
,,1,1,1,1,1,1,1,1,1,1
0.9997570060116405,1.0001564966660432
0.9980579194661292,1.0005677397847028
0.9968550865262027,1.0006445853578827
0.9958673209838211,1.0007726308823173
0.9988057712438684,1.0004346883724227
0.9994821264821058,1.0015494889107537
0.9976570170689337,1.0019640905362144
0.9979166684216054,1.000668962435222
0.9977653805227972,1.0011754380962166
0.9964287865861601,1.0004469650076215
0.9967070762946619,1.0006445853553063
0.996769859656322,1.0005589752904525
0.9949853964501829,1.0008745448014877
0.9944971951646466,1.0008368594755672
,,egauge30378,egauge9102,egauge18158,egauge15623,egauge3167,egauge19821,egauge28684,egauge24121,egauge20407,egauge16608
,,0.5,0,0,0.5,1,1,0.5,1,1,1
,,1,1,1,1,1,1,1,1,1,1
0.9996906065761834,1.0000747173452404
0.9976995087751152,1.0010655118740035
0.9960763615423647,1.0014737233891013
0.9948253726911944,1.0016292127789097
0.9983024962976399,1.0001197535857853
0.9981353779436772,0.9999776961652264
0.9967405556268327,0.9998434897887689
0.9964707142759804,1.001237705940236
0.9973970144044142,1.0014302407975628
0.9965082239124838,1.002455843576698
0.9959490229801401,1.0015812381718328
0.99535539504408,1.0016754919614979
0.9940455217826908,1.0015053679078296
0.9938804772760966,1.0021116498100182
,,egauge15623,egauge28684,egauge22271,egauge4183,egauge3167,egauge32290,egauge23534,egauge17073,egauge8617,egauge18158
,,0,0,1,1,0.5,0.5,0,0.5,0.5,0
,,1,1,1,1,1,1,1,1,1,1
0.9997441389614897,1.0000832679434237
0.9975200568953065,1.0003519050405036
0.9954564682884673,1.0005079846919906
0.9947074655502325,1.0004782487428867
0.9984766125131269,1.0000156417270978
0.9987077865648591,1.0000394763508074
0.9976590262714986,1.002269735902015
0.9973889772596022,1.000766965567507
0.9974998880650527,1.0005340767504414
0.9965593222422485,0.99965763081811
0.9950420388246035,1.0004790760358082
0.9942774494526895,1.0008933819123607
0.994649657050702,1.000652912586342
0.9935400954233852,1.0001898940158647
,,egauge4183,egauge13974,egauge33764,egauge18544,egauge32290,egauge30378,egauge28684,egauge20407,egauge9102,egauge3167
,,1,0,1,0.5,0,1,1,1,1,0
,,1,1,1,1,1,1,1,1,1,1
0.9997018441649939,1.000077419395294
0.9976485480417527,1.0003746128924789
0.9964513278445565,1.0007878806292136
0.995948783541235,1.0009864442364973
0.9992911122352851,1.0004784204836317
0.9977542154439979,0.9998234708970701
0.9978186492378166,1.0013630535345532
0.9975779508875937,1.0006276570753472
0.9971243936710252,0.999770209783639
0.9953461001520498,1.000948133152416
0.9963855705788786,1.0010234309457045
0.9954514797530453,1.000616648807219
0.9954135703286251,1.0012340544757534
0.9958955720481807,1.0009543254655477
,,egauge5198,egauge32290,egauge27467,egauge16608,egauge33764,egauge24121,egauge26086,egauge8617,egauge20407,egauge18158
,,0,1,1,0.5,0,0,0,0,0.5,0.5
,,1,1,1,1,1,1,1,1,1,1
0.9997184555306549,1.0000030159609765
0.997286467149879,0.9997584355011151
0.9958563156468335,0.9996121191068846
0.994522940159272,0.9995226825398544
0.998861625754054,0.9999709344922544
0.9978133775695233,0.9998610022111437
0.9994038542736148,1.0014701689363619
0.996450505614723,0.999867374206337
0.9964907556719765,0.9996573337372798
0.9960978307648225,0.9995313387562352
0.9956110202166796,0.999603868030152
0.9956967192276329,0.9995373007170247
0.9939020542490518,0.9993264934971614
0.9930910216000074,0.999661651353589
,,egauge30039,egauge19821,egauge4183,egauge7692,egauge27467,egauge22271,egauge17073,egauge13974,egauge16608,egauge13830
,,0.5,0,1,0,0,1,0,1,0,0
,,1,1,1,1,1,1,1,1,1,1
0.9997393634334892,1.0001043311067532
0.9979061459053645,1.0007619714050007
0.9960635148663255,1.0009774927847908
0.9953134941323788,1.0008878655561284
0.9987704743707746,1.0004155034544668
0.9979354396686213,0.999968000288119
0.9987524271088674,1.0009711044142902
0.9977750062790217,1.0007113575146824
0.9977649204930663,1.0007113575147648
0.9964762174428444,1.002716619801475
0.9956405789666787,1.0009279088083054
0.9952765682549406,1.0016096500812455
0.9946775845097635,1.0008077966140352
0.9945885545321758,1.0008557505273286
,,egauge5198,egauge8617,egauge18544,egauge3167,egauge7692,egauge19821,egauge26086,egauge16608,egauge30039,egauge18350
,,0,1,1,0,0.5,0.5,0.5,0.5,1,1
,,1,1,1,1,1,1,1,1,1,1
0.9998200461133112,1.0002008896678407
0.9982020112590806,1.0013920048678475
0.9968998123764254,1.0024145987199824
0.9962222597014495,1.0031275540910352
0.9989582066183146,1.000179496748531
0.9987942686666968,1.0013015744922982
0.9990927155307897,1.001486445089312
0.9979174110694802,1.00134135331268
0.9980889035918973,1.0015946714589772
0.9968756960568634,1.002034901888204
0.996581003998177,1.0025553565537946
0.9959519959811796,1.0025862287315082
0.9955278361013402,1.0036599390052603
0.9957805556921937,1.0036001005124855
,,egauge5198,egauge19821,egauge9102,egauge17073,egauge18158,egauge18350,egauge26086,egauge30039,egauge16616,egauge22271
,,0,0,0,0,0,1,0.5,0,0.5,0.5
,,1,1,1,1,1,1,1,1,1,1
0.9997165226332904,1.0000140990411257
0.9977848234664202,1.000303405026695
0.9963973077633935,1.000643996653708
0.9956726758911127,1.0008746579822558
0.9989301131954834,0.9999916930394936
0.9978658318130402,0.9998773400608604
0.9980750584668352,0.9999438962785918
0.9969008543839184,1.0001820076179178
0.9970177681672288,1.000031485048515
0.997572324727537,1.0011294767677128
0.9960850718789742,1.0008171835005761
0.9960566889992148,1.0004620960617496
0.9955424687935329,1.000801868544528
0.9946525231734992,1.0013673855695848
,,egauge28684,egauge22271,egauge13974,egauge30039,egauge18158,egauge7692,egauge13830,egauge15623,egauge16616,egauge27467
,,0.5,0,0.5,0,0,0,0,1,1,1
,,1,1,1,1,1,1,1,1,1,1
0.9997614177938217,1.0000893024969535
0.9980724505260997,1.0006345205527252
0.9970199914867894,1.0015021977181016
0.9968224993177163,1.0021759335058866
0.9992881186769925,1.0003882161435107
0.9978048933900342,0.999969413350083
0.9978046657184281,1.000595516399093
0.9971048018290655,1.0004928382101064
0.997463511657806,1.0003815495670094
0.9971747744213145,1.0004993885818605
0.9969665268059638,1.0014815242103592
0.9957218976280697,1.0018773246430788
0.9964266346175138,1.0024447202511535
0.9967053214417262,1.0029163752041268
,,egauge3167,egauge15623,egauge27467,egauge30039,egauge32290,egauge13830,egauge20407,egauge5198,egauge7692,egauge33764
,,1,0.5,0,0,1,0,0,0.5,0,0.5
,,1,1,1,1,1,1,1,1,1,1
0.9997496442402447,0.9999963282640618
0.9980126917983183,0.9997731359537454
0.9967148709956214,0.9997369657807078
0.9961458546771841,0.9998201239374854
0.9994290350061978,1.0003791175473726
0.9972993563807243,1.0002978053157363
0.9990843057172087,0.9998956857824649
0.9973346782049897,0.9996379287843624
0.9975084672318756,0.9996922512068771
0.9965332018748858,0.9997152759205494
0.9960616610923063,0.9996049484059
0.9959801145991931,0.9998866643356332
0.9958439680976393,0.999776503166482
0.9951888506588221,1.000023319059357
,,egauge3167,egauge18158,egauge15623,egauge5198,egauge13830,egauge4183,egauge16608,egauge18544,egauge13974,egauge24121
,,1,0.5,1,0,0,1,0,1,0,1
,,1,1,1,1,1,1,1,1,1,1
0.9997869909430696,1.000093137855164
0.9980553982737437,1.0004982213026787
0.9966721923143443,1.0007972106814642
0.9958771456467199,1.0008484772057429
0.9994898266422407,1.000499756923764
0.9970488112360987,1.0003159361115193
0.9971388061048553,1.0009262538966806
0.997839442764569,1.0004678617039078
0.9972791027248412,1.0004666725554419
0.997901435793212,1.0012366559856996
0.9962982361046556,1.0007473057353953
0.9966082844559425,1.0013685235058336
0.9952480310967601,1.0007465786608443
0.9953158966739348,1.0010840497550386
,,egauge30378,egauge8617,egauge13974,egauge9102,egauge26086,egauge20407,egauge18158,egauge15623,egauge33764,egauge7692
,,0,0.5,0,1,0,1,0.5,1,1,1
,,1,1,1,1,1,1,1,1,1,1
0.9996808763216034,1.0000770669286163
0.997679397676186,1.000930477326229
0.9965771584900099,1.001814216902501
0.995909317422707,1.0024498901452665
0.9982644891449635,0.9998418386617944
0.9987372032695018,1.0005368213664179
0.9975740161406513,0.9998079348554363
0.9971700319990039,1.0012483615352517
0.9968229115852228,1.0009001022223498
0.9958363613734323,1.0006368286189173
0.9964333061732958,1.0018348990184762
0.9956023497525324,1.0022002089205682
0.9952512756258495,1.0028658009905107
0.9957603491601021,1.0029327968311266
,,egauge16608,egauge18158,egauge7692,egauge15623,egauge17073,egauge16616,egauge3167,egauge13830,egauge26086,egauge9102
,,0.5,0.5,0,0,0,1,1,0,0,0
,,1,1,1,1,1,1,1,1,1,1
0.9997344226908167,1.000020737580186
0.9980690985602974,1.0001937394335656
0.9968617459296535,1.0003194421755452
0.9958760451044424,1.0002746589095404
0.998784007071014,1.00020109968455
0.99702498555685,1.0003052241807977
0.9975586002604938,0.9999123245551808
0.9973147854122962,1.000122313522195
0.9973236174827917,1.0000723577581796
0.9969676269391805,1.000936778621596
0.996845297621641,1.0004557219862709
0.9965201177752702,1.000287348678538
0.9953191959189709,1.0002455622339461
0.9950467826919507,1.0002425671276218
,,egauge30378,egauge28684,egauge7692,egauge13974,egauge18350,egauge30039,egauge16608,egauge26086,egauge19821,egauge13830
,,0.5,0,1,0.5,0.5,1,1,1,0.5,0
,,1,1,1,1,1,1,1,1,1,1
0.9996941759861577,1.000178335595617
0.9973009861853114,1.001594777629388
0.9954668265061858,1.0025561589098786
0.9945905361402797,1.0027358810039602
0.9982981691776186,1.0002425191131452
0.9987505619450776,1.0001183805408351
0.9977598633937913,1.0011635529298022
0.9964750721191503,1.0018081815290107
0.9969784857976511,1.0017873546790386
0.9961304246671944,1.0028918341667452
0.9951180175916985,1.0027383554148872
0.9947229059901855,1.0034151469246968
0.9941500110144881,1.0029767029785808
0.993773149890606,1.002682240483164
,,egauge13974,egauge16608,egauge4183,egauge5198,egauge18544,egauge8617,egauge3167,egauge17073,egauge27467,egauge28684
,,1,0,0,0.5,1,0,0.5,0,0.5,1
,,1,1,1,1,1,1,1,1,1,1
0.9997950196461495,1.0001127251473543
0.9989432180086227,1.0010518644917747
0.9980841616604674,1.0016429761963208
0.9978035819182717,1.002207580274821
0.9988498185165984,1.0007700672764401
0.9978683571359954,0.9999412765043488
0.9987506758620759,0.9998021450525825
0.9982035057110422,1.0012645815662067
0.9988927128490369,1.00165991041821
0.9982601022776713,1.0009166659146238
0.9980635715551405,1.0017132852981891
0.9968320475174518,1.001514416135133
0.9977383084881325,1.0024409572874797
0.9974304224188576,1.0028084427365596
,,egauge30039,egauge5198,egauge23534,egauge28684,egauge20407,egauge33764,egauge13830,egauge32290,egauge16608,egauge9102
,,0,0.5,0.5,1,0,1,0.5,0.5,0,0.5
,,1,1,1,1,1,1,1,1,1,1
0.9997141072679148,1.0000181470515628
0.9974905724239951,1.0002586134705567
0.9959697231117426,1.000224339191877
0.9949089762229012,1.0002307515274098
0.9987763901227086,0.9999139954930821
0.9980849116699807,1.0004268621974652
0.9977986065962019,1.00067895587188
0.9972385416390983,1.0006533737632746
0.996364462826049,0.9999349814636106
0.9962893939379109,1.001108621945497
0.9958188169612548,1.0003358248832284
0.9954272688238068,0.9998821728477656
0.9942589356210395,1.0001580172576237
0.9940912785336434,1.000348435666623
,,egauge28684,egauge15623,egauge16616,egauge33764,egauge30039,egauge24121,egauge20407,egauge19821,egauge5198,egauge23534
,,0.5,0,0,0,0.5,0,0,0.5,0.5,0.5
,,1,1,1,1,1,1,1,1,1,1
0.999705364382426,0.9999698818716828
0.997630548700229,0.9999017086465868
0.995927274776512,0.9999573311909602
0.995330056594736,1.0001108682125208
0.9992772119059913,1.000231939263204
0.99724024794241,0.9998821376713002
0.9980340060867221,0.9997538218223943
0.9967766316765102,0.9998005897549241
0.9968558691859448,0.999891595653155
0.9965805893830026,0.9996702805632367
0.995434652318402,0.9998211534737432
0.9952891974824108,1.000128464040424
0.9947814629671418,1.0002054277450119
0.9943633715926075,1.0002285358649017
,,egauge17073,egauge5198,egauge13830,egauge15623,egauge22271,egauge27467,egauge19821,egauge30378,egauge26086,egauge9102
,,0,0.5,0.5,0.5,1,0.5,0.5,0,1,0
,,1,1,1,1,1,1,1,1,1,1
0.9996936640769566,1.0001485910099974
0.9974998352436762,1.0013942453468525
0.9954696583221009,1.0019066454656864
0.9945172679404883,1.002424167520292
0.9985076076193063,1.000020257633886
0.998134723840325,1.0005684951486458
0.9981860158259552,1.0008073275644576
0.9970043380129503,1.0015395052327862
0.9967240529597323,1.0024187034998078
0.9974228976080516,1.0020130943181487
0.9952111001440521,1.0020270273285665
0.994163350062848,1.0016709084728252
0.9939757490583512,1.0030810340927785
0.9937211580178952,1.002370546705456
,,egauge22271,egauge20407,egauge15623,egauge24121,egauge16608,egauge17073,egauge19821,egauge3167,egauge26086,egauge30039
,,0,0.5,1,0,0,0,0.5,1,0,0.5
,,1,1,1,1,1,1,1,1,1,1
0.9996830747108231,0.9999948216745679
0.9975303515509624,1.000129399868035
0.9964077982793437,1.000688252980891
0.9957336576699555,1.0007907705584698
0.9986307452704938,0.9999306617891952
0.9973759088375173,0.9995990512896
0.9970909567625558,1.000804009115009
0.9970465610870467,0.999983866423063
0.9966236991245837,1.000028253750726
0.9958166273284303,0.999897909656539
0.9961202008689677,1.000828724418202
0.9963618618534424,1.0011058713968872
0.9949833260364109,1.0006816019069142
0.9949168928345632,1.001122730306136
,,egauge30039,egauge17073,egauge15623,egauge27467,egauge18158,egauge16608,egauge5198,egauge13830,egauge23534,egauge9102
,,0.5,0.5,0.5,0.5,0,1,0,1,0.5,0.5
,,1,1,1,1,1,1,1,1,1,1
0.999753928047334,1.0001374602697135
0.9981299679325406,1.0009552540525952
0.9971259066359661,1.0015839112117064
0.9963305050758399,1.001842269288498
0.9987483096867867,1.0004564850767779
0.9975616550883935,1.000861730175229
0.9971302601835159,1.0004671893519432
0.9980391505162785,1.001279399913498
0.9969772808574919,1.0006920676445952
0.9964272526262947,1.0018134540706338
0.9971053399167248,1.0015715057967332
0.996678787010832,1.002270175475239
0.9959831044008078,1.0020609619672272
0.9955114223206006,1.0019840061380767
,,egauge24121,egauge15623,egauge26086,egauge17073,egauge33764,egauge30039,egauge5198,egauge8617,egauge20407,egauge7692
,,1,0.5,0.5,0.5,0,1,0.5,0.5,0,1
,,1,1,1,1,1,1,1,1,1,1
0.9997393229785146,1.0000676500036574
0.9982651188795445,1.0003400517700798
0.9971341565968356,1.0005215790820812
0.996523114166604,1.000535207715919
0.9988917233246349,1.0003302245124788
0.9972861099489556,1.0003787249780831
0.9975591207186043,1.0009990606404002
0.9972512502236863,1.000636353240999
0.9973620999091422,1.000249578986529
0.9965849562052486,1.0015873136089395
0.996784655200753,1.0005752726639914
0.9970382458773418,1.000682121179435
0.9956929409849268,1.0003096915863665
0.9959705774148474,1.0009099067585985
,,egauge16608,egauge22271,egauge30039,egauge9102,egauge8617,egauge32290,egauge28684,egauge20407,egauge7692,egauge17073
,,1,0,0,0,0,0.5,0.5,0,0.5,1
,,1,1,1,1,1,1,1,1,1,1
0.9996983591788486,0.9999933075417134
0.997821574393138,0.9998996160872194
0.996492707218076,1.0000538922253812
0.9959013172702337,1.0003821799935562
0.9987586505543138,1.0004655747025866
0.997745714840682,0.9998734319992398
0.9977385355314778,0.9998671016672777
0.997045494874916,0.999869277961495
0.9977307901296227,0.9998187192429446
0.9968220968513077,0.999484609557205
0.9963447605181038,1.0001281979318115
0.9954290668456763,0.9997011084854074
0.9958144844875516,1.0005277116780087
0.9950401675929212,1.001196086706764
,,egauge24121,egauge30378,egauge7692,egauge8617,egauge17073,egauge26086,egauge18158,egauge27467,egauge28684,egauge18544
,,0.5,0.5,1,0.5,1,0,0,0,0.5,0.5
,,1,1,1,1,1,1,1,1,1,1
0.9997566238746126,1.0000882475622501
0.9983553862564708,1.00073902406081
0.9976085459588194,1.0009075054320604
0.9975059825051018,1.0012534864725777
0.9989313487123586,1.0001370722634855
0.9970880713195257,1.000205555743526
0.9977502039772097,1.0010761039023897
0.9982140853840155,1.0009820481815006
0.9974223686240242,1.0015683641569908
0.996679101890197,1.000501296504127
0.9971560511855457,1.000804220563377
0.997512581321712,1.000864684941031
0.9972450413937429,1.0014501683480632
0.997420689868872,1.0015427560904573
,,egauge5198,egauge18350,egauge33764,egauge8617,egauge27467,egauge20407,egauge17073,egauge23534,egauge3167,egauge26086
,,1,1,0.5,1,1,1,0.5,1,0,1
,,1,1,1,1,1,1,1,1,1,1
0.9997481600429127,1.0002315536324946
0.9979960743433538,1.0017880615638795
0.9966993311613325,1.002895496389324
0.9961104841324893,1.0034226549331708
0.9988914351260053,1.0006917795618007
0.9989007699466516,1.0011158703092595
0.9977940048840861,1.0008122220758064
0.9978750079708116,1.0023243684059238
0.9978786229868174,1.0024877936050742
0.9961523470610048,1.0014969300521923
0.9963541182136677,1.0030280481878582
0.9961948093187023,1.00353983219072
0.9958933817985278,1.0034007510720113
0.9952384959963622,1.0043469152485995
,,egauge30378,egauge18544,egauge32290,egauge33764,egauge8617,egauge3167,egauge13830,egauge17073,egauge9102,egauge7692
,,1,1,1,0.5,0.5,1,1,0.5,0.5,0.5
,,1,1,1,1,1,1,1,1,1,1
0.9997466909031462,1.000174770181062
0.9984745092238664,1.0013586666970495
0.9972865090406454,1.0021611242929573
0.9967452755766679,1.0023792345730373
0.9983725080456778,1.000538603963756
0.9991800813251036,1.0013675771840231
0.9976929962006708,1.0000246578586536
0.9977346493433626,1.0016221418060747
0.998410287280445,1.0015959898115498
0.9980977543686469,1.0020936201240267
0.9971672132624108,1.002426039902533
0.9964984141901266,1.0025226768352353
0.9962023202448287,1.0024813418989809
0.9964998500142329,1.002593774155708
,,egauge17073,egauge13830,egauge15623,egauge8617,egauge7692,egauge32290,egauge18350,egauge24121,egauge5198,egauge22271
,,0.5,0,0,1,0,0.5,0,0.5,0,1
,,1,1,1,1,1,1,1,1,1,1
0.999775764757035,1.000071361190585
0.9983805285156064,1.0006224702627144
0.997209046738634,1.0011888819802877
0.9965219646062453,1.0017856870651212
0.9986428959542092,1.0004488669935292
0.9983160488863425,1.0000054934292928
0.9971134343762255,0.999960773826577
0.9982795914924423,1.0011545389893408
0.997983373953987,1.0005516241794463
0.996697103738599,0.999933521505936
0.997130890809634,1.001168216123163
0.9965912828490558,1.0011888819238342
0.995941158676414,1.001763825425211
0.995447663882938,1.002831346816931
,,egauge30378,egauge7692,egauge20407,egauge26086,egauge16608,egauge17073,egauge30039,egauge8617,egauge5198,egauge18158
,,0.5,0.5,0.5,0.5,0,0,0,0,0,0.5
,,1,1,1,1,1,1,1,1,1,1
0.9997008482834193,0.9999761181495186
0.9978910645769365,0.9999163860292822
0.9969135704522624,0.999776537495229
0.996061151865514,0.9998149297218389
0.9982927200257266,1.0000023125444173
0.9978917364234235,1.0003579469520851
0.9972068950658772,0.9995553557165073
0.9972539450233023,1.0003218819011641
0.9970510358655867,0.9998495133504811
0.9955113992665946,0.999687929051053
0.9967203323097674,0.9996930223124915
0.9967537734921064,0.9997017045564051
0.9954680466322052,0.9997422313851209
0.9946693383193737,0.9999860338790993
,,egauge9102,egauge22271,egauge32290,egauge26086,egauge33764,egauge13830,egauge18158,egauge20407,egauge24121,egauge4183
,,0,0,1,1,0,0,1,0,0.5,1
,,1,1,1,1,1,1,1,1,1,1
0.9996717587907308,1.0000359896806752
0.9975298842410326,1.0005281669862807
0.9960205681854328,1.0006981536533552
0.9955526223819527,1.0009030923281117
0.9988620883409536,1.0000039069606461
0.9976816510594623,0.9999161080893373
0.9976737157354206,0.9998719573249217
0.99658024232102,1.0013284468666055
0.9966259866372895,1.0004269731971096
0.9961524973605338,1.0004123514891
0.9954991686877002,1.0008179659306438
0.9949472665576422,1.0003451012991817
0.9949670908710379,1.0009467732254804
0.9953930831924517,1.0011815292298138
,,egauge17073,egauge33764,egauge30039,egauge20407,egauge19821,egauge32290,egauge18544,egauge5198,egauge30378,egauge18350
,,0.5,1,1,1,0.5,0.5,0,1,0,0.5
,,1,1,1,1,1,1,1,1,1,1
0.999710058997721,1.0000999099275676
0.9977063664986281,1.0001045072592527
0.9967098737934373,1.0002979306098407
0.9957881053851508,1.0002659967095193
0.9985640207813127,1.0004784459477076
0.9979270250281176,1.0013110135108279
0.9976973094503443,1.0016679244304232
0.9967592650619699,0.99991667177574
0.9970008764816514,1.0003777141052215
0.9965309506662156,0.9994297004968183
0.9966728726844065,1.0002814152349384
0.9959940115261182,1.0007153561223567
0.9948123990298422,1.0000987200572273
0.9956817093906266,1.000458596105655
,,egauge18158,egauge15623,egauge33764,egauge24121,egauge32290,egauge26086,egauge3167,egauge9102,egauge17073,egauge16608
,,0.5,0.5,1,0.5,1,0,0.5,0.5,0,1
,,1,1,1,1,1,1,1,1,1,1
0.9997042535214422,1.000072157622838
0.997361804787538,1.0003019081684568
0.9958255889411327,1.000663078984029
0.9948031087989653,1.0008488851922044
0.9983578168384606,1.000177826707785
0.9972896979935272,1.0004106113923577
0.9978230091699504,1.001372021967112
0.9968881823936078,1.0003929788629935
0.9968579696911207,1.0002310848972873
0.995883457618574,1.0002633098173177
0.9958091608473696,1.0007291753941663
0.9950069989087971,1.0008022351954466
0.9942758433361816,1.0007615420258598
0.9938688438933342,1.0013153127627674
,,egauge32290,egauge13830,egauge30378,egauge20407,egauge19821,egauge18544,egauge24121,egauge26086,egauge17073,egauge18158
,,0.5,1,0.5,0,0,0,0.5,0,0.5,0.5
,,1,1,1,1,1,1,1,1,1,1
0.9996271450560109,0.9999799235871711
0.9973340138937836,0.99975939528213
0.9956658578058284,0.9998213921392516
0.9942825969748182,0.9998775115605546
0.9987355200077993,0.9998720920091825
0.9982007524947486,1.0012492567234672
0.9967720298756343,1.0000612545085998
0.996272063811267,0.9994258505688368
0.9965638002854408,0.9996582933980874
0.9967543409712306,0.9996508752876196
0.9955180561946011,0.9998461524154826
0.9950379537435772,0.9997786265455461
0.9934816250938674,0.9999234528802681
0.9931475961487845,1.0000165386502213
,,egauge4183,egauge20407,egauge7692,egauge16608,egauge24121,egauge22271,egauge18158,egauge5198,egauge13974,egauge9102
,,0,1,1,0,0.5,1,0,1,0.5,1
,,1,1,1,1,1,1,1,1,1,1
0.9997290337630933,1.0000873637007521
0.9976390760715494,1.000892370091424
0.9960890486074121,1.0013116064558425
0.995224741675489,1.0016898399128082
0.9993076162611501,0.9999068006692696
0.9974637362549064,0.9997820512314153
0.997756781103118,1.0010724751284488
0.9967423718598639,1.0007911327531869
0.9972156746032755,1.000842901084277
0.9964257921511436,1.0028053185166552
0.9955881255362499,1.0011692874619802
0.9961742146598671,1.0017724198191271
0.99467554738635,1.001864753767366
0.994587199833119,1.0020650500748214
,,egauge33764,egauge28684,egauge5198,egauge32290,egauge16608,egauge3167,egauge9102,egauge13974,egauge16616,egauge15623
,,0,0.5,0,0,0.5,1,1,0.5,1,0.5
,,1,1,1,1,1,1,1,1,1,1
0.9997665473709211,1.0000690007500606
0.9981471017301364,1.0006191004887781
0.9967687131985886,1.0013504510471363
0.995866165004045,1.0017030310342758
0.9988210386924798,0.9999989933395382
0.9987286705818988,1.0006167783699143
0.9980258982545828,1.000026222660956
0.9975162307425552,1.000043972396762
0.9973044468125334,1.0007793369391074
0.9978067393710144,1.0013727532107828
0.9966921081374873,1.0015034387317963
0.9959917443914071,1.001607599042768
0.9957214596565032,1.001994598424785
0.9945698470310901,1.001863797126031
,,egauge33764,egauge28684,egauge3167,egauge15623,egauge4183,egauge13974,egauge30378,egauge24121,egauge27467,egauge16616
,,0,0.5,0,0.5,0.5,1,0.5,0,0,1
,,1,1,1,1,1,1,1,1,1,1
0.9997444923873348,1.000047885245105
0.9979025237367898,1.0004529394767157
0.9966357531161074,1.0004645853655962
0.9962576021661427,1.0006182647983684
0.9987886703531822,0.9999730271784268
0.9987422119536032,1.0005852228381444
0.9991553426725674,0.999983721334663
0.9967221360964734,1.0006090162476553
0.9976338101991626,1.0005331602155745
0.9963152489526372,1.00153585310497
0.9960852318528769,1.0004811046328215
0.9961141448132236,1.0001864750153258
0.9961779710980136,1.0005818795381551
0.9955129798560561,1.001073887629573
,,egauge13974,egauge23534,egauge4183,egauge19821,egauge5198,egauge3167,egauge8617,egauge15623,egauge18158,egauge30378
,,0.5,0.5,1,0.5,0.5,0.5,1,1,0,0.5
,,1,1,1,1,1,1,1,1,1,1
0.9997406616477775,1.0001289114863028
0.9980248907173901,1.000885677483393
0.9966657171923167,1.0013039022252277
0.9959790017939603,1.0011566476571765
0.9987437521892881,1.0003505691278218
0.9979762793764994,1.0007889291527505
0.9987496412715803,1.000993035662574
0.997409809353651,1.0012261584400826
0.9976944353332045,1.0010983528097415
0.9974478422926044,1.0012141317761165
0.9966369397286133,1.001527187917624
0.995368175677278,1.0017003823930033
0.9952490797148066,1.0009555651947228
0.9945552039084353,1.0012209053870955
,,egauge22271,egauge3167,egauge18544,egauge33764,egauge16608,egauge32290,egauge15623,egauge23534,egauge19821,egauge27467
,,0,0.5,1,0,0.5,0.5,1,1,0.5,0.5
,,1,1,1,1,1,1,1,1,1,1
0.9997814462632241,1.0001374152187847
0.9979130248141919,1.0009846789107635
0.9966227485483954,1.0020954335426058
0.9961709166721678,1.0025125331340707
0.9987215166766734,1.0000668712894458
0.9991825518370004,1.0004953126660905
0.9991179184464409,1.001420463081352
0.9971199466065305,1.0008935542895296
0.9969757585521688,1.001156856565908
0.9967115860785869,1.00026465601981
0.9961215071541425,1.0022485558530625
0.996023497443346,1.0028787653435864
0.995719880971902,1.0027605896233966
0.9960290677746645,1.002845167940158
,,egauge22271,egauge18158,egauge7692,egauge3167,egauge16616,egauge23534,egauge20407,egauge8617,egauge15623,egauge19821
,,0,0,0,1,0.5,0,1,1,1,1
,,1,1,1,1,1,1,1,1,1,1
0.9997556138663453,1.0000688140459546
0.9978184162670314,1.00094403584623
0.9961500690145796,1.0018491927186817
0.9949813534852727,1.002535136612216
0.9986856555444126,1.0000151590866262
0.996964706457851,0.999861991677347
0.9975766423130481,0.9999618769499049
0.9975734613426048,1.0013391162821046
0.9971128328291554,1.000830132503044
0.9963651569491833,1.0007895463010834
0.995805080966868,1.001766470921281
0.9960095358955361,1.0024283360975255
0.9940859238405256,1.0027904978661029
0.99433941159653,1.0033403671264143
,,egauge28684,egauge4183,egauge32290,egauge18158,egauge8617,egauge15623,egauge9102,egauge13974,egauge7692,egauge16616
,,1,0.5,0,0,0,0,1,0,0.5,0.5
,,1,1,1,1,1,1,1,1,1,1
0.9997624800710887,0.9999836593524362
0.9980305766830987,0.9998689837737239
0.9969229484588312,1.0000178831150281
0.9965842805332702,1.0000679296727237
0.9992339006575384,1.0005900598415178
0.9987877729792793,1.0002355691708706
0.9976768396099803,0.9998233997836209
0.9968012993359433,0.9997020148496649
0.9979608254818746,0.9997982007544994
0.9959868302440549,0.9997496247197729
0.9966762738844013,1.0001582433115168
0.9959969584206161,0.9998679934436291
0.9960197330741499,1.0002134073110676
0.9959602227745027,0.9999503004747344
,,egauge24121,egauge22271,egauge16608,egauge32290,egauge9102,egauge27467,egauge16616,egauge18158,egauge3167,egauge13830
,,1,0,0,1,0,0.5,0.5,1,0.5,1
,,1,1,1,1,1,1,1,1,1,1
0.9997395778460573,1.0000765800962688
0.9981548432972317,1.0007722839088913
0.997125790566569,1.001428980845665
0.996991996253157,1.001938532901258
0.9989737110998742,1.0003496164451373
0.9977894211590881,0.9999756373962002
0.9976834488025317,0.9999384109116592
0.9976404542849858,1.0007014252900976
0.9974489795707778,1.0007014252891886
0.9981740946354252,1.001390679233948
0.9970147422717283,1.0013793704326368
0.9959019184447655,1.001814797379149
0.9969992424111908,1.002062459144939
0.9966109694769822,1.0026321647666112
,,egauge3167,egauge19821,egauge26086,egauge30378,egauge4183,egauge18158,egauge13974,egauge16616,egauge33764,egauge13830
,,0.5,0,0.5,0.5,0,1,1,0.5,1,1
,,1,1,1,1,1,1,1,1,1,1
0.9997022195209391,1.0001300204024002
0.9975921003429324,1.0011163299538532
0.9960527860869272,1.0021573228158056
0.9954297516467058,1.0029295791028188
0.9994045070169483,1.0003101157840935
0.9978876242714264,0.9999809642093272
0.9975157384725509,1.0010828549471114
0.9964307123847551,1.0011486475987192
0.9973400386399704,1.0009056276942836
0.9954703312330092,1.0017930209049148
0.995732467956073,1.0023891138976704
0.9953083451962706,1.002039403084522
0.9948659751104147,1.00333842045629
0.9950621570632471,1.0036276811712967
,,egauge3167,egauge28684,egauge30039,egauge30378,egauge18158,egauge13830,egauge24121,egauge23534,egauge13974,egauge7692
,,1,1,0.5,0,1,0,1,0,1,0.5
,,1,1,1,1,1,1,1,1,1,1
0.9997408169570968,1.0001271842521584
0.9975301922431521,1.0005887751004143
0.9961678052031139,1.0010886091281692
0.9955828746284531,1.001543716131271
0.9994734710249016,1.0005338196867901
0.9987400780827379,1.0012592136761014
0.9977306732336279,1.0007671766586586
0.9961762371645259,1.0003661646728825
0.9963318120590602,1.000933039225619
0.9962071737015136,1.0004975146253399
0.9960240227621843,1.0011712727979802
0.9951500329226591,1.0009601331449718
0.9949612053281921,1.0019300138431533
0.995519049238274,1.0017515054127428
,,egauge16608,egauge17073,egauge7692,egauge20407,egauge5198,egauge18544,egauge8617,egauge23534,egauge13974,egauge26086
,,0,1,1,0.5,1,1,0.5,0,0.5,0.5
,,1,1,1,1,1,1,1,1,1,1
0.9996931457177424,1.0001325472473073
0.9975578802309871,1.0007160293786286
0.9958694549365485,1.001163543886755
0.9948278455891347,1.00154177123127
0.9987001084351784,1.0000142447975477
0.9978042277205756,1.0018085823845677
0.9977647675140997,1.0011177112963632
0.9963996873855536,1.0003388439593366
0.9974137802528755,1.0011515344630613
0.9974617038488335,1.0018643388462376
0.9958489188103898,1.0012586169255802
0.9948384497295129,1.0010778813187229
0.9941850840793527,1.0017166545254388
0.9937542952375782,1.0019877007622746
,,egauge30039,egauge18158,egauge18544,egauge5198,egauge4183,egauge17073,egauge3167,egauge13974,egauge20407,egauge26086
,,0,1,1,0.5,1,0,0,0,0,1
,,1,1,1,1,1,1,1,1,1,1
0.9997320347035852,1.000055922121967
0.9977029983441751,1.0003274554174484
0.9959795296998247,1.0004590075829884
0.9946843960318212,1.0007565173149828
0.9987684895140881,0.9999020058743308
0.9970639447955537,1.0007869079891405
0.9990897311910097,1.0012915438325527
0.9975475425379796,1.0004590122216648
0.9975515804699447,1.0006266140300737
0.9959084522404402,1.0000959110117875
0.9959589909438926,1.0004466186341356
0.9950439592541946,1.0002343673072678
0.9939479581070165,1.0005236676104836
0.9936018456148917,1.0016029580861385
,,egauge7692,egauge13974,egauge15623,egauge8617,egauge26086,egauge20407,egauge24121,egauge18350,egauge13830,egauge18544
,,1,0.5,0,0,0.5,1,0.5,1,1,0.5
,,1,1,1,1,1,1,1,1,1,1
0.9997383955447984,1.0001203297247805
0.9977879517366597,1.0009061816438054
0.9968144278233697,1.0016836498133204
0.9962734920316052,1.0022353947185765
0.9988159794729087,1.0006107890101499
0.9979129318465636,1.0005984082046198
0.9971198851929818,1.000009670836082
0.9976467458649897,1.0008169300274725
0.9969021815482842,1.001351920016415
0.9956765413778665,1.0005826450627502
0.9966458725870594,1.0016767586863267
0.9965055776358329,1.0021017589184065
0.9957380725781224,1.0026952656648684
0.9961563905987432,1.002492811350539
,,egauge22271,egauge13830,egauge16608,egauge16616,egauge32290,egauge33764,egauge26086,egauge18544,egauge28684,egauge7692
,,0.5,1,0.5,0.5,0,0,1,1,1,0.5
,,1,1,1,1,1,1,1,1,1,1
0.9997765983553546,1.0001658978991255
0.9982837386727251,1.000944278502333
0.99744546317062,1.0023000238208473
0.9971332215780307,1.0027751029520573
0.9987406086001741,1.000670505830423
0.9983008379655404,1.0014514217082808
0.9978068165507705,1.0005465674048573
0.9976762328618796,1.0008262978482974
0.9977346727316877,1.0002967368144267
0.9965352434071604,1.0008217920364657
0.9971081676423819,1.0026850967384389
0.9973495170468507,1.0028924565504673
0.9968579101825554,1.0031911731415086
0.9965886482864617,1.0029897425552465
,,egauge17073,egauge15623,egauge24121,egauge8617,egauge18544,egauge19821,egauge20407,egauge26086,egauge22271,egauge16616
,,0.5,0,0,0.5,0.5,0,1,1,0.5,0
,,1,1,1,1,1,1,1,1,1,1
0.9996901846706635,1.000052309447665
0.9976265365536648,1.0006160763758987
0.9958330325831365,1.0010514108304076
0.9950695994263552,1.000992468678665
0.9985947460621352,1.0004080807040556
0.9972838101519416,0.9999524038787181
0.9980271200200104,0.9998275509212918
0.9974853576630005,1.0008170270815706
0.9975458571307696,1.0008590652039246
0.9964104947741631,1.0004423469803276
0.9954360985614563,1.0009877675881849
0.9950462963151996,1.0020483773794637
0.9943616939602367,1.0013202213206283
0.9948251383712626,1.00054088104605
,,egauge8617,egauge23534,egauge33764,egauge17073,egauge16608,egauge9102,egauge13830,egauge18158,egauge24121,egauge5198
,,1,1,1,0.5,0,0,0.5,0.5,1,0.5
,,1,1,1,1,1,1,1,1,1,1
0.999727950661382,1.0001601050372262
0.9978237686279429,1.0005755547863473
0.9968204209195837,1.0010015334563822
0.9965676932980877,1.0012469458925253
0.9992822960945733,1.0007488056570055
0.9981526516929403,1.0016044305193457
0.9978354105100932,1.0014779183908964
0.9968249218191497,1.0009299430335576
0.9969168004656287,1.000454118331111
0.9963254343088775,1.000439978903334
0.9967217456336676,1.0011172552435617
0.9955651230630598,1.0010292135494556
0.996147835019308,1.001385340975276
0.9956633463599676,1.0014611990292972
,,egauge26086,egauge18158,egauge13830,egauge30378,egauge22271,egauge16608,egauge9102,egauge20407,egauge15623,egauge24121
,,1,0,1,0.5,0,0.5,0,0.5,1,0.5
,,1,1,1,1,1,1,1,1,1,1
0.9996744097987642,1.000058469440648
0.9973735070044147,0.999905743056253
0.9959170581879023,0.999841728700231
0.9952335934577772,0.9999760507505489
0.9986575399800899,1.0010337506565836
0.9968767042646578,0.9998769700315572
0.9981086087103371,1.0014296363539823
0.9962136288648455,0.9999057430489973
0.9966483763518031,0.9998349569615657
0.9956304627528878,1.0001434466732924
0.9955967916151415,0.9998293487855243
0.9948966096168059,0.9995851939284646
0.9943523319767882,1.000175207223683
0.9946919490132304,1.0000402187119963
,,egauge23534,egauge13830,egauge19821,egauge16616,egauge8617,egauge20407,egauge30378,egauge24121,egauge32290,egauge22271
,,1,0,1,0.5,0,0.5,0,0.5,1,0
,,1,1,1,1,1,1,1,1,1,1
0.9996590655301578,1.0000045294317277
0.9972581003834972,0.9994997981485527
0.9953828088020832,0.999269587008468
0.9946270679085141,0.9991721021587697
0.9987958766993631,1.0007565289343987
0.9981687487534978,0.9999386078580718
0.9982159432294581,1.0016112334431968
0.9969759133593864,0.9993785160299617
0.9971774561569315,0.9994290460276598
0.9954351364245053,0.999105156666086
0.9948290088299488,0.9991912400529799
0.9948725995686389,0.9993406466321052
0.9942659318655165,0.9991212506850856
0.9937918384416521,0.9991080046786678
,,egauge16608,egauge16616,egauge27467,egauge19821,egauge23534,egauge3167,egauge13974,egauge8617,egauge26086,egauge20407
,,0,0.5,0,0,0.5,1,0,0,0.5,0
,,1,1,1,1,1,1,1,1,1,1
0.9996618583337625,0.9999831628588891
0.9971733831027066,0.9999983383443636
0.9953168080771838,0.9998337149147679
0.9940798183037389,0.9998914436248401
0.9986682791424293,0.9999167759484633
0.9982945808468318,0.999773931797041
0.9990062231992412,0.9998919904600216
0.9964180232740962,0.9998972078846728
0.9962618520094024,1.0001298438720858
0.9971589563491342,1.000519572848657
0.9949311512394154,0.9997346867101896
0.9952211041109782,0.9997402630903807
0.9933334544560998,1.0001896640158954
0.9928074280395993,0.9995494117520908
,,egauge18158,egauge17073,egauge9102,egauge18350,egauge13974,egauge3167,egauge32290,egauge7692,egauge18544,egauge20407
,,0,0.5,0.5,1,1,1,0.5,1,0,0
,,1,1,1,1,1,1,1,1,1,1
0.9997220593206058,1.0000183836160315
0.9981190728343362,1.0002725914276034
0.9969145679916304,1.0000530479338632
0.996049954576835,0.9998037562702228
0.9982697553138846,0.9999222255632182
0.997529578699328,1.0007178502165908
0.998108611354854,1.000333804297037
0.9978265124103861,1.0005661012931417
0.9972692079950323,1.0006879108041915
0.997976720384861,1.0008042757044981
0.9967007766513516,0.9999209812105688
0.996543594488534,1.0004275335379313
0.9959269250250663,0.9997528667954678
0.9947851896531213,0.9994617597824036
,,egauge24121,egauge8617,egauge22271,egauge32290,egauge5198,egauge9102,egauge26086,egauge3167,egauge20407,egauge16608
,,0.5,0,0.5,1,0.5,0.5,0.5,0,0.5,0
,,1,1,1,1,1,1,1,1,1,1
0.9997060748342022,1.00002518161502
0.9974875008429611,1.0000999535707455
0.9958219307610667,1.0000983072772518
0.9946410070082121,0.9998809215991187
0.9989002369019111,1.0001066096749485
0.9987123296867693,0.9998710151260599
0.9976258464830666,1.0009910413859089
0.9969835907071845,1.0000190375636666
0.9974471658697727,1.0002403735726038
0.9960089338430727,1.000331562162533
0.9955140130339702,1.000267586806275
0.9957687272886575,1.0000448334904732
0.9938935405415401,0.9997064529862905
0.993685717752024,0.9997804868950635
,,egauge24121,egauge30378,egauge30039,egauge18544,egauge22271,egauge15623,egauge17073,egauge19821,egauge5198,egauge33764
,,0,0,0.5,1,1,0,1,0,0.5,0
,,1,1,1,1,1,1,1,1,1,1
0.9997230967740796,1.0001008640305837
0.9981847868059184,1.0013928399461112
0.9971090076999788,1.0019399570030971
0.9965472935363482,1.0020425623956806
0.9989776934648898,0.9999399597927431
0.997045654243057,0.9996614274377273
0.9976754538055145,1.000753588396447
0.9981343269875663,1.0019978535057208
0.9972371484639216,1.0024140184744705
0.9959360708426351,1.0012255253456608
0.9966986894374329,1.002279321365828
0.9964531062263713,1.0018617930938352
0.9962279674121888,1.002195671789922
0.9956110873025463,1.0019889657089756
,,egauge18350,egauge23534,egauge17073,egauge13830,egauge28684,egauge24121,egauge7692,egauge4183,egauge5198,egauge9102
,,0.5,1,0.5,0.5,0,0.5,0,1,0,0
,,1,1,1,1,1,1,1,1,1,1
0.9997878513238456,1.000096936803739
0.9985809149451285,1.0003254856289985
0.9978262102784373,1.000443069645906
0.997303908310636,1.0003726909734678
0.9993582773461928,1.0003077146763806
0.998164406160909,1.0015404446446687
0.9974026117143945,1.000873548520006
0.9981025876672017,1.000608888789101
0.998389109823882,1.0002951322265576
0.9973048505627724,1.0004700057496285
0.9977809272191025,1.0004141632076473
0.9975489673105037,1.0008284372763394
0.9967457888611927,1.000350865776008
0.9964838812517588,1.0003080032045608
,,egauge28684,egauge18158,egauge4183,egauge7692,egauge33764,egauge15623,egauge3167,egauge8617,egauge32290,egauge18544
,,1,0,1,0.5,0.5,0.5,0,1,0.5,0
,,1,1,1,1,1,1,1,1,1,1
0.9998256338542191,1.0000831455041472
0.9984534589062716,1.0004629955974604
0.9979020515415683,1.0005226255669266
0.997379925874642,1.0002603949339208
0.9992451647740704,1.0006917764558505
0.9969678323228247,0.9998784759636895
0.9987213920097052,1.0009577948746824
0.9980991732270459,1.0006654400149846
0.9976404938085964,1.0007292980199831
0.9961105126038589,1.0007494412884206
0.9977785527723324,1.0005019759694231
0.9973237672660834,1.0011115784421885
0.9966483583963002,0.9999960138584001
0.9972733286884679,1.000217607167059
,,egauge24121,egauge19821,egauge28684,egauge23534,egauge27467,egauge18544,egauge17073,egauge3167,egauge15623,egauge30378
,,0,0.5,0.5,0,1,0.5,0,0.5,1,1
,,1,1,1,1,1,1,1,1,1,1
0.9997434847885412,1.0001076313107615
0.998133001296908,1.001000112164027
0.9966528311704447,1.0014813707660393
0.9955087921693938,1.0019366769403306
0.9989551554494154,0.9999715615332875
0.998347459611658,1.0007961572295914
0.9986630394472575,1.0006890641705062
0.9973754792988708,1.0009292343715794
0.9980320939757613,1.0016792200621765
0.9980034454280637,1.0015280285400903
0.9964601296930891,1.0014317572867397
0.9963333974348222,1.0016635294606224
0.994627243925464,1.0022064444703618
0.9944386515368268,1.0023012683505153
,,egauge9102,egauge16608,egauge26086,egauge27467,egauge5198,egauge22271,egauge7692,egauge20407,egauge4183,egauge13974
,,0,1,1,0.5,0,0.5,1,0,0.5,0
,,1,1,1,1,1,1,1,1,1,1
0.9997064180629712,1.0000877579144962
0.9980525951522768,1.000309116133544
0.9963767332448052,1.0002022382937101
0.9956647300365217,1.0000935347830968
0.9988733813198626,1.0000556732317154
0.9978952183177405,1.0009563622707667
0.9975820299988464,1.00205736328195
0.9980122331189862,1.0005823891975334
0.9976110491921325,1.0002787633191583
0.9963330005967144,1.0010044935045035
0.9961137887850308,1.0003426290696096
0.995005326511731,0.9998600806628499
0.9954808451974717,1.0001226271846355
0.9947295043025987,0.9998689915102715
,,egauge4183,egauge5198,egauge7692,egauge23534,egauge16608,egauge16616,egauge3167,egauge15623,egauge17073,egauge33764
,,0,0.5,0.5,0,0,1,0.5,0,0.5,0.5
,,1,1,1,1,1,1,1,1,1,1
0.9997739037790072,1.0000638734594032
0.9978117511881482,1.0005576669150484
0.9966757301572081,1.000975347855695
0.995582373079199,1.0013534146109462
0.9993300070614095,0.9999062324853437
0.9981425733898973,1.0004837355884695
0.997777555656769,1.0005122875160168
0.996794079698398,1.0004653288011045
0.996834337212132,1.000456469594342
0.9968051531749929,1.0013873720999913
0.9966675077217683,1.001041468676493
0.9956633742625077,1.000879305557226
0.9947801579741388,1.001614908311165
0.9949339353206232,1.0016212816700776
,,egauge13974,egauge8617,egauge28684,egauge24121,egauge5198,egauge18544,egauge22271,egauge23534,egauge7692,egauge15623
,,0,0.5,1,1,1,1,0.5,0,0.5,0
,,1,1,1,1,1,1,1,1,1,1
0.9997920818289745,1.0001262022913886
0.9983938006770947,1.001002779161874
0.9972542189118568,1.0013139036516474
0.9964594060282801,1.001384397058367
0.9987423082270217,0.9999855945882907
0.9987766886688771,1.0006061134656625
0.99865683610552,1.0013456932683833
0.9978086916771662,1.0011836911319836
0.9975417813983685,1.0014485685360632
0.9982012791925372,1.0021476087084873
0.9968389023474193,1.0015123763700515
0.9967322277385076,1.0012315008099713
0.9963652756118223,1.001529074665926
0.9951197106302542,1.0013056636408888
,,egauge9102,egauge17073,egauge26086,egauge3167,egauge18158,egauge19821,egauge32290,egauge20407,egauge8617,egauge33764
,,1,1,1,0.5,0,1,1,0.5,0.5,1
,,1,1,1,1,1,1,1,1,1,1
0.9996915780354312,1.0001550292468278
0.9976788730281472,1.0004425849139504
0.9961666702777991,1.0005468840968195
0.9955438388773844,1.0009714535860241
0.9988692252573769,1.000518854540845
0.9977513289998429,1.001834418089152
0.9975789755136072,1.0021448141689888
0.9973763857939923,1.000614630853216
0.9964877439063019,1.0001694446659424
0.9965836009431398,1.0017458512937771
0.9959777094540201,1.0005138442757002
0.9951352981781996,1.0002901354143565
0.995485972941337,1.0011389358749094
0.9945875190837604,1.0015714402501437
,,egauge26086,egauge17073,egauge13830,egauge27467,egauge7692,egauge8617,egauge16608,egauge28684,egauge18544,egauge13974
,,0.5,0,1,1,1,0,1,1,1,0.5
,,1,1,1,1,1,1,1,1,1,1
0.9997595502624659,1.0002266314800472
0.9985723279254519,1.001845680878532
0.9973454333670505,1.002999968458597
0.9967852860388507,1.0035194449172429
0.9986845394764066,1.0006959897852363
0.9973991166042973,1.0000015838477654
0.9981895155339668,1.0015980709487502
0.9985360087306614,1.0025456633585135
0.9980292961252863,1.0023122077397026
0.9982133577111189,1.001685746385029
0.9969917332000836,1.0031864036088403
0.9971003101230984,1.0036121381598446
0.9967418218087004,1.0039537641011096
0.99591259895374,1.003777251484417
,,egauge17073,egauge28684,egauge20407,egauge19821,egauge22271,egauge30378,egauge7692,egauge16608,egauge33764,egauge9102
,,0.5,0.5,0,0.5,0.5,1,1,1,0,1
,,1,1,1,1,1,1,1,1,1,1
0.9996645788946411,1.000073513089281
0.9976360890145552,1.001330851251927
0.9963603355783769,1.0020470289418921
0.9956927187516992,1.002194588284562
0.9985481873070918,1.000439389211636
0.998721878978886,1.0006290422495225
0.9964580052630977,0.9995534697240251
0.9969306583669748,1.001665278890101
0.9970175145352982,1.001807236852061
0.9954540888049639,1.0019883596157175
0.9963274591575313,1.0022373946861263
0.9954243384640178,1.0025297062565586
0.9951832537136196,1.002143554936098
0.9948742574874906,1.0025163681997136
,,egauge5198,egauge27467,egauge22271,egauge18158,egauge32290,egauge18544,egauge20407,egauge18350,egauge28684,egauge24121
,,0.5,0.5,1,0.5,0,1,0,0.5,1,1
,,1,1,1,1,1,1,1,1,1,1
0.9997669453207471,1.000096936698888
0.9980380559435049,1.0002438938881044
0.9966727238561922,1.0005045895482647
0.9959745443707732,1.0009016741078127
0.998870453062398,1.0003074173521587
0.9994884340424729,1.0007419651939171
0.9976220845241919,1.0022633083717485
0.9968490144277493,1.00025401116967
0.9974002104722507,0.9996777096198922
0.997573805625655,1.0010017846014048
0.9961673453308588,1.0003683237348084
0.9963852146365125,1.0006116086112573
0.9957068447965454,1.0011856811869404
0.9951345635819214,1.0011479735968243
,,egauge13974,egauge17073,egauge27467,egauge7692,egauge26086,egauge18350,egauge3167,egauge5198,egauge20407,egauge30378
,,0,0,0.5,0.5,0,0.5,0,0,0,0
,,1,1,1,1,1,1,1,1,1,1
0.9996835575239488,0.9999549042953527
0.997762364813835,0.9996390943503399
0.9962339765477121,0.9992621120015049
0.9947676497337432,0.9990130215867276
0.9986715488707237,0.9998238581536845
0.9973057962465037,0.9997524782491585
0.9994202751342092,1.0006201457528727
0.9972976051990908,0.999769397635269
0.9969762702634196,0.9995986564604593
0.9973626059554985,0.9998319876018887
0.9962134315819174,0.9992456168455871
0.9954431709127541,0.9992110898059788
0.9938331127436215,0.9988822976404464
0.9933353090870313,0.9987887651066994
,,egauge24121,egauge18350,egauge5198,egauge19821,egauge30039,egauge9102,egauge13974,egauge8617,egauge26086,egauge4183
,,1,1,0,1,1,0.5,1,0,0,1
,,1,1,1,1,1,1,1,1,1,1
0.9997623584337524,1.0001525031137113
0.9978232554681338,1.001369042554306
0.996679305147804,1.001813456204131
0.9960118609361178,1.001980259578067
0.9989258964313827,1.000393449158587
0.9988251479697491,1.0010399058902835
0.9980108245513242,1.0001097208026577
0.9971378114780262,1.0021271708576909
0.9972777452628436,1.0020967253699185
0.9964188078679939,1.0016865516130293
0.9963341007472063,1.0020487661629471
0.9966047462328373,1.0017384430118295
0.9952598063393707,1.0018927997025573
0.9958415951229033,1.0023877856326866
,,egauge13830,egauge23534,egauge15623,egauge30378,egauge18350,egauge30039,egauge33764,egauge32290,egauge3167,egauge20407
,,0,0,0,1,0,0,0.5,1,0,0.5
,,1,1,1,1,1,1,1,1,1,1
0.9996821094536884,0.9999549461305499
0.9976766232624921,0.9996782273873379
0.9961715345718352,0.9994957942967041
0.9953708652241514,0.9992968910916072
0.9988985632403806,0.9999133932753629
0.9977472714344195,0.9998350760209607
0.9970807201534969,0.9998813164193936
0.99658731838365,0.9998751061613865
0.997283433418609,0.9996081692796029
0.9958335996323168,0.9994515974571404
0.9958019061316437,0.9995411718302907
0.9956821131211022,0.9994209861991319
0.9951539538231315,0.9992750936400889
0.9943510791378143,0.9990191644538368
,,egauge16608,egauge5198,egauge15623,egauge20407,egauge32290,egauge22271,egauge4183,egauge27467,egauge7692,egauge13974
,,1,0.5,0.5,1,1,0,1,1,1,0.5
,,1,1,1,1,1,1,1,1,1,1
0.9997735938930169,1.0001392166489358
0.9979637075559867,1.0009282492111842
0.9972876590019742,1.001995756137427
0.9966031830368716,1.002444915103295
0.9988031511881051,1.0006208077457397
0.998114894550504,1.000554078833479
0.9971480809056562,1.0004955037659222
0.9970163181134515,1.0007587122096686
0.9974494348736865,1.000840591310057
0.9961561254364671,1.0008149027841307
0.997221836407311,1.0021240289411566
0.9971817644697035,1.0027253030666412
0.9964004321700295,1.0027805286858595
0.9956984790003524,1.0027023954289598
,,egauge18158,egauge15623,egauge24121,egauge23534,egauge13830,egauge7692,egauge4183,egauge22271,egauge18350,egauge27467
,,1,1,0,0.5,0.5,0.5,1,0.5,0,0
,,1,1,1,1,1,1,1,1,1,1
0.9997920238248126,1.0001006127981427
0.9985167421671853,1.0009179216987953
0.9976294126583275,1.0013869508918292
0.997444523790881,1.0013228966860042
0.9984354529691245,1.0004804465155657
0.997282217224231,1.000880330351617
0.9980958947580195,0.9998550505424754
0.9978105254364963,1.001177240702455
0.997991953401979,1.0012015232855687
0.9970949147862332,1.0013223995875409
0.9975439727952247,1.0015482168129857
0.9965537002468962,1.00189070092055
0.9973067947861676,1.0012864811382882
0.9973379184867374,1.0012693454917319
,,egauge18544,egauge5198,egauge13974,egauge13830,egauge23534,egauge28684,egauge15623,egauge18350,egauge3167,egauge30378
,,1,0.5,1,1,0.5,1,0.5,0.5,0,0
,,1,1,1,1,1,1,1,1,1,1
0.999781317478908,1.0001651450556908
0.9980839077802817,1.0009673527186802
0.9965387375630487,1.0009885075322307
0.9959789060843813,1.0008094742197564
0.9995004244224829,1.0008035962888642
0.9981295842116139,1.0005850574308626
0.9978086457246284,1.0014750100315153
0.9976853854386356,1.0015854781501512
0.9974838720558351,1.0012611033881968
0.9974606383241862,1.0020318101773118
0.9960375465464498,1.0010463635581621
0.9961235761595899,1.001181271539852
0.9957618383408864,1.0007730807408546
0.9949571924286831,1.0005740422961595
,,egauge13974,egauge7692,egauge32290,egauge17073,egauge19821,egauge8617,egauge5198,egauge15623,egauge22271,egauge18158
,,1,0.5,1,0,1,0.5,1,0,0,0.5
,,1,1,1,1,1,1,1,1,1,1
0.9997478863137367,1.0001013640197367
0.9980531018856769,1.000722686860013
0.99709312556198,1.0009068170404707
0.9962468894338719,1.0008876136144735
0.9987663703387096,1.000746663447435
0.997903230059792,1.0005212447525766
0.9976776729955734,0.999951517402341
0.996837586525107,1.0006012292982607
0.9975085392246543,1.0014724439606033
0.9977837050888446,1.0011863716953955
0.9970807858848745,1.0010886594044108
0.9959504883089264,1.000804136645259
0.9955307602195191,1.0008366589169244
0.9951893392420588,1.0009304374219272
,,egauge7692,egauge30378,egauge4183,egauge32290,egauge9102,egauge5198,egauge26086,egauge27467,egauge13974,egauge3167
,,0.5,1,0,1,0.5,0,0,0.5,0.5,0.5
,,1,1,1,1,1,1,1,1,1,1
0.9997349081254697,1.0000597029955158
0.9980904867904868,1.0004094051204018
0.9970438576898503,1.000806046418817
0.9964293985468753,1.0010555037648716
0.9988180126321038,1.0002843563968717
0.9971290620552038,1.0007396813765783
0.9987223264321755,0.9997519215682542
0.9975761363421655,1.000337153632334
0.9973343053928494,1.00058146582154
0.9971759594081419,1.00036711330092
0.9966520214961379,1.0007936523862804
0.9969990407394387,1.0011487250133935
0.995749260703787,1.0012302867186735
0.9963868045060047,1.0012479493357505
,,egauge13974,egauge17073,egauge5198,egauge15623,egauge19821,egauge18544,egauge27467,egauge32290,egauge33764,egauge3167
,,1,0.5,0,0,1,1,1,1,0,0
,,1,1,1,1,1,1,1,1,1,1
0.99978175087144,1.0001453959033921
0.9981380013135703,1.0010791113056423
0.9970742086852231,1.0013757242879098
0.9963105776428418,1.0013116709307368
0.9987917759216101,1.0007862887720689
0.9975693330986684,1.0008804984962203
0.9980175400299881,1.0001026139517768
0.996908567993087,1.0009879765259937
0.9975228369951502,1.0018393291698857
0.998022512920346,1.00223910886307
0.9970166279159728,1.0016604396509765
0.9965842622022287,1.00130074983427
0.99565945132324,1.0012752558654743
0.9959912723610284,1.0012581204460334
,,egauge4183,egauge26086,egauge32290,egauge17073,egauge8617,egauge28684,egauge9102,egauge15623,egauge7692,egauge33764
,,0.5,0,1,0.5,0.5,1,0,1,0.5,0
,,1,1,1,1,1,1,1,1,1,1
0.9997749357538872,1.0000816413155724
0.998531199337895,1.0009434969390794
0.9975360751778043,1.0012074759331737
0.9969114118852385,1.0012971819331953
0.9992953590263111,1.0002116304033204
0.997677193331232,1.0000123209858955
0.9977026660022598,0.9999438945249076
0.9974625137470708,1.001300362915697
0.9984493962612775,1.0011865797622836
0.99794845853525,1.0020380466445733
0.9974232406590372,1.0011661443296624
0.9961946668542784,1.0016039109720982
0.9968099871339229,1.0014501567197103
0.9959429069813156,1.0012222144280858
,,egauge30039,egauge4183,egauge30378,egauge26086,egauge18544,egauge27467,egauge8617,egauge32290,egauge9102,egauge16608
,,0.5,1,0,1,1,1,0,0.5,1,0
,,1,1,1,1,1,1,1,1,1,1
0.9997442275525913,1.0001175382492231
0.9979793942195284,1.0010869174497474
0.9965510029675868,1.0009238625203707
0.9954895793717193,1.0010712238322146
0.9987871860461978,1.000436291595992
0.9987794391960293,1.0009102267735523
0.9969248080666255,0.9996686007546401
0.9972434579888142,1.001997538104109
0.9979289466816077,1.0016949884975521
0.9978446861599221,1.0024218805269496
0.9965222294323663,1.0008939960256134
0.9960081741572802,1.0005774232684268
0.9949329879387245,1.001320320431815
0.9945333251606742,1.0009815637998323
,,egauge18544,egauge16616,egauge4183,egauge18158,egauge19821,egauge33764,egauge15623,egauge22271,egauge23534,egauge9102
,,0.5,0.5,0.5,0,0,0,0.5,0,1,1
,,1,1,1,1,1,1,1,1,1,1
0.9997570650246322,1.0000587871341167
0.9977635395674852,1.0004493842233482
0.9965095391719158,1.0011366674341602
0.9957591685667528,1.0017780039581996
0.9995077078017156,1.0003583511725416
0.9982893459897004,0.99986708004815
0.9987561801952156,1.0003334367000891
0.996504477309599,1.000186355050439
0.9970882152737699,1.0003684347856878
0.996219560537449,1.0003273037047937
0.9964561069754704,1.0012028008334044
0.9956477696411768,1.0010510076081733
0.9954409234191066,1.002295720213756
0.9949725046186887,1.002131801384257
,,egauge20407,egauge17073,egauge26086,egauge33764,egauge5198,egauge4183,egauge13830,egauge18350,egauge32290,egauge28684
,,0.5,0,0,1,0,0.5,0.5,1,1,1
,,1,1,1,1,1,1,1,1,1,1
0.9997204175068306,1.0000482998272742
0.9984474127804354,1.001087419784867
0.9974280349520968,1.0018544071700406
0.9969452687696031,1.0021688585856585
0.9984668943941837,0.9997941841136438
0.9972866800931391,0.9998077196593438
0.9974514681469943,0.9999949565097098
0.9975493006300931,1.0017093268086248
0.9977110688752214,1.0010671657215886
0.9979534595751197,1.0013128532880975
0.997123640695491,1.001970245497085
0.9971083059073936,1.002326245242
0.9962140785273402,1.0021178267866473
0.9967116253945054,1.0027696936172532
,,egauge27467,egauge16616,egauge22271,egauge13974,egauge19821,egauge18350,egauge17073,egauge15623,egauge26086,egauge5198
,,1,1,0.5,0,1,0,0,0.5,1,1
,,1,1,1,1,1,1,1,1,1,1
0.9997547257168568,1.000214685027635
0.9979192353971397,1.001253170815437
0.9968909731111274,1.0021103828122735
0.9963881733314585,1.002971028781696
0.9996016263791568,1.0009619884965548
0.9983256697019947,1.001057279833353
0.9976860614327172,1.001232160872025
0.9969999159323448,1.001111384917283
0.9972404300491785,1.0020033976881941
0.996996451883864,1.0011758908393809
0.9965785542279619,1.0020607325028468
0.9956137502759834,1.0022605013555295
0.9958454483788753,1.0036429367407418
0.9960858673340919,1.0034220008472141
,,egauge13974,egauge30039,egauge22271,egauge15623,egauge18544,egauge8617,egauge20407,egauge13830,egauge9102,egauge26086
,,0,0,0.5,1,0,0,0.5,0.5,0,1
,,1,1,1,1,1,1,1,1,1,1
0.9996893807060855,1.0000579645889116
0.9979623716901964,1.0005314449008376
0.9962252961414957,1.001058902365018
0.9952720492024139,1.0015592436691918
0.9986918856919186,0.9999296449602455
0.9978435961737631,0.999873722645641
0.9976591027176482,1.0010595913626656
0.9971912992026521,1.0008500252969559
0.9978477834909195,1.0004606064738497
0.9977499026587008,1.0003605607018573
0.9958351170870895,1.0009597307716191
0.9955236403669425,1.0013481040020233
0.9947300433914518,1.001522817938246
0.994475223106583,1.0024494232764047
,,egauge16616,egauge20407,egauge3167,egauge15623,egauge9102,egauge7692,egauge32290,egauge23534,egauge17073,egauge19821
,,0,0.5,0,0.5,0.5,1,0.5,0,1,1
,,1,1,1,1,1,1,1,1,1,1
0.9997128669834097,1.0000193812254004
0.997803205392889,1.0010700588664987
0.9960779302750208,1.0018271063157325
0.9951438701798019,1.0028482984021756
0.9989769720885991,0.9998388480727831
0.9973810101632611,0.9995936021585388
0.9991109437771141,0.9999552194768588
0.9968443181837553,1.0012211258164074
0.9970474507637571,1.001233229605183
0.9970622759197607,1.0019638827177808
0.9958725637421201,1.0016823575289575
0.9950041948073618,1.0017413766328964
0.9944214605786684,1.0034543426722373
0.9946322252219708,1.0036645767403245
,,egauge23534,egauge5198,egauge13974,egauge30378,egauge26086,egauge24121,egauge4183,egauge8617,egauge16608,egauge19821
,,0.5,0,1,0.5,1,0,0.5,0.5,1,1
,,1,1,1,1,1,1,1,1,1,1
0.9996980815955159,1.0001736497409937
0.9975915982901356,1.0012951724689316
0.9966180185705021,1.0022679461098951
0.9956262320144055,1.003032320991459
0.9987370405501503,1.0005240170932241
0.9981002422879821,1.0001326113366227
0.9977409796010668,1.0014784592245547
0.9964568329486858,1.0013559552697988
0.996845932514112,1.002121533243091
0.9962087129411046,1.0009206638601444
0.9965399175149107,1.002309333431064
0.996554114714037,1.0025146433257972
0.9949900834681517,1.0033608627445836
0.9949034104919533,1.0038293981672723
,,egauge20407,egauge24121,egauge7692,egauge23534,egauge18350,egauge13830,egauge33764,egauge16616,egauge13974,egauge17073
,,0.5,0.5,0.5,0,0.5,1,1,0,0.5,0
,,1,1,1,1,1,1,1,1,1,1
0.9996973537515288,1.0000092722396319
0.9975772103979655,1.0003922167948085
0.995993432240635,1.0004275231373334
0.994926361078755,1.0004787516594802
0.9984445237495573,0.9997583710429421
0.9981219821875217,1.0001738790068684
0.997745855563252,1.0004203617643053
0.9965598207714098,1.0003112728340429
0.9973030153845317,1.000563381130214
0.9965484345315807,1.001640077358693
0.9957675573571427,1.0006542714363191
0.9956297760773455,0.999860823859661
0.9943557027358076,1.0006242999450312
0.9938159632822071,1.0003503682009998
,,egauge32290,egauge16616,egauge27467,egauge9102,egauge24121,egauge13974,egauge33764,egauge18158,egauge8617,egauge20407
,,1,0,0,0,1,1,1,0,0.5,1
,,1,1,1,1,1,1,1,1,1,1
0.9996958594547111,0.9999997553824299
0.9974218773222296,1.0004958281135077
0.9959339083881285,1.0006580306774766
0.9955715378975591,1.0006874384686018
0.9987291935306064,0.9999249026912241
0.9981700397740156,0.999743987860742
0.99905391825471,0.9999109658173496
0.9967166262339198,1.0004249926318693
0.9970568115122663,1.000698280370049
0.9959064872486455,1.0015443623212281
0.9956957335612213,1.0008894119112626
0.994637488757031,1.000347771548672
0.9955170642788622,1.0008482305882118
0.9947048361147259,1.0005162269621084
,,egauge33764,egauge13830,egauge7692,egauge5198,egauge18158,egauge16616,egauge18544,egauge32290,egauge13974,egauge24121
,,1,1,0.5,0,0.5,0,1,0.5,1,0
,,1,1,1,1,1,1,1,1,1,1
0.9997563258635205,1.0000808304384348
0.9979532190141354,1.0000106073760084
0.9968089990969841,1.00027186257197
0.9958995005442168,1.0004442172057526
0.9988248985654494,1.000730789071429
0.9983097210856446,1.0013884131880628
0.9977649707832623,1.0005169312691107
0.997522051722273,0.9999857029424595
0.9967240543060587,1.0000670254645483
0.9970562866681654,0.999458856639696
0.996677438881166,1.000490745324228
0.9957362772029592,0.9998976110297582
0.9952848217949607,1.0008327455496728
0.9950936128280012,1.0001661135491977
,,egauge13974,egauge33764,egauge30378,egauge28684,egauge16616,egauge7692,egauge26086,egauge9102,egauge18158,egauge17073
,,0.5,0,1,0,1,0,0,1,0,0.5
,,1,1,1,1,1,1,1,1,1,1
0.9996656523103443,1.000055753065895
0.9979163931755234,1.0003669370575474
0.9962814408538282,1.000537469713751
0.9951798557312556,1.0005631953023593
0.998664373340097,1.0002733231758598
0.9979199636665269,0.9999365261098695
0.9968793803350522,1.0007828780419077
0.9977449089093579,1.0003467002230504
0.9977045697553228,1.0007313651870746
0.9971565757333544,1.0002704403504092
0.9959610354052295,1.000487911500528
0.9954942856459907,1.0009014594457257
0.9943852452817893,1.0003596987042493
0.9940012266915665,1.0009342681968367
,,egauge24121,egauge20407,egauge5198,egauge13974,egauge26086,egauge3167,egauge7692,egauge33764,egauge18158,egauge16616
,,0.5,0.5,1,1,1,0.5,0,0,1,0.5
,,1,1,1,1,1,1,1,1,1,1
0.9997174441447984,1.000069853972313
0.997731394979504,1.0009922359051944
0.9965505612386144,1.0010655082477442
0.9956732620147893,1.0012321191874785
0.9988609294431829,1.0001397229686357
0.9973420306658224,0.9995977664843134
0.9979632579900943,1.0009849696890678
0.9969050572802464,1.0015543506561895
0.9968748560309267,1.0019350119651669
0.9975354785373488,1.0013154053246964
0.9965012364783199,1.0010448454039862
0.9957206355417096,1.0009951822441754
0.994813196628599,1.0014943753293148
0.9952138258559514,1.0011250350314378
,,egauge27467,egauge13830,egauge28684,egauge4183,egauge24121,egauge9102,egauge8617,egauge32290,egauge3167,egauge30378
,,1,1,0.5,0,1,0.5,0,1,0,0.5
,,1,1,1,1,1,1,1,1,1,1
0.9997752405155317,1.0000974544050867
0.9979471872608656,1.00006146547784
0.9967729346150135,0.9999624059911711
0.9959657427852647,0.9999688032919167
0.9996373912795099,1.0008380946688356
0.9983469140061577,1.001399022958891
0.998619308577283,1.000682914852867
0.9977555260587068,0.9998424373449405
0.997483314578555,1.0003136414600893
0.9965061735550583,1.0002930635461351
0.996744153500216,0.9999211351374572
0.9962299627705425,0.9998875566050192
0.9959295575121127,0.9999469885110839
0.9946692786040628,1.0000115806330656
,,egauge18350,egauge18544,egauge4183,egauge16616,egauge19821,egauge9102,egauge17073,egauge8617,egauge20407,egauge32290
,,0.5,0.5,0,0.5,1,0,0.5,1,1,0.5
,,1,1,1,1,1,1,1,1,1,1
0.9997496573886087,1.0000483247647138
0.9975534987166774,1.000452861507607
0.996140848432919,1.000628074997529
0.9952193920228827,1.0002827232460938
0.9993074800882499,1.000246737025531
0.9991737798832306,1.0006082215235614
0.9987015925168458,0.9997338160342795
0.9972812909305682,1.0003414138706057
0.9968582048279397,1.0012031197059124
0.9961189049976482,1.0003369106483835
0.9958328132001086,1.0007644045405002
0.9960769808626353,1.0012005069724184
0.9945402312212592,1.000173620100434
0.9946774200383347,0.9998657158295257
,,egauge13830,egauge7692,egauge28684,egauge17073,egauge4183,egauge27467,egauge18544,egauge30039,egauge13974,egauge16608
,,0.5,0.5,0,1,1,0,1,0,1,0.5
,,1,1,1,1,1,1,1,1,1,1
0.999784364251232,1.000158880898168
0.9982106027504526,1.0014375207296498
0.9971386233182613,1.0021632487341288
0.9960743110920974,1.0026253611876321
0.9989725920533506,1.000485764381657
0.9979129106566997,1.000578790173256
0.9986766638656007,1.0001112718873493
0.9973737250434949,1.0022691134426287
0.9980693261951997,1.0018297560435983
0.9979411561243936,1.0013409019452055
0.997118174039019,1.0024081307272898
0.9962719935308776,1.0020238916027304
0.9954739637329402,1.0030375416447712
0.9951374389448548,1.002807765715867
,,egauge13830,egauge18350,egauge9102,egauge23534,egauge32290,egauge30378,egauge30039,egauge18158,egauge27467,egauge28684
,,0.5,1,1,1,1,0.5,0,1,0,1
,,1,1,1,1,1,1,1,1,1,1
0.99975805248316,1.0001452040198753
0.9979554759177489,1.0008978182374075
0.9967423709398714,1.0013634519971968
0.9965704108027291,1.0017033725381668
0.9989782050440108,1.0004692149804022
0.9988568283790686,1.0010252576338925
0.9981481508089236,1.000898887675748
0.9973051071654727,1.0015888088096367
0.9974815203710448,1.0008269491080566
0.9955712439827411,1.0010019540538566
0.9965491715960708,1.0013138454234387
0.9954765700725646,1.0016956362208274
0.9964762681089662,1.0016742267641847
0.9964213257658507,1.002314608673851
,,egauge18350,egauge16608,egauge4183,egauge30039,egauge8617,egauge16616,egauge27467,egauge13830,egauge18544,egauge3167
,,0,0,1,0.5,0.5,1,0,0,0,0
,,1,1,1,1,1,1,1,1,1,1
0.9998173986944063,1.0000447025289836
0.9988210433602118,1.0004042821184116
0.9982230110954373,1.0002748159374961
0.9980826412566024,1.0002244848656625
0.9993442930768338,0.9999954574324134
0.9977969618392679,0.9998968102301816
0.9987547862638999,1.0009145957798662
0.9978626138729811,1.0006639836695552
0.9987096382028641,1.0006472101486525
0.9975379137120756,1.001196419000359
0.9981777067597981,1.0002536348129532
0.997402087898572,1.0002371738718787
0.9978883258519543,1.000195389948651
0.997907384451585,1.0001923949968
,,egauge18544,egauge13974,egauge20407,egauge18158,egauge33764,egauge30378,egauge17073,egauge15623,egauge22271,egauge7692
,,0.5,1,0.5,1,0.5,1,0.5,0.5,1,0
,,1,1,1,1,1,1,1,1,1,1
0.9996814807177483,1.000137988197789
0.9977486333534866,1.0014442706294877
0.9967593298153882,1.0023638662065029
0.9961663666037522,1.0029805841488248
0.9994356174830515,1.0004157085902632
0.9978506513796134,1.0013275643286241
0.9972131690689645,0.9995878600492057
0.9969515487236345,1.001748325566281
0.9973398922287202,1.0017077723352172
0.9952163283138505,1.0021018669913013
0.9964675038708779,1.0025087560470265
0.9958486160135833,1.0025140297775113
0.9954864416957917,1.0037182887131542
0.9960279949626448,1.0029269281573538
,,egauge8617,egauge16616,egauge3167,egauge13830,egauge30378,egauge16608,egauge33764,egauge20407,egauge15623,egauge27467
,,0.5,1,0,1,1,0.5,1,0.5,0.5,0.5
,,1,1,1,1,1,1,1,1,1,1
0.9997509601744816,1.00009892876127
0.9976572844493103,1.0008415757312519
0.9962999366495736,1.0010608841292006
0.995687111731498,1.0013620631066051
0.9992758001697295,1.0003321471830848
0.9982900539370886,1.0009379280812079
0.9991216362019512,1.0000347609792526
0.9970446015536619,1.001469748440343
0.9965142428210514,1.0011352826799926
0.9958769995466176,1.0010621719858266
0.9959932489247842,1.0012923753538512
0.9952684018786644,1.0007126898424268
0.9948053749156984,1.0014755356276497
0.9955807287874395,1.0017049664603466
,,egauge22271,egauge20407,egauge33764,egauge26086,egauge27467,egauge4183,egauge23534,egauge18350,egauge28684,egauge13830
,,0,0.5,1,1,1,0,1,1,1,0.5
,,1,1,1,1,1,1,1,1,1,1
0.9997247389339332,1.0001701183792862
0.9982852437330598,1.0019524118902532
0.9971394735824752,1.0031649067076087
0.9965411816418805,1.003704738145007
0.9986477784351198,1.000105945197409
0.997367945951678,0.999682036027122
0.9977740429910867,1.0014675255690968
0.9973962811475604,1.002850532808881
0.99813386432977,1.0026423291133186
0.9978713129137406,1.0016141312145943
0.9967940802301362,1.003430135787928
0.9969568350999467,1.0036374740152343
0.9963891206071455,1.0041139531241932
0.9957644149130157,1.0040055931739373
,,egauge18544,egauge9102,egauge19821,egauge16616,egauge26086,egauge13974,egauge32290,egauge18350,egauge24121,egauge8617
,,0.5,0.5,0,0.5,0.5,0,0.5,0.5,0,1
,,1,1,1,1,1,1,1,1,1,1
0.9997351532492663,1.0000316713579118
0.9978393851303738,1.0001452477359898
0.9968802610557191,1.000188362521525
0.9962757122276908,1.0003613520918864
0.9994544737576466,1.0003210163641667
0.9982236930605354,1.000367503152619
0.9977653749576455,0.9998931514435689
0.9975007857118189,1.0000339862433203
0.9968317446256993,1.00059058557247
0.9962119288335084,0.9998614613032452
0.9965373119783848,1.0000397665980376
0.9965264688807449,1.0003595421935054
0.9956896779395044,1.0002758360243413
0.9961266791913921,1.0008966277992528
,,egauge16608,egauge18158,egauge7692,egauge18544,egauge13830,egauge27467,egauge26086,egauge15623,egauge13974,egauge20407
,,1,0.5,0.5,0,0.5,0,0.5,0.5,0,0.5
,,1,1,1,1,1,1,1,1,1,1
0.9996871035819924,1.0000325760806508
0.9975257793238506,1.0000492701387822
0.995729000795499,1.00000416520167
0.9944026661299568,0.9996973564041693
0.9987323318178211,1.0005045486914785
0.9969727050992466,1.0003088693841555
0.9977665491309653,1.00045101911727
0.9973543744179746,0.9999929025425816
0.996760037233,1.0003224592481899
0.997314228210783,0.9999548200527011
0.9954211162847034,1.000173426053353
0.9949610665746427,1.0000516597902551
0.9937241651135699,0.9995313903314945
0.9931827449624738,0.9994408654188185
,,egauge27467,egauge23534,egauge17073,egauge16608,egauge22271,egauge15623,egauge18350,egauge5198,egauge30378,egauge33764
,,0.5,0,0.5,0.5,0.5,0,0.5,0,1,0
,,1,1,1,1,1,1,1,1,1,1
0.9997490606448196,1.0000898741951683
0.9981646609937425,1.0006314849612528
0.997141182463923,1.0009010344594018
0.9960400454882546,1.0010740063795096
0.9996163741535931,1.0004343042204509
0.9977361705513711,0.9999485640877146
0.9973597478070109,1.000860191953855
0.9972271164289721,1.000803590794044
0.9974422627250623,1.0011078468461991
0.9958981365469486,1.000457752409727
0.9970959361372678,1.000975414576047
0.9963728457089231,1.0008796238363378
0.9951981897042208,1.001321642253389
0.9952743660002104,1.0009990586241686
,,egauge22271,egauge13830,egauge19821,egauge24121,egauge3167,egauge18158,egauge4183,egauge33764,egauge8617,egauge16608
,,1,1,0,1,0,0.5,0,1,1,0.5
,,1,1,1,1,1,1,1,1,1,1
0.9997471364119914,1.000180327096314
0.9979231190954508,1.0009002361287733
0.9968794096543316,1.001649213786368
0.996351404136079,1.002104628404332
0.9987483633503145,1.0012606149430274
0.9983047500895426,1.0014495960087277
0.9978052972425021,1.000029168348299
0.9975499746333211,1.001018168666355
0.9978827632535893,1.0008496139727718
0.995600789964758,1.000962545153564
0.9967971729309096,1.0015871855616154
0.9962193348062811,1.0022926035913196
0.9963514039019437,1.0025057756329498
0.9954685428058142,1.0022761957765802
,,egauge18350,egauge4183,egauge9102,egauge30039,egauge32290,egauge5198,egauge18544,egauge27467,egauge22271,egauge18158
,,0,0,0,1,0.5,0.5,1,1,1,1
,,1,1,1,1,1,1,1,1,1,1
0.9998113976171711,1.000173288277768
0.9985687999188789,1.001987721234136
0.9976851921843298,1.0036527082524198
0.9968764978569262,1.0045149680801586
0.9993346978382025,1.0001290526539315
0.9988104738496966,0.9998495927893898
0.9981669555832218,1.0000796284935753
0.9976726140734525,1.002718287174802
0.9978983765996371,1.001622908494441
0.9970072950980393,1.002375516938941
0.9976646118123862,1.0038973509090297
0.9976105443144606,1.0043997106118843
0.996190718742852,1.0052613299268476
0.9962550771696955,1.0048591478246418
,,egauge13974,egauge33764,egauge16608,egauge30039,egauge27467,egauge16616,egauge20407,egauge23534,egauge8617,egauge30378
,,0.5,0.5,0,0,1,1,0.5,1,0.5,0.5
,,1,1,1,1,1,1,1,1,1,1
0.9996907136132962,1.0000722766227785
0.9978044424520404,1.0005778604540292
0.9960648637576501,1.0006708936988191
0.9951780125332453,1.0008181672775678
0.9987187972003669,1.000294965391811
0.9978867438246397,1.0006032924194364
0.9976569380969929,0.9999006263817648
0.9972402835891926,1.0004127632667115
0.9976616855168267,1.001268751175498
0.9964595692494631,1.0013507311726242
0.995658343122423,1.000390096199575
0.9954373113930182,1.001289461574765
0.9951274014044725,1.0009856192346018
0.9937555684712323,1.0008181672638592
,,egauge5198,egauge27467,egauge16616,egauge18158,egauge33764,egauge26086,egauge19821,egauge18544,egauge30378,egauge9102
,,1,0,1,0,0,0.5,0,0,0,1
,,1,1,1,1,1,1,1,1,1,1
0.9997397590200777,1.0000405958818175
0.9974555565276229,1.0000161718057494
0.9957553335687046,0.9999936340004524
0.9945048178596758,1.000051303237901
0.9989237761412376,1.0005085382351655
0.9991422634016566,0.9999573045427719
0.9981999827396344,1.0009391858342829
0.9962950894951024,0.9999009840929318
0.9967478223004569,0.9999352638130118
0.9959962132523621,1.0008247203353766
0.9954884796527902,0.9999564886786673
0.9956595798945821,0.999950859723006
0.9936171094838221,0.9998913386745611
0.993719327451406,1.0003879448407138
,,egauge15623,egauge27467,egauge3167,egauge22271,egauge18158,egauge13830,egauge18350,egauge33764,egauge7692,egauge30039
,,0.5,0.5,1,1,0.5,0.5,0.5,0.5,0.5,0.5
,,1,1,1,1,1,1,1,1,1,1
0.9997574239836593,1.000181595908444
0.9983136917186567,1.0014230335997356
0.9973509196270044,1.0020068837103946
0.9966827407391267,1.002308385146895
0.9984549385133898,1.0003398457635995
0.9994921190416137,1.0008296114570145
0.9991164423598654,1.0010045586194782
0.9975851798918507,1.0024397050118554
0.9970940686975003,1.0014557472757384
0.9972975514628168,1.0019644960666718
0.9971534677462544,1.0020854989778982
0.9965420795725155,1.0022856838605403
0.9965900583254287,1.0024570043871273
0.9956613630549211,1.0025980149899554
,,egauge5198,egauge19821,egauge4183,egauge17073,egauge3167,egauge23534,egauge20407,egauge22271,egauge28684,egauge9102
,,1,1,0,0.5,1,1,0.5,0,0.5,0
,,1,1,1,1,1,1,1,1,1,1
0.9997195913806628,1.0000968792082947
0.9975617344604243,1.0005245975840262
0.9958948270450861,1.0002484614909786
0.9953165018374479,1.0003611899490843
0.9988963889365245,1.000562518296251
0.9983631131414955,1.0016084322936307
0.9987552416208703,0.9997859977240103
0.9967513029740446,1.0008636764419852
0.9975213959031416,1.0009093525709343
0.9966829946151032,1.001708883716197
0.9955048024529065,1.0001493847050105
0.994986826201253,1.0001842823667781
0.9952008095544802,1.0005649432468229
0.9945196374676306,1.0003123609158346
,,egauge13830,egauge22271,egauge16616,egauge28684,egauge32290,egauge4183,egauge30039,egauge27467,egauge33764,egauge15623
,,0.5,1,0.5,0,0,0,1,0,0,0.5
,,1,1,1,1,1,1,1,1,1,1
0.9997796095466842,1.0000645082350803
0.9979390654131973,0.9999696000708
0.9963425603662814,1.0004087481562043
0.9953960091543291,1.0004535674995332
0.9990275426485606,1.0003842917412713
0.9978078516853934,1.0020919047769388
0.998213933555104,0.9998673428799959
0.9977787217135701,0.9999493727385173
0.9974852759389818,0.9996225096573512
0.9976697050311636,0.9996995914570266
0.9959482215611583,1.0007103062925073
0.9962254492656641,1.0003587738584605
0.9952007780074995,1.0003902839991752
0.9941004179262491,1.000624800842075
,,egauge16608,egauge32290,egauge18158,egauge5198,egauge22271,egauge3167,egauge30039,egauge13974,egauge4183,egauge23534
,,0.5,0.5,0,1,1,1,1,0.5,1,0.5
,,1,1,1,1,1,1,1,1,1,1
0.9997244492093819,1.000155002442893
0.9983595617986977,1.0020244345492049
0.9971130452144591,1.0030281561972425
0.9964386125657566,1.0035035823174356
0.9987450660164701,1.000347576904286
0.99779171636539,0.9998349713368371
0.9968290080498023,0.9998885101000238
0.9977369767011796,1.0024504639568466
0.9975829875754781,1.00301614563176
0.9981798801181794,1.0027793387827941
0.9968033722297659,1.003330647758114
0.9962326470385532,1.0031677012551288
0.9963227656738524,1.0038030766924135
0.9954812780694012,1.0038581000079834
,,egauge13830,egauge28684,egauge30378,egauge8617,egauge4183,egauge26086,egauge15623,egauge18544,egauge17073,egauge3167
,,0.5,0,0,0.5,0,1,0,0,0.5,0.5
,,1,1,1,1,1,1,1,1,1,1
0.9997675052743558,1.0000700875757544
0.9985319321275754,1.0007614213353242
0.9974641448445912,1.001014316054121
0.9971200538880793,1.0013475153057219
0.9990080273804297,1.0003963942658511
0.9987422770181404,1.0000247535929878
0.9968906782475927,0.9995997655470601
0.9983906017145586,1.0010044518620962
0.9982694989511678,1.000579239696723
0.9969811767847394,1.0024808906216434
0.9969624028136675,1.0009771259126823
0.9974001769416311,1.000971490161342
0.9965241536572839,1.0016025190816877
0.9968004423454836,1.0015296452192126
,,egauge23534,egauge32290,egauge33764,egauge3167,egauge27467,egauge16608,egauge22271,egauge20407,egauge16616,egauge26086
,,1,1,0,0,1,0,0.5,0,0,0
,,1,1,1,1,1,1,1,1,1,1
0.9997005876292592,1.00000158648239
0.9978180346534204,0.9999816039641325
0.9959992484762338,0.9997421868774664
0.9953573393860982,0.9995440715517473
0.9988142132292771,1.0007056370987857
0.9978095087273579,0.999862798824551
0.9977466602835511,0.9998649488210233
0.9977675967610088,0.9999512628963627
0.9977474232971217,1.0005488311183308
0.9960318415142616,0.9998658632343528
0.99559686336222,0.9998618639148067
0.9949043851134529,0.9993788512468716
0.9949915937821726,0.9993333482794552
0.9944957533338664,0.9995226952168984
,,egauge23534,egauge20407,egauge4183,egauge26086,egauge17073,egauge19821,egauge33764,egauge15623,egauge8617,egauge9102
,,1,0.5,1,0,0,0.5,0.5,0,0,1
,,1,1,1,1,1,1,1,1,1,1
0.9997021474171766,1.0000394584247503
0.9977958591447422,1.0003118489041616
0.9969836146664348,1.0005601480522397
0.9964679504802395,1.0007139152698534
0.998857144404511,1.0007997611136514
0.997369140802996,0.999585896485866
0.9987428076393073,1.0008981882337635
0.9970198024998486,1.0002713788278714
0.9969494904901917,1.0001904502839003
0.9964509993483458,1.0009379985306914
0.9966095202727637,1.0006592845082463
0.9959401036209847,1.0004852457732767
0.9964172617360488,1.0006629710228756
0.9956487330915276,1.0010779808557968
