,,egauge26086,egauge2474,egauge16616,egauge16608,egauge7729,egauge3166,egauge24121,egauge8253,egauge22271,egauge32290
,,1,1,1,1,1,1,1,1,1,1
,,1,1,1,1,1,1,1,1,1,1
0.9998153866745957,1.0000771635519967
0.998675611443411,1.0004987869919792
0.9977979429804253,1.0007429352804116
0.9971165838194275,1.0009094626791586
0.9992734991460864,1.000492232804639
0.9982274753159094,1.000635826525149
0.9994476584445038,1.0002055249863135
0.9984837848621597,1.000683025211569
0.9975976882076951,1.000660741647419
0.9986178265738866,1.0005760121964125
0.9976991533277922,1.0007925113173841
0.9971213577014767,1.0007643429844935
0.9969861536545224,1.001142482445985
0.9961691136554367,1.0008452334233768
,,egauge30039,egauge15601,egauge19696,egauge20407,egauge22785,egauge14795,egauge13830,egauge28351,egauge8816,egauge17311
,,1,1,1,1,1,1,1,1,1,1
,,1,1,1,1,1,1,1,1,1,1
0.9996886235841066,1.0000898780206604
0.9978231535282598,1.0004145538124016
0.9964727792782719,1.000699715421191
0.9952662870234876,1.0009751174021086
0.999400085142256,1.0004322667980166
0.9973219870093181,1.0009990163622184
0.9966387528965054,1.0008913537764408
0.9973651140955301,1.0002392748393203
0.9969866579859391,1.0004853943178018
0.9973939021345968,1.0010293976572187
0.9964398985287551,1.0007658147089136
0.9963130657804842,1.0007532339692389
0.99391619493556,1.0012154396628972
0.9952343852589199,1.0010821960646954
,,egauge22084,egauge8253,egauge3608,egauge2850,egauge26944,egauge13974,egauge4183,egauge24121,egauge16608,egauge7731
,,1,1,1,1,1,1,1,1,1,1
,,1,1,1,1,1,1,1,1,1,1
0.9997211519346407,0.9999984692604634
0.9981593274068284,1.0001616001633067
0.9976598733974076,1.000591493439618
0.9974112531765635,1.0008925175685717
0.9992738333841608,0.999996634544375
0.9979443034658902,1.0001610119926923
0.9976309638175482,0.999996634544375
0.033205533731908626,0.0333326808582793
0.9971011231793411,1.0003133703545146
0.9969526787529991,1.0002662182777737
0.03325354560511946,0.033355390510404904
0.9973720274616992,1.000634302273667
0.9972662823378264,1.0009798832358159
0.997208734195496,1.001267374815694
,,egauge13830,egauge7729,egauge19821,egauge4183,egauge33764,egauge3608,egauge8253,egauge19810,egauge30378,egauge3166
,,1,1,1,1,1,1,1,1,1,1
,,1,1,1,1,1,1,1,1,1,1
0.9963716537225317,2143014441.210229
0.9641152985115532,2161413988.6052904
0.9288467160223025,2181430503.308726
0.8935856075853673,2201448767.651995
0.9568898121862265,24239996546.168827
0.9963318627017607,2143032483.88073
0.9960948889162032,2143179014.5941286
0.9641152985115532,2161413988.6052904
0.9641152985115532,2161413988.6052904
0.9641152985115532,2161413988.605291
0.9288467160223025,2181430503.308726
0.9288467160223025,2181430503.308726
0.8535029380148924,2224221068.330638
0.8935856075853674,2201448767.651995
,,egauge8617,egauge22785,egauge13974,egauge19810,egauge7729,egauge17073,egauge21932,egauge28684,egauge20358,egauge14795
,,1,1,1,1,1,1,1,1,1,1
,,1,1,1,1,1,1,1,1,1,1
0.9963816699649678,2141398295.4522011
0.9641249313348493,2141536461.4696364
0.9288559295297134,2141686838.1669676
0.8935944018782361,2141721539.0172338
0.956856765338515,24245643597.800953
0.9963816699649678,2141416324.789317
0.9963816699649678,2141562743.9077544
0.9641249313348493,2141536461.4696364
0.9641249313348493,2141536461.4696364
0.9641249313348493,2141536461.4696364
0.9288559295297134,2141686838.1669672
0.9288559295297134,2141880335.6230378
0.8535112557894755,2141761010.3061147
0.8935944018782361,2141721539.0172338
,,egauge22785,egauge8253,egauge27467,egauge8816,egauge13836,egauge18350,egauge7731,egauge26944,egauge13974,egauge20670
,,1,1,1,1,1,1,1,1,1,1
,,1,1,1,1,1,1,1,1,1,1
0.9963716537225317,2143014441.210229
0.9641152985115532,2161413988.6052904
0.9288467160223025,2181430503.308726
0.8935856075853673,2201448767.651995
0.9568898121862265,24239996546.168827
0.9963318627017607,2143032483.88073
0.9960948889162032,2143179014.5941286
0.9641152985115532,2161413988.6052904
0.9641152985115532,2161413988.6052904
0.9641152985115532,2161413988.605291
0.9288467160223025,2181430503.308726
0.9288467160223025,2181430503.308726
0.8535029380148924,2224221068.330638
0.8935856075853674,2201448767.651995
,,egauge7692,egauge3167,egauge23534,egauge3608,egauge26944,egauge8617,egauge3611,egauge5198,egauge8816,egauge21932
,,1,1,1,1,1,1,1,1,1,1
,,1,1,1,1,1,1,1,1,1,1
0.9963716537225317,2143014441.210229
0.9641152985115532,2161413988.6052904
0.9288467160223025,2181430503.308726
0.8935856075853673,2201448767.651995
0.9568898121862265,24239996546.168827
0.9963318627017607,2143032483.88073
0.9960948889162032,2143179014.5941286
0.9641152985115532,2161413988.6052904
0.9641152985115532,2161413988.6052904
0.9641152985115532,2161413988.605291
0.9288467160223025,2181430503.308726
0.9288467160223025,2181430503.308726
0.8535029380148924,2224221068.330638
0.8935856075853674,2201448767.651995
,,egauge3611,egauge17311,egauge7729,egauge18158,egauge3167,egauge24121,egauge23534,egauge16616,egauge15623,egauge22271
,,1,1,1,1,1,1,1,1,1,1
,,1,1,1,1,1,1,1,1,1,1
0.9976121716716763,4.4389862205607046e+17
0.9974721292788474,4.43903557261959e+17
0.9974721292788472,4.439035572619589e+17
0.9974721292788472,4.439035572619589e+17
0.9976121716716763,4.4389862205607046e+17
0.9976121716716763,4.4389862205607046e+17
0.920137411305846,9.761307400285522e+18
0.9973108159033958,4.439045330649078e+17
0.9973713012059081,4.439118517231169e+17
0.9974721292788474,4.43903557261959e+17
0.9974721292788472,4.439035572619589e+17
0.9974721292788472,4.43903557261959e+17
0.9974721292788472,4.439035572619589e+17
0.9974721292788472,4.43903557261959e+17
,,egauge9102,egauge20925,egauge21932,egauge18544,egauge2474,egauge15601,egauge13836,egauge27467,egauge8253,egauge18158
,,1,1,1,1,1,1,1,1,1,1
,,1,1,1,1,1,1,1,1,1,1
0.996381669964968,2141424597.1974165
0.9641249313348496,2141560041.3878086
0.9288559295297135,2141611523.9000971
0.8935944018782366,2141611523.9000967
0.956864855804218,24245959980.0897
0.996381669964968,2141442626.75773
0.996381669964968,2141589047.6883113
0.9641249313348496,2141596714.09106
0.9641249313348496,2141628803.734627
0.9641249313348496,2141673446.9995124
0.9288559295297134,2141619003.7179618
0.9288559295297135,2141679241.6674256
0.8535112557894762,2141611523.9000971
0.8935944018782367,2141611523.9000962
,,egauge23534,egauge9102,egauge24121,egauge20925,egauge17311,egauge18158,egauge18350,egauge3611,egauge26086,egauge22084
,,1,1,1,1,1,1,1,1,1,1
,,1,1,1,1,1,1,1,1,1,1
0.9963816708663498,2141519913.4638734
0.964124932201727,2141519913.4638734
0.9288559303588589,2141519913.4638724
0.8935944026696587,2141519913.463873
0.9568898121862265,24247201615.067776
0.9964811657446114,2141537943.8269987
0.9962752000939162,2141684371.2527776
0.964124932201727,2141519913.4638734
0.964124932201727,2141519913.4638734
0.964124932201727,2141519913.463873
0.9288559303588589,2141519913.4638724
0.9288559303588589,2141519913.4638724
0.8535112565380184,2141519913.463873
0.8935944026696587,2141519913.463873
,,egauge27467,egauge16616,egauge33764,egauge28684,egauge22271,egauge14795,egauge8253,egauge3608,egauge3166,egauge20925
,,1,1,1,1,1,1,1,1,1,1
,,1,1,1,1,1,1,1,1,1,1
0.9963816708663498,2141519913.4638734
0.964124932201727,2141519913.4638734
0.9288559303588589,2141519913.4638724
0.8935944026696587,2141519913.463873
0.9568898121862265,24247201615.067776
0.9964811657446114,2141537943.8269987
0.9962752000939162,2141684371.2527776
0.964124932201727,2141519913.4638734
0.964124932201727,2141519913.4638734
0.964124932201727,2141519913.463873
0.9288559303588589,2141519913.4638724
0.9288559303588589,2141519913.4638724
0.8535112565380184,2141519913.463873
0.8935944026696587,2141519913.463873
,,egauge5198,egauge2850,egauge17311,egauge30039,egauge8617,egauge13974,egauge21932,egauge9102,egauge28684,egauge18544
,,1,1,1,1,1,1,1,1,1,1
,,1,1,1,1,1,1,1,1,1,1
0.996381669964968,2141439707.8121758
0.9641249313348496,2141532699.9559686
0.9288559295297135,2141633910.514519
0.8935944018782366,2141651260.212079
0.9568679795958528,24246171666.857662
0.9956682032808855,2141457737.4986317
0.996381669964968,2141604159.4459295
0.9641249313348496,2141532699.9559686
0.9641249313348496,2141532699.9559686
0.9641249313348496,2141532699.9559686
0.9288559295297134,2141633910.514519
0.9288559295297135,2141774189.224709
0.8535112557894762,2141670995.0272546
0.8935944018782367,2141651260.212079
,,egauge17073,egauge20407,egauge14018,egauge30378,egauge7692,egauge4183,egauge24121,egauge13830,egauge17311,egauge16608
,,1,1,1,1,1,1,1,1,1,1
,,1,1,1,1,1,1,1,1,1,1
0.9963816708663498,2141519913.4638734
0.964124932201727,2141519913.4638734
0.9288559303588589,2141519913.4638724
0.8935944026696587,2141519913.463873
0.9568898121862265,24247201615.067776
0.9964811657446114,2141537943.8269987
0.9962752000939162,2141684371.2527776
0.964124932201727,2141519913.4638734
0.964124932201727,2141519913.4638734
0.964124932201727,2141519913.463873
0.9288559303588589,2141519913.4638724
0.9288559303588589,2141519913.4638724
0.8535112565380184,2141519913.463873
0.8935944026696587,2141519913.463873
,,egauge17073,egauge18158,egauge4183,egauge18350,egauge19810,egauge5198,egauge9102,egauge20925,egauge3166,egauge28684
,,1,1,1,1,1,1,1,1,1,1
,,1,1,1,1,1,1,1,1,1,1
0.9975055435349515,2141519792.1856446
0.9975055435057538,2141216389.5887845
0.9975055434956578,2141139509.65354
0.9975055434982895,2141155880.035133
0.9569060381618361,24248950877.291096
0.9975055433476838,2140497595.539087
0.9975055431242191,2138839992.3734555
0.9975055434784565,2141009199.3194258
0.9975055434989222,2141164588.2730956
0.9973624957033873,2140870757.058532
0.9975055434870035,2141076099.4466472
0.9975055434956578,2141139509.65354
0.9975055435011942,2141174494.8215983
0.9975055434982895,2141155880.035133
,,egauge19696,egauge28351,egauge30378,egauge13830,egauge4183,egauge8816,egauge22084,egauge13836,egauge22785,egauge8617
,,1,1,1,1,1,1,1,1,1,1
,,1,1,1,1,1,1,1,1,1,1
0.9975055435349515,2141519792.1856446
0.9975055435057538,2141216389.5887845
0.9972268874863629,2141139509.65354
0.9966411960729791,2141155880.035133
0.9569060381618361,24248950877.291096
0.9975055433476838,2140497595.539087
0.9975055431242191,2138839992.3734555
0.9975055434784565,2141009199.3194258
0.9975055434989222,2141164588.2730956
0.9943530533082238,2140870757.058532
0.9971857501235294,2141076099.4466472
0.9971203097310198,2141139509.65354
0.9960404414549114,2141174494.8215983
0.9965453415272122,2141155880.035133
,,egauge19696,egauge13830,egauge14795,egauge21932,egauge20670,egauge19821,egauge26944,egauge7692,egauge18350,egauge8816
,,1,1,1,1,1,1,1,1,1,1
,,1,1,1,1,1,1,1,1,1,1
0.9974718502148021,2141352038.288772
0.997144284583434,2140958615.27558
0.996832770070095,2140824445.7822165
0.9958663829475755,2140869755.1436095
0.9568739668366523,24247163824.546535
0.9974718500275447,2140329921.7071602
0.9974718498041777,2138672448.427256
0.997144284556043,2140751449.955026
0.9970031864474982,2140884119.5678117
0.9968943941205426,2140523137.3600705
0.9967916519240578,2140781605.7102036
0.9957793265818544,2140629677.0321152
0.9958302019940797,2140921305.4728794
0.993881036703726,2140869755.1436095
,,egauge28351,egauge2850,egauge26086,egauge2474,egauge3167,egauge21932,egauge23534,egauge24121,egauge14018,egauge22785
,,1,1,1,1,1,1,1,1,1,1
,,1,1,1,1,1,1,1,1,1,1
0.9974859132421602,2141411539.7382078
0.9973036767743577,2141179741.1889467
0.9971029900550729,2141045557.853967
0.997013776301495,2141090871.908943
0.9568873528772952,24247653992.50228
0.9956640019479578,2140389394.7462978
0.9974859128315097,2138731875.303078
0.9973036767469936,2140972554.4564836
0.9973036767743577,2141179741.1889467
0.9973036767743577,2141179741.1889467
0.997061858730986,2141002713.360105
0.9970177381674,2140850768.9833298
0.9963634638899872,2141142427.5806904
0.9968665798239922,2141090871.908943
,,egauge18544,egauge20358,egauge22785,egauge20407,egauge30039,egauge27467,egauge8253,egauge26086,egauge28351,egauge13836
,,1,1,1,1,1,1,1,1,1,1
,,1,1,1,1,1,1,1,1,1,1
0.9975055435310278,2141509572.4847882
0.9975055435202268,2141398813.4224322
0.9975055435202264,2141398813.4224308
0.9973139919375652,2141398813.4224308
0.9569060381520194,24248617359.222702
0.9975055433437737,2140487380.7044744
0.9975055431203548,2138829785.3192308
0.9975055434929123,2141191605.4829276
0.9975055435202268,2141398813.4224322
0.9975055435202266,2141398813.4224322
0.9975055435202261,2141398813.4224308
0.9975055435202264,2141398813.4224308
0.9966259041477304,2141398813.4224308
0.997239377070799,2141398813.4224308
,,egauge3611,egauge33764,egauge20358,egauge18158,egauge5198,egauge21932,egauge24121,egauge7729,egauge27467,egauge15601
,,1,1,1,1,1,1,1,1,1,1
,,1,1,1,1,1,1,1,1,1,1
0.9974925829867384,2141460027.7733374
0.9973727116024124,2141173459.3548987
0.9972408014850798,2140979282.3121555
0.9968341951428947,2140978342.0266144
0.9568937015329753,24248272910.25566
0.9974925827994784,2140437859.6303473
0.9974925825760629,2138780302.6765625
0.9973727115750749,2140966273.2334454
0.9973727116024124,2141173459.3548987
0.9973727116024124,2141173459.3548987
0.9972161181714061,2140927092.5971386
0.9964767258473832,2140784499.4716575
0.9968414398388499,2140977284.6317518
0.9954620647346364,2140978342.0266135
,,egauge32290,egauge20407,egauge3611,egauge22271,egauge14018,egauge27467,egauge16616,egauge19821,egauge7692,egauge15601
,,1,1,1,1,1,1,1,1,1,1
,,1,1,1,1,1,1,1,1,1,1
0.9975055435310278,2141509572.4847882
0.9975055435202268,2141398813.4224322
0.9966727834355564,2141398813.4224308
0.9952500020219986,2141398813.4224308
0.9569060381520194,24248617359.222702
0.9975055433437737,2140487380.7044744
0.9975055431203548,2138829785.3192308
0.9975055434929123,2141191605.4829276
0.9975055435202268,2141398813.4224322
0.9975055435202266,2141398813.4224322
0.9966440059684673,2141398813.4224308
0.9965556271452536,2141398813.4224308
0.9945563854304671,2141398813.4224308
0.9938910458684875,2141398813.4224308
,,egauge21932,egauge27467,egauge15623,egauge15601,egauge5198,egauge33764,egauge17073,egauge17311,egauge20407,egauge20925
,,1,1,1,1,1,1,1,1,1,1
,,1,1,1,1,1,1,1,1,1,1
0.9975055435310278,2141509572.4847882
0.9975055435202268,2141398813.4224322
0.9975055435202264,2141398813.4224308
0.9973022694543959,2141398813.4224308
0.9569060381520194,24248617359.222702
0.9975055433437737,2140487380.7044744
0.9975055431203548,2138829785.3192308
0.9975055434929123,2141191605.4829276
0.9975055435202268,2141398813.4224322
0.9975055435202266,2141398813.4224322
0.9975055435202261,2141398813.4224308
0.9975055435202264,2141398813.4224308
0.9966720897302694,2141398813.4224308
0.9972489724062535,2141398813.4224308
,,egauge23534,egauge3608,egauge16616,egauge30378,egauge20407,egauge5198,egauge18350,egauge20358,egauge26086,egauge7692
,,1,1,1,1,1,1,1,1,1,1
,,1,1,1,1,1,1,1,1,1,1
0.9975055435310278,2141509572.4847882
0.9975055435202268,2141398813.4224322
0.9975055435202264,2141398813.4224308
0.9972014766291473,2141398813.4224308
0.9569060381520194,24248617359.222702
0.9975055433437737,2140487380.7044744
0.9975055431203548,2138829785.3192308
0.9975055434929123,2141191605.4829276
0.9975055435202268,2141398813.4224322
0.9968419046600528,2141398813.4224322
0.9975055435202261,2141398813.4224308
0.9975055435202264,2141398813.4224308
0.9971000169962663,2141398813.4224308
0.9961582047849368,2141398813.4224308
,,egauge20358,egauge7731,egauge8253,egauge16133,egauge23534,egauge16608,egauge14795,egauge22084,egauge19696,egauge13830
,,1,1,1,1,1,1,1,1,1,1
,,1,1,1,1,1,1,1,1,1,1
0.9980299339229014,63599983504303.17
0.9779119244671762,424316140612226.3
0.9779119244671757,424316140612226.1
0.9779119244671757,424316140612226.1
0.9980299339229014,63599983504303.17
0.9980299339229014,63599983504303.17
0.9978694778112486,63599983504303.17
0.9403064223079345,1093153712574621.0
0.9779119244671762,424316140612226.3
0.9779119244671762,424316140612226.25
0.9779119244671757,424316140612226.1
0.9779119244671757,424316140612226.1
0.9779119244671759,424316140612226.1
0.9779119244671757,424316140612226.1
,,egauge20358,egauge14018,egauge3611,egauge33764,egauge24121,egauge26086,egauge7731,egauge30039,egauge28351,egauge28684
,,1,1,1,1,1,1,1,1,1,1
,,1,1,1,1,1,1,1,1,1,1
0.9980299339229014,63599983504303.17
0.9779119244671762,424316140612226.3
0.9779119244671757,424316140612226.1
0.9779119244671757,424316140612226.1
0.9980299339229014,63599983504303.17
0.9975981267740863,63599983504303.17
0.9976460127458219,63599983504303.17
0.9403064223079345,1093153712574621.0
0.9779119244671762,424316140612226.3
0.9779119244671762,424316140612226.25
0.9779119244671757,424316140612226.1
0.9779119244671757,424316140612226.1
0.9779119244671759,424316140612226.1
0.9779119244671757,424316140612226.1
,,egauge7731,egauge33764,egauge3608,egauge18158,egauge20670,egauge2474,egauge22785,egauge16616,egauge17311,egauge4183
,,1,1,1,1,1,1,1,1,1,1
,,1,1,1,1,1,1,1,1,1,1
0.9980299339229014,63599983504303.17
0.9779119244671762,424316140612226.3
0.9779119244671757,424316140612226.1
0.9779119244671757,424316140612226.1
0.9980299339229014,63599983504303.17
0.9980299339229014,63599983504303.17
0.997721679820142,63599983504303.17
0.9403064223079345,1093153712574621.0
0.9779119244671762,424316140612226.3
0.9779119244671762,424316140612226.25
0.9779119244671757,424316140612226.1
0.9779119244671757,424316140612226.1
0.9779119244671759,424316140612226.1
0.9779119244671757,424316140612226.1
,,egauge22084,egauge20407,egauge14018,egauge3167,egauge19821,egauge16133,egauge27467,egauge26086,egauge4183,egauge21932
,,1,1,1,1,1,1,1,1,1,1
,,1,1,1,1,1,1,1,1,1,1
0.9980299339229014,63599983504303.17
0.9779119244671762,424316140612226.3
0.9779119244671757,424316140612226.1
0.9779119244671757,424316140612226.1
0.9980299339229014,63599983504303.17
0.9980299339229014,63599983504303.17
0.9974211813284823,63599983504303.17
0.9403064223079345,1093153712574621.0
0.9779119244671762,424316140612226.3
0.9779119244671762,424316140612226.25
0.9779119244671757,424316140612226.1
0.9779119244671757,424316140612226.1
0.9779119244671759,424316140612226.1
0.9779119244671757,424316140612226.1
,,egauge8816,egauge18158,egauge16608,egauge14795,egauge5198,egauge9102,egauge33764,egauge23534,egauge8253,egauge30039
,,1,1,1,1,1,1,1,1,1,1
,,1,1,1,1,1,1,1,1,1,1
0.9980299339229014,63599983504303.17
0.9779119244671762,424316140612226.3
0.9779119244671757,424316140612226.1
0.9779119244671757,424316140612226.1
0.9978233935182359,63599983504303.17
0.9980299339229014,63599983504303.17
0.9980299339229014,63599983504303.17
0.9403064223079345,1093153712574621.0
0.9779119244671762,424316140612226.3
0.9779119244671762,424316140612226.25
0.9779119244671757,424316140612226.1
0.9779119244671757,424316140612226.1
0.9779119244671759,424316140612226.1
0.9779119244671757,424316140612226.1
,,egauge18158,egauge14795,egauge3166,egauge19696,egauge23534,egauge18544,egauge3608,egauge13974,egauge7729,egauge30039
,,1,1,1,1,1,1,1,1,1,1
,,1,1,1,1,1,1,1,1,1,1
0.9980299339229014,63599983504303.17
0.9779119244671762,424316140612226.3
0.9779119244671757,424316140612226.1
0.9779119244671757,424316140612226.1
0.9980299339229014,63599983504303.17
0.9978658524619453,63599983504303.17
0.9980299339229014,63599983504303.17
0.9403064223079345,1093153712574621.0
0.9779119244671762,424316140612226.3
0.9779119244671762,424316140612226.25
0.9779119244671757,424316140612226.1
0.9779119244671757,424316140612226.1
0.9779119244671759,424316140612226.1
0.9779119244671757,424316140612226.1
,,egauge14795,egauge18350,egauge23534,egauge28684,egauge20670,egauge8816,egauge30039,egauge8617,egauge19821,egauge16133
,,1,1,1,1,1,1,1,1,1,1
,,1,1,1,1,1,1,1,1,1,1
0.9980299339229014,63599983504303.17
0.9779119244671762,424316140612226.3
0.9779119244671757,424316140612226.1
0.9779119244671757,424316140612226.1
0.9980299339229014,63599983504303.17
0.9980299339229014,63599983504303.17
0.9980299339229014,63599983504303.17
0.9403064223079345,1093153712574621.0
0.9779119244671762,424316140612226.3
0.9779119244671762,424316140612226.25
0.9779119244671757,424316140612226.1
0.9779119244671757,424316140612226.1
0.9779119244671759,424316140612226.1
0.9779119244671757,424316140612226.1
,,egauge8617,egauge28684,egauge15623,egauge7692,egauge15601,egauge20670,egauge4183,egauge14795,egauge20925,egauge28351
,,1,1,1,1,1,1,1,1,1,1
,,1,1,1,1,1,1,1,1,1,1
0.9980299339229014,63599983504303.17
0.9779119244671762,424316140612226.3
0.9779119244671757,424316140612226.1
0.9779119244671757,424316140612226.1
0.9980299339229014,63599983504303.17
0.9980299339229014,63599983504303.17
0.9980299339229014,63599983504303.17
0.9403064223079345,1093153712574621.0
0.9779119244671762,424316140612226.3
0.9779119244671762,424316140612226.25
0.9779119244671757,424316140612226.1
0.9779119244671757,424316140612226.1
0.9779119244671759,424316140612226.1
0.9779119244671757,424316140612226.1
,,egauge18158,egauge30378,egauge13974,egauge19810,egauge21932,egauge16616,egauge28351,egauge28684,egauge8816,egauge2850
,,1,1,1,1,1,1,1,1,1,1
,,1,1,1,1,1,1,1,1,1,1
0.998005132359377,63611162568843.805
0.9776598621498424,424390723297003.5
0.9774028989728478,424389257073159.06
0.9773157690177102,424382506931902.06
0.998005132359377,63611162568843.81
0.998005132359377,63611162568843.805
0.998005132359377,63611162568843.81
0.9400658701125806,1093346571466038.9
0.9776598621498424,424390723297003.5
0.9776598621498421,424390723297003.44
0.9773466622348272,424378547834203.3
0.9772572075650743,424424514154825.75
0.9772874620975661,424380813943680.94
0.9772117089818146,424373740846604.44
,,egauge16616,egauge2474,egauge28351,egauge21932,egauge28684,egauge3166,egauge26086,egauge20358,egauge9102,egauge20925
,,1,1,1,1,1,1,1,1,1,1
,,1,1,1,1,1,1,1,1,1,1
0.998005132359377,63611162568843.805
0.9776598621498424,424390723297003.5
0.9774028989728478,424389257073159.06
0.9773157690177102,424382506931902.06
0.998005132359377,63611162568843.81
0.998005132359377,63611162568843.805
0.9978665864827854,63611162568843.81
0.9400658701125806,1093346571466038.9
0.9776598621498424,424390723297003.5
0.9776598621498421,424390723297003.44
0.9773466622348272,424378547834203.3
0.9772572075650743,424424514154825.75
0.9772874620975661,424380813943680.94
0.9772117089818146,424373740846604.44
,,egauge21932,egauge7692,egauge4183,egauge9102,egauge17073,egauge8253,egauge8617,egauge20358,egauge5198,egauge3167
,,1,1,1,1,1,1,1,1,1,1
,,1,1,1,1,1,1,1,1,1,1
0.9998855599672443,1.0000594581709392
0.9988439212319351,1.0004577407327677
0.9981761754032246,1.0007023092986804
0.9975455567456651,1.0008347189384401
0.9985251716861142,1.0005062626688686
0.9979227016607009,1.0005929838887746
0.9980824168653272,1.0005250257765785
0.9981121692605872,1.0006127017897168
0.9987377733139832,1.0008019515812978
0.9971677450402184,1.0005694295835317
0.9981308735592288,1.00071883320742
0.9978454998236407,1.000862885745024
0.9972006811087695,1.0009803284493677
0.9965337706099767,1.0009267162273696
,,egauge3166,egauge8816,egauge13974,egauge18544,egauge13836,egauge3611,egauge8253,egauge14795,egauge24121,egauge8617
,,1,1,1,1,1,1,1,1,1,1
,,1,1,1,1,1,1,1,1,1,1
0.9997890913493636,1.0000888002338046
0.9986025857559315,1.0007756920987667
0.9978700233648108,1.0010889317682494
0.9976659592339073,1.0011978240990647
0.9985378720255704,1.0005335897679766
0.996097510035878,1.0007656159016303
0.9983612987878301,1.0004072777619175
0.9985521009660387,1.0011200322534417
0.9985621974423867,1.0010997692193937
0.9966424841136181,1.00094763117187
0.9975366718168529,1.0010971974153542
0.9974419712534476,1.0014102921946224
0.9970490564680056,1.0012925051726855
0.9975612580289814,1.001240663595467
,,egauge15601,egauge28684,egauge20407,egauge2850,egauge19810,egauge15623,egauge19696,egauge5198,egauge7692,egauge14795
,,1,1,1,1,1,1,1,1,1,1
,,1,1,1,1,1,1,1,1,1,1
0.9997231510868316,1.0000306461659667
0.997322957131328,1.0000306461659665
0.9956767039163303,1.000114668786985
0.9948763035416089,1.0003083437872862
0.9984203383384828,1.0005335897679766
0.9990301682460688,1.000355733854986
0.9978634375298835,1.0000306461659667
0.9962625790937852,1.0000306461659665
0.9962053059209333,1.0000306461659665
0.9972268075486667,1.0000306461659667
0.9951145061568519,1.0002633037767759
0.995198575001143,1.0002323370536068
0.9941685552934899,1.0003883730254177
0.9945787852813021,1.0006401142867822
,,egauge20407,egauge15623,egauge5198,egauge15601,egauge26086,egauge7731,egauge16133,egauge22084,egauge30378,egauge13974
,,1,1,1,1,1,1,1,1,1,1
,,1,1,1,1,1,1,1,1,1,1
0.9998013034329347,1.0000737889611864
0.9988039184304721,1.0007904036592887
0.9978899038533491,1.0009783699425676
0.9971064235694915,1.0011897624036459
0.9985378720255704,1.0005335897679766
0.999307299285731,1.0003292224651783
0.9979876116819585,1.0004754325967236
0.9975130933574019,1.0012664853711875
0.9985068242100225,1.001063832167394
0.9986847706752808,1.001312126429784
0.9976161275421677,1.0010320925153826
0.9977832422186758,1.000807099603687
0.9966573380779696,1.001342717805725
0.9964568101220849,1.001318292654281
,,egauge3166,egauge19696,egauge8816,egauge18158,egauge22084,egauge20670,egauge3608,egauge4183,egauge2850,egauge20925
,,1,1,1,1,1,1,1,1,1,1
,,1,1,1,1,1,1,1,1,1,1
0.9997055962540822,1.0000306461659667
0.9976073421447589,1.0000306461659665
0.9956078577109782,1.0000306461659663
0.9942634665139921,1.0000306461659663
0.9985378720255704,1.0005335897679766
0.9968529006020891,1.0007324900058683
0.995726161635169,1.000743723934896
0.997355276441841,1.0000306461659665
0.9973653561877142,1.0000306461659665
0.997338088383117,1.0001467031729254
0.9952056603410774,1.000030646165966
0.9955014851042512,1.0000306461659663
0.9927782236489441,1.0000306461659663
0.9941997417970182,1.0000306461659663
,,egauge4183,egauge33764,egauge8253,egauge20670,egauge2474,egauge32290,egauge8816,egauge30039,egauge27467,egauge20407
,,1,1,1,1,1,1,1,1,1,1
,,1,1,1,1,1,1,1,1,1,1
0.9998330144031237,1.000083666374528
0.9983635685932588,1.0006530166151686
0.9968452498166909,1.0009843344165508
0.9966287054999451,1.0010356025059677
0.9985378720255704,1.0005335897679766
0.9991718356605118,1.0006435864954695
0.997869478957271,1.0002489157837182
0.998272726055014,1.0009567876521808
0.9978539120477194,1.0009466584455828
0.9968997579738039,1.0004926003078682
0.9960769926539548,1.001094398331767
0.9965576819264962,1.001297867698244
0.9965345562541359,1.0013050833475972
0.9963231441824864,1.0008515232127506
,,egauge13830,egauge13836,egauge30039,egauge22084,egauge9102,egauge15601,egauge20925,egauge26086,egauge17311,egauge23534
,,1,1,1,1,1,1,1,1,1,1
,,1,1,1,1,1,1,1,1,1,1
0.9999032582695718,1.0001094627490303
0.999091049852309,1.0006573989986323
0.9988012385696766,1.0012045487966075
0.9985842200886068,1.0014737154568505
0.9985378720255704,1.0005335897679766
0.9993164342198478,1.0009875609951868
0.9992500332944264,1.0007553288880062
0.9988688333213979,1.0004752397404437
0.99850143136551,1.0007494548581437
0.9966313427981993,1.0012573684554207
0.9987806309777598,1.0012921999143776
0.9983063662410446,1.0015536648569336
0.9982898691935722,1.0015684273684475
0.9982640528970352,1.0017845010735746
,,egauge18158,egauge19810,egauge14795,egauge20358,egauge30039,egauge16616,egauge7729,egauge16133,egauge17073,egauge20670
,,1,1,1,1,1,1,1,1,1,1
,,1,1,1,1,1,1,1,1,1,1
0.9997591324312897,1.000081313483039
0.9982539405374099,1.0007255407557945
0.9967320560869543,1.0011464536417545
0.9965919325379141,1.0014387281148847
0.9985378720255704,1.0005335897679766
0.9976194276376846,1.0000306461659667
0.99770455688134,1.0007658306203504
0.9981732012291995,1.0008267822888404
0.9981933846115636,1.0010799918050914
0.9980614512594095,1.0008221003204938
0.9962553906156737,1.0011712527516756
0.9955937416073939,1.0013260376791238
0.9964977876364369,1.0016063028207174
0.9964960838503287,1.0016851844129038
,,egauge9102,egauge19821,egauge8253,egauge14795,egauge22084,egauge23534,egauge27467,egauge13974,egauge5198,egauge32290
,,1,1,1,1,1,1,1,1,1,1
,,1,1,1,1,1,1,1,1,1,1
0.9998223372976767,1.0000937389196485
0.9987370763054673,1.000533805050036
0.9979331719594493,1.0008550334013597
0.9973406350656213,1.0008870552501485
0.9985378720255704,1.0005335897679766
0.9987448744709152,1.001292789855013
0.9978596879213645,1.000233725392568
0.9982159207362223,1.0008344385973658
0.9986360966548543,1.0003516723867922
0.998063927433406,1.0009160578210885
0.9978631822202204,1.0010037986163929
0.9975309950984289,1.0009728047557525
0.9967249036750695,1.0009671392400694
0.9967146060360655,1.0008228276888491
,,egauge22084,egauge8816,egauge18350,egauge17073,egauge14018,egauge8617,egauge14795,egauge20925,egauge4183,egauge7731
,,1,1,1,1,1,1,1,1,1,1
,,1,1,1,1,1,1,1,1,1,1
0.9993747461685833,1.0000888194070032
0.9938201023204097,1.000924068710234
0.9876416813425135,1.001516443005012
0.9814635015485245,1.0017792899762965
0.9993424327450288,1.0000122520985533
0.996110714872156,1.0007285198650937
0.9993747461685833,1.000334357177527
0.9938201023204097,1.0010759756785976
0.9940109145116911,1.0012887367739745
0.99382010232041,1.0010013327172982
0.9876416813425135,1.0016446433250954
0.9876416813425135,1.0017522024552494
0.9814635015485247,1.0018813250802086
0.9711336292923686,1.0020687391429104
,,egauge22084,egauge30039,egauge3608,egauge16616,egauge22785,egauge15623,egauge24121,egauge3166,egauge16133,egauge20925
,,1,1,1,1,1,1,1,1,1,1
,,1,1,1,1,1,1,1,1,1,1
0.9998601492443265,1.000045303260942
0.998831932720918,1.0004365986469257
0.9977888923864404,1.0007717623203585
0.9972158974911917,1.0010023341365843
0.9993045839223031,0.9999997190971914
0.9984956621213888,1.0007372321888703
0.9977091488292316,1.0000021868926983
0.9987313905609644,1.000497319936204
0.9981804265930977,1.000445677326899
0.9986393116919839,1.0006682994197331
0.9974432341154857,1.0008254717887008
0.9978528944111822,1.0008145802714552
0.9965362606516307,1.0010969933646088
0.9962045141570393,1.001248663507107
,,egauge3167,egauge30039,egauge17073,egauge30378,egauge2474,egauge19821,egauge19810,egauge18350,egauge8816,egauge3166
,,1,1,1,1,1,1,1,1,1,1
,,1,1,1,1,1,1,1,1,1,1
0.9997600448256432,1.0000816169260838
0.9977652348279396,1.0005738328775238
0.9959112739522958,1.0005216155524472
0.9946928944126492,1.0007841606893157
0.9995884967843731,1.0001767324454762
0.9984956621213888,1.0007709766144692
0.9989053510216064,1.0007862801667735
0.9974022390636775,1.0007864298546216
0.9977349732845795,1.0008066827580426
0.997399791391265,1.0017144329967733
0.9955007227437103,1.000368832560991
0.9958580649006988,1.0005858251126865
0.9933437230121239,1.00105356143062
0.994639762404694,1.0008269792555213
,,egauge15623,egauge8617,egauge22271,egauge19821,egauge18544,egauge14795,egauge3608,egauge28351,egauge32290,egauge27467
,,1,1,1,1,1,1,1,1,1,1
,,1,1,1,1,1,1,1,1,1,1
0.9998441312528117,1.0001152702118221
0.9986955690871335,1.0009729324187648
0.9977569756547522,1.0012235401444778
0.9973393348889983,1.0014158404476068
0.9996262905203704,1.0002610614006355
0.9984956621213888,1.000263234465193
0.9991887192290865,1.0009182471051654
0.9985037377679444,1.001567300338045
0.9984413302327182,1.0013055242587958
0.9975688203952698,1.0015501620813911
0.9975939161563067,1.001215273344986
0.9967449359078318,1.0013413627493708
0.9967236057183031,1.0013721373743887
0.9971901138078563,1.001801651045191
,,egauge20407,egauge18544,egauge7731,egauge30039,egauge20925,egauge28351,egauge9102,egauge19696,egauge28684,egauge7692
,,1,1,1,1,1,1,1,1,1,1
,,1,1,1,1,1,1,1,1,1,1
0.9997918107781703,1.0001017228970017
0.998081921273335,1.0008151200270088
0.9964950113553037,1.0012327418526241
0.9958275449041656,1.0014057385120978
0.9988760154372819,0.9999997190971914
0.9984956621213888,1.0009048228644852
0.9994907594695251,1.0008555297403807
0.9978040142041096,1.0011597599534858
0.9980314677141742,1.0010480362889653
0.9963564263552053,1.0011009927645707
0.9964621298422867,1.0012988827659397
0.9950385060740465,1.0014791382080444
0.9957768949916007,1.0015077286407024
0.9947859808980243,1.0015450168667488
,,egauge19821,egauge2474,egauge30378,egauge23534,egauge3166,egauge26944,egauge13974,egauge22785,egauge14018,egauge20358
,,1,1,1,1,1,1,1,1,1,1
,,1,1,1,1,1,1,1,1,1,1
0.999825423756185,1.0001330983729328
0.998600943405687,1.0007665252590978
0.9978047453117539,1.0011609530003918
0.997041984506968,1.0014839820043802
0.9992967816567143,1.0007646253215707
0.9981704284341621,1.0006567598159737
0.9983531577405628,1.0006012833276647
0.9984596014204496,1.0009184039636516
0.9985706518658531,1.000807020934524
0.9964433545217891,1.001404255579736
0.9975619266108329,1.0012191251313567
0.9969310033510566,1.0011678328126592
0.9962022134626587,1.0017463161479345
0.9969274501243502,1.0016447067191614
,,egauge22084,egauge18158,egauge8253,egauge28684,egauge22271,egauge4183,egauge17073,egauge8816,egauge15623,egauge15601
,,1,1,1,1,1,1,1,1,1,1
,,1,1,1,1,1,1,1,1,1,1
0.9998098754727988,1.000094440993466
0.9984792412771734,1.0008911621486556
0.9971534135076888,1.0014258507893785
0.9968350610944475,1.0018041910141655
0.9993361946888373,0.9999997190971914
0.9984956621213888,1.0007544317808934
0.9978050930685264,1.0002601428224134
0.998418669046086,1.001083579333689
0.9983984803401644,1.0012152834668917
0.9982482027515522,1.0012618214170024
0.9971081666102306,1.0014878717250488
0.9951650293920181,1.0016629529973404
0.9966322565830578,1.0018916507246778
0.995462928960064,1.0023081889635796
,,egauge30039,egauge3611,egauge5198,egauge26944,egauge3608,egauge32290,egauge8253,egauge33764,egauge28684,egauge30378
,,1,1,1,1,1,1,1,1,1,1
,,1,1,1,1,1,1,1,1,1,1
0.9998082562435482,1.0000804782626656
0.9984708794767224,1.00051153531615
0.9978475709105371,1.000917514388593
0.9974906665404557,1.001148117051614
0.9995626248747208,1.0004495608561845
0.9977753415932694,1.0003478613184742
0.9980425225671715,1.0004710776016117
0.9972711610979289,1.0008456395530172
0.9976265796809369,1.0004840353853035
0.9970325165242652,1.0003796677746557
0.9975060011885127,1.000954703540747
0.9977409147104201,1.0012173824966517
0.9974399163113684,1.0012864960923145
0.9969685294397266,1.0014128810326475
,,egauge18350,egauge27467,egauge19821,egauge2474,egauge20925,egauge17311,egauge9102,egauge8253,egauge28351,egauge4183
,,1,1,1,1,1,1,1,1,1,1
,,1,1,1,1,1,1,1,1,1,1
0.9998194643530197,1.000103876682021
0.9983979595542992,1.0005998396600757
0.997357277749001,1.000865551141386
0.997255287871541,1.0010448891731232
0.9996539656363552,1.0002408955725612
0.9984956621213888,1.0008379170637782
0.9986956060634606,1.001360427890945
0.9976011975242473,1.0007820647199681
0.9983373932694717,1.0007980481112313
0.9983209401536705,1.0008315851085503
0.9970611328541373,1.000906870086303
0.996515917504426,1.0009083738320508
0.9969848154177867,1.0011031414258815
0.997148706646567,1.0012590912490293
,,egauge18158,egauge8617,egauge5198,egauge18544,egauge14795,egauge14018,egauge17311,egauge3166,egauge16616,egauge13836
,,1,1,1,1,1,1,1,1,1,1
,,1,1,1,1,1,1,1,1,1,1
0.9998889338505375,1.0000939382241454
0.9992169964315258,1.0007511750074496
0.9990518682973473,1.0010868341163164
0.9989432862752636,1.0013318932164434
0.9994913295748912,1.0004260881754872
0.9984956621213888,1.0002705619067185
0.9980754412051485,1.0004822395949091
0.9988304269551039,1.0011664313403985
0.9987494706269339,1.0008294354684926
0.9969869479141786,1.0012728736093979
0.999027131988371,1.0011364302925543
0.9988105889505232,1.0011510865632822
0.9988561397936734,1.0013173264761641
0.9987017073911565,1.00178199476883
,,egauge4183,egauge2474,egauge16616,egauge7729,egauge28684,egauge13974,egauge20670,egauge28351,egauge23534,egauge22785
,,1,1,1,1,1,1,1,1,1,1
,,1,1,1,1,1,1,1,1,1,1
0.9998211225812663,1.0000771263237067
0.9983102370664956,1.0005778440357713
0.9973563587719627,1.00093488890341
0.9970472393968177,1.0011089609686223
0.9996566258702306,1.0002996532669657
0.9982145189714905,1.0006387725096115
0.9994109380126466,1.00020548775217
0.9971520902384179,1.0007396741541483
0.998179034578216,1.0007515142260006
0.9971433784298921,1.00086753811369
0.9972535070843699,1.001021670452662
0.9964405277670698,1.0010526713672065
0.996855975351061,1.0012619017894728
0.9961742826370599,1.001183925066877
,,egauge23534,egauge7729,egauge18544,egauge22084,egauge20407,egauge5198,egauge16608,egauge20670,egauge16616,egauge7731
,,1,1,1,1,1,1,1,1,1,1
,,1,1,1,1,1,1,1,1,1,1
0.999811057145041,1.0000779926426537
0.998610780805418,1.0003774699723587
0.9983577849494485,1.0008347151014918
0.9981982555235244,1.0010653509332
0.9994172711226096,1.0004219779759613
0.9971888175797028,1.0003906975224992
0.9992029882817535,1.0009504953534625
0.998509816236971,1.0001953709538653
0.9977338765639266,1.000215600333129
0.9969773966336605,1.0007109235221254
0.9983289497504163,1.0009340073121094
0.9982724061970838,1.0011546389875998
0.9980531493374419,1.0010726322012786
0.9981449018672243,1.0014404980816218
,,egauge15623,egauge20925,egauge19810,egauge20670,egauge14018,egauge3611,egauge2474,egauge22271,egauge3608,egauge16133
,,1,1,1,1,1,1,1,1,1,1
,,1,1,1,1,1,1,1,1,1,1
0.9997703984329733,1.000069332407876
0.997844231930983,1.00077429967948
0.9966429675677775,1.0011528243697574
0.9959624075096712,1.0012168880510388
0.9995499634007067,1.0001976926464036
0.9980661805226113,1.0006069704229723
0.997504100912271,0.9999997190971914
0.9977030165993366,1.0010072047197343
0.9972796533392991,1.001138903243911
0.9961204154696298,1.0009767882267628
0.9963018851751877,1.0012478962139482
0.9966110135382744,1.0014827999570712
0.9952609700933088,1.0011950410818973
0.9958559895262111,1.0013561353761848
,,egauge13836,egauge26944,egauge22785,egauge15623,egauge16608,egauge21932,egauge9102,egauge19810,egauge18158,egauge17073
,,1,1,1,1,1,1,1,1,1,1
,,1,1,1,1,1,1,1,1,1,1
0.9998260164265077,1.0000760758995884
0.9986390351097054,1.0003774645727166
0.9973616094107561,1.0005605041063834
0.9971831560351363,1.000925566653639
0.9995762797353687,1.0005668823334972
0.9974551696465184,1.0007207154507538
0.9980732507773162,1.0002258344947625
0.9985280877720661,1.0005292734525124
0.9985784515416968,1.0005683933218485
0.9986390351097054,1.0003774645727166
0.9970819104308358,1.0005976775722085
0.9962118118937159,1.00016474183915
0.9970717432864625,1.0011658747798258
0.9969913458244776,1.0011825858542993
,,egauge3167,egauge3166,egauge4183,egauge20358,egauge7692,egauge32290,egauge20925,egauge18158,egauge2474,egauge28684
,,1,1,1,1,1,1,1,1,1,1
,,1,1,1,1,1,1,1,1,1,1
0.9998666594381698,1.0000736947942839
0.998716891221777,1.0005993684857153
0.9981253282579166,1.0010825860961914
0.9976154204373776,1.0013029373778626
0.9995997207287234,1.0001801055144977
0.9984956621212838,1.0002373671729865
0.9994927121257816,1.0005170173963596
0.9984511953611732,1.0007410922533502
0.9979771042504227,1.0007309675658531
0.9970058760171285,1.000480697319775
0.997975050470164,1.0011735161120243
0.9980293048253365,1.0013383072209898
0.9970719063952428,1.0014704851966356
0.9975559969918791,1.0014439783152693
,,egauge15601,egauge3167,egauge3611,egauge18350,egauge28684,egauge14795,egauge3608,egauge30039,egauge4183,egauge20925
,,1,1,1,1,1,1,1,1,1,1
,,1,1,1,1,1,1,1,1,1,1
0.9998145014874892,1.000106957574717
0.9988177517938484,1.0008156703751832
0.9979003875237421,1.0012713270072588
0.9977792007471453,1.00152126657872
0.9984452373032036,1.0006099465495453
0.9984956621212838,1.0002945548352513
0.9976747033709197,1.000341272567944
0.9984511953611732,1.0009371760290624
0.9987470567585021,1.0009574303654816
0.9970242845975953,1.0013567446784526
0.9974847524180268,1.0012630596965084
0.9975911390818408,1.0016356322986633
0.9976704204102151,1.0016378446054386
0.9971537777676067,1.0017677468519774
,,egauge17311,egauge5198,egauge22271,egauge16616,egauge16133,egauge2474,egauge24121,egauge19696,egauge18544,egauge20358
,,1,1,1,1,1,1,1,1,1,1
,,1,1,1,1,1,1,1,1,1,1
0.9997880887796313,1.0000853126094915
0.9983984972320448,1.0007692292466812
0.9971557740334951,1.0012968807115121
0.9968627332134193,1.001604538218503
0.9993068659539731,1.0002382728826336
0.9980940261526748,1.0004851821617868
0.9992041783660778,1.0009013475991266
0.9981966429624656,1.0008299743817235
0.9978329056498019,1.0009008547285694
0.9975304645574399,1.0012136081327125
0.9970652847019995,1.0013506234160314
0.9956874971716824,1.0015325790245335
0.996623713409095,1.001852329159675
0.9967242471352841,1.0017545673682402
,,egauge27467,egauge33764,egauge26086,egauge2474,egauge7729,egauge18158,egauge18350,egauge24121,egauge26944,egauge4183
,,1,1,1,1,1,1,1,1,1,1
,,1,1,1,1,1,1,1,1,1,1
0.9998253005135126,1.0001203336312603
0.9983592116211095,1.000807873398853
0.9974451037612166,1.0012410081986414
0.99672856031053,1.0015422319050715
0.9996863275727518,1.0004524392289036
0.9984956621212838,1.000649909103788
0.9986007983697801,1.000940687923721
0.9977217953652321,1.0010407875983307
0.9972725899879402,1.000959759495453
0.9979742720129727,1.0012431898950471
0.9974080703195047,1.0012740775423927
0.9971837334900201,1.0013802594127215
0.9958962696138656,1.0017827150418355
0.9965368529493699,1.0016922499858987
,,egauge33764,egauge13830,egauge19821,egauge19810,egauge16608,egauge30378,egauge7731,egauge26944,egauge22271,egauge13836
,,1,1,1,1,1,1,1,1,1,1
,,1,1,1,1,1,1,1,1,1,1
0.999838031697183,1.0001388858604336
0.9985316804839632,1.0008426100494794
0.9975987115454192,1.00160348014876
0.9975030657273719,1.0020811739450153
0.9994979940334605,1.0003985136106637
0.9984956621212838,1.0005811609435133
0.9987665436529883,1.001416738767451
0.9975232118839121,1.0004681744862542
0.9983168246537114,1.001024887383203
0.9977007002679157,1.0012483639915823
0.9975328643265159,1.0017110113282468
0.9963316228831283,1.0019572047064051
0.997437815503494,1.0023655766243622
0.9974390949323654,1.002531673600638
,,egauge26086,egauge19696,egauge20670,egauge7692,egauge17311,egauge20925,egauge30039,egauge15601,egauge26944,egauge15623
,,1,1,1,1,1,1,1,1,1,1
,,1,1,1,1,1,1,1,1,1,1
0.9998128037098218,1.0001078781827946
0.9984075142404635,1.0007537328676543
0.9974025212872312,1.0014055488395364
0.9973027008468438,1.001687591030163
0.9993141911980905,1.0004888533520917
0.9969685568025274,1.0008452825427792
0.9992383741206567,1.0007195553010073
0.9974394823575202,1.0008651035556309
0.9983974191415582,1.000875229635164
0.9979582283209615,1.0011586267209522
0.9973078913432265,1.001513054885185
0.9960400731075685,1.0019093097533367
0.996440969537822,1.0019208248715759
0.9972280869956996,1.001816196793807
,,egauge2850,egauge33764,egauge22271,egauge28351,egauge23534,egauge32290,egauge19810,egauge13830,egauge19696,egauge18158
,,1,1,1,1,1,1,1,1,1,1
,,1,1,1,1,1,1,1,1,1,1
0.9997534177236742,1.0000231013062255
0.997999309044333,1.000317209266052
0.9963193108744256,1.0005305598508285
0.9953599653767535,1.0008892097998892
0.9975936662465503,0.9999997190979685
0.9984956621212838,1.0005620591428734
0.9990539504993367,1.000824187232767
0.997041811518664,1.0003981614602235
0.9978294237806602,1.000661362899941
0.9971422790164587,1.000201422677733
0.995920876815627,1.000373646590924
0.996074486010046,1.0006803988038795
0.9943270361044663,1.0010712410464062
0.9952748898295299,1.001221207941208
,,egauge16616,egauge19810,egauge27467,egauge8253,egauge33764,egauge15623,egauge26086,egauge7731,egauge13974,egauge20407
,,1,1,1,1,1,1,1,1,1,1
,,1,1,1,1,1,1,1,1,1,1
0.9998196712197908,1.000042959968134
0.9986079848422026,1.0005208715898877
0.9975360429301752,1.0008046930697492
0.9965813642073597,1.0007623431438482
0.9996058870146712,1.00010713322804
0.9976524335763473,0.9999997190979685
0.9994776683012123,1.000802023292744
0.9980778882973748,1.0006119658342978
0.9983253457537464,1.0008043401814695
0.9984924321401205,1.0007323291101358
0.9974866603580641,1.000941050986771
0.9974614082602428,1.0011830504279717
0.9961108542778674,1.0008642557301504
0.9956770032925785,1.0005844758151832
,,egauge14018,egauge3166,egauge20358,egauge17073,egauge30039,egauge7692,egauge18350,egauge18544,egauge20407,egauge5198
,,1,1,1,1,1,1,1,1,1,1
,,1,1,1,1,1,1,1,1,1,1
0.9998476878195273,1.0000872562840921
0.998593985592858,1.0006124432451033
0.9974002887618699,1.0008628887305386
0.9963060107702667,1.0008181026494174
0.9986621848196482,1.0004724619375065
0.9984956621212838,1.0002595056886088
0.9995295890356911,1.000408236662803
0.9984511953611732,1.0009195907051156
0.998482928124614,1.0009668469437374
0.9970682845525151,1.0008626445751336
0.9973673717394688,1.0009124716822555
0.9973150068018817,1.001302024972035
0.9956765757417849,1.0006870994249815
0.995401944911639,1.000990203771632
,,egauge15623,egauge2474,egauge17073,egauge26086,egauge18158,egauge20670,egauge22084,egauge8816,egauge32290,egauge7731
,,1,1,1,1,1,1,1,1,1,1
,,1,1,1,1,1,1,1,1,1,1
0.999832737732669,1.0000883780937753
0.99842991444237,1.0006393449885531
0.997072032960119,1.000845837350775
0.9969637053911654,1.0009611447368654
0.9995994133317296,1.0002294766591233
0.9982415892250331,1.0006636038921035
0.9989255881454159,1.0008024980959274
0.9983188785330065,1.0009633698104405
0.9983289715589673,1.0007507006386336
0.9982566338109061,1.0011907124215744
0.9970309029015026,1.000746690500978
0.9950838397914349,1.001242102912707
0.9967259457532442,1.0009101855992395
0.9968678141522184,1.001228887656902
,,egauge7731,egauge15601,egauge33764,egauge2474,egauge16608,egauge4183,egauge3167,egauge7729,egauge24121,egauge27467
,,1,1,1,1,1,1,1,1,1,1
,,1,1,1,1,1,1,1,1,1,1
0.9998582944116153,1.0001274445605266
0.998662004421089,1.000796886962222
0.9977684358273953,1.001204360082388
0.9975580230668281,1.0014671132076642
0.9996665158750395,1.0004719896540097
0.9973066439006073,1.001029156419309
0.9990897427534892,1.0006958303567712
0.9978649928053777,1.0010297982019964
0.9985913224614243,1.0009791544638695
0.9984116642218425,1.0010673318988677
0.9977437370165787,1.0012374281299867
0.9964168921221372,1.0013650317505267
0.9973840336200809,1.0015618243784896
0.9974620641465297,1.001772730620004
,,egauge26086,egauge28351,egauge18350,egauge5198,egauge20407,egauge33764,egauge27467,egauge7692,egauge18158,egauge15601
,,1,1,1,1,1,1,1,1,1,1
,,1,1,1,1,1,1,1,1,1,1
0.9998149143043215,1.0001042837863876
0.9982850617919294,1.0007729475974
0.996732719564376,1.0014308362604678
0.9957731294157617,1.0018348346753239
0.9993200444016908,1.0005052833280386
0.9979790267396891,1.0004041579009468
0.9992806593120963,1.0003861376486933
0.99769115304688,1.0008843208100153
0.9976710005852779,1.000590763497046
0.99800958340103,1.0011948914808881
0.9967450531600881,1.001542481006653
0.9957112868210344,1.0015808346254382
0.9956067413660421,1.0020164762675874
0.9944133203596428,1.0023388507783928
,,egauge15601,egauge22084,egauge17073,egauge27467,egauge8617,egauge3167,egauge24121,egauge26944,egauge33764,egauge21932
,,1,1,1,1,1,1,1,1,1,1
,,1,1,1,1,1,1,1,1,1,1
0.9998721881918498,1.000088645809027
0.998856220452236,1.0006804182684554
0.9979018199666242,1.0010925663040353
0.9978507873900956,1.0012142798486003
0.998522163362526,1.000561967089235
0.9984956621212838,0.9999997190979685
0.9989403330624395,1.0007834218951337
0.9984511953611732,1.001015472406613
0.9987552266212983,1.000720909824344
0.9987257084658542,1.0008457799649293
0.9978030177049583,1.0011462960896333
0.9966342758474831,1.001446077667806
0.9977927627706079,1.0013526696867876
0.9978507873900956,1.0012142798486003
,,egauge21932,egauge18544,egauge17073,egauge3167,egauge13836,egauge8816,egauge3166,egauge7731,egauge26944,egauge20358
,,1,1,1,1,1,1,1,1,1,1
,,1,1,1,1,1,1,1,1,1,1
0.999858213095162,1.0001106467884553
0.9985535751844016,1.000847959320754
0.9979261870590271,1.0013465560365855
0.9971174729764639,1.001647816220959
0.999858213095162,1.0001106467884553
0.9991325915269554,1.0009239412952766
0.9989722069172315,1.0008111667705926
0.9984929977015272,1.0009390887875993
0.9984526175288516,1.0012576518876266
0.9949671918448018,1.0013250755370593
0.9979138352153227,1.0013630925205956
0.9969499999026847,1.0016358574373958
0.9962559321947537,1.001881039191158
0.9970322199009222,1.0018085720054126
,,egauge15623,egauge24121,egauge16616,egauge4183,egauge9102,egauge20407,egauge17311,egauge2474,egauge19696,egauge18158
,,1,1,1,1,1,1,1,1,1,1
,,1,1,1,1,1,1,1,1,1,1
0.9998197747198707,1.0000587780771475
0.9983213730595246,1.0005758670509535
0.9973177793616543,1.001123008359809
0.9963763179027006,1.0014819094687073
0.9996312678415981,1.0002192324499157
0.998274001342182,1.0002940152055337
0.9993722666275072,1.0001657408996953
0.9981981307544759,1.0007479615578767
0.9977347623269877,1.0007060158502312
0.9966495365745509,1.000228495961297
0.9972972082629306,1.0011726066423652
0.9970200628494629,1.001315803098872
0.9953855082386267,1.001664068222418
0.9962592045985158,1.0018141400574812
,,egauge15623,egauge19821,egauge4183,egauge13836,egauge2850,egauge17073,egauge20407,egauge2474,egauge20925,egauge19810
,,1,1,1,1,1,1,1,1,1,1
,,1,1,1,1,1,1,1,1,1,1
0.9997649282320448,1.000014755438086
0.9978361647104735,1.0000779216876672
0.9969130458838635,1.0001939510868607
0.9966137868422402,1.0001939510868607
0.9995812456655063,1.0001580714666682
0.9987187966845616,1.00119717253568
0.9993952965489074,1.000473010562965
0.9977958130460469,1.0001280300119473
0.9959437962508959,1.0000779216708708
0.9976437709291194,1.0004808956454043
0.9968308061308939,1.0001939510868607
0.9960721324061209,1.000418640148874
0.9962158952028287,1.000193951086861
0.9957640645420216,1.0002009077625538
,,egauge26944,egauge15623,egauge3166,egauge8253,egauge18350,egauge22785,egauge23534,egauge16608,egauge5198,egauge20407
,,1,1,1,1,1,1,1,1,1,1
,,1,1,1,1,1,1,1,1,1,1
0.9998066905119091,1.0000540704482133
0.9981140775779539,1.000371583300141
0.9967771059485154,1.0006806224610196
0.9956949842763877,1.0007126682319174
0.9985839345674613,1.0004042856925288
0.9993449282452287,1.0003522954724275
0.9992714563963457,1.00025856002543
0.9980232619128456,1.0003739566506742
0.996833368468244,1.000462661489476
0.9967495228066959,1.0004440411560305
0.9966332196765829,1.0008210926229677
0.9967025385455891,1.0007986306932621
0.9950804545588301,1.000858256742349
0.9947703407702618,1.00055215061768
,,egauge20925,egauge19696,egauge3611,egauge26944,egauge19821,egauge26086,egauge28684,egauge7731,egauge16608,egauge22084
,,1,1,1,1,1,1,1,1,1,1
,,1,1,1,1,1,1,1,1,1,1
0.9998390904417621,1.0001213688546118
0.9987565479140569,1.0009942838402237
0.9984014510681963,1.0012463480949292
0.9981908795434142,1.0012527944122558
0.9990110255929222,1.0003943293371842
0.9969667449235503,1.0007974243648554
0.9976649177991538,1.000386293213755
0.9975564239777301,1.001328578632663
0.9985949884111947,1.00159214783762
0.9984731027507572,1.0015161322446662
0.9983726143853479,1.0013000876666431
0.9982307020320449,1.0015248981490783
0.998024013242505,1.0013839054182228
0.9980841799356415,1.0010707630101272
,,egauge30378,egauge33764,egauge19810,egauge7729,egauge14795,egauge17311,egauge21932,egauge13974,egauge22084,egauge16133
,,1,1,1,1,1,1,1,1,1,1
,,1,1,1,1,1,1,1,1,1,1
0.9924387779510397,1.000026532721388
0.9916695688064081,1.0003027632362846
0.9908414471733158,1.0004262635777295
0.9908414471733158,1.000637570256606
0.9924387779510395,1.0002473357872343
0.7505255961137115,1.0005743595030443
0.9924387779510395,1.0000214457206245
0.9916695688064081,1.0003759391917262
0.9916695688064081,1.0006188821825195
0.9915549657064724,1.0005344273552714
0.9902743260681924,1.0004262635250087
0.9908414471733158,1.0004262635777295
0.9908414471733158,1.000637570256606
0.9908414471733156,1.0009908916998596
,,egauge20358,egauge18350,egauge13830,egauge9102,egauge19821,egauge15601,egauge13836,egauge22785,egauge2850,egauge30039
,,1,1,1,1,1,1,1,1,1,1
,,1,1,1,1,1,1,1,1,1,1
0.9924198870701498,1.0000437853565198
0.9914831017126571,1.0003707514710656
0.9904721118635313,1.000248802705485
0.990408884980505,0.9999997190971763
0.9924198870701498,1.000179907112213
0.7505113099997516,1.000324014273125
0.9924198870701498,1.0005559563473236
0.9914831017126571,1.000482071803725
0.9914831017126571,1.000816208119721
0.9913685241276635,1.000968495909924
0.9899093165257647,1.0004222427828997
0.9902712594733536,1.0002701978789788
0.9903369953015356,0.9999997190971761
0.990408884980505,1.0002382998443875
,,egauge2474,egauge21932,egauge19810,egauge15601,egauge24121,egauge8617,egauge8816,egauge19696,egauge20670,egauge32290
,,1,1,1,1,1,1,1,1,1,1
,,1,1,1,1,1,1,1,1,1,1
0.9924734731660922,1.0000487058329623
0.9920899680039924,1.0006611955797953
0.9918513362048315,1.0011872777500301
0.9916487715988688,1.0013026164621612
0.9924734731660919,1.0003519771839011
0.7505518323778995,1.000337541289647
0.9924734731660919,1.000512443559014
0.9920899680039924,1.0010559082876636
0.9918996375020113,1.0007520547110766
0.9918606789893829,1.000701064897037
0.9918268107550812,1.0013402359971735
0.9918513360047476,1.001567173671926
0.991648767899076,1.0014847363834094
0.9913100741218589,1.0012276483830043
,,egauge28684,egauge20670,egauge8816,egauge14795,egauge3611,egauge15623,egauge28351,egauge19810,egauge3167,egauge7731
,,1,1,1,1,1,1,1,1,1,1
,,1,1,1,1,1,1,1,1,1,1
0.9923136534802158,1.0000614606043576
0.9903295261318221,1.0004018814662208
0.988975901550376,1.0004868240182896
0.9885534305999347,1.000717329506431
0.9923136534802158,1.0002626005291524
0.7504309850909461,1.0006454535097489
0.9923136534802158,1.0008309545962477
0.9903295261318221,1.0007156888067907
0.9903295253623878,1.0004988964952797
0.9875920523761623,1.0006772023564625
0.9883856368702052,1.0005487761547394
0.9888703668531307,1.000091096181516
0.9880730775240993,1.0007828384989501
0.9885534305999347,1.0010064160110428
,,egauge19810,egauge19821,egauge7731,egauge9102,egauge27467,egauge17073,egauge20670,egauge15601,egauge15623,egauge32290
,,1,1,1,1,1,1,1,1,1,1
,,1,1,1,1,1,1,1,1,1,1
0.9923571552557559,1.0001027570392316
0.9907586891387611,1.0008456427354437
0.9898265864163703,1.001254677879734
0.9898265864163703,1.001286296893336
0.9923571552557559,1.0000014807170576
0.7504638805178785,1.0013030035645563
0.9923571552557559,1.0008713826283782
0.9907586891387612,1.0009874077371916
0.9907586883703626,1.001210276982711
0.9880198104042229,1.0012664023320086
0.989235720266168,1.0013406624875836
0.9897209441815068,1.0017583490637987
0.9898265864163706,1.0013809878398747
0.9898265864163703,1.0012220390617115
,,egauge19810,egauge15623,egauge9102,egauge14795,egauge27467,egauge7729,egauge26944,egauge3167,egauge20407,egauge30039
,,1,1,1,1,1,1,1,1,1,1
,,1,1,1,1,1,1,1,1,1,1
0.9923571552557559,1.0000597461995653
0.9907586891387611,1.0007329690591402
0.9898265864163703,1.0010397745037416
0.9898265864163703,1.0011295350151903
0.9923571552557559,1.0000014807170576
0.7504638805178785,1.000355694844017
0.9923571552557559,1.0004462959788498
0.9907586891387612,1.001046899181937
0.9907586883703626,1.001087421598244
0.9880198104042229,1.0010420395226927
0.989235720266168,1.0011686756573943
0.9897209441815068,1.0011327907659624
0.9898265864163706,1.0009984836184251
0.9898265864163703,1.0014723445156346
,,egauge13836,egauge14795,egauge24121,egauge7731,egauge15601,egauge18350,egauge3167,egauge27467,egauge4183,egauge13830
,,1,1,1,1,1,1,1,1,1,1
,,1,1,1,1,1,1,1,1,1,1
0.9923571552557559,1.0001323589220803
0.9907586891387611,1.0009602308831416
0.9898265864163703,1.0014828807495801
0.9898265864163703,1.0017136368116244
0.9923571552557559,1.0005966309281316
0.7504638805178785,1.0007608359401965
0.9923571552557559,1.0004105426919305
0.9907586891387612,1.0012563168155344
0.9907586883703626,1.0014155202435464
0.9880198104042229,1.001192074512591
0.989235720266168,1.0015200946324954
0.9897209441815068,1.0018794446065988
0.9898265864163706,1.0018593974398962
0.9898265864163703,1.001894126777247
,,egauge20670,egauge20925,egauge14018,egauge33764,egauge3166,egauge13836,egauge8617,egauge3167,egauge7729,egauge18350
,,1,1,1,1,1,1,1,1,1,1
,,1,1,1,1,1,1,1,1,1,1
0.999848317313478,1.000103872119809
0.9987841293113477,1.000687309650737
0.9977022457162721,1.0009610785523415
0.9967857413187169,1.0011340204422698
0.9990167314919278,1.000371689843638
0.9981248974315635,1.0006597502539492
0.9973749568464805,1.000874649091944
0.9986515769011683,1.000879680513846
0.9987336336745214,1.0007581729867006
0.9986878131114526,1.001482174890628
0.9976158131721998,1.0009817398526968
0.997638259745205,1.0010788646525448
0.9958161058283793,1.0012286943838535
0.9966013001296443,1.0012839663193753
,,egauge20925,egauge18350,egauge26086,egauge26944,egauge22084,egauge8617,egauge2474,egauge4183,egauge13830,egauge19696
,,1,1,1,1,1,1,1,1,1,1
,,1,1,1,1,1,1,1,1,1,1
0.9998230858099495,1.0000955382884418
0.998526344181773,1.0006459848876486
0.9973450070962766,1.0011324394484202
0.9962704274268562,1.0014015685391087
0.998982318989671,1.000393393596639
0.9994725425273282,1.0003444674135615
0.9985959533285055,1.0008708026988284
0.9977477133025571,1.0009730733379538
0.9984152956228214,1.000484063869456
0.998199058411201,1.000723223521482
0.9973244350291613,1.0012192412400531
0.9972170990340236,1.0012823850497006
0.9960315756835008,1.0015399889859251
0.994824913468398,1.0017627851502169
,,egauge20358,egauge14795,egauge5198,egauge3611,egauge13974,egauge20407,egauge8617,egauge22271,egauge2850,egauge3166
,,1,1,1,1,1,1,1,1,1,1
,,1,1,1,1,1,1,1,1,1,1
0.9997725929307654,1.0000214975227242
0.9977381833444906,1.000264962173233
0.9963381748543768,1.000570472144848
0.9950116703367297,1.0006805817195883
0.9990167314919278,1.0001416711478393
0.9977785856769414,1.0006066831670322
0.9979903465029487,1.0004146196875388
0.9967105367768676,1.0002649621700679
0.9975566523200855,1.0002042618887381
0.996716728852678,1.000264962173233
0.9963011900789692,1.000673741051781
0.9963062323993033,1.000691899277715
0.9935178899274835,1.000816995209545
0.9949904086428834,1.00109819635776
,,egauge16616,egauge7729,egauge33764,egauge19810,egauge8816,egauge2474,egauge30378,egauge5198,egauge7692,egauge28684
,,1,1,1,1,1,1,1,1,1,1
,,1,1,1,1,1,1,1,1,1,1
0.9928929614983117,1.0000610811885169
0.9294749118375699,1.0004743510214353
0.8601246521634439,1.0008824493158477
0.7907990894408314,1.0010553806212303
0.992585547585418,1.0001340916455128
0.9928929614983117,1.0003771923539173
0.9928929618665834,1.0006576931885314
0.9295111879116786,1.0001000783109586
0.9293173341265933,1.0008489540986771
0.9291567121703844,1.0009931944623316
0.8601246521634439,1.0009857562820716
0.8601246530195157,1.0010216416379196
0.7907990894408315,1.001120915772994
0.6749507774287928,1.0012481599843908
,,egauge7731,egauge32290,egauge24121,egauge20925,egauge5198,egauge18350,egauge28351,egauge16133,egauge16616,egauge14795
,,1,1,1,1,1,1,1,1,1,1
,,1,1,1,1,1,1,1,1,1,1
0.9928611063889753,1.0000809897991463
0.9293189387806117,1.0006713965062655
0.8599803114339575,1.0010704262308172
0.7906663773861112,1.0013011020171065
0.9925960910788757,1.0004152457495277
0.9923066857587693,0.9999957738169608
0.9926820674312914,1.000359156680847
0.9293189387806117,1.0009042732393088
0.9293189387806117,1.0007827563951828
0.9284711634252989,1.0008985859197217
0.8599803114339574,1.0011282878792036
0.8599803114339575,1.001212536138804
0.7906663773861112,1.0013448036737622
0.6748374978311691,1.0016225429311414
,,egauge16133,egauge15623,egauge16616,egauge33764,egauge24121,egauge15601,egauge13974,egauge2850,egauge27467,egauge13830
,,1,1,1,1,1,1,1,1,1,1
,,1,1,1,1,1,1,1,1,1,1
0.9998071258583967,1.0000215724276993
0.9981777656974766,1.000178461387893
0.9965907333746135,1.0004153335640942
0.9964888344440119,1.000551018433006
0.9987102888857573,1.000172139267707
0.9992929767002922,1.0002825366936043
0.999406854368606,1.0001223737667284
0.9981273063321521,1.0003092826189615
0.9979255290366007,1.000218216596602
0.9961513953072738,1.0006706117951958
0.9963975686914041,1.0004153335640942
0.9945365467485588,1.0005865592095868
0.9964164220492338,1.0006154838688217
0.9961902005886459,1.0008828841747972
,,egauge14795,egauge7692,egauge4183,egauge22084,egauge14018,egauge18544,egauge2850,egauge3167,egauge26086,egauge19696
,,1,1,1,1,1,1,1,1,1,1
,,1,1,1,1,1,1,1,1,1,1
0.992914661741379,1.0000271420955877
0.9295919239408725,1.0002121478222323
0.8602329315321512,1.0003363336482305
0.7908986397015936,1.0005338937296033
0.9928739344866117,1.0003569156106018
0.9927561725895486,1.000305105877127
0.992914661741379,1.0004966146965708
0.9295919239408725,1.0001656686778866
0.9295919239408725,1.0004448982175678
0.9295919239408723,1.0008317766815684
0.8602329315321512,1.0003769236068392
0.8602329315321513,1.0004433315548376
0.7908986397015936,1.0007668101752198
0.6750357406774475,1.0008978473953902
,,egauge22084,egauge17073,egauge27467,egauge20925,egauge18158,egauge15623,egauge13836,egauge14018,egauge3608,egauge3611
,,1,1,1,1,1,1,1,1,1,1
,,1,1,1,1,1,1,1,1,1,1
0.992909757086615,1.0000911705871167
0.9295315528105169,1.000798447107077
0.8601770651360479,1.001268873883795
0.7908472764373593,1.0013201299077312
0.992867340933519,1.000136179760425
0.992909757086615,1.0007318583367555
0.9926990015464198,1.0008550602161552
0.929420307974078,1.00103135837839
0.9295315528105169,1.000970586694127
0.929531552810517,1.0010302466370065
0.8601770651360479,1.00139703646638
0.8601770651360479,1.001654616394387
0.7908472764373594,1.0012982803220336
0.6749919024863688,1.0014379656801777
,,egauge22785,egauge3166,egauge20670,egauge33764,egauge16133,egauge3611,egauge19821,egauge22084,egauge14795,egauge20925
,,1,1,1,1,1,1,1,1,1,1
,,1,1,1,1,1,1,1,1,1,1
0.9929198895200944,1.0000942636748928
0.9295673886626247,1.0008456590367305
0.8602102263724959,1.0014259623104995
0.7908777640061059,1.0017657366756152
0.9928807739117542,1.000169137961514
0.9929198895200944,1.0001941973552357
0.9929198895200944,1.0008419403119915
0.92940052302631,1.0010508215331717
0.9295968201632019,1.0010076800555223
0.9295673886626247,1.0013106482193765
0.8602102263724959,1.001669963695091
0.860210226372496,1.0012438937033143
0.790877764006106,1.0019844098527642
0.6750179221625427,1.0020122880601128
,,egauge8816,egauge8617,egauge20925,egauge13836,egauge7729,egauge5198,egauge3167,egauge20407,egauge18158,egauge7692
,,1,1,1,1,1,1,1,1,1,1
,,1,1,1,1,1,1,1,1,1,1
0.992886917822443,1.000067622691969
0.9294776651158244,1.000610472900412
0.8601271987061908,1.0008250250934518
0.7908014298402521,1.0010748290428781
0.9926006997054926,1.0004033995965202
0.9927267271164457,1.000241205993922
0.992886917822443,1.000676447778519
0.9294776651158244,1.0010763206271525
0.9294776651158244,1.0007015768033447
0.9291417999650147,1.0008229040301528
0.8601271987061908,1.0008663420599697
0.8601271987061908,1.000664486204575
0.7908014298402521,1.0012787541414967
0.6749527733360845,1.001192630952746
,,egauge21932,egauge5198,egauge20670,egauge9102,egauge26944,egauge2850,egauge3166,egauge14795,egauge19696,egauge4183
,,1,1,1,1,1,1,1,1,1,1
,,1,1,1,1,1,1,1,1,1,1
0.9997765700843647,1.0000303774584287
0.99803152283315,1.0000674632241702
0.9969587295414561,1.0004269560706882
0.9960176463779792,1.0007535190413324
0.9997765700843647,1.0000303774584287
0.9980818714222185,1.0006402147977882
0.998095208655391,1.0006455104825998
0.9972955413129124,1.0001888615018482
0.9972025753013546,1.0002301171767658
0.9942263143163073,1.0007882151329401
0.9969381669357,1.0004310856439853
0.9967099908511218,1.0007128841964157
0.9949851776212751,1.001015627024511
0.9958704196353162,1.0009141051953943
,,egauge3166,egauge2474,egauge17311,egauge22785,egauge26086,egauge13836,egauge33764,egauge28351,egauge26944,egauge9102
,,1,1,1,1,1,1,1,1,1,1
,,1,1,1,1,1,1,1,1,1,1
0.9998575253800706,1.0000945423025647
0.9986195496312614,1.0008397868702634
0.9975019207729676,1.001358762409249
0.996496472396018,1.0016600269459284
0.9996122605553832,1.0001864526800623
0.9982174716745803,1.000670467004212
0.9986110031682319,1.0004663074907594
0.9981715890155576,1.000835630274138
0.9984943922433623,1.0011192110014389
0.9985039952518404,1.0016272516424831
0.9974689997787344,1.001441452469912
0.9963769744146552,1.001519463370481
0.995635566984474,1.0018942884459654
0.9960813326333396,1.0018207850526362
,,egauge20670,egauge8253,egauge15601,egauge9102,egauge30039,egauge19821,egauge3167,egauge32290,egauge3611,egauge33764
,,1,1,1,1,1,1,1,1,1,1
,,1,1,1,1,1,1,1,1,1,1
0.9997746732551229,1.0001140890186315
0.9983559176634422,1.000866624709759
0.9975802942590545,1.0010690205451258
0.9968990257267689,1.0012679112119225
0.9995662047058055,1.0004130202055685
0.9979532034823372,1.000269883859242
0.9970252857951255,1.0011171452734282
0.9976398068505334,1.0010185213727445
0.9982650758082479,1.0011788277941724
0.9973173882931249,1.0020269848187693
0.9975638319152457,1.0011020833214486
0.9963769744146552,1.0010047791803387
0.9961606433102964,1.001348031215236
0.9968457542003538,1.0015143177606667
,,egauge22271,egauge9102,egauge16616,egauge3608,egauge15623,egauge14018,egauge5198,egauge3167,egauge8617,egauge22084
,,1,1,1,1,1,1,1,1,1,1
,,1,1,1,1,1,1,1,1,1,1
0.9998353723779925,1.0000591083405785
0.9987115159314731,1.000340639271406
0.9979196846301577,1.0003882802622992
0.9977857494500061,1.0003115244164817
0.9995183738815965,1.000463893826716
0.9983864249681285,1.0004377640770425
0.999467786453265,1.0001869436195288
0.9977229827153455,1.0003204030676893
0.9985649018651607,1.0004620767588879
0.9968206965284312,1.0010360426381104
0.9979052031058802,1.0004337057062953
0.9963769744146552,1.000484583092454
0.9976334637097453,1.0003406243254291
0.9976537810934537,1.0001403889372922
,,egauge17073,egauge26944,egauge28351,egauge16608,egauge20670,egauge7692,egauge19696,egauge14795,egauge22785,egauge13974
,,1,1,1,1,1,1,1,1,1,1
,,1,1,1,1,1,1,1,1,1,1
0.9997700474928481,1.000106844180399
0.9979936777278247,1.0007699519720936
0.9961236892373774,1.0011795067608753
0.9952276192050432,1.0012756015865634
0.9994543258459039,1.0003981620016398
0.9974573312711704,1.000765138449838
0.9977435692582873,1.0004278319913131
0.9979432293827842,1.0009557400678641
0.9979028747814657,1.0010028557289903
0.9962058530903714,1.0010240291341927
0.9955652963537172,1.0012663133569397
0.9958444610211012,1.0014946024442075
0.9946350937374238,1.0012955648434505
0.9945937377823872,1.0014300103504292
,,egauge28684,egauge3611,egauge13836,egauge28351,egauge7731,egauge22084,egauge21932,egauge22785,egauge33764,egauge5198
,,1,1,1,1,1,1,1,1,1,1
,,1,1,1,1,1,1,1,1,1,1
0.999849653370146,1.00007930364758
0.9986203054141743,1.0003962766153756
0.9974486694572012,1.0006638334715305
0.9967293639651197,1.0008879610837296
0.9995005421874946,1.000282170984284
0.9978141194410032,1.0003597749781803
0.9992654991966727,1.0010644057011382
0.998071024822929,1.0005336477840843
0.9985698195452813,1.0007592592137329
0.9984277322547185,1.000073120470087
0.9974486694541322,1.0006638334694407
0.9966923502838794,1.0007387581690144
0.9965265826706533,1.0010627094756486
0.9958248435426345,1.0010379792215824
,,egauge3611,egauge19696,egauge9102,egauge7731,egauge7729,egauge30039,egauge22084,egauge18158,egauge28684,egauge7692
,,1,1,1,1,1,1,1,1,1,1
,,1,1,1,1,1,1,1,1,1,1
0.9997684105708158,1.000091832676762
0.9985211201306883,1.0006818619941427
0.9976447059051834,1.000956815740876
0.9969954107883796,1.0011425706060673
0.9986906401314599,1.0002241274537167
0.9969457241579304,1.000840311253828
0.9982660806605952,1.0005095432519309
0.9984706402088198,1.0009147416064967
0.9975369507276576,1.000778998942904
0.9979821993223221,1.0013001911610753
0.9975829707645989,1.000882443768228
0.9972183448943458,1.0012901937368817
0.9969591812841898,1.001273664558454
0.9959630239650488,1.001260381947918
,,egauge19821,egauge22271,egauge21932,egauge14795,egauge20358,egauge32290,egauge17073,egauge5198,egauge15601,egauge4183
,,1,1,1,1,1,1,1,1,1,1
,,1,1,1,1,1,1,1,1,1,1
0.9998807996458471,1.0001296311779706
0.9989274096575103,1.0008337196694976
0.9981667489626935,1.0013864975531876
0.9973417718310317,1.0017775950611467
0.9993567085106393,1.0007680280688063
0.9992518078716989,1.0008771082876602
0.9998807996458471,1.0001296311779706
0.9983577946734237,1.0011476871316687
0.9976322093454583,1.0009856102965315
0.9973687249562898,1.000667211579726
0.9981090935717409,1.0014485156000015
0.9972607030616524,1.0015043428041484
0.9964076701802422,1.0021202378072998
0.9972778136847523,1.0019276548405776
,,egauge18544,egauge20407,egauge20925,egauge9102,egauge7731,egauge21932,egauge26086,egauge2850,egauge19696,egauge28351
,,1,1,1,1,1,1,1,1,1,1
,,1,1,1,1,1,1,1,1,1,1
0.9997619242850592,1.0000171155203688
0.9978673283732202,1.0002489728141073
0.9958727302051691,1.0002258373066513
0.9943878257354734,1.0004478894355202
0.9994473282186643,1.0003922625440398
0.9980257859747551,0.9999997190971778
0.9979306249351898,1.000649415726673
0.9973040212432382,1.000360277137267
0.9977967129147857,1.0006234762104746
0.9978673280982648,1.0002489728111843
0.9958029115926894,1.0003621020922582
0.9945145810677247,0.9999997190971773
0.9933849197606001,1.0007317445569766
0.9933798332443241,1.0005441990467794
,,egauge26944,egauge20358,egauge3166,egauge17311,egauge14018,egauge30039,egauge21932,egauge20925,egauge3167,egauge17073
,,1,1,1,1,1,1,1,1,1,1
,,1,1,1,1,1,1,1,1,1,1
0.9998898720811412,1.0000811069072804
0.9991940507642443,1.0007015134009123
0.9989591457562866,1.0010410937643894
0.9989513364157053,1.0013038196495279
0.9986193392383204,1.00041719296668
0.9995806292995623,1.0003655361984929
0.9992805238340874,1.0002729863243693
0.9991334273774148,1.0008331283601397
0.9980771940586102,1.0009217901315761
0.9986162020574222,1.0011845172390796
0.9986418407344119,1.0010410937225984
0.9984030996495219,1.0011696014382985
0.9987709489773663,1.001354805510237
0.998457163849871,1.0016681388753423
,,egauge2850,egauge19821,egauge15623,egauge33764,egauge16133,egauge22785,egauge30378,egauge3167,egauge18158,egauge5198
,,1,1,1,1,1,1,1,1,1,1
,,1,1,1,1,1,1,1,1,1,1
0.9997757033836738,1.000026616918582
0.9982142547193027,1.00062144655322
0.997402835413551,1.0010431524277776
0.996810854658998,1.0013250757112941
0.9975683629341532,0.9999997191102621
0.998698299972266,1.0012072565256875
0.9992963533517244,1.000324145524349
0.9979317474020738,1.0008644369300714
0.997659508172398,1.0007530490721046
0.9968495368736036,1.0007566194747033
0.9972752959611557,1.001101012127851
0.9973495320117383,1.0011502396874616
0.9967529016371766,1.0015654973268076
0.9959062470736737,1.0014429124036182
,,egauge13974,egauge7729,egauge28684,egauge22084,egauge16616,egauge26944,egauge20407,egauge17311,egauge16133,egauge19810
,,1,1,1,1,1,1,1,1,1,1
,,1,1,1,1,1,1,1,1,1,1
0.999739975048188,1.0000072841617753
0.9981739757360876,0.9999997190971773
0.9966557640283421,1.000045945663471
0.995327884687816,1.0001355112986525
0.9990254047009377,1.0001277155602952
0.9971244623491855,1.0002907716020295
0.999008293115816,1.0004138619604463
0.9980629735054883,0.9999997190971773
0.9980528838326193,0.9999997190971773
0.9963210364095677,1.000323203566601
0.9965653283799663,1.0000459456393695
0.9965599077453169,1.0000031687417688
0.9945547837331756,1.00023734853649
0.9942444979483942,1.0001355112986525
,,egauge3611,egauge15623,egauge26944,egauge33764,egauge22271,egauge14018,egauge19821,egauge7731,egauge9102,egauge3167
,,1,1,1,1,1,1,1,1,1,1
,,1,1,1,1,1,1,1,1,1,1
0.9998225856549136,1.000141661635063
0.9987673824718662,1.0012037045860418
0.9979543956061296,1.001876905986915
0.9974742643853066,1.0020243778683535
0.9987334100080457,1.0002678750580933
0.999318348249446,1.0003953446366542
0.9973120044984732,1.0008481851499857
0.9987067896166322,1.0013995704975962
0.9987370849604305,1.001508732843937
0.9970546263554863,1.001899817188848
0.9977321097418141,1.002121037222933
0.9979117244530971,1.002155663379999
0.9969565199529611,1.0021352985495198
0.9973783149730042,1.0021151404235225
,,egauge13830,egauge27467,egauge3608,egauge30039,egauge26944,egauge2850,egauge28351,egauge3167,egauge17311,egauge19821
,,1,1,1,1,1,1,1,1,1,1
,,1,1,1,1,1,1,1,1,1,1
0.9997824717916279,1.0000509330882623
0.9982709774525659,1.0002598124031299
0.9978525867412565,1.0007409004571772
0.9975020930518425,1.0011061002757098
0.999520540996712,1.0002948085849226
0.9995389121390909,1.0007545307189014
0.9976882635890175,0.9999997190971781
0.998180144881987,1.000508244879517
0.9975175571131994,1.000461682480111
0.9943041440805394,0.9999997190971771
0.9974864050182443,1.0007780818165333
0.9978099207379358,1.0008586559167423
0.9974948425957861,1.0012007711005122
0.9969267049803401,1.0015775217491616
,,egauge23534,egauge5198,egauge4183,egauge8253,egauge13836,egauge16133,egauge20925,egauge2850,egauge15623,egauge20358
,,1,1,1,1,1,1,1,1,1,1
,,1,1,1,1,1,1,1,1,1,1
0.9997849803587452,1.000033612567642
0.99795149738986,1.0003302062011357
0.9965287690687783,1.000695385445502
0.9964459820863496,1.0010605655956668
0.9994469335189614,1.0003556640381104
0.9981262022087718,1.0004270697699371
0.9994286313782657,1.0004773020818387
0.9970802923349944,1.0002593845887364
0.9979111402096729,1.0003302061977122
0.9967791387834802,1.0003302061877448
0.9965041065643491,1.0006953854132916
0.9943299044703607,1.0006953854404905
0.9964242581533012,1.0011552312999592
0.9963395029843015,1.0015319617124119
,,egauge22084,egauge30039,egauge3611,egauge28351,egauge20925,egauge20407,egauge16608,egauge5198,egauge27467,egauge16133
,,1,1,1,1,1,1,1,1,1,1
,,1,1,1,1,1,1,1,1,1,1
0.9998201975503838,1.0000760059770493
0.9983074343929192,1.0006197980790585
0.9972716353477935,1.0011214172134215
0.9968131341649294,1.0014674851584273
0.9993345533879971,0.9999997191154164
0.9992809804214213,1.00077232298587
0.9976636342833639,1.0003286316205997
0.9980079840895919,1.0007311511769708
0.9982569672423693,1.0008526605844654
0.9966356885868457,1.0002724089186312
0.9972428370840632,1.0011792822726444
0.9963723477868732,1.001239225580397
0.9966899932037946,1.0017371033297522
0.9962275771267565,1.0016496408276903
,,egauge22084,egauge28684,egauge8617,egauge20670,egauge7731,egauge2850,egauge7692,egauge14795,egauge17073,egauge20358
,,1,1,1,1,1,1,1,1,1,1
,,1,1,1,1,1,1,1,1,1,1
0.9998081913639894,1.000008990573415
0.998299403891766,1.000171494862247
0.9977273393287655,1.0003907604175886
0.9975743017076975,1.0006020074788293
0.9992950467610611,0.9999997191085488
0.9990297663766481,1.0003765533029851
0.9988764893020593,1.0002240876164887
0.9981984766226744,1.0003839906996819
0.9981076626022627,1.0005459635507121
0.9944932936036321,0.9999997190971766
0.997324126896041,1.0004361859826558
0.997418154684093,1.0007225633168735
0.9974945462052046,1.0007876038948134
0.99743569886978,1.0007090389987647
,,egauge2474,egauge16616,egauge7729,egauge13836,egauge30378,egauge9102,egauge26944,egauge28684,egauge14018,egauge20407
,,1,1,1,1,1,1,1,1,1,1
,,1,1,1,1,1,1,1,1,1,1
0.9998154934163551,1.0001018662450405
0.9986243425478578,1.0008303004667567
0.9976176215255975,1.0012296106646028
0.9972658229801292,1.0013450145422766
0.9989290570719498,1.0003747193399088
0.999421985650369,1.0002217905238007
0.9969982637288044,1.0004407168804423
0.9985637600160135,1.0011543984940385
0.9980150335760434,1.0010429618853882
0.9974134084498875,1.0011254787997985
0.9971281201933213,1.0013660370910298
0.9975429796751657,1.001368860076377
0.9964258307220922,1.0016073056486436
0.9965330442998942,1.0011522568596938
,,egauge8816,egauge27467,egauge14018,egauge19810,egauge24121,egauge15601,egauge23534,egauge5198,egauge16616,egauge32290
,,1,1,1,1,1,1,1,1,1,1
,,1,1,1,1,1,1,1,1,1,1
0.9997744267295331,1.000072131250759
0.9986559026066788,1.0003031537292046
0.9977299796433798,1.0005369134519426
0.9974210379141984,1.000498519205744
0.9977798571999028,1.0004474713576113
0.9994896189817556,1.0007423214074538
0.9974206828157843,1.0008428793093571
0.9977262395366936,0.9999289567099674
0.9985317435660904,1.0004347067606914
0.9963359206742992,1.0011338699890224
0.9975900454540667,1.0006773597006853
0.9968243850852776,1.000750987021606
0.9973485454864036,1.000498519205744
0.9964732244736135,1.0004343211242852
,,egauge14018,egauge8253,egauge27467,egauge18158,egauge3611,egauge16608,egauge20407,egauge20358,egauge30039,egauge17073
,,1,1,1,1,1,1,1,1,1,1
,,1,1,1,1,1,1,1,1,1,1
0.9998128614701084,1.0000959694675604
0.9987969692511278,1.000628971901748
0.9982259146674034,1.0009356976283468
0.9980600316598753,1.0013029141689362
0.9986460172105496,1.0004811788956924
0.9979923897672841,1.0002450871852782
0.9995343294723316,1.000851069318318
0.9984120900721294,1.0009631224691322
0.9977680326471838,1.0007403262025067
0.9984885038550936,1.0009237903823456
0.9978677317970572,1.0008654588497616
0.9980765375433941,1.0010534801965214
0.997980230252511,1.001557904562761
0.9977982906731613,1.001549330968438
,,egauge15601,egauge28351,egauge13830,egauge26086,egauge8253,egauge4183,egauge23534,egauge2850,egauge22271,egauge7692
,,1,1,1,1,1,1,1,1,1,1
,,1,1,1,1,1,1,1,1,1,1
0.9997692794589078,1.0000573845712235
0.9979619121603436,1.000353979840844
0.9965055952232484,1.0006075245217323
0.9963722002040634,1.0009086258229793
0.9984030053133621,1.0005123536006426
0.9979553307295911,1.0003092631116062
0.9991540367377234,1.0005710518440962
0.9979619121603436,1.0006778955426523
0.9970958003612472,1.000384336435695
0.9977480013435348,1.0007422460363589
0.9964398336664363,1.0006075245217323
0.9943067912473774,1.0006075245280015
0.9961260842131768,1.000933388046677
0.9957524350460144,1.001412091335769
,,egauge13974,egauge33764,egauge2850,egauge30378,egauge28684,egauge26944,egauge21932,egauge14018,egauge28351,egauge16616
,,1,1,1,1,1,1,1,1,1,1
,,1,1,1,1,1,1,1,1,1,1
0.9997786181485353,1.0000108520148558
0.998770855079909,1.000682161749866
0.9978024915529948,1.0010409018572068
0.9971845805899072,1.0011690073361268
0.9990685235527298,1.0001580953758102
0.9990970864588227,1.0005728752185692
0.9953832119860235,1.000004981073944
0.9984425382673195,1.00089478595053
0.998639581271178,1.000813773697291
0.9966081491624558,1.0013198284621265
0.9978024915529948,1.0010409018572068
0.9969230831756744,1.0014265417093353
0.9965617262804319,1.0012709689677357
0.997067352391426,1.001233266012343
,,egauge28684,egauge20925,egauge20670,egauge27467,egauge20407,egauge3611,egauge19810,egauge17073,egauge8617,egauge18350
,,1,1,1,1,1,1,1,1,1,1
,,1,1,1,1,1,1,1,1,1,1
0.9998623935617426,1.0000575393811753
0.9986252767415789,1.0002082944634398
0.9977460137299383,1.000207061115556
0.9975483521055097,1.000341442173051
0.9994814293651217,1.000244991123757
0.9980794827291738,1.000624520267916
0.9991988593071627,1.0006474737861528
0.9985344060629576,1.0005779858771788
0.9979576586033883,1.0000539384982847
0.9968995155966309,1.0004206247124656
0.9973345675071698,1.0000543348875341
0.9976180449868727,1.000506066580646
0.9973961092418449,1.0004069220853813
0.9974417337315161,1.0004698436999202
,,egauge13836,egauge21932,egauge19821,egauge18158,egauge17311,egauge20407,egauge20925,egauge30378,egauge16133,egauge22084
,,1,1,1,1,1,1,1,1,1,1
,,1,1,1,1,1,1,1,1,1,1
0.9998624766930262,1.000067133575758
0.9987389075905324,1.000271033381775
0.9979969660823095,1.0003992684143665
0.9972453573076397,1.000335315106335
0.9995862056473298,1.000557957073102
0.9998624766930264,1.0000671335757576
0.9987548281350892,1.001328328087586
0.9986379277367359,1.0005941009841275
0.9986985127588833,1.0003924608902697
0.997058234639275,0.9999932181858701
0.9979763781059232,1.0005158344065543
0.9973438486481463,1.0005779902056202
0.9964704940800642,1.0003935185554718
0.9971281206031606,1.0001427871440534
,,egauge21932,egauge7729,egauge23534,egauge30378,egauge13974,egauge20925,egauge24121,egauge8816,egauge26944,egauge3608
,,1,1,1,1,1,1,1,1,1,1
,,1,1,1,1,1,1,1,1,1,1
0.9997413015537535,1.0000830330525765
0.9978158922629671,1.00070224673333
0.9963037453249297,1.0010439196635796
0.9960118362398818,1.0012361330745763
0.9997413015537535,1.0000830330525765
0.9971693684548454,1.0004017137924301
0.9989539951256579,1.000714376009779
0.9974528768756119,1.0009148759893385
0.9972211135900081,1.0008338618097692
0.9972177164377227,1.001146590510713
0.9962133485223977,1.0010976463937362
0.9944046441175938,1.0011617172758376
0.9953464923435695,1.0014765294816292
0.9956207219642224,1.0012040048399276
,,egauge2474,egauge8253,egauge20407,egauge7731,egauge30039,egauge9102,egauge13830,egauge5198,egauge20670,egauge8617
,,1,1,1,1,1,1,1,1,1,1
,,1,1,1,1,1,1,1,1,1,1
0.9998199333536469,1.0000807598582764
0.9983837639228667,1.0007846943325822
0.996776212430192,1.0011695444251123
0.9967762091223593,1.0013426197749786
0.9989669447411159,1.0003910345905838
0.9980046304220047,1.0002225173785857
0.9979886427420456,1.0000072704775291
0.9983837639228667,1.0010715881912455
0.9983837639228667,1.0010650557124603
0.9975110070787576,1.0011904205561246
0.9964309706114929,1.0012522160063921
0.9949372101012918,1.0013837779628156
0.996771497942267,1.0015611837101055
0.9967762075304367,1.0013554412896086
,,egauge19810,egauge8253,egauge13830,egauge13974,egauge3166,egauge18544,egauge14795,egauge14018,egauge2474,egauge30378
,,1,1,1,1,1,1,1,1,1,1
,,1,1,1,1,1,1,1,1,1,1
0.9998036029369398,1.0000829783689391
0.9983837639228667,1.0009911995280938
0.996776212430192,1.0016866254425847
0.9967762091223593,1.0019687574135638
0.9986748586532175,1.0000072704775291
0.9979766507293599,1.0001739295422314
0.9991077807935356,1.0005244265409559
0.9982640307008094,1.0011228595005228
0.9983837639228667,1.001031705940836
0.9975110070787576,1.0016613098896958
0.9964309706114929,1.001810714524736
0.9949372101012918,1.0020725590502688
0.996421002774156,1.0021364364273486
0.9967762075304367,1.0021939174438588
,,egauge21932,egauge26086,egauge20407,egauge3166,egauge8617,egauge30378,egauge13974,egauge7731,egauge22271,egauge13836
,,1,1,1,1,1,1,1,1,1,1
,,1,1,1,1,1,1,1,1,1,1
0.9998410712867526,1.0000916696428372
0.9988885621590127,1.00083549794415
0.9983149503818861,1.0015290811041662
0.998155426771446,1.0020486168002134
0.9998410712867526,1.000091669642837
0.9980228762441489,1.000875608973769
0.9979977096933107,1.0005278376309779
0.9988178612090013,1.000886122256155
0.9987370745757223,1.0008962478428698
0.9977532856383137,1.0012287446596675
0.9980637510431455,1.001516676496975
0.9982402467982356,1.0018506083895884
0.9980248355356997,1.002333008581002
0.998080737315977,1.0024990991772758
,,egauge8253,egauge4183,egauge22271,egauge16616,egauge19810,egauge16133,egauge33764,egauge26086,egauge13830,egauge24121
,,1,1,1,1,1,1,1,1,1,1
,,1,1,1,1,1,1,1,1,1,1
0.9998241277444329,1.0000674040945752
0.9984389202691492,1.0004073154578286
0.998152171313013,1.0008878456193366
0.9978842873270088,1.0010799926220966
0.9988818770075981,1.0001443689153806
0.9994329678330758,1.000464843221093
0.999176954791753,1.0008737766982765
0.998337976264148,1.0004680346460297
0.9974305623415503,1.0000330723763482
0.9963968373013941,1.0006583216338674
0.9980409877298447,1.0009663571278928
0.9977255537941205,1.001221164451274
0.9976449778357845,1.0012037933613525
0.9974255994211493,1.0012192174386887
,,egauge13974,egauge30378,egauge18350,egauge27467,egauge22785,egauge2850,egauge19696,egauge20358,egauge3167,egauge16133
,,1,1,1,1,1,1,1,1,1,1
,,1,1,1,1,1,1,1,1,1,1
0.9997370551736633,1.0000199974627753
0.9977848335958711,1.0000523399927996
0.9964991024726281,1.0003024319787384
0.9961173619070269,1.0004240239846438
0.9990548597917219,1.0001638296090214
0.9983685304262199,1.0004919986841931
0.999371252599348,1.0003195477657367
0.9976133760417432,1.0003660177103764
0.997062211585496,1.0000624550026067
0.9943750238821465,0.9998484355837599
0.9959363551947262,1.000379754831408
0.9963652120437706,1.0003489720214407
0.9960811701142116,1.0005040641778633
0.9955322876336256,1.0005096290313755
,,egauge30378,egauge3608,egauge18350,egauge19810,egauge14795,egauge26944,egauge8816,egauge18544,egauge21932,egauge5198
,,1,1,1,1,1,1,1,1,1,1
,,1,1,1,1,1,1,1,1,1,1
0.9997820021130628,1.0000676458343745
0.9980497378282518,1.000543228694955
0.9968623781565322,1.000910784838545
0.9968496346127191,1.0009812295023046
0.9991162408692997,1.0002923013528777
0.9977941377193139,1.0000276801035173
0.9994126592343034,1.000310053878108
0.9970015824917334,1.000531996413313
0.997807623603545,1.0008570884320231
0.9963857488210786,1.0011676555687241
0.9960941049191167,1.0009603707066128
0.9967771506339205,1.0012856501547291
0.9968496346127191,1.0009812295023046
0.9963955480323059,1.0010990184066726
,,egauge8253,egauge32290,egauge26944,egauge18158,egauge3166,egauge20407,egauge13836,egauge22084,egauge15601,egauge3608
,,1,1,1,1,1,1,1,1,1,1
,,1,1,1,1,1,1,1,1,1,1
0.9998038253063705,1.0000522567968777
0.9985193109254302,1.0004513352503654
0.9973687163254948,1.000788587427775
0.9963825620620683,1.0010632041021599
0.9988059239137894,1.0001022409244573
0.9980810351544233,0.9999965875169963
0.9972817681357854,1.0007562109242276
0.9982770626991768,1.000761074289985
0.9985092144808477,1.0005019366009775
0.9973114261695875,1.0001618821290368
0.9973394632863691,1.0009786706434367
0.9971342411907552,1.0006066557776612
0.9954567382386298,1.001405558099705
0.9960951518072921,1.001041789382817
,,egauge20407,egauge17311,egauge16616,egauge9102,egauge18544,egauge5198,egauge22785,egauge15623,egauge22084,egauge3608
,,1,1,1,1,1,1,1,1,1,1
,,1,1,1,1,1,1,1,1,1,1
0.9998089129480454,1.000026867143086
0.9985581077598972,1.000303896931111
0.9976171631665269,1.0003080718168351
0.9968406018525625,1.0001737517812406
0.9988797493760778,0.9999965875169967
0.9986704404403735,1.0003672313167757
0.997553429938175,1.0001552203752995
0.9978216678173956,1.0004206478304105
0.9985076257457255,1.000691412625887
0.9969851174196027,1.0005162511652503
0.9975183949606223,1.000336975615154
0.9975851723369691,1.0004685734871552
0.9966667615982784,1.0000441831061702
0.9957977861674523,1.0001416638372478
,,egauge13974,egauge2850,egauge8816,egauge23534,egauge3166,egauge33764,egauge30039,egauge22271,egauge17073,egauge14018
,,1,1,1,1,1,1,1,1,1,1
,,1,1,1,1,1,1,1,1,1,1
0.9997671460358816,1.0000578240719258
0.998930464469085,1.0009307635393392
0.9982258458728694,1.0016188059276259
0.9976546147522505,1.001958657598794
0.9990973306271612,1.0001750373804872
0.9956750550609124,1.0000263578638775
0.995810391301279,1.000813292053855
0.9985669672275699,1.0012751667726256
0.9987411228913995,1.0009611408298016
0.9985023964902281,1.0012502543506103
0.9981091383482691,1.001724472957787
0.997863161888042,1.0019736919050497
0.9975821021382137,1.0021992590488713
0.9964193381567191,1.0023304544797629
,,egauge13836,egauge26086,egauge20358,egauge16616,egauge17073,egauge8617,egauge27467,egauge15601,egauge4183,egauge5198
,,1,1,1,1,1,1,1,1,1,1
,,1,1,1,1,1,1,1,1,1,1
0.9998746630407183,1.0001202563616731
0.9989324692286743,1.000806175275141
0.9981540786565708,1.001412273854671
0.9975360730319023,1.0015924026321237
0.9996165283425374,1.0005786838921351
0.9987176832451667,1.0008952505471875
0.9992241204253173,1.0004350019620325
0.9985572193116893,1.0008669230763285
0.9986761307738153,1.0010673322045833
0.9984412237312372,1.0009226009811338
0.9980840706672502,1.001542589229675
0.9968444985797893,1.0018731419068523
0.9974418224377463,1.0017381424305014
0.9966313733750151,1.0017102765398513
,,egauge3166,egauge22271,egauge7731,egauge20358,egauge19696,egauge32290,egauge18350,egauge17311,egauge16608,egauge26944
,,1,1,1,1,1,1,1,1,1,1
,,1,1,1,1,1,1,1,1,1,1
0.9998356763181899,1.0000955654321562
0.9984674725068393,1.0005641717467746
0.9974717259299867,1.0009128374639098
0.99656837916693,1.001117816477755
0.9996198270712612,1.0002013497062878
0.9992658239603903,1.0008594335245165
0.9992168207665535,1.0008865809526823
0.9983867126203994,1.0006653939644603
0.9973310854027315,1.0008680061290487
0.9970506974098318,1.0004483513373454
0.9974305767229472,1.0009582910615153
0.9974184183244948,1.0010413256846757
0.9964018342007915,1.0012447942761116
0.9953028428113185,1.0013581211425173
,,egauge2850,egauge13836,egauge8816,egauge33764,egauge4183,egauge13830,egauge22785,egauge17311,egauge30039,egauge16133
,,1,1,1,1,1,1,1,1,1,1
,,1,1,1,1,1,1,1,1,1,1
0.9997459964598842,1.000036613795792
0.9987485268100386,1.0006752205898215
0.9978726851819639,1.001082968483773
0.9971855085096861,1.0013713135744067
0.99760994770505,1.000036613795792
0.9992861120765515,1.0009220388298252
0.9957663707102649,1.0008076103152193
0.9984658406247644,1.0009182263591507
0.9986078139559232,1.0008473353177407
0.9982210815102124,1.00100654336773
0.9975804729363427,1.001111898746274
0.9977918789145235,1.0012114825124723
0.996435065395227,1.0016044604025724
0.9960572180019492,1.0015105862539346
,,egauge2850,egauge7731,egauge22084,egauge17073,egauge33764,egauge30378,egauge20407,egauge15623,egauge2474,egauge14018
,,1,1,1,1,1,1,1,1,1,1
,,1,1,1,1,1,1,1,1,1,1
0.9997476208859614,1.0000163955430836
0.9986042319366321,1.000586760113456
0.9975664104250191,1.0009323039093385
0.996681513484852,1.001310371177986
0.9975728094147386,0.9999997190971769
0.9993845354324739,1.0007542736569972
0.998633171151314,0.9999997190971769
0.9985032681756807,1.0008132155102551
0.9984303188242151,1.0008514137723812
0.9973554984061272,1.0010162105247862
0.997484106584713,1.0008579340957724
0.9975130967047524,1.0010607950858443
0.9960807300120237,1.0014779204733348
0.9960854103289046,1.0016961337068793
,,egauge20925,egauge17073,egauge7729,egauge2850,egauge17311,egauge24121,egauge14795,egauge8617,egauge30039,egauge13974
,,1,1,1,1,1,1,1,1,1,1
,,1,1,1,1,1,1,1,1,1,1
0.9997817593286433,1.0000019861484308
0.9982111878515106,0.9999997190971769
0.9977183928617992,1.0000031500006834
0.997157775802528,1.0002207103165293
0.9988593201692253,1.0003045716066572
0.9989601505703262,1.0006819181622022
0.9969656673254177,1.0003188920053498
0.9962234702622421,0.9999997190971769
0.9981904214657641,1.0000350349459615
0.9971482167726513,0.9999997190971769
0.9975949208435235,1.0001352501184888
0.9975330707415937,0.9999997190971769
0.9969404034504645,1.000431707234263
0.9965400496305176,1.0002741985832655
,,egauge16133,egauge8617,egauge22084,egauge3611,egauge2474,egauge16608,egauge3608,egauge20670,egauge22271,egauge7729
,,1,1,1,1,1,1,1,1,1,1
,,1,1,1,1,1,1,1,1,1,1
0.9998050445297161,1.0000652552104963
0.9980909197939101,1.0006965988237961
0.9969619460437217,1.001107978709306
0.9961417675645472,1.0013963323548873
0.9986625738823722,1.0002347840132997
0.9989575906436815,1.000228753370802
0.9986872741083964,0.9999950011688558
0.9971901367634248,1.000797836887374
0.9972541583047049,1.0009165881354287
0.9979177086559788,1.0010636295144077
0.9965714277467452,1.0010914475259138
0.9968660549215993,1.0013543387715766
0.9960549106437366,1.0016577210602151
0.9948981055909664,1.0015427068794414
,,egauge18158,egauge19696,egauge22785,egauge8253,egauge2474,egauge15601,egauge27467,egauge26944,egauge14795,egauge23534
,,1,1,1,1,1,1,1,1,1,1
,,1,1,1,1,1,1,1,1,1,1
0.9997872664717621,1.0001328149866482
0.9987219262543781,1.0011041944309567
0.9974859830533366,1.0017733429106055
0.9973966411477126,1.002063603912965
0.9995048577678375,1.000481706459713
0.9969075955075789,1.0008410086641846
0.998035535991655,1.0002825836288511
0.9979248605045912,1.001123096759106
0.9980379383178758,1.0013358367666956
0.9962441680103493,1.002013128936532
0.9966368499903754,1.0018891701381336
0.9963908254209584,1.002127138360105
0.9971864536554539,1.0022896475711536
0.9972687255342536,1.0022765421496131
,,egauge20358,egauge18158,egauge8617,egauge7731,egauge4183,egauge16616,egauge7692,egauge2474,egauge19696,egauge5198
,,1,1,1,1,1,1,1,1,1,1
,,1,1,1,1,1,1,1,1,1,1
0.9998104617730021,1.0000897964995237
0.9982632450091979,1.0007375347950698
0.9967304069127605,1.001175348041789
0.9953801247636149,1.0014481377432567
0.9996758980894338,1.0002429393037011
0.9990922009051849,1.0007433407265118
0.9989110849920182,1.0002683739915559
0.9982127804998012,1.0010936067688965
0.9981325840232403,1.0008910214192999
0.9978783491056424,1.000853410516114
0.9963276709062675,1.0012290831037585
0.9966984495367079,1.0014217276767123
0.9943904596774445,1.0016958828350493
0.994477052739649,1.001619871170904
,,egauge19821,egauge19810,egauge9102,egauge3608,egauge3166,egauge33764,egauge22271,egauge3167,egauge5198,egauge13836
,,1,1,1,1,1,1,1,1,1,1
,,1,1,1,1,1,1,1,1,1,1
0.9998300924165127,1.0000837066131198
0.9987572340846251,1.0007471950205018
0.9974859830533366,1.0013696001441086
0.9974286006937868,1.0017307214008406
0.9992879835124551,1.0007259080388968
0.9976583999029219,0.9999950011688558
0.9982795192182606,1.000494262787532
0.9980858149090809,1.0007168264907365
0.9987572340846254,1.0007978140596703
0.9983523529638477,1.0012001049433834
0.9966368499903754,1.0015308627386492
0.9974950682372251,1.00147672869943
0.9970224560428268,1.001810885170458
0.9974286006937868,1.0022239470566876
,,egauge17311,egauge19810,egauge8617,egauge2474,egauge24121,egauge18544,egauge19696,egauge14795,egauge16608,egauge28684
,,1,1,1,1,1,1,1,1,1,1
,,1,1,1,1,1,1,1,1,1,1
0.9997956156063537,1.0000483047232627
0.998501565385015,1.0008821350231072
0.9974184462834073,1.0014068472833175
0.9973419436938575,1.0016055233261274
0.9992723363115228,1.000230446064895
0.9975901259006876,0.9999950011688558
0.9988921005625482,1.000260494385063
0.9982384977022426,1.001115069722751
0.9982795039070067,1.001013778066795
0.9978664956917055,1.0015392951600666
0.9966368499903754,1.0014978123962897
0.9971306825483549,1.0017283283318756
0.9973056992716418,1.0017366889283636
0.9972673262166851,1.0017475815042463
,,egauge2850,egauge4183,egauge16133,egauge13974,egauge3167,egauge27467,egauge13830,egauge7731,egauge22271,egauge19696
,,1,1,1,1,1,1,1,1,1,1
,,1,1,1,1,1,1,1,1,1,1
0.9997716723540517,1.000064424481511
0.9982599785475608,1.000929138986914
0.9970849517301573,1.0016667889758109
0.9960996992175285,1.0020323287998691
0.9976164260197153,0.9999950011688558
0.9994336871188099,1.000493128499907
0.9975698991762211,1.0003756242250805
0.9976447250092795,1.000985221692098
0.998209514252219,1.0010000225673616
0.9979520350472725,1.0015058207255698
0.9966368499903754,1.0017660550366227
0.9970103569613846,1.0020527137371749
0.9959694261753018,1.0022875386687207
0.9946438714313898,1.0022682317188694
,,egauge8617,egauge26944,egauge16616,egauge14795,egauge2850,egauge19810,egauge15601,egauge18544,egauge13830,egauge3167
,,1,1,1,1,1,1,1,1,1,1
,,1,1,1,1,1,1,1,1,1,1
0.9998054648333401,1.0000145112529164
0.9983075970108592,0.9999499656738212
0.9974859830533366,1.0005162592413432
0.9974286006937868,1.000689108936047
0.9993744881400553,1.000112666430872
0.9974628295352183,1.000664842625282
0.9994191657228336,1.0001332721195912
0.9978118040134778,1.0000681216413956
0.996323734436154,0.9999499656738212
0.9965003155291878,0.9999499656738212
0.9966368499903754,1.0006401769765436
0.9974950682372251,1.0009016600057283
0.9973633563012533,1.0008055724528824
0.9974286006937868,1.0008068571572772
,,egauge19810,egauge23534,egauge32290,egauge14795,egauge8816,egauge20407,egauge4183,egauge13830,egauge8617,egauge17311
,,1,1,1,1,1,1,1,1,1,1
,,1,1,1,1,1,1,1,1,1,1
0.9997839479900349,1.0000210609787648
0.9984132726889627,1.0003736224278477
0.9974859830533366,1.000661578745303
0.9974286006937868,1.00074883405146
0.9986238388870166,0.9999950011688558
0.9990654941258036,1.0006532562738304
0.9979447812828912,0.9999950011688558
0.9981917369936025,1.0006905045877605
0.9965296538215129,1.0005431390721535
0.9969718074872203,1.0000841958882838
0.9966368499903754,1.0007442007518557
0.9974950682372251,1.0008221474389591
0.9973633563012533,1.0008070659232675
0.9974286006937868,1.000898711682824
,,egauge7692,egauge3166,egauge22785,egauge2474,egauge8617,egauge14795,egauge20358,egauge20407,egauge13974,egauge8816
,,1,1,1,1,1,1,1,1,1,1
,,1,1,1,1,1,1,1,1,1,1
0.999748702952089,1.0000519491756037
0.9980142112718902,1.0004711908983126
0.996329769601231,1.0006007844915559
0.9948575934557651,1.000754438962694
0.9987392413057403,1.0002017035018216
0.9992432427748613,1.0001648477962095
0.9979990034087846,1.0001914750088898
0.9979839406337703,1.0007026906061816
0.9979234069846976,1.000511672447856
0.9974479218269223,1.001070034654641
0.9962763492555423,1.0006627450431602
0.9961062273368106,1.0004081961266589
0.9944313770988713,1.0008417903837041
0.9930228137706147,1.0008829031640056
,,egauge22785,egauge14018,egauge4183,egauge3167,egauge20670,egauge8617,egauge18158,egauge5198,egauge13974,egauge21932
,,1,1,1,1,1,1,1,1,1,1
,,1,1,1,1,1,1,1,1,1,1
0.999859360509536,1.0000765175889526
0.9987960386920159,1.000505225920406
0.9981113395527469,1.000769239656303
0.9976954819437335,1.0008652864205974
0.9990023440388844,1.0001160928529318
0.997570712223604,1.0007965424549026
0.9994633956858425,1.0005348405866346
0.9980896371848454,1.0005963184822422
0.9987455423307409,1.000738056936711
0.998518923002408,1.0006406316597374
0.9979795759770712,1.000882788171318
0.9974964488041808,1.0008977060890418
0.9972171054167336,1.000974492787181
0.9976954819437335,1.0008652864205974
,,egauge28684,egauge19821,egauge27467,egauge26944,egauge7692,egauge19696,egauge22271,egauge2474,egauge14018,egauge18350
,,1,1,1,1,1,1,1,1,1,1
,,1,1,1,1,1,1,1,1,1,1
0.9998352859028252,1.000160425840619
0.9983651877328749,1.001078871830146
0.9980271166655453,1.0016848530125086
0.9976446120192537,1.0019669967257496
0.9994736417497574,1.0003082168033048
0.9988282998748013,1.0013412135314288
0.999511329391337,1.0008943514770359
0.9977258099225873,1.0014131999950557
0.9973770598885736,1.0012105454564608
0.9956396613073535,1.0015123037665075
0.9979795759770712,1.0018048050022135
0.9971424965085882,1.0019313808758825
0.9968093501090348,1.002229480378476
0.9975857436058606,1.0020527578488339
,,egauge18158,egauge3167,egauge32290,egauge16133,egauge23534,egauge4183,egauge2474,egauge13830,egauge22271,egauge27467
,,1,1,1,1,1,1,1,1,1,1
,,1,1,1,1,1,1,1,1,1,1
0.9998519747112786,1.0001111556117017
0.9987960386920159,1.0009679277248713
0.9981113395527469,1.0015964723357573
0.9976954819437335,1.002021437674489
0.9995172183736415,1.0004642573770648
0.9992914462289924,1.000323562436041
0.997953013174788,0.9999997191266388
0.9979568601780522,1.0011299721135856
0.9987455423307409,1.0012924387605746
0.998518923002408,1.0013491046108791
0.9979795759770712,1.0016750495407094
0.997983315212836,1.001809692833427
0.9972171054167336,1.002298525993698
0.9976954819437335,1.0023711089777656
,,egauge5198,egauge2850,egauge8617,egauge22084,egauge19696,egauge20358,egauge18350,egauge13830,egauge19821,egauge26944
,,1,1,1,1,1,1,1,1,1,1
,,1,1,1,1,1,1,1,1,1,1
0.9997820744163693,1.0000577103771209
0.998471203903043,1.0007804706122088
0.9978613712180966,1.0015282245948562
0.99700215493772,1.002118385507783
0.9988742768314886,1.0002402067011662
0.9956843617161695,1.0000577103771209
0.9988889947167459,1.0002176031307022
0.9983680905756827,1.0006166525285498
0.9970632311561481,1.001011505158605
0.998220920078504,1.0010683617306846
0.9978202028901946,1.0015613052782084
0.9976961881385219,1.0017106463003609
0.996886230437684,1.0025487286462544
0.9957359657737013,1.002472324907596
,,egauge30378,egauge7731,egauge28351,egauge21932,egauge20358,egauge3167,egauge20925,egauge28684,egauge15601,egauge22785
,,1,1,1,1,1,1,1,1,1,1
,,1,1,1,1,1,1,1,1,1,1
0.9998710208751508,1.0001034222973053
0.9989700231306881,1.0006926888570786
0.998027920097491,1.001198141619105
0.9971046395219726,1.0014929863180553
0.9991232027965179,1.0003280873136604
0.9995203762377818,1.0007924886769264
0.9978590858472959,1.0004244088053937
0.9982760416057594,1.0006926888121486
0.9988114267340947,1.000844554296746
0.9988788984245823,1.000866505123275
0.9980238021710459,1.0012890842923787
0.9980065824470048,1.0013266731338881
0.9961707967376873,1.00183551390907
0.9968552009821218,1.0014822730058603
,,egauge22785,egauge32290,egauge3166,egauge20670,egauge13974,egauge18544,egauge33764,egauge18350,egauge20407,egauge17311
,,1,1,1,1,1,1,1,1,1,1
,,1,1,1,1,1,1,1,1,1,1
0.9998237575105133,1.000049801777985
0.9986711152781516,1.0005332323898053
0.9978742808674622,1.0007005337854775
0.9973263778531974,1.000672186475156
0.9989985739058864,1.0001246721318757
0.9980978940602006,0.9999997190971776
0.9992636736812105,1.00023979092045
0.9985074552137311,1.000751649552333
0.9980152291329105,1.0005838386357466
0.9985170405001,1.0013254898693977
0.9977590178715101,1.000799686686738
0.997735628538232,1.0008354825884889
0.9967106568514242,1.000563033117698
0.9973157176004169,1.0008113442492257
,,egauge3167,egauge28684,egauge3611,egauge2474,egauge17311,egauge8617,egauge16133,egauge7731,egauge26086,egauge21932
,,1,1,1,1,1,1,1,1,1,1
,,1,1,1,1,1,1,1,1,1,1
0.9998744826664355,1.0000835920496558
0.9991080894210247,1.0006858832384076
0.9983517232617967,1.0011128667979883
0.9981362821133305,1.0013616103475396
0.9996126198269847,1.0001937790315025
0.9991545485274034,1.0004427221176524
0.99768909418917,1.000404571041397
0.9983631348339684,1.0009491490393236
0.9989350043742545,1.0008174957576705
0.9985396483544179,1.0007716605736414
0.9979111743027116,1.0011417980718296
0.998202322760151,1.0014758039023317
0.9976141720238173,1.001653060656971
0.9981362821133305,1.0013616103475396
,,egauge16133,egauge16608,egauge7729,egauge8253,egauge18158,egauge22271,egauge26944,egauge19810,egauge20358,egauge14795
,,1,1,1,1,1,1,1,1,1,1
,,1,1,1,1,1,1,1,1,1,1
0.9997498318183762,1.0000766902259435
0.9983697367200385,1.0005980317042913
0.9969906947100117,1.0008040221587644
0.9967741203191067,1.001098698654365
0.9986074356811162,1.00024194898383
0.9992897699226335,1.0005157199953643
0.9969366545972406,1.0004190736706895
0.9976353805213827,1.000638519242917
0.9982688011149105,1.0009321700137748
0.9981269998959035,1.001216299548215
0.9966330349569522,1.0009362473587495
0.99592642792327,1.0005167874889478
0.996701683385436,1.0012079351365648
0.9965185168184271,1.0014307791230797
,,egauge20670,egauge30039,egauge18158,egauge18350,egauge3608,egauge7692,egauge2474,egauge7731,egauge33764,egauge9102
,,1,1,1,1,1,1,1,1,1,1
,,1,1,1,1,1,1,1,1,1,1
0.9998203764578193,1.0001112160845453
0.9983467521482058,1.0006884068037785
0.9973353901235251,1.001282948699852
0.9968451592750774,1.0015905964677112
0.9995573020039574,1.0004189884461805
0.9992772000920254,1.0008071623939558
0.9990299143216687,1.0008106191461763
0.9983063760500255,1.0007693945355693
0.9973687168847537,1.0006681622830749
0.9971168621279568,1.0009588171028365
0.9969940274311647,1.001394573780658
0.9973034098273562,1.0015507927360319
0.9968016919631336,1.0017946452531306
0.9960893814533216,1.0018049360233305
,,egauge23534,egauge14795,egauge13830,egauge26086,egauge2474,egauge30378,egauge13836,egauge8816,egauge15601,egauge18158
,,1,1,1,1,1,1,1,1,1,1
,,1,1,1,1,1,1,1,1,1,1
0.9998114078561324,1.0001442159549245
0.9983001972981026,1.0011260642175028
0.9969425258582273,1.001795700774047
0.9968342157290119,1.0021998227054332
0.9994808720791591,1.0004178483698607
0.9979074420027587,1.0007642150559002
0.9991544955745095,1.0005955176861823
0.9981891783707676,1.0013996010893353
0.9982562208698093,1.0013421670671325
0.9973922784920707,1.001531954013143
0.9969014023590743,1.0019239433203275
0.9949546386023117,1.0019700279840769
0.9960353300613543,1.0025426361469127
0.9967027076754829,1.0023714093641818
,,egauge16133,egauge17311,egauge20925,egauge3611,egauge7729,egauge26944,egauge27467,egauge13836,egauge2474,egauge18350
,,1,1,1,1,1,1,1,1,1,1
,,1,1,1,1,1,1,1,1,1,1
0.9998324713066495,1.0001043897239417
0.9985593715259387,1.0009033004486616
0.9980104859200979,1.0015459839673544
0.9974433349416111,1.0017254559501012
0.9986899634182705,1.0002475491382066
0.99875692545931,1.0004460717831103
0.9979971913916701,1.0007007502592853
0.9977985226178374,1.001014690844689
0.9973595283645471,1.0010450852166934
0.9965946924048099,1.0015310094973469
0.9979816625465043,1.0016917458128793
0.9979571441076891,1.0020359761211113
0.996870970972415,1.0018493510430455
0.9973367302126758,1.001843348372099
,,egauge18350,egauge24121,egauge21932,egauge17073,egauge4183,egauge30378,egauge15623,egauge32290,egauge14018,egauge20407
,,1,1,1,1,1,1,1,1,1,1
,,1,1,1,1,1,1,1,1,1,1
0.9998381458340863,1.000051852268601
0.9985499076463297,1.0004456897646257
0.9973664475865984,1.0005955008104175
0.9966025056433911,1.0007108175432051
0.9996617316177523,1.0001665589943076
0.9982663311320675,1.0003117150154943
0.9998381458340864,1.000051852268601
0.997904537004454,1.0006790672468158
0.9983973612013963,1.000587387648543
0.996314803237561,1.000845539770518
0.9973541039052191,1.0006450680412793
0.9966953452418793,1.000531295402397
0.99607410962865,1.0009729113101953
0.9961021945846968,1.0005182043554253
,,egauge28351,egauge17311,egauge17073,egauge16608,egauge3167,egauge7729,egauge18158,egauge13974,egauge7731,egauge26944
,,1,1,1,1,1,1,1,1,1,1
,,1,1,1,1,1,1,1,1,1,1
0.9998048108935762,1.0000921691299223
0.9981021629656933,1.000789058596446
0.9968741437653038,1.0013458449870476
0.9961809141401262,1.001724088239353
0.9988189193484641,1.0002189272074413
0.9987466926562181,1.0004236138192761
0.9989355009837598,1.0008051627924643
0.9980214380187326,1.0009692982990785
0.9980416178414591,1.0008801817270239
0.9961716617006215,1.0010981497649634
0.9967919074476229,1.0014119947311393
0.9961705446075737,1.0014851135018128
0.9960940524897158,1.0019164867795558
0.9951495248533393,1.0020778631888412
,,egauge20358,egauge17311,egauge26086,egauge20925,egauge21932,egauge3611,egauge8253,egauge23534,egauge3167,egauge8617
,,1,1,1,1,1,1,1,1,1,1
,,1,1,1,1,1,1,1,1,1,1
0.9998754557778804,1.0000629730272732
0.9986636461245211,1.0004136666159538
0.9980357007226964,1.0006809298951262
0.9976335587649027,1.0007897688165093
0.9997320187797583,1.0001832952904268
0.9986730102367049,1.000439912523619
0.9985289782792386,1.0008687388275312
0.9979371928940118,1.0006160992109048
0.9986636461245211,1.0004136666159538
0.9964925664644513,1.0005484036477592
0.9977047691783545,1.0007015843600833
0.9975593681666949,1.0009153263605626
0.9975900507800814,1.000862426242169
0.9967067853008028,1.0008859798475513
,,egauge15601,egauge30039,egauge8617,egauge23534,egauge7731,egauge24121,egauge13974,egauge22084,egauge17073,egauge3611
,,1,1,1,1,1,1,1,1,1,1
,,1,1,1,1,1,1,1,1,1,1
0.9998067298546675,1.0000867054597884
0.9987437035166449,1.0006174355630564
0.9977742598438116,1.0007782320181562
0.9970677898748983,1.0010280273217944
0.998440394711706,1.0005587688686028
0.9992634446554184,1.000766100436834
0.9989130397827204,1.0002604296935784
0.9985310866137619,1.0009617113273448
0.9987033084536676,1.0009819715675286
0.998228710013867,1.000735275538993
0.9976878199257823,1.0007988888590291
0.9973848828650147,1.0005856032758937
0.9969953277150704,1.001253794920298
0.9959821625271564,1.0011136934723066
,,egauge2850,egauge13974,egauge7731,egauge7729,egauge20670,egauge13836,egauge16608,egauge14018,egauge22084,egauge14795
,,1,1,1,1,1,1,1,1,1,1
,,1,1,1,1,1,1,1,1,1,1
0.999726467928456,1.0000182891972351
0.9984916179956875,1.0007549686732249
0.9976441345891249,1.0011851559249716
0.9974954961235055,1.0012813291571465
0.997564795787262,1.0000112073403244
0.9984007312330683,1.000309888367079
0.9993025742762386,1.0007955082875089
0.9974026294239953,1.0009169723334548
0.9983014146511192,1.000978216445105
0.9984148933559788,1.001365582209587
0.9976482505080388,1.001255427043382
0.9964088765139756,1.0015708614879064
0.9973344026202072,1.0011648161310167
0.9972183616576028,1.0016134812278068
,,egauge27467,egauge18544,egauge3608,egauge14018,egauge13836,egauge5198,egauge28351,egauge26944,egauge17073,egauge7692
,,1,1,1,1,1,1,1,1,1,1
,,1,1,1,1,1,1,1,1,1,1
0.9998597691826971,1.0001280004721194
0.9988644556961299,1.0009893306281674
0.9979055182456814,1.0014715136339056
0.9974232593703365,1.0016573820267363
0.9997023547907822,1.000506411443532
0.9992149793979079,1.000941357018802
0.997719132750574,1.0000852194002918
0.998074816495579,1.0013540268012378
0.9987570440266803,1.001312827123882
0.9974695886923065,1.0012327316912162
0.9978643477611636,1.0015335379215964
0.9966379690791306,1.00181843346752
0.9973435180478117,1.0017967321630366
0.996369077698056,1.0018074205623502
,,egauge21932,egauge15601,egauge3167,egauge32290,egauge3608,egauge3166,egauge2474,egauge8816,egauge15623,egauge22785
,,1,1,1,1,1,1,1,1,1,1
,,1,1,1,1,1,1,1,1,1,1
0.9997861139006942,1.0000590399591502
0.9979225905798932,1.0002791337169148
0.9961636809627568,1.0006091451085282
0.9956106899124216,1.000702479557832
0.9997861139006942,1.0000590399591502
0.9972949266414414,1.0009992928359208
0.9992702741138476,1.0002709680120092
0.9975301828401484,1.0006412258168516
0.9975796893851324,1.0006972385399577
0.9975276818354714,1.000615444045563
0.9961513548576048,1.0007289448658157
0.9941776314553771,1.0008984788964486
0.9955817535871264,1.0008116648953564
0.9947286041048706,1.000777407646639
,,egauge16608,egauge14018,egauge18158,egauge20925,egauge26944,egauge32290,egauge21932,egauge3166,egauge24121,egauge23534
,,1,1,1,1,1,1,1,1,1,1
,,1,1,1,1,1,1,1,1,1,1
0.9998424020495917,1.000091405375493
0.9985929061304754,1.000533279342013
0.9983440657894107,1.0007381884548852
0.9981143748472027,1.0009174911678986
0.9995965529135054,1.000336373234465
0.9975946586721927,1.000811442916189
0.9980010705673129,1.0007198278305296
0.9982334585581257,1.0007661180867526
0.9973930146659507,1.0008673921752766
0.9971471963126789,1.0004050455509357
0.9983440657673129,1.0007381884545834
0.9974842219036438,1.000781004707141
0.9978943645862958,1.0010121409115051
0.9979863501042681,1.0011241978069854
,,egauge33764,egauge26086,egauge28684,egauge21932,egauge22785,egauge27467,egauge9102,egauge22084,egauge17073,egauge18350
,,1,1,1,1,1,1,1,1,1,1
,,1,1,1,1,1,1,1,1,1,1
0.999880685034706,1.0000730128584454
0.998900560251444,1.0004151941763135
0.9984400685610236,1.000595770606004
0.9983443278838215,1.0008568880924573
0.9995214127826269,1.0003799941101243
0.9986799911097175,1.0008622369109275
0.9979989889146743,1.0004758075029236
0.998900560251444,1.0004151941763135
0.9977002315499198,1.000482025215675
0.9974725312722634,1.001110658799528
0.9981476598469718,1.0006412071907533
0.9975668782782697,1.000403183379247
0.9982000785879865,1.001082610020051
0.9981825923572423,1.0009639518227684
,,egauge15601,egauge21932,egauge3608,egauge7731,egauge4183,egauge3167,egauge8617,egauge18158,egauge28684,egauge26086
,,1,1,1,1,1,1,1,1,1,1
,,1,1,1,1,1,1,1,1,1,1
0.9998768514401005,1.0000937698861792
0.9989005605262853,1.0007491163302524
0.9984000271645949,1.0011123646505413
0.9982660063332458,1.0013750959576841
0.9984997477308832,1.000596751019363
0.9998768514401005,1.0000937698861787
0.9977360728196196,1.0000509905453752
0.9989005605262853,1.0010529218457722
0.9977002323311401,1.0009718857878158
0.997472531345108,1.0009634993472685
0.9983341177649356,1.0011441384070026
0.9974724148624394,1.001303866042622
0.9981861853339149,1.001483881935691
0.9981412175242077,1.001765390035851
,,egauge13974,egauge16133,egauge27467,egauge21932,egauge20670,egauge13830,egauge20407,egauge15601,egauge24121,egauge19696
,,1,1,1,1,1,1,1,1,1,1
,,1,1,1,1,1,1,1,1,1,1
0.9997714441601677,1.00009616482926
0.9981559843344773,1.0006510384369889
0.996658029151009,1.001041395560058
0.9957368008504995,1.001265630100192
0.99908438207023,1.0002547588487944
0.9977396837284392,1.0004029536001027
0.999420544334709,1.0008538464436656
0.9981559843344773,1.0006510384369889
0.9977002315495916,1.0008572725630174
0.9974725312722016,1.0009794017286127
0.9963005096938127,1.0009670161593376
0.9965275363261408,1.001502061959604
0.9956716873002854,1.0013603187506284
0.9942922028382393,1.0015437073001912
,,egauge19810,egauge21932,egauge8816,egauge13836,egauge20358,egauge20925,egauge17073,egauge14018,egauge8617,egauge33764
,,1,1,1,1,1,1,1,1,1,1
,,1,1,1,1,1,1,1,1,1,1
0.999777037951229,1.0000661977982472
0.9989005605262853,1.0008674395952428
0.9982331220451889,1.0013431578406882
0.9981841007517808,1.0014969607091078
0.9986305775658126,1.0000242690720147
0.999777037951229,1.0000661977982472
0.9957972670068517,1.0008041689963247
0.9989005605262853,1.0011902974378022
0.9977002323311401,1.0010193364076878
0.997472531345108,1.0013106155075882
0.9981982349793387,1.0014051727320987
0.9969969980436552,1.0017289353597159
0.9980064138850128,1.001526101382058
0.9981094087319232,1.0017112771390588
,,egauge2850,egauge16608,egauge27467,egauge7729,egauge22084,egauge23534,egauge33764,egauge20358,egauge14795,egauge26086
,,1,1,1,1,1,1,1,1,1,1
,,1,1,1,1,1,1,1,1,1,1
0.9997732067743251,1.0000123243441426
0.9986518133489115,1.0006111896083472
0.9979843540264068,1.0012006140955154
0.9975508694579974,1.0015723685746591
0.9976033302284039,1.0000112073403247
0.9993121160677512,1.00050570834674
0.9994689320299944,1.000735498342146
0.9973439657117407,1.0007731657619638
0.9984094951472414,1.0004492752517404
0.9979213863183041,1.0009008950849492
0.9978773091096979,1.0012832887069214
0.9978563489458283,1.0013612850200557
0.9973406430368983,1.0017982812346393
0.9971352084680365,1.0018617470463973
,,egauge8253,egauge15623,egauge20925,egauge19696,egauge18350,egauge15601,egauge20670,egauge14795,egauge24121,egauge16616
,,1,1,1,1,1,1,1,1,1,1
,,1,1,1,1,1,1,1,1,1,1
0.9998188479195337,1.000104431330635
0.9985643228392741,1.0008899080055973
0.9980749885712042,1.0013194077691414
0.9978134949210677,1.0014411462745005
0.9988514045491536,1.0001343575296817
0.9992851393409705,1.0003668209305645
0.9978695730735432,1.0006815144352763
0.997114465051809,1.0011127144967773
0.9984633638505183,1.0009709150200028
0.9964684932414888,1.001721200280544
0.9980367922576644,1.0013979592840794
0.9976928113618592,1.001640855605135
0.997344376138534,1.0015358545330362
0.9976428646552721,1.001505425596921
,,egauge7731,egauge18158,egauge5198,egauge2850,egauge7692,egauge22271,egauge3166,egauge18350,egauge27467,egauge28684
,,1,1,1,1,1,1,1,1,1,1
,,1,1,1,1,1,1,1,1,1,1
0.9998273625688449,1.000062900024168
0.9983319959957353,1.0002904022260968
0.998032590134386,1.0006915450621152
0.997734212416719,1.0009605340558598
0.999613576419523,1.0004553338568616
0.9990584726195215,1.0006958976043678
0.998056613597035,1.0004866738506164
0.9964586171901204,1.0001040790206286
0.997713200191253,1.0003814716835955
0.9976778298733513,1.0010380006902593
0.9980284722018532,1.0007204619554986
0.9971146546282922,1.0008414126080232
0.9974233917540207,1.0011862836416798
0.9973184610022219,1.0010783200782278
,,egauge2474,egauge30378,egauge26944,egauge3167,egauge8617,egauge5198,egauge15601,egauge8253,egauge18158,egauge26086
,,1,1,1,1,1,1,1,1,1,1
,,1,1,1,1,1,1,1,1,1,1
0.9998573938144427,1.00011453130756
0.998565032004916,1.000756994675283
0.9971673957861381,1.0013248038997657
0.9970527124121003,1.0016004143706156
0.9989989488394908,1.0003940975046386
0.9984920594689068,1.0005716017995117
0.997340299823609,1.0008210321528908
0.9985246456455307,1.0008481143499848
0.9985549350534906,1.0007974898937484
0.9974737426482075,1.001053427465905
0.9966370734019206,1.0015191433099924
0.996326232617676,1.0013355149732686
0.9968715851898761,1.0017170033051117
0.9971273168626504,1.0019151283362957
,,egauge7692,egauge27467,egauge3611,egauge20925,egauge9102,egauge7729,egauge19821,egauge13830,egauge16133,egauge5198
,,1,1,1,1,1,1,1,1,1,1
,,1,1,1,1,1,1,1,1,1,1
0.9998194962259158,1.0001190120932923
0.998352363395099,1.0009644111129536
0.9973944528055136,1.001586092187891
0.9965041904304883,1.001739925024335
0.9987787700525386,1.0002651924481119
0.9994938982555485,1.0008541271117484
0.9976033460331593,1.0003776246872926
0.9983018936416882,1.0011973684546556
0.9981789603043756,1.0011211477106887
0.9961246091887297,1.0012682581919272
0.9973203937469387,1.0018301396979017
0.9972771955324705,1.0017682734079487
0.9960013352522317,1.0018346666915594
0.9955999116697484,1.0018578194552359
,,egauge3167,egauge3166,egauge8617,egauge15623,egauge18158,egauge24121,egauge3608,egauge9102,egauge5198,egauge15601
,,1,1,1,1,1,1,1,1,1,1
,,1,1,1,1,1,1,1,1,1,1
0.9998554942416935,1.00007555637927
0.9985868513600492,1.0006860424620025
0.9975031175498296,1.0011100096214756
0.9968018943731616,1.00145613050362
0.9995809106184111,1.0001718220024338
0.9993089238366875,1.0001974017196842
0.9989224965355079,1.0002626421884317
0.998349332947872,1.0008075295308092
0.9983344922695969,1.0008584725361893
0.998088917248334,1.0009371313297952
0.9971028819017149,1.001097611143335
0.9967361061118959,1.001281345158914
0.9967946499514775,1.001537101311397
0.9954298149936778,1.0019170225104694
,,egauge8253,egauge13830,egauge28684,egauge18544,egauge15601,egauge3166,egauge20358,egauge30039,egauge16608,egauge22084
,,1,1,1,1,1,1,1,1,1,1
,,1,1,1,1,1,1,1,1,1,1
0.999841278272524,1.000091333103074
0.9987920623746134,1.0007962364210474
0.9983923140595269,1.0010603972555943
0.9981881326646702,1.0010668375759626
0.9988538343716481,1.0001561275944675
0.999211140550134,1.0005306163491283
0.9990942800422242,1.0004836847927532
0.998812262503538,1.0011507170463974
0.997501255621984,1.001272321405504
0.9987727972042388,1.000873488760912
0.9983634776629685,1.00112239144354
0.9981362191200311,1.001338886163977
0.99811557422301,1.0011906363918075
0.997953429830369,1.0008955493485254
,,egauge7729,egauge2850,egauge17073,egauge8253,egauge22084,egauge22271,egauge15623,egauge13836,egauge28351,egauge24121
,,1,1,1,1,1,1,1,1,1,1
,,1,1,1,1,1,1,1,1,1,1
0.9997555080081273,1.0000201501106174
0.9987491568504284,1.0004631515899776
0.9979005369829055,1.000908032038015
0.9971806860226785,1.0010809624023331
0.998399230280501,1.0001495645377305
0.995645304180576,1.0000112073403244
0.9988629341698093,1.000746446037095
0.9980693757695717,1.000483391688523
0.9984866561266417,1.000352733847505
0.9984987906716739,1.001065376815813
0.9978346665159105,1.0009576177442963
0.9978472021254297,1.0012507519487703
0.9965578343569511,1.001182913446291
0.996893003432662,1.0012201873836106
,,egauge20925,egauge22785,egauge15601,egauge16608,egauge8816,egauge19821,egauge27467,egauge15623,egauge22084,egauge7692
,,1,1,1,1,1,1,1,1,1,1
,,1,1,1,1,1,1,1,1,1,1
0.9998076449192206,1.000109090343335
0.9983874520942708,1.000782573292324
0.9976106898732858,1.0010219483726204
0.9969168692232937,1.0009839230901565
0.9989229692127478,1.0003678940654999
0.9981526842400558,1.0002328332620245
0.9970929277944911,1.001115668452104
0.998336980162052,1.0009648377124145
0.9966068654280057,1.0009123862100917
0.9980217388843995,1.0019330082906
0.9975709333231733,1.0011707428950758
0.9975360486430043,1.0011611636408484
0.9968371758387876,1.000867450957042
0.9958656604433921,1.0011338424122393
,,egauge20407,egauge24121,egauge26944,egauge8253,egauge3608,egauge19696,egauge14795,egauge22785,egauge20358,egauge27467
,,1,1,1,1,1,1,1,1,1,1
,,1,1,1,1,1,1,1,1,1,1
0.9997549597384661,1.000071159457224
0.998015743285496,1.000621471157734
0.997171596745128,1.0011358870569038
0.9970186597774994,1.0014242800758235
0.9988151879419487,0.9999999149980534
0.9982029658103391,1.000331028132502
0.9972840802213792,1.0007776234751524
0.9973044991557564,1.0006518373481565
0.9970864407197093,1.0005911071398976
0.9952339777461402,1.001098672490379
0.9970523172405797,1.001268163958711
0.9963091462880387,1.001210853481682
0.9969389567328772,1.0015044148038275
0.9968673212465052,1.0017886508167735
,,egauge20407,egauge7731,egauge3167,egauge5198,egauge7692,egauge30039,egauge14018,egauge8617,egauge28684,egauge22084
,,1,1,1,1,1,1,1,1,1,1
,,1,1,1,1,1,1,1,1,1,1
0.999863011643622,1.000057028181387
0.9988991415377779,1.0005276125689944
0.9982617910988448,1.0007463873532882
0.9978791262043493,1.0007259084896032
0.9989337886309425,1.0000112073403244
0.9994857368588155,1.00077716399809
0.9992538170227779,1.0002813055781261
0.9982745039991258,1.0006477632684903
0.9979305442585201,1.0006693243380582
0.9984241696430016,1.0010761865340125
0.9978530545693182,1.0008951334817533
0.9980870054171742,1.000789204020988
0.9975963222548657,1.000827816797154
0.9976551708121716,1.0005495928063473
,,egauge17073,egauge20407,egauge26086,egauge22084,egauge8253,egauge2850,egauge15623,egauge3167,egauge27467,egauge19821
,,1,1,1,1,1,1,1,1,1,1
,,1,1,1,1,1,1,1,1,1,1
0.9997782769807408,1.0000344581641276
0.9977513073544669,1.0001301272622345
0.9973318971555671,1.0005866942133914
0.996956140665413,1.0011391031011665
0.9993946974694071,1.000392341568634
0.9980964118213724,1.0000112073403244
0.998513960765148,1.0008873716691447
0.9975697735154839,1.0001301272622345
0.9969170741509041,1.000352733847505
0.9937869168567818,1.0001301272622347
0.9973195539702682,1.0006187345882038
0.9972892575042462,1.0007044282373554
0.9969199128443894,1.001401330381891
0.9963811251433078,1.001760656318518
,,egauge13836,egauge2850,egauge16608,egauge23534,egauge24121,egauge33764,egauge22084,egauge3166,egauge21932,egauge16133
,,1,1,1,1,1,1,1,1,1,1
,,1,1,1,1,1,1,1,1,1,1
0.9998093538904294,1.0000150438473308
0.9989337578489589,1.0002372406175128
0.9981729450186665,1.0003426063071845
0.9974979002094301,1.0005794861269897
0.9995700258018243,1.0004278705705287
0.9956937223184312,1.0000150438473308
0.9992820097060336,1.0005591596753713
0.9987253081458619,1.0005719564880915
0.9987014865695513,1.0003788241111822
0.9985394978119619,1.000676658315754
0.9981276433454231,1.000297188185132
0.9981409329593784,1.0003426063071845
0.9974979002094303,1.000848821709238
0.9963636400651447,1.0005794860789141
,,egauge2474,egauge23534,egauge33764,egauge22271,egauge20358,egauge8253,egauge20925,egauge19821,egauge26086,egauge20407
,,1,1,1,1,1,1,1,1,1,1
,,1,1,1,1,1,1,1,1,1,1
0.999843611362408,1.0001175797328454
0.9988139318702355,1.0008848355901592
0.9978537427344167,1.0014607110608589
0.9970450116560668,1.0015184423229522
0.9989826478006083,1.0003636517509085
0.9990878728573465,1.0007238354085912
0.9991189790915869,1.0006402282042206
0.9986850433165143,1.0011785578217198
0.9986745369521446,1.0010266071605514
0.9972722797432988,1.0009234640438593
0.99783315824946,1.0015558174498043
0.9976267024458719,1.0020932289597777
0.9967552454118253,1.0017151856889903
0.9961188849189246,1.0013256451941475
,,egauge26944,egauge13974,egauge15601,egauge22271,egauge20670,egauge2474,egauge9102,egauge7729,egauge2850,egauge18158
,,1,1,1,1,1,1,1,1,1,1
,,1,1,1,1,1,1,1,1,1,1
0.9997405086554364,1.0000449633745332
0.9974715163117472,1.0002369216311546
0.9954239107070885,1.0000029895829636
0.9940921266120178,0.9999951167618355
0.9985402360056097,1.0003750488030485
0.9983432734621794,1.000329233717256
0.9970649911675737,1.001029914506527
0.9973528949884334,1.0006316722021795
0.9973404446150461,1.0004798016007237
0.9959546507016593,1.000732088918376
0.9952228074857529,1.000048394369931
0.9945207957123215,1.000108413340395
0.9927233714858824,0.9999951167618355
0.9938479503661477,0.9999951167618355
,,egauge8816,egauge20925,egauge8617,egauge4183,egauge28684,egauge22271,egauge22785,egauge32290,egauge9102,egauge16616
,,1,1,1,1,1,1,1,1,1,1
,,1,1,1,1,1,1,1,1,1,1
0.9997907040144571,1.0000639670713345
0.9988580996689064,1.0005071286256122
0.9979344444034249,1.0006015266234398
0.9976538829283997,1.000705019668378
0.9977960961232668,1.0003941523754638
0.9980275383520832,1.0006298918307897
0.9988720313235991,1.000254553068989
0.9987066175811986,1.0007095835861606
0.9986746584833702,1.0006982792707262
0.9984578048848793,1.0012136538843113
0.9976196908456276,1.0006286047127926
0.9970314322923964,1.0005373207229846
0.997197548984536,1.0008214854308488
0.9975472512209197,1.0010097949598593
,,egauge21932,egauge20925,egauge30039,egauge23534,egauge20670,egauge13974,egauge16608,egauge14795,egauge16133,egauge3166
,,1,1,1,1,1,1,1,1,1,1
,,1,1,1,1,1,1,1,1,1,1
0.9998884252393174,1.0001041252447154
0.9989315961399541,1.0007590623883045
0.9980921138598573,1.0011641651947358
0.9973913743687762,1.0012986982779493
0.9998884252393174,1.0001041252447154
0.9980270258718207,1.0006305372044322
0.9989441693438159,1.0008512428599836
0.9986498331731103,1.0009414838793194
0.998840692439215,1.001002092263909
0.9978194071629707,1.00103067465647
0.9980715235615248,1.0012261669850469
0.99729016450841,1.0014671144479657
0.996616376909544,1.0014192986788892
0.9973593919437205,1.0013522547021272
,,egauge3167,egauge22271,egauge22084,egauge13974,egauge17073,egauge18158,egauge30378,egauge14795,egauge18350,egauge5198
,,1,1,1,1,1,1,1,1,1,1
,,1,1,1,1,1,1,1,1,1,1
0.9998688500845199,1.0000914747400542
0.9987855020117964,1.0008195915694178
0.9978270106030543,1.0012507037074605
0.9972347320651097,1.0013916581112783
0.9995633946502192,1.0001984417083285
0.9992284561013665,1.00082900707149
0.9986853650262,1.0000011703621954
0.9982450280546854,1.0008702149153303
0.9984159331347693,1.0010626385916497
0.9986263127181757,1.0014573615334956
0.9976994070342247,1.001308577635969
0.9971712494799878,1.001593562167982
0.9971767498639128,1.0014717897956955
0.9963296694772159,1.0015095040612938
,,egauge15601,egauge3608,egauge21932,egauge13974,egauge2474,egauge16608,egauge3611,egauge26086,egauge27467,egauge18544
,,1,1,1,1,1,1,1,1,1,1
,,1,1,1,1,1,1,1,1,1,1
0.9998248022049665,1.0001172614359417
0.9987004569881391,1.0009752234810394
0.9981109687034722,1.0015945504053856
0.9980599223947463,1.0019921570808072
0.9984585401720608,1.00062025654009
0.997855857938931,1.0000772933607707
0.9986790260778499,1.0001172614359417
0.9984682499357667,1.0011068809946402
0.997887843359042,1.0012081837893063
0.9985271209636191,1.0013230433278821
0.9977404891376503,1.001627633699378
0.9981216391289803,1.0018839364913512
0.9980163924878471,1.0021963030787808
0.9974396616549855,1.0023567723963658
,,egauge17073,egauge15601,egauge30039,egauge20670,egauge2850,egauge13830,egauge4183,egauge19821,egauge17311,egauge20407
,,1,1,1,1,1,1,1,1,1,1
,,1,1,1,1,1,1,1,1,1,1
0.9998153867182435,1.0000625861693286
0.9981295193650933,1.000261591583396
0.9975909687895581,1.0006504072305449
0.9971094515386377,1.0006504072305449
0.9994096927444802,1.0004237586299227
0.9972853797941279,1.0009310238679938
0.9985723680842344,1.0007382947123244
0.9980084338690394,1.0004610881561131
0.9960456406326306,1.0001985281120211
0.9971882500754788,1.0006612547212874
0.9975498137064599,1.0007536859038844
0.9970155200261832,1.0010856816189877
0.9970943726469085,1.0006899765548247
0.99620438717814,1.0006504072305449
,,egauge21932,egauge18544,egauge17311,egauge14018,egauge22785,egauge20670,egauge26086,egauge16608,egauge13974,egauge22271
,,1,1,1,1,1,1,1,1,1,1
,,1,1,1,1,1,1,1,1,1,1
0.9998889793107915,1.0001043404481975
0.9988861578891006,1.0008714912171148
0.9982968759948257,1.0014330864724084
0.997793158072094,1.0017151534207271
0.9998889793107915,1.0001043404481975
0.9973441479488385,1.0009479030263901
0.9985876289763851,1.0004609035658065
0.9979910272666812,1.001236136614845
0.9980586890174665,1.0008726424964698
0.9985203314923065,1.0014017722706225
0.9982474489805048,1.0015447316427282
0.9982541875281987,1.0016259518264954
0.9973509521690661,1.0018171807916492
0.9970341028764602,1.0020367513378385
,,egauge19696,egauge3611,egauge17311,egauge2850,egauge17073,egauge14018,egauge18158,egauge8253,egauge23534,egauge13974
,,1,1,1,1,1,1,1,1,1,1
,,1,1,1,1,1,1,1,1,1,1
0.9997048415478731,1.0000492675436154
0.9974394427211636,1.000240053433131
0.9963903389910698,1.000519827300868
0.9959895081150791,1.0007759582825977
0.9982398543121042,1.0004285312115593
0.9976721750255906,1.0003429577507883
0.998528806654714,1.0004294520285733
0.9954123247897995,0.9999425191846834
0.9973285371295566,1.000553800780211
0.9963971627724297,1.000626202012686
0.9962999320380016,1.0005446080651075
0.9955286890064142,1.0004984263183572
0.9958737231101021,1.001023507012536
0.9954895620936561,1.0008401871450732
,,egauge16608,egauge3167,egauge24121,egauge18544,egauge3166,egauge16133,egauge7731,egauge8816,egauge15601,egauge26944
,,1,1,1,1,1,1,1,1,1,1
,,1,1,1,1,1,1,1,1,1,1
0.9998227388673967,1.0001229953093662
0.9984082839553903,1.001050857188616
0.9970564775424653,1.0017955413463822
0.9968155023422299,1.0023023845205374
0.9996053670162541,1.0003718952645797
0.9993033547738897,1.0002998637026772
0.9981873496255805,1.0008215481950251
0.9983275298061476,1.0014021076525879
0.9983578107362577,1.0010913664454513
0.9945248992843797,1.0013020542173814
0.9970194612336375,1.0019072342678097
0.9950683222532076,1.0019241635107259
0.9965070566864211,1.0026452394174865
0.9957059411834283,1.0026456687024197
,,egauge20358,egauge16608,egauge3608,egauge26944,egauge33764,egauge18544,egauge19696,egauge2850,egauge16133,egauge30039
,,1,1,1,1,1,1,1,1,1,1
,,1,1,1,1,1,1,1,1,1,1
0.9997451818532552,1.0000207560511822
0.9980245136077565,1.0001953692771577
0.9963646352536722,1.0004644712023483
0.9959447131706595,1.0007655216082956
0.9996062220882239,1.0001613404227396
0.9993230722012726,1.00053677995068
0.9975946019422942,1.0000207560484438
0.9974845653249874,1.0003645575962048
0.9977431506602448,1.0003810763027958
0.9973898032577823,1.0008197127165597
0.9958019778675151,1.0004438230258454
0.9947031651990158,1.0004644712023483
0.9955468559382941,1.0007655216150309
0.995827657318488,1.0012689019969128
,,egauge16608,egauge15623,egauge5198,egauge7692,egauge16616,egauge3611,egauge33764,egauge2850,egauge19810,egauge21932
,,1,1,1,1,1,1,1,1,1,1
,,1,1,1,1,1,1,1,1,1,1
0.9997665170765914,1.000020756051181
0.9976857988599874,1.000195369277158
0.9961057713141422,1.0004644712023492
0.9958646001680158,1.0007655216082978
0.9995732240299444,1.0002434238959388
0.99791335762706,1.000255866215296
0.9980202254005718,1.000402982053941
0.9970277866308795,1.000195369277158
0.9975748608483554,1.0001953692770786
0.9957278254369265,1.000195369277158
0.9960852294836707,1.0004438230258463
0.9939080114227281,1.0004644712023492
0.9955270964255627,1.0007655216150326
0.9958646001708327,1.0012689019969168
,,egauge20925,egauge7731,egauge22271,egauge30039,egauge2850,egauge14795,egauge16133,egauge15601,egauge27467,egauge22084
,,1,1,1,1,1,1,1,1,1,1
,,1,1,1,1,1,1,1,1,1,1
0.9928308800018548,1.0000497504013406
0.9295050148226169,1.0000592921227318
0.8601426217243225,1.0004266651010931
0.790815608271434,1.0005419595999225
0.992830880001855,1.0003345888491189
0.9921577737078024,1.0007685735446856
0.9907577101232927,1.000868738695381
0.9295050148226169,1.0003522094478547
0.9295050172542422,1.000059292112294
0.929505016535635,1.0005523478579779
0.8601426222933516,1.0004927430839696
0.8601247666817357,1.0008810566580315
0.790815608271434,1.0008097835784686
0.6749648719112895,1.0004253308460742
,,egauge5198,egauge15623,egauge3611,egauge4183,egauge3608,egauge20670,egauge17073,egauge23534,egauge20925,egauge2474
,,1,1,1,1,1,1,1,1,1,1
,,1,1,1,1,1,1,1,1,1,1
0.9998028344818798,1.000092195186824
0.9985014827469887,1.00075318348059
0.9977848575970482,1.001283918267951
0.9972180612014283,1.0015466790216705
0.9986895816559088,1.0002921388866732
0.9993289720755336,1.000762254954581
0.99766479313434,1.000809227889622
0.9984106253356148,1.0009050597514162
0.9965731493725355,1.000722814573842
0.9980450347870269,1.0011588945090208
0.9977436929950435,1.0013790047619748
0.9976355574399306,1.001500903297894
0.9971745746589411,1.0017069867988742
0.9963342892769793,1.0017502888619438
,,egauge16616,egauge18350,egauge20358,egauge16133,egauge19821,egauge19810,egauge9102,egauge27467,egauge26944,egauge5198
,,1,1,1,1,1,1,1,1,1,1
,,1,1,1,1,1,1,1,1,1,1
0.9998252660170421,1.0000937222123885
0.9984250958500469,1.0008165739253136
0.9973667816642815,1.0013952266742008
0.9965904190007326,1.0016580254922134
0.9986895816559088,1.000155915460832
0.9994460520719992,1.000762254954581
0.9992542625220016,1.000809227889622
0.9973563334276625,1.0009785893565588
0.9965731493725355,1.0014041738848147
0.9964833611291716,1.0000833598306746
0.9972063422769865,1.0014531104859072
0.9972282130941255,1.0017810277556578
0.9957294171780491,1.0018766708137374
0.9961980026250361,1.0017759084872564
,,egauge21932,egauge15623,egauge15601,egauge18350,egauge28684,egauge9102,egauge2850,egauge20407,egauge13974,egauge23534
,,1,1,1,1,1,1,1,1,1,1
,,1,1,1,1,1,1,1,1,1,1
0.9997982036414057,1.0000176609973301
0.9978372625578824,1.000123713501202
0.9961872919728159,1.0003191627528987
0.9957865076823427,1.0006584932606133
0.9986949221248201,1.0000176609970277
0.9992720054114955,1.0007076472035936
0.9970814573015168,1.0009884283670551
0.997796910848006,1.0000663607351303
0.9966589335027409,1.0001237134813756
0.996473155282964,1.0001489941895372
0.9954114324514962,1.0002778744936793
0.996006349339997,1.0005545522816468
0.9954465618052889,1.0008987257466857
0.9956162876932678,1.0008725976137203
,,egauge5198,egauge22271,egauge27467,egauge18544,egauge4183,egauge7692,egauge7729,egauge2850,egauge32290,egauge19810
,,1,1,1,1,1,1,1,1,1,1
,,1,1,1,1,1,1,1,1,1,1
0.9997576165998835,1.0000152585523199
0.9978034299806077,0.9997477569113984
0.9957847960808938,0.9995922122039628
0.995292092654935,0.9995922122039628
0.9986895816559088,1.0002149904821016
0.9990789519270133,1.0007952832491462
0.9992284889883789,1.0007583447573047
0.9977832545323015,1.000111853068332
0.9965731493725355,0.9999702629165614
0.9959606731491909,1.0001380474596395
0.9954280954951954,0.9995798359445258
0.9938102531605225,0.9995922122039628
0.9952342440510518,0.9995922122039628
0.994229967392475,0.9995922122039628
,,egauge14795,egauge33764,egauge3611,egauge8816,egauge16616,egauge27467,egauge19696,egauge28351,egauge17073,egauge2850
,,1,1,1,1,1,1,1,1,1,1
,,1,1,1,1,1,1,1,1,1,1
0.9997404311204434,1.0000310488187198
0.9973992000742087,1.0001685055097809
0.9957326635793655,1.000155037989484
0.9952433051377705,0.9999571415327166
0.9986895816559088,1.0003442854728095
0.9990997741951018,1.000731457818536
0.9975899575030522,1.000311778910103
0.9955178442197281,1.0004438522122892
0.9965731493725355,1.000168505466478
0.997149234165451,1.0006705247320962
0.9951622261111642,1.0002499978368815
0.9947230521475204,1.0002299176544347
0.9951565402266037,1.0001826236434503
0.9932868603072835,0.9995922122039628
,,egauge18350,egauge26944,egauge16616,egauge9102,egauge7729,egauge19810,egauge15601,egauge19696,egauge8816,egauge28351
,,1,1,1,1,1,1,1,1,1,1
,,1,1,1,1,1,1,1,1,1,1
0.9996669749837823,1.000080443592288
0.9967479794673696,1.000589349108104
0.9945569068684346,1.0011954420693272
0.9932771463308182,1.001368432759879
0.9986895816559088,1.000196994851457
0.997451787815091,1.000740423496691
0.9992284889883789,1.000208805523948
0.996677457715462,1.0007411960161652
0.9961137068276193,1.000751320992802
0.9948146145229974,1.0001380474596395
0.9945282014754298,1.0013897517772778
0.9931037474549052,1.0014527488928948
0.9919302478855124,1.001591865099999
0.9931180389303864,1.0015291355197875
,,egauge20358,egauge22271,egauge2850,egauge7692,egauge32290,egauge18350,egauge17311,egauge15601,egauge13974,egauge8253
,,1,1,1,1,1,1,1,1,1,1
,,1,1,1,1,1,1,1,1,1,1
0.9997348214925501,1.0000156623634553
0.9976545845112402,1.000354251340557
0.9961293995282169,1.0006663605211914
0.9954238600880568,1.0007331324543656
0.9986895816559088,1.000103594621107
0.9991378789395549,1.0007950245567938
0.9953740277555426,1.0000449475046262
0.9966874179891313,1.0004614743494067
0.9965731493725355,1.000293544629856
0.9971738678554753,1.0006036945168777
0.9961252908644355,1.0007159320738253
0.9947690130134929,1.0009768500189118
0.9951852495872878,1.000791363266908
0.9945950471107938,1.0007866531243355
,,egauge28351,egauge7731,egauge32290,egauge8253,egauge18158,egauge19821,egauge23534,egauge26086,egauge3167,egauge16608
,,1,1,1,1,1,1,1,1,1,1
,,1,1,1,1,1,1,1,1,1,1
0.9998252660170421,1.000103145730228
0.998370211962979,1.000912298809677
0.9972097414564339,1.0013431312835723
0.9972097414564339,1.0015112389925982
0.9986895816559088,1.000262304888175
0.9995366509956518,1.0008342058005977
0.9979779923668911,1.0000449475046262
0.9979997496197375,1.0009325496501862
0.9965731493725355,1.0010743325612517
0.9978121579351747,1.0020533551424768
0.99642062372531,1.0014296430526024
0.9972097414564339,1.0017700642383898
0.9972097414564339,1.0015768093989048
0.9972097414564339,1.0017041220596796
,,egauge16616,egauge2850,egauge14018,egauge8617,egauge20670,egauge24121,egauge15623,egauge3608,egauge7692,egauge18350
,,1,1,1,1,1,1,1,1,1,1
,,1,1,1,1,1,1,1,1,1,1
0.9997325865684338,0.9999941907363913
0.998370211962979,1.0003370297261842
0.9972097414564339,1.0005275154985545
0.9971121761245446,1.000673345035812
0.9986895816559088,1.000026967797824
0.9956371151235792,1.000731457818536
0.9973715982383463,1.0007433571755855
0.998370211962979,1.0003683174280544
0.9965731493725355,1.0005698144783957
0.9978121579351747,1.0005839773245797
0.99642062372531,1.0005770789234996
0.9970537637032599,1.0004983044586142
0.9964170218592353,1.0007629709220935
0.9968458201612485,1.000801796813749
,,egauge7731,egauge26944,egauge13836,egauge22084,egauge2474,egauge18544,egauge28351,egauge7729,egauge27467,egauge19696
,,1,1,1,1,1,1,1,1,1,1
,,1,1,1,1,1,1,1,1,1,1
0.9997805866147598,1.0001311898787868
0.9978830723643528,1.0008162859539045
0.9959185952883968,1.0013304902381455
0.9949474425327529,1.0016509845718244
0.9986895816559088,1.0004954971926656
0.9974900605755355,1.000790685132581
0.9992284889883789,1.0010755569153442
0.9977821948319853,1.0006543323604984
0.9965731493725355,1.0010373768253973
0.9977291413619743,1.0014927371679436
0.9955285583271085,1.0013925042000023
0.9952167695874874,1.0015019010373098
0.9948462541778038,1.0018519249037354
0.9934724190140332,1.0018975026000705
,,egauge2850,egauge20925,egauge13830,egauge2474,egauge8816,egauge20670,egauge18350,egauge20358,egauge28351,egauge16616
,,1,1,1,1,1,1,1,1,1,1
,,1,1,1,1,1,1,1,1,1,1
0.9997981336980315,1.0000056478609691
0.998370211962979,1.0005078304682093
0.9972097414564339,1.0007741385503488
0.9972097414564339,1.0009022036794872
0.9976165489201807,0.9999941907360512
0.9980056617030313,1.000731457818536
0.9991603377883143,1.000492226448932
0.9982420403387775,1.000740662192687
0.9965731493725355,1.0007559148540095
0.9978121579351747,1.0009998589166644
0.99642062372531,1.0008071898116173
0.9972097414564339,1.000924020709469
0.9965903294283202,1.0010041331958928
0.9971078679593234,1.0009664421159363
,,egauge13836,egauge19810,egauge13830,egauge20925,egauge33764,egauge7692,egauge28684,egauge15601,egauge13974,egauge18544
,,1,1,1,1,1,1,1,1,1,1
,,1,1,1,1,1,1,1,1,1,1
0.9998165275413471,1.000105817385263
0.9983567490352192,1.0010258466885056
0.9972097414564339,1.0017016363485203
0.9971408557556412,1.0020030552162316
0.9986895816559088,1.0005738832380209
0.9976247191309373,1.000731457818536
0.9991794867928775,1.0005400869753212
0.9983567490352192,1.0012486889420738
0.9965731493725355,1.001228425652063
0.996512246680375,1.001296364761191
0.99642062372531,1.0017512685166023
0.9959760525520662,1.0022055733705761
0.9969017579393881,1.0020905354494374
0.9971621723046036,1.0023784040189214
,,egauge18350,egauge17073,egauge13836,egauge8617,egauge26944,egauge27467,egauge19821,egauge16608,egauge18158,egauge7729
,,1,1,1,1,1,1,1,1,1,1
,,1,1,1,1,1,1,1,1,1,1
0.9924770861299304,1.0001335421394206
0.9921526384026971,1.0010920866799367
0.9917983479646371,1.0017652064531275
0.9914440583367011,1.0019639672588416
0.9924770861299304,1.000267191693863
0.7505545659426683,1.0007779191782586
0.9924770861299304,1.0011151608556685
0.9921526384026971,1.001132597926001
0.9921526384026971,1.0014264200831537
0.9921526354475422,1.0017351951398514
0.9917983479646371,1.002009305536757
0.9917983479646371,1.001958147414245
0.9914440583367014,1.002080606207481
0.990851660811615,1.0021247829283737
,,egauge28684,egauge27467,egauge7731,egauge26086,egauge33764,egauge8617,egauge18158,egauge13836,egauge17073,egauge18544
,,1,1,1,1,1,1,1,1,1,1
,,1,1,1,1,1,1,1,1,1,1
0.9998524676717665,1.000140540018608
0.998557406286707,1.0010271489086446
0.9972432668402419,1.0016779160822853
0.9959291384330708,1.0020093685851634
0.9995030091084915,1.0003196936755687
0.9995885487649803,1.00086163809405
0.9994923265883129,1.0009147637578544
0.998557406286707,1.0013310541460783
0.998557406286707,1.0012094659533741
0.9981314966308503,1.0011502443862939
0.9972432668402419,1.0017503290145229
0.9972432668402419,1.0021282016445403
0.9959291384330708,1.0021260137952575
0.9937318388959626,1.0024032019706204
,,egauge18350,egauge13836,egauge3611,egauge8816,egauge20407,egauge30039,egauge2474,egauge24121,egauge18158,egauge7729
,,1,1,1,1,1,1,1,1,1,1
,,1,1,1,1,1,1,1,1,1,1
0.9997978591400344,1.0000822336068722
0.9979631380897905,1.0005676065908067
0.9972432668402419,1.0009892254420047
0.9959291384330708,1.0011878043326221
0.9996421154154685,1.0001989272119598
0.9992666967985074,1.0009597700336348
0.997644112586669,1.0003236340496846
0.9960805239450959,1.0007626119571702
0.9977513029964918,1.0003854666542704
0.9974437961166032,1.0011417849783137
0.9970012535211593,1.0010842789233507
0.9971054499509328,1.0011284353432115
0.9959291384330708,1.0013043365108218
0.9937318388959626,1.0013484728404405
,,egauge15623,egauge18158,egauge22785,egauge16616,egauge16608,egauge13830,egauge28684,egauge20925,egauge3166,egauge26086
,,1,1,1,1,1,1,1,1,1,1
,,1,1,1,1,1,1,1,1,1,1
0.9998524676717665,1.0000808755503028
0.998557406286707,1.0006895494070471
0.9972432668402419,1.0011145401789903
0.9959291384330708,1.001313175982543
0.9996479057681869,1.0002092375435339
0.9991210942199062,1.0006941183421927
0.9981325395996058,1.0001839257343066
0.998557406286707,1.0007502888460504
0.998557406286707,1.0008717938057061
0.9981314966308503,1.0011417849783137
0.9972432668402419,1.001168271391827
0.9972432668402419,1.0013864932239707
0.9959291384330708,1.0013423103372041
0.9937318388959626,1.0016359323260104
,,egauge28684,egauge13830,egauge24121,egauge8816,egauge19810,egauge2850,egauge16608,egauge14018,egauge7731,egauge26086
,,1,1,1,1,1,1,1,1,1,1
,,1,1,1,1,1,1,1,1,1,1
0.9997767300581757,1.0000371774305852
0.9977903578399409,1.000094730624704
0.9973627459759189,1.0007207520496668
0.9972416426459068,1.0011692359405693
0.9993599719989288,1.0002380512306825
0.9991847128394782,1.0005119401434563
0.9981152128787913,1.0002834817302968
0.995908128858784,1.000459041511794
0.9967823310219665,0.9999997190977279
0.9941506433304964,0.9999997190977274
0.9972804620326379,1.0007894549340492
0.9967661609075386,1.000913455231451
0.9971039468497832,1.0014387591844114
0.9969457235592724,1.001529795852544
,,egauge16133,egauge19696,egauge22785,egauge14018,egauge17311,egauge30378,egauge28351,egauge3611,egauge22084,egauge3167
,,1,1,1,1,1,1,1,1,1,1
,,1,1,1,1,1,1,1,1,1,1
0.9997852954662128,1.0000481832328458
0.9986460136651641,1.0003782229270612
0.9977217889415639,1.0004588586795755
0.9975095486468099,1.000394901232936
0.9987369667667787,1.0001729602330551
0.996919776695842,1.0008060927140394
0.9980217584991825,1.0001727176848505
0.9978437449551097,1.0006208632373532
0.998615720515625,1.0005199096797661
0.9977751977282828,1.0007685567942046
0.9976065468286224,1.0004918976383201
0.9966565960139275,1.000619388944348
0.9972413602422555,1.0002512597666986
0.9974135952220539,1.0005071763742033
,,egauge30378,egauge19821,egauge26944,egauge18544,egauge26086,egauge21932,egauge2474,egauge5198,egauge20358,egauge3167
,,1,1,1,1,1,1,1,1,1,1
,,1,1,1,1,1,1,1,1,1,1
0.9998770833354127,1.0001397425196978
0.9991194340016016,1.0007916294521642
0.9984385817876301,1.0011434911864538
0.9983300784449997,1.0012972435315186
0.999146024830497,1.0003644171818507
0.9988602851186074,1.0013205013309727
0.997344335996659,1.0008462644259133
0.9990386117828681,1.0011461081705484
0.9989427666416856,1.0010650583683747
0.9991194340016016,1.0007916294521642
0.998343822867367,1.0012340751950453
0.9975322264794314,1.0012613026644395
0.9982429951110044,1.001406505627429
0.9982767164299186,1.0013936498022085
,,egauge7731,egauge30039,egauge19810,egauge27467,egauge17311,egauge7692,egauge30378,egauge5198,egauge16616,egauge33764
,,1,1,1,1,1,1,1,1,1,1
,,1,1,1,1,1,1,1,1,1,1
0.9998230168451813,1.0000733396925774
0.9987704766695398,1.000681239159866
0.9977352605542955,1.0010323436476813
0.9974292818877027,1.0012083520530044
0.9997066603080339,1.0004501687553415
0.999259208154954,1.0007257638200149
0.9974580840458322,0.9999997190977882
0.9985988188254825,1.0010295495875197
0.998750278016497,1.0008027255336553
0.9969805886502773,1.0008936880779882
0.9976076708796432,1.0011356689162725
0.9968296605333176,1.0011715606322202
0.9972843078592327,1.0012447657969812
0.9971308602228407,1.0014774579168269
,,egauge20407,egauge14795,egauge26086,egauge26944,egauge32290,egauge17073,egauge30039,egauge16608,egauge8816,egauge8617
,,1,1,1,1,1,1,1,1,1,1
,,1,1,1,1,1,1,1,1,1,1
0.9998096587271518,1.0000812267499315
0.9983384708092617,1.0006262900410803
0.9968981217361991,1.0010541680801586
0.9956529036680425,1.0012457129028383
0.9989037609445405,0.9999997190984208
0.9978762143390147,1.0007011796990568
0.998583402910678,1.000859971514479
0.9972058996366412,1.0009604395853748
0.9976910652858512,1.0005610122040252
0.9981267160031105,1.0011720617639521
0.9967871034799176,1.001157496011506
0.9968448502228369,1.0013433696352279
0.9943021915913098,1.0015079732154233
0.9955571616750121,1.0012135843092813
,,egauge8617,egauge20670,egauge27467,egauge19696,egauge8253,egauge2850,egauge19821,egauge33764,egauge21932,egauge4183
,,1,1,1,1,1,1,1,1,1,1
,,1,1,1,1,1,1,1,1,1,1
0.9997920168814363,1.000061180388763
0.9978347633672235,1.0002700754472056
0.9974124543155389,1.0008000222401583
0.9973487052642862,1.0009409243333107
0.9993984540364512,1.00012841333201
0.9992145968615466,1.0006372854723906
0.9994666786515567,1.000822705704839
0.996497863282739,1.0005393945053953
0.9969941291015254,1.0003004290300697
0.9938699804752045,0.9999997191061277
0.9971903113125182,1.0009818416442267
0.9973591502981989,1.001003452786231
0.9973487052541311,1.0009409243294538
0.9972421120690816,1.0011765236257608
,,egauge13830,egauge28351,egauge30039,egauge17073,egauge19810,egauge22785,egauge16616,egauge3611,egauge20407,egauge8617
,,1,1,1,1,1,1,1,1,1,1
,,1,1,1,1,1,1,1,1,1,1
0.9998121892535983,1.0000303279422185
0.9983714162882544,0.9999997190971761
0.9975186598183405,0.9999997190971757
0.9968564078738992,0.9999997190971757
0.9994595063268658,1.0002816390931235
0.997946767329649,1.0003165684197453
0.9989519851408205,1.000779610343423
0.9982502960554155,1.0002679318517385
0.9974066469401841,0.9999997190971761
0.9968769077845521,1.0001156874888306
0.9974363606015096,1.0000050947948904
0.9966113263375387,1.0000872827291591
0.9962265613994217,0.9999997190971757
0.9966753211751813,0.9999997190971757
,,egauge22271,egauge7692,egauge19821,egauge7729,egauge15623,egauge18158,egauge3166,egauge3608,egauge28351,egauge8617
,,1,1,1,1,1,1,1,1,1,1
,,1,1,1,1,1,1,1,1,1,1
0.9998194906733445,1.000100631906362
0.9984051660423324,1.0004597151596288
0.9976028171418597,1.000592847228386
0.9969825425279952,1.0007144828023455
0.999503348217088,1.000494586937985
0.9978626350957212,1.0003803656298813
0.9987464405462667,1.0013819650599494
0.9972368315080492,1.0006216623332314
0.9981831299402074,1.0005811697476672
0.9979770800215478,1.0010593936949221
0.9975987013908262,1.0006093690011906
0.9966478057959943,1.000571444397474
0.9962947235225958,1.0008236697338735
0.9968653423832845,1.0007572978551633
,,egauge2474,egauge26086,egauge22271,egauge24121,egauge13836,egauge30039,egauge19696,egauge5198,egauge15601,egauge9102
,,1,1,1,1,1,1,1,1,1,1
,,1,1,1,1,1,1,1,1,1,1
0.999829045985504,1.0001457995057665
0.9983629369254859,1.0010589766229925
0.9968919829718257,1.0016413129846613
0.9965945531820541,1.0020068484508367
0.9989855937893717,1.0004256033941015
0.9987206960174405,1.0009131326891985
0.9989519851408205,1.0009339300436442
0.9981325736211546,1.0011906471374084
0.9982922799558469,1.001383162148735
0.9978066378574048,1.0015615242268825
0.9963289732562505,1.0017364396419437
0.9959872879385907,1.0017699117179337
0.9962857095182807,1.0023161182756164
0.9958709030115818,1.0021783960567008
,,egauge7692,egauge2474,egauge28684,egauge18158,egauge23534,egauge15623,egauge19821,egauge19696,egauge8617,egauge3608
,,1,1,1,1,1,1,1,1,1,1
,,1,1,1,1,1,1,1,1,1,1
0.9997802124933995,1.000100413066657
0.9980521937551867,1.000795847521047
0.9963162548208699,1.001293466993889
0.9955663420437946,1.0012998741795838
0.9987297248251673,1.000248083241287
0.9981647737702543,1.0006429724450443
0.9989519851408205,1.0004938422262328
0.9979582876162912,1.0010499304236828
0.9978907688847637,1.00099837151819
0.9979693928517284,1.0010469688991983
0.996242290411172,1.001537430231854
0.9948494399400416,1.0015291643901973
0.995443383159475,1.0013290080732078
0.9944932591115493,1.0012677435271733
,,egauge22785,egauge26944,egauge3611,egauge13974,egauge15601,egauge16608,egauge20407,egauge19696,egauge15623,egauge20358
,,1,1,1,1,1,1,1,1,1,1
,,1,1,1,1,1,1,1,1,1,1
0.9997538541772336,1.0000873009422362
0.9979626263062773,1.0006943736679408
0.9964451566136843,1.0009052430967846
0.9963178145144366,1.0010781745468031
0.9989088305369594,1.0001487006707492
0.9974708939473058,1.0007462373701501
0.9976529050671843,1.0003557477914475
0.9973072903512638,1.0008158619234646
0.9973171555278149,1.0011704013824283
0.9978856465395373,1.0010227537658196
0.9960959407663399,1.0008308756565112
0.994956893159885,1.0011515442009382
0.9962671348117244,1.001165559361187
0.9961794179630136,1.0012388222761712
,,egauge21932,egauge16616,egauge22785,egauge17311,egauge8617,egauge19696,egauge7731,egauge32290,egauge13974,egauge8816
,,1,1,1,1,1,1,1,1,1,1
,,1,1,1,1,1,1,1,1,1,1
0.9996979561971266,1.0000433447396215
0.9974604928886827,1.0005325756922467
0.9958838105665745,1.000857524006159
0.9944124141124084,1.0010976968603602
0.9996979561971266,1.0000433447396215
0.9975506172421118,1.0006449886184772
0.9979460227101814,1.000189772501509
0.9974302412938503,1.0006236711406449
0.9973697455182623,1.0005224550593061
0.9948525973171699,1.001156928045331
0.9958468452745389,1.0009608278606692
0.9957986832900813,1.0010862692509943
0.9939864234700752,1.0011268238016
0.9925786061739468,1.00148336255033
,,egauge16133,egauge2850,egauge3611,egauge4183,egauge16616,egauge21932,egauge30378,egauge28684,egauge23534,egauge28351
,,1,1,1,1,1,1,1,1,1,1
,,1,1,1,1,1,1,1,1,1,1
0.9997502236509684,1.0000300075211124
0.9988851910692834,1.0004499005083205
0.9980007148769594,1.0008345542143349
0.9973001621740315,1.0010193814228738
0.9987119241685299,1.00015094886403
0.9956348798120033,1.0000300075211122
0.9975748573849859,1.0003367296339858
0.9987740952993797,1.0006601122597922
0.9987236068684037,1.0005106227477034
0.9988851910692834,1.0004499005083205
0.9979060180678073,1.0009125017770286
0.9979260390994175,1.0010869276826058
0.9971914436329935,1.0012506560654315
0.996288670580414,1.0011613823080465
,,egauge3611,egauge14018,egauge19696,egauge21932,egauge32290,egauge28351,egauge15601,egauge8816,egauge20358,egauge18544
,,1,1,1,1,1,1,1,1,1,1
,,1,1,1,1,1,1,1,1,1,1
0.9997497631906432,1.0001110715375112
0.9983767212819774,1.0007619777597108
0.9970116003731273,1.0014452690484965
0.9968777997310426,1.0017658352655576
0.9987611717631436,1.000232882140634
0.9975938471856916,1.0008311258035367
0.9967079359814477,1.0009050829249844
0.9983767212309944,1.0007619777481436
0.9982520191516033,1.000670877105054
0.9970826543946169,1.0010517348194998
0.9969828110966225,1.0016396360417188
0.9950235506018648,1.0015738380418364
0.9967836226663317,1.0018751577648222
0.9967925707140796,1.0021410789961338
,,egauge22785,egauge18350,egauge26944,egauge17311,egauge24121,egauge18544,egauge3608,egauge19810,egauge30378,egauge22084
,,1,1,1,1,1,1,1,1,1,1
,,1,1,1,1,1,1,1,1,1,1
0.9998028378106402,1.000013343185375
0.9981817673391306,0.9999997190971753
0.9967185741310218,0.9999997190971747
0.9964956911921526,0.9999997190971744
0.9989163560378534,1.0000882103130873
0.999417230251316,1.0002733516541635
0.9972874626993086,1.0007012807666429
0.9981313076904187,1.0000311611774755
0.9979597899893965,0.9999997190971757
0.9975885717003817,1.0006019535919037
0.9963035214242054,0.9999997190971747
0.9956652739170344,0.9999997190971749
0.9963219209974585,0.9999997190971744
0.9963785587972065,0.9999997190971744
,,egauge20358,egauge8253,egauge15623,egauge23534,egauge16608,egauge16616,egauge14795,egauge2474,egauge3608,egauge19821
,,1,1,1,1,1,1,1,1,1,1
,,1,1,1,1,1,1,1,1,1,1
0.9997752068004705,1.000106294361142
0.9982893969368908,1.000943763780161
0.9968607980952834,1.001632951366696
0.9959766681297967,1.0019922384498028
0.9996683068463739,1.0002560583058415
0.9979914439777461,1.0001762202492135
0.9989556338861555,1.0004062696024274
0.9981380169108313,1.00109567424242
0.9981985625488836,1.0011260628775331
0.9980776548093967,1.0010596677431234
0.9968402378381565,1.0017570326113046
0.9959774004438531,1.001879464056028
0.9952752188125913,1.001970371495553
0.9955298855334811,1.0026251529187185
,,egauge33764,egauge2474,egauge3166,egauge13836,egauge7729,egauge17073,egauge13830,egauge28684,egauge22271,egauge14795
,,1,1,1,1,1,1,1,1,1,1
,,1,1,1,1,1,1,1,1,1,1
0.9998458167719446,1.0001278132901046
0.9987548498636314,1.0010753391978517
0.9982571725963411,1.001686680079379
0.9979765044169799,1.0020971616067111
0.999482055925109,1.0003843350961654
0.9982509766867519,1.0006240600309146
0.9989556338861555,1.0002650076879063
0.9987043559096207,1.0015293556909186
0.9974338992924411,1.001156363950183
0.9982847932373445,1.0015392171460487
0.9982283408265887,1.0017404475791352
0.9978411635089677,1.0018903236558707
0.9978149961343327,1.0023305081787963
0.9974725649394963,1.0024403626990068
,,egauge8617,egauge16616,egauge19821,egauge17073,egauge33764,egauge3608,egauge5198,egauge7731,egauge26086,egauge22785
,,1,1,1,1,1,1,1,1,1,1
,,1,1,1,1,1,1,1,1,1,1
0.999824986051238,1.0001006862168507
0.9984257109311288,1.0007426868871447
0.9973191792639401,1.001282811606011
0.9967525640131958,1.0015007127386768
0.9993916218018574,1.000167712026937
0.999425610037563,1.000220610328353
0.9987479994812546,1.0013646339594553
0.9982843982992065,1.0010332425482873
0.9981431329330803,1.0009148549431408
0.9970387799648305,1.0006001980175543
0.9969704957068486,1.0013406877553068
0.9972658811387438,1.001679281812481
0.9966221899853867,1.0017411841829955
0.9959968701434392,1.0015114260341862
,,egauge14018,egauge30039,egauge22785,egauge2850,egauge13836,egauge18158,egauge19696,egauge17311,egauge19810,egauge16616
,,1,1,1,1,1,1,1,1,1,1
,,1,1,1,1,1,1,1,1,1,1
0.9997322313080843,1.0000067582287446
0.9977983441181334,0.9999997190971753
0.996151556816602,0.9999997190971747
0.9953571329230337,0.9999997190971744
0.9985994940358719,1.0003292937649235
0.9991721298479028,1.0006037913815373
0.9979612699663654,1.000104825664345
0.9961146904157872,0.9999997190971751
0.9977359545727118,1.0001967744847802
0.9976444286307862,1.0001833155343467
0.9955849391842538,0.9999997190971747
0.9961196213918482,0.9999997190971749
0.9945767874598938,0.9999997190971744
0.9951763686437713,0.9999997190971744
,,egauge14795,egauge30039,egauge19696,egauge3167,egauge20358,egauge21932,egauge30378,egauge26086,egauge15601,egauge18544
,,1,1,1,1,1,1,1,1,1,1
,,1,1,1,1,1,1,1,1,1,1
0.9998038217186851,1.0001477734619468
0.9990201353389805,1.0010317383238319
0.9982539950406899,1.0018587689631386
0.9974527264483405,1.0023849189024339
0.9988844716159694,1.0004794811011064
0.999197435798861,1.000764832570393
0.9967468671255442,1.0009009546137624
0.9989494233620675,1.0011228875440228
0.9988989220471043,1.0011836645864403
0.9990201353389805,1.0010317383238316
0.9976571692191482,1.0019456451614948
0.9978484914519561,1.0021482451948922
0.9965185022080864,1.0027278070994823
0.997474050788265,1.0027604366689933
,,egauge30039,egauge22271,egauge16133,egauge26086,egauge3611,egauge7692,egauge13836,egauge24121,egauge18544,egauge13830
,,1,1,1,1,1,1,1,1,1,1
,,1,1,1,1,1,1,1,1,1,1
0.9998596469696759,1.0001284541738045
0.9985399304291346,1.0009371501130735
0.9982072660457163,1.0015420685332266
0.9981051731353018,1.0018690592473039
0.9995785975161291,1.0004373484671012
0.9992469062448174,1.0008727209232957
0.9976053995612733,1.0004335919154208
0.9985230088692312,1.0012106260144504
0.9975415251556337,1.0010181616481426
0.9966758393352859,1.0011883134498636
0.9981372535940354,1.001674408987631
0.9979938894393768,1.0016813692839046
0.9980108588071195,1.0021169275710857
0.9980296253123739,1.0020513012877434
,,egauge16616,egauge20407,egauge18544,egauge5198,egauge30378,egauge20670,egauge8617,egauge19696,egauge19810,egauge15623
,,1,1,1,1,1,1,1,1,1,1
,,1,1,1,1,1,1,1,1,1,1
0.999732635948247,1.0000409821633138
0.9979269509178598,1.0003690535404453
0.996268460333402,1.0004387206642331
0.9955311435632529,1.0002468875891903
0.9995188737469,1.0001051552730253
0.9979905149580874,0.9999997191007599
0.9990718222439805,1.0009045523445144
0.9970702136940863,1.0004829624234843
0.9975013850708003,1.000604291832206
0.9977730119258185,1.0008444815629693
0.9962109346058804,1.000451109676985
0.9948123388772173,1.000845505792975
0.9947289754409014,0.9999997192369481
0.9954779584806053,1.0003538742059312
,,egauge18544,egauge32290,egauge7731,egauge22084,egauge8253,egauge2850,egauge9102,egauge19821,egauge3167,egauge26086
,,1,1,1,1,1,1,1,1,1,1
,,1,1,1,1,1,1,1,1,1,1
0.9997527932122016,1.0000546462573474
0.9973900143711399,1.0001481405264936
0.9965917194460854,1.0007530037753751
0.9965662411284616,1.0010094988466107
0.9995402613379437,1.0004426587517816
0.9980909885826957,0.9999997191148171
0.999403384419718,1.000836499642854
0.9972085582825502,0.9999997192424493
0.9965665556916413,1.0001790823822672
0.9934273220799098,0.9999997192424493
0.996299951029946,1.000798448800018
0.996016952260394,1.0012242288385917
0.996537271987203,1.0010895943891727
0.9965662411284616,1.0014248397531746
,,egauge18158,egauge13836,egauge13974,egauge28684,egauge32290,egauge16133,egauge19810,egauge3608,egauge28351,egauge3611
,,1,1,1,1,1,1,1,1,1,1
,,1,1,1,1,1,1,1,1,1,1
0.999796738802241,1.0000534852577
0.9982154748670486,1.0000873471147034
0.9966460059628323,0.9999997190971759
0.9959720702612551,1.0001254375301354
0.9994147397438485,1.000406562955598
0.9992529699121427,1.0009721437732555
0.9983269345443673,1.0003626151952645
0.998104670361833,1.000258537018577
0.9978316041977265,1.0000266595671332
0.9962954749451862,1.00039618210663
0.9964610468561481,0.9999997190971761
0.9956034211565944,0.9999997190971757
0.9959214113632274,1.0002054494862365
0.9948922461437282,1.0002431074048124
,,egauge20407,egauge27467,egauge3611,egauge22271,egauge18158,egauge7731,egauge22084,egauge3166,egauge14018,egauge13836
,,1,1,1,1,1,1,1,1,1,1
,,1,1,1,1,1,1,1,1,1,1
0.9998398220675612,1.000096399677195
0.999048689308962,1.0008689371624633
0.9983653247004595,1.0012250382245096
0.9976644698587324,1.001667396872408
0.9989588655609836,0.9999997191140845
0.9995592743518723,1.0008164414441658
0.9976216784466218,1.0004043887140215
0.9987053300789038,1.0012584949331962
0.9987016143025186,1.0010917381241757
0.9986916610715808,1.001448722467449
0.9983035368163121,1.001150642715889
0.9981381808305229,1.0012798412980042
0.9968240783869539,1.0018641747268482
0.9977284626786544,1.002117676786756
,,egauge21932,egauge8816,egauge19810,egauge33764,egauge22084,egauge20925,egauge19696,egauge2474,egauge22785,egauge24121
,,1,1,1,1,1,1,1,1,1,1
,,1,1,1,1,1,1,1,1,1,1
0.9996574113444647,1.0000295934085743
0.9981585370573333,1.0004832523340699
0.9965955466438847,1.0008346667659003
0.9959276281325388,1.0009163266224212
0.9996574113444647,1.0000295934085743
0.9959383810236464,1.00071980309371
0.9973721619248871,0.9999997190971773
0.9980572487537672,1.0006755768388227
0.9980576266034676,1.000311246374238
0.9971271590405039,1.0009956869847367
0.9959998935940637,1.0009281140811257
0.9965635944140165,1.0010809473614104
0.9953418358634298,1.0009163266197991
0.9956722808103977,1.0010555245280035
,,egauge16616,egauge18350,egauge7692,egauge3166,egauge21932,egauge8816,egauge19821,egauge28684,egauge8253,egauge2850
,,1,1,1,1,1,1,1,1,1,1
,,1,1,1,1,1,1,1,1,1,1
0.9997581334445433,1.000011669575521
0.9976781550525107,1.0000115635169426
0.9954388713073976,0.9999997190971766
0.9936145656778915,0.9999997190971766
0.9996405473313879,1.0000606960184406
0.9969525581080643,1.0002915149545129
0.997693834759087,1.000253423593034
0.9976579825297691,1.0000924865060592
0.9976781550525107,1.0000115635169429
0.9947200458116383,1.000681099691014
0.9952172482999568,1.0000862353635334
0.9952899864051855,1.0000470181611751
0.9930303836949385,0.9999997190971766
0.9914233121655607,0.9999997190971766
,,egauge3166,egauge9102,egauge30039,egauge14018,egauge19821,egauge13974,egauge20407,egauge3608,egauge7731,egauge28684
,,1,1,1,1,1,1,1,1,1,1
,,1,1,1,1,1,1,1,1,1,1
0.9998003535919845,1.0001000744691024
0.9984042257348469,1.0007983326453018
0.9973511643254558,1.0009195888285622
0.9972236833419739,1.0011694186589948
0.9995657461563754,1.0001681577307218
0.9983510649430968,1.0004879631708743
0.033306936437250134,0.03336005270252841
0.9976821153924005,1.0011629465583238
0.9979807093792188,1.0013960583342119
0.9972695998914567,1.001057541262733
0.9971331498343233,1.0008452201254157
0.996339611614438,1.0008874725977364
0.9971149746692275,1.001358795602123
0.9971703912777344,1.0013086581817505
,,egauge14795,egauge16616,egauge13836,egauge19821,egauge30378,egauge13830,egauge22785,egauge23534,egauge8253,egauge15623
,,1,1,1,1,1,1,1,1,1,1
,,1,1,1,1,1,1,1,1,1,1
0.999316109127388,1.0001132029902862
0.993644602236229,1.0007973532907364
0.9874674728439027,1.001015884960799
0.9812905842000167,1.0011292456725358
0.9987608253405827,1.0004541347876996
0.9988205266356512,1.0002331288697894
0.9984549007738559,1.0010947875360237
0.993644602236229,1.0014037066219696
0.993644602236229,1.0010100064327931
0.9935871614271524,1.0011414025202117
0.9874674731004583,1.0010448129286438
0.9874674728439027,1.0012324502241294
0.9812905842000169,1.0011583737002145
0.9709628707271838,1.001289903088744
,,egauge2474,egauge27467,egauge22084,egauge15623,egauge18158,egauge22785,egauge19696,egauge7692,egauge19810,egauge20925
,,1,1,1,1,1,1,1,1,1,1
,,1,1,1,1,1,1,1,1,1,1
0.9993344901558011,1.000047386334468
0.9936628599314739,1.0003223524586597
0.9874855962052714,1.0004442776074982
0.9813085732335544,1.0003505789394624
0.9989833327117102,1.0002925782614271
0.9985455549341803,1.000773021354241
0.998670689144655,0.9999997190979489
0.9936628599314739,1.000459226082236
0.9936628599314739,1.000621202059783
0.9936054178731805,1.0004574775989519
0.9874855964618235,1.0005392699243818
0.9874855962052717,1.0005941013862842
0.9813085732335544,1.0002677022088857
0.9709806351672949,1.0006596925323152
,,egauge16616,egauge15623,egauge19810,egauge14018,egauge24121,egauge8617,egauge22785,egauge16133,egauge32290,egauge20670
,,1,1,1,1,1,1,1,1,1,1
,,1,1,1,1,1,1,1,1,1,1
0.999338440271634,1.0000311460930915
0.9936667835002677,1.0004821510955695
0.9874894908560852,1.0006739205193804
0.9813124389676111,1.0007827935878737
0.999266925350175,1.0000932032999699
0.9986999834868383,1.0002748351929132
0.9974950688958963,0.9999997190993504
0.9936667835002677,1.0008466288515907
0.9936667835002677,1.0006036089039665
0.9936093411735011,1.0005400675410827
0.9874894911126817,1.0006780512977458
0.9874894908560852,1.0008023725035644
0.9813124389676111,1.0007391231647929
0.9709844525537088,1.0010290590985382
,,egauge8816,egauge20670,egauge8253,egauge19821,egauge15623,egauge17073,egauge16608,egauge7729,egauge15601,egauge32290
,,1,1,1,1,1,1,1,1,1,1
,,1,1,1,1,1,1,1,1,1,1
0.9993213614268421,1.000108758601727
0.9936498193126994,1.0009615711502435
0.9874726515596018,1.0014111033747597
0.9812957245567155,1.0016547451459605
0.9977990950069485,1.0004829058808191
0.9990818339416939,1.0006996237743337
0.997800595369156,1.000283850540021
0.9936498193126994,1.0015557627439138
0.9936498193126994,1.0010830977570464
0.9935923781466699,1.0012883499819478
0.9874726518161379,1.0014813932361917
0.9874726515596018,1.0015825304792683
0.9812957245567158,1.0019973382901004
0.9709679469476308,1.0015583201179474
,,egauge13974,egauge4183,egauge8617,egauge3608,egauge22271,egauge20925,egauge20358,egauge8253,egauge27467,egauge2474
,,1,1,1,1,1,1,1,1,1,1
,,1,1,1,1,1,1,1,1,1,1
0.9993430270149323,1.000087951103977
0.9936713395454035,1.00073985900276
0.9874940134783315,1.0011646119879938
0.9813169281686456,1.001491456014453
0.9990759640570033,1.000245770251225
0.9991703549926634,1.000500709779557
0.9989041385830987,1.0002700750011349
0.9936713395454035,1.0007094907386946
0.9936713395454035,1.0010450822534105
0.9936138969069348,1.001184222518019
0.987494013734849,1.0012224800695118
0.9874940134783315,1.0011860303550584
0.9813169281686456,1.001718111597278
0.970988885872511,1.001737927625148
,,egauge26086,egauge19821,egauge14795,egauge22084,egauge33764,egauge19810,egauge24121,egauge4183,egauge22271,egauge5198
,,1,1,1,1,1,1,1,1,1,1
,,1,1,1,1,1,1,1,1,1,1
0.9993397448131593,1.000100185986526
0.993668079327814,1.0002982178634394
0.9874907771967665,1.0007241554874764
0.9813137158219323,1.0010478798375997
0.9988457040572509,1.0004506374995423
0.9988302655170976,1.0012808895948053
0.9977222743782749,1.000742399917131
0.993668079327814,1.0001262495098413
0.993668079327814,1.0004905003175768
0.9936106369124005,0.9999997190971773
0.9874907774533221,1.0007767186626941
0.9874907771967665,1.000896793257828
0.9813137158219323,1.0012955080989467
0.9709857135461764,1.0012406575405832
,,egauge16616,egauge20407,egauge33764,egauge8253,egauge5198,egauge18158,egauge22084,egauge16133,egauge3167,egauge2850
,,1,1,1,1,1,1,1,1,1,1
,,1,1,1,1,1,1,1,1,1,1
0.999346967765076,0.9999997190971771
0.9936752538012904,1.00005965753362
0.9874978988666114,1.000166310058059
0.9813207846904953,1.0002729626616975
0.9991333030119172,1.000025155362617
0.9980328336299227,0.9999997190971771
0.9990476578883183,1.0005749532600445
0.9936752538012904,1.00005965753362
0.9936752538012904,1.00005965753362
0.9936178108949836,1.0000778107256878
0.9874978991231802,1.0001663100538056
0.9874978988666117,1.000166310058059
0.9813207846904954,1.000272962661698
0.9709926941322841,1.000451294082446
,,egauge9102,egauge18350,egauge17311,egauge22271,egauge2850,egauge5198,egauge16608,egauge33764,egauge26086,egauge15623
,,1,1,1,1,1,1,1,1,1,1
,,1,1,1,1,1,1,1,1,1,1
0.9993089083410011,1.000060858935055
0.9936374496243633,1.0003905686344605
0.9874603726723828,1.0008453722725053
0.9812835364661407,1.001146471652783
0.9984336067984079,1.0002663186563288
0.9982430200459463,1.000327012286988
0.998535115626695,1.0004402661996907
0.9936374496243633,1.0007347521635515
0.9936374496243633,1.0000596579648402
0.9935800093046286,1.0007767859068362
0.9874603729290778,1.0009073507253972
0.9874603726723831,1.0010603838210301
0.981283536466141,1.0014378479268142
0.9709559106741431,1.001281134029652
,,egauge22084,egauge8816,egauge3611,egauge15601,egauge18158,egauge19821,egauge16608,egauge13836,egauge3167,egauge32290
,,1,1,1,1,1,1,1,1,1,1
,,1,1,1,1,1,1,1,1,1,1
0.9998208944829516,1.0000925714426128
0.9987734527477841,1.0010108208645514
0.9982661903002602,1.0013279964796515
0.9976736578794076,1.0013408166590083
0.9993093874689266,0.999999719099857
0.9961079811547755,1.0008056947262784
0.9976578427567487,1.0003856923897276
0.9974726100301959,1.001481036289399
0.9984706084776568,1.0012442896484735
0.997861568983369,1.002152009943443
0.9981879364641068,1.0014024141009599
0.9982021615718618,1.001787315349847
0.9976446506454671,1.0014063739003374
0.9967255607525457,1.0012658453017727
,,egauge14795,egauge30039,egauge16616,egauge7729,egauge13974,egauge9102,egauge22084,egauge19810,egauge19696,egauge33764
,,1,1,1,1,1,1,1,1,1,1
,,1,1,1,1,1,1,1,1,1,1
0.9997156597764232,1.0000567513535903
0.9974906194083528,1.0002368326720548
0.9958293680800031,1.0001716247112182
0.9949149248163717,1.0004468484716535
0.9988153525637754,1.0003874978050193
0.9991132414959605,1.0007476265484658
0.9993258155190767,1.0001851096907344
0.9968356499940778,1.0003987371953522
0.9968960661669399,1.000378495744736
0.9963730603281674,1.0005457222225334
0.9957882989038255,1.0001055769445364
0.9946816559612608,0.9999997191284261
0.9939330187284081,1.0007129375183659
0.9947090513224609,1.0007103822462382
,,egauge16133,egauge26944,egauge7692,egauge3167,egauge16608,egauge20407,egauge2850,egauge19810,egauge4183,egauge7731
,,1,1,1,1,1,1,1,1,1,1
,,1,1,1,1,1,1,1,1,1,1
0.9997718144363159,0.9999997190971766
0.9981104036934528,0.9999997190971766
0.9964751421422684,0.9999997190971761
0.9962714183237568,0.9999997190971761
0.9986457217144898,1.0001436521106664
0.9974354318584759,1.0006238808892678
0.9976602157329938,1.000264177986354
0.9980599483437493,0.9999997190971766
0.9979086183190397,0.9999997190971766
0.996895472473839,0.9999997190971766
0.9956661965233118,0.9999997190971761
0.9960706508382712,0.9999997190971761
0.9961773089537568,0.9999997190971761
0.9960691731064409,1.0001928775955677
,,egauge15623,egauge19810,egauge14018,egauge17073,egauge22785,egauge20407,egauge22084,egauge16608,egauge14795,egauge2474
,,1,1,1,1,1,1,1,1,1,1
,,1,1,1,1,1,1,1,1,1,1
0.999827143766208,1.0000422716618698
0.9984117350340729,1.000339806512414
0.997755805966052,1.0006912661772727
0.9970998796560324,1.00103074581458
0.9995915877992535,1.0001706278017115
0.997648655193558,0.9999997191168072
0.9973825041626329,1.0008129925060452
0.9974235542203537,1.0005624699991231
0.9978467772263674,1.0003903988926524
0.996919605606524,0.9999997196078332
0.997755805966052,1.0006210476732276
0.997755805966052,1.0008839626752235
0.9963540870122446,1.0012492293007738
0.9965391471000973,1.001277083347492
,,egauge7692,egauge19696,egauge3167,egauge22785,egauge19810,egauge19821,egauge28684,egauge3611,egauge16133,egauge13974
,,1,1,1,1,1,1,1,1,1,1
,,1,1,1,1,1,1,1,1,1,1
0.9997127858021099,1.0000691289175945
0.9980796597659402,1.0004789159007428
0.9973550981739318,1.0007880950537338
0.9965786062676361,1.0009417834774812
0.9986557419862365,1.0002153381740424
0.9968814995713775,1.000786406351322
0.9980051414273914,1.0002749362607113
0.9972529811155616,1.000499156356753
0.9970314639166314,1.0000945302145323
0.9951853900983546,1.0016387445714112
0.9973345259229724,1.0008459374121985
0.996332144843277,1.0009058570881204
0.9958115884516326,1.0010312427888197
0.99634504614902,1.001101909790114
,,egauge17073,egauge5198,egauge21932,egauge8816,egauge8617,egauge19810,egauge26944,egauge13830,egauge15601,egauge13974
,,1,1,1,1,1,1,1,1,1,1
,,1,1,1,1,1,1,1,1,1,1
0.9997887434020298,1.0000740042705292
0.9977652363776691,1.0005916860130222
0.9972334988333323,1.0012862022755238
0.9963152107814724,1.0016644267315329
0.9994385233056206,1.0004111273787524
0.9977745975441096,1.0004571936535214
0.9980178028100515,1.000074004268956
0.9960236980026869,1.0007131595305443
0.9976744585095727,1.000632173322608
0.9957687844127051,0.9999997192089881
0.9970238753361936,1.0014185027431375
0.9971482336949122,1.0014897496158772
0.9949273678833812,1.0020070237384833
0.9961750549265399,1.0017930289817476
,,egauge14018,egauge9102,egauge18544,egauge21932,egauge28351,egauge22785,egauge33764,egauge26086,egauge5198,egauge30378
,,1,1,1,1,1,1,1,1,1,1
,,1,1,1,1,1,1,1,1,1,1
0.9998142947213476,1.000112940575929
0.9984564266481561,1.0006430513496771
0.9974400856632826,1.0012276331079195
0.9967015408298545,1.0014711540149308
0.9986764285070205,1.0004981579247219
0.9977678928901368,1.0005104547666106
0.9979579933191486,1.0009323901339902
0.9984126304741695,1.0006430513449172
0.9979372005458383,1.0007949079028013
0.9948922469163404,1.0011409481778815
0.9973248820281299,1.0013351166856568
0.997258873609606,1.0016353683213053
0.99608627641015,1.0015761414021047
0.9963714431336792,1.0017390582896866
,,egauge15623,egauge20407,egauge19696,egauge21932,egauge3608,egauge20925,egauge7729,egauge3166,egauge30378,egauge24121
,,1,1,1,1,1,1,1,1,1,1
,,1,1,1,1,1,1,1,1,1,1
0.9997467768797625,1.0000535652099314
0.9984480357956721,1.0004657534879071
0.9975108787251915,1.0008002567159624
0.9973132772112228,1.001018011767606
0.9996030202226422,1.0001819230642244
0.9977678928901368,1.000025344699424
0.9967189370826872,1.0008228266046424
0.9984126304741695,1.000465753484415
0.9974900299124633,1.0004353950549343
0.9948922469163404,1.0009099731474107
0.9970296616542242,1.000862231867128
0.9974575686227344,1.0008565894108674
0.9968198360215564,1.001170936147173
0.9970545954700382,1.0011572263976674
,,egauge19696,egauge22785,egauge16616,egauge13830,egauge15601,egauge20407,egauge9102,egauge16133,egauge3608,egauge7729
,,1,1,1,1,1,1,1,1,1,1
,,1,1,1,1,1,1,1,1,1,1
0.9996930260896338,1.0000633358846387
0.9981100864718527,1.0005575080887725
0.9964772789272357,1.0008215472387272
0.9954083815183736,1.0009112050842595
0.9982301252523587,1.0004354442609749
0.9980915545616678,1.0001940973059191
0.9992656296168453,1.0002800256429867
0.9974050172926724,1.0007498494267666
0.9968679994273296,1.0010334588046956
0.9965209862651884,1.0002101444961728
0.9964649478072034,1.0008835239258138
0.9953393104660051,1.000960729556345
0.9947218525017194,1.0008966455520145
0.9941658039212852,1.0010825310293725
,,egauge30378,egauge3166,egauge15623,egauge8617,egauge16616,egauge20670,egauge7729,egauge14018,egauge7692,egauge18350
,,1,1,1,1,1,1,1,1,1,1
,,1,1,1,1,1,1,1,1,1,1
0.9998339420904795,1.000084591170117
0.998262094996026,1.0006570364649887
0.9970233058951243,1.001119233569096
0.9967161269549691,1.00126016553928
0.9991348461464393,1.000323004868044
0.9992150607078345,1.0002591324646954
0.9992674636601409,1.000362089014125
0.9974050172926724,1.0006975269042881
0.9968679994273296,1.0007177735723962
0.9981642776853851,1.0010927912465155
0.9965793427966602,1.0011853656152216
0.9957889592766189,1.0015049091036399
0.996021297924512,1.0013548535692463
0.9964498960347257,1.0013565675849576
,,egauge19696,egauge3167,egauge14018,egauge26086,egauge28684,egauge3166,egauge5198,egauge20925,egauge22785,egauge13974
,,1,1,1,1,1,1,1,1,1,1
,,1,1,1,1,1,1,1,1,1,1
0.999782407016215,1.0000986053404821
0.998262094996026,1.0006239148749645
0.9975137608269615,1.0009338091702853
0.9969502834201759,1.001023473843249
0.9982683827608082,1.0004502614264723
0.9993013637977447,1.0002796268062217
0.9974286512027639,1.0008693775083168
0.9974050172926724,1.0008972895338173
0.9968679994273296,1.0007656427450682
0.998262094996026,1.0007011514871071
0.9971641019360461,1.0009833963648718
0.9974604504097885,1.0011801185628297
0.9963565440184233,1.0010234738244277
0.9963220699280377,1.0011734001351453
,,egauge8253,egauge3611,egauge28684,egauge3167,egauge2474,egauge20407,egauge19696,egauge22084,egauge2850,egauge20925
,,1,1,1,1,1,1,1,1,1,1
,,1,1,1,1,1,1,1,1,1,1
0.9996860905468972,1.000013542460539
0.997849878735635,1.0001587861069652
0.9964731610745183,1.0003188206623712
0.9952355982997594,1.0004788553821442
0.9987864335651309,1.000013542460539
0.9976666228604044,1.0002513784124523
0.9989713386334759,1.000338334023448
0.9974050172926724,1.0001587861069168
0.9968679994273296,1.0001587861069532
0.9963632581275836,1.0001587861069652
0.9959835628632797,1.0003188206623004
0.9962815124948343,1.0003188206623526
0.9937486246982558,1.0004788553820245
0.9951717994264551,1.0007464459536144
,,egauge28351,egauge16133,egauge15601,egauge24121,egauge3166,egauge30039,egauge7731,egauge20925,egauge16608,egauge7692
,,1,1,1,1,1,1,1,1,1,1
,,1,1,1,1,1,1,1,1,1,1
0.9998194699998632,1.0001174235265955
0.998262094996026,1.0008076782228383
0.9976048613024093,1.0013117846158905
0.9973344184621263,1.0015104383628353
0.9988687855570756,1.000267189443391
0.997750041536093,1.0004263661826318
0.9970911621313795,1.0010942279152766
0.9974050172926724,1.0009393096888601
0.9968679994273296,1.000848175865236
0.998262094996026,1.00138079499356
0.9971893717688769,1.0014192788711398
0.9975515451262589,1.0015582039851543
0.9968779700541684,1.001641589243018
0.9964518772379812,1.0016497339415609
,,egauge19821,egauge13974,egauge14018,egauge3608,egauge2474,egauge17311,egauge20407,egauge16133,egauge30039,egauge8253
,,1,1,1,1,1,1,1,1,1,1
,,1,1,1,1,1,1,1,1,1,1
0.9997532074094251,1.0000670269704983
0.998116260028251,1.0003576419984868
0.9973840227693833,1.0005556501306985
0.996836548033155,1.0007797645929304
0.9992475083122955,1.0006985046010624
0.9984530874033554,1.0003595557797609
0.9974030610951621,1.0008377703750302
0.9971384929408647,1.0003272874329607
0.9968679994273296,1.0005567600404932
0.9980392663260342,1.00058932113388
0.9971893717688769,1.0004813133845283
0.9967418615069243,1.0006947887397188
0.9967858370097379,1.0010127486268234
0.9959957072897647,1.000811877948857
,,egauge13836,egauge5198,egauge28684,egauge30378,egauge2850,egauge18544,egauge14795,egauge19821,egauge23534,egauge32290
,,1,1,1,1,1,1,1,1,1,1
,,1,1,1,1,1,1,1,1,1,1
0.9998152594472526,1.0000603265442252
0.9981114435784957,1.0002053890585458
0.9975716001153287,1.0007341755367596
0.9970908166051938,1.0007982103383555
0.999586066965301,1.0005324377920652
0.998131134142639,1.0004398999496602
0.9989929803201567,1.0004506937075612
0.9974050172926724,1.0002964491972428
0.9960276090838152,1.0001587861069532
0.9979829923813555,1.000874189944087
0.9971893717688769,1.0008498607447012
0.9969961644237888,1.001376870587669
0.9968779700541684,1.0009146888733886
0.996262376751835,1.0007464459536144
,,egauge21932,egauge7731,egauge19810,egauge22084,egauge22785,egauge3166,egauge17311,egauge22271,egauge7692,egauge7729
,,1,1,1,1,1,1,1,1,1,1
,,1,1,1,1,1,1,1,1,1,1
0.9997900067654948,1.0000336078314742
0.9982614387148765,1.000390028656836
0.9974913040057384,1.0008469033806424
0.9964667276711955,1.000975518647051
0.9997900067654948,1.0000336078314742
0.9983563982278374,1.0007633870867345
0.9974260990455927,1.0003805551754594
0.9974043616759494,1.0002079269302948
0.9968647242269673,1.0004290228898507
0.998060295595865,1.0005193109972432
0.9972024833351856,1.000900617611116
0.997395352657337,1.0012646000429155
0.9957504109902358,1.0010410476212084
0.9952722929945763,1.0011147262912843
,,egauge16616,egauge19696,egauge20358,egauge8617,egauge13830,egauge3167,egauge22084,egauge8816,egauge33764,egauge14018
,,1,1,1,1,1,1,1,1,1,1
,,1,1,1,1,1,1,1,1,1,1
0.9997442481564617,1.0000770909597982
0.998262094996026,1.0005567810462952
0.997081396640262,1.000959812606802
0.99700492406649,1.0012545224157485
0.9995839141882539,1.000141266808862
0.996897416509911,1.000825998973307
0.9994646141980544,1.0003922698899108
0.9974050172926724,1.0005972666746823
0.9968679994273296,1.0007491222404052
0.998262094996026,1.000730569423014
0.9970402662930633,1.0008813089520696
0.9950931819388611,1.0013454154127608
0.9968819007245154,1.0014584906737873
0.9962988279481627,1.001639785196726
,,egauge7731,egauge15623,egauge16608,egauge3166,egauge8617,egauge28684,egauge19810,egauge2474,egauge23534,egauge3167
,,1,1,1,1,1,1,1,1,1,1
,,1,1,1,1,1,1,1,1,1,1
0.9998369055394615,1.000060231583784
0.9982619967905574,1.0002738699517304
0.9976658213426258,1.0003620722155897
0.9976658213426258,1.0006181554427616
0.9996922468197492,1.0004542873862319
0.9993836266285274,1.000355435915318
0.9993103938666605,1.0006218649057679
0.9974049191818998,1.0003345795601295
0.996867915889782,1.000364937629019
0.9982619967905575,1.0006281636821677
0.9972503017893469,1.0003187878458937
0.9971354660739086,1.0005753469441958
0.9976302400537218,1.0008656580180806
0.9975824831107478,1.0006823723305323
,,egauge18544,egauge33764,egauge7692,egauge24121,egauge7731,egauge21932,egauge20358,egauge16133,egauge17311,egauge13836
,,1,1,1,1,1,1,1,1,1,1
,,1,1,1,1,1,1,1,1,1,1
0.9998617955832101,1.0000914029226404
0.9989439590688514,1.0006107371544868
0.9979490481738825,1.0010438267896609
0.9975730602925804,1.0013772761755433
0.9995770957934726,1.000507280581477
0.9992000769433605,1.0006499543506082
0.9977499722308034,1.0003384916576996
0.99871168498575,1.0006512253769593
0.9988227566952841,1.000975270252725
0.9989439590686018,1.000610737150195
0.997504596230261,1.0010892873061532
0.9969889374981221,1.00116162432089
0.03325243534308602,0.0333819135476488
0.996944381841095,1.0018595712505722
,,egauge20407,egauge13836,egauge20670,egauge17073,egauge14795,egauge26086,egauge22084,egauge22271,egauge30378,egauge4183
,,1,1,1,1,1,1,1,1,1,1
,,1,1,1,1,1,1,1,1,1,1
0.999825760808831,1.0000933873446292
0.9987983945327201,1.0007772810513065
0.9981516498429625,1.001090068534682
0.9976225744851608,1.0013143076320603
0.9989063746705479,0.9999997190971776
0.9993148358472413,1.0009959820169652
0.9989006859404517,1.0006998895222292
0.9986671161671276,1.0009291616863842
0.9985055986552851,1.001091227608051
0.9980476962173972,1.0012989957615754
0.9981063493116094,1.0010239490668698
0.9980662919137027,1.0014007134467746
0.9970597876812951,1.0014672855117095
0.997039103023657,1.0014642854279405
,,egauge8617,egauge30039,egauge8816,egauge7729,egauge33764,egauge15623,egauge20670,egauge3166,egauge21932,egauge16616
,,1,1,1,1,1,1,1,1,1,1
,,1,1,1,1,1,1,1,1,1,1
0.9997967711301884,1.0000672280844294
0.9989305222537826,1.0004839649695045
0.9983619641767606,1.0006767519513469
0.997831910053598,1.0007151618068515
0.9994099904234592,1.0001439200129902
0.999173046946261,1.000766191844863
0.9958169073855545,1.0008590426521646
0.9975867767922717,1.0006315139286504
0.9987416656531605,1.0007269158710592
0.9986330430032004,1.0007736269132566
0.9980119536360825,1.000767638667844
0.9983110054851098,1.0007302690528832
0.997831910053598,1.0007151618068515
0.9967452990812037,1.0007793860277705
,,egauge27467,egauge9102,egauge17073,egauge16616,egauge3611,egauge2474,egauge13836,egauge18544,egauge3167,egauge7692
,,1,1,1,1,1,1,1,1,1,1
,,1,1,1,1,1,1,1,1,1,1
0.9998375738250581,1.0001164866183614
0.9985097071560587,1.000808503750795
0.9976936756562544,1.0014189064840073
0.9970634481104972,1.0015534791929959
0.9997602876098747,1.0005056125973866
0.9984015293154976,1.0005014154010279
0.9989549792898285,1.0008107511295692
0.998418848878899,1.000867079818417
0.9975113375983425,1.00091988167295
0.9971688834518401,1.0012507303902374
0.9976237057999209,1.0016091311993016
0.997555053089451,1.0017662315403102
0.9970489547638227,1.0016263394825033
0.033201032621348,0.033389044922570076
,,egauge3611,egauge28351,egauge7692,egauge19810,egauge19696,egauge30039,egauge18544,egauge8253,egauge13974,egauge14018
,,1,1,1,1,1,1,1,1,1,1
,,1,1,1,1,1,1,1,1,1,1
0.9997588778249998,1.0000798828230815
0.9976829609377531,1.0006228857773884
0.9970092997799086,1.0011567111723287
0.9966798733765622,1.001477172468167
0.9986706931319803,1.0002076203737802
0.9978689108983742,1.0003794761240556
0.9976579385037883,1.0003791821619163
0.996665443680602,1.0002485473580227
0.996232986116952,1.0008556945621074
0.9971445751848772,1.0011831662268689
0.9969928485948688,1.0012969840854158
0.996115112692176,1.0011781293402748
0.03321131888651463,0.03338604185963189
0.9955426522087952,1.0018630110132987
,,egauge18350,egauge20407,egauge15623,egauge33764,egauge22785,egauge28351,egauge20925,egauge17311,egauge2474,egauge3167
,,1,1,1,1,1,1,1,1,1,1
,,1,1,1,1,1,1,1,1,1,1
0.9998627143490822,1.0000516951658496
0.9990795966836848,1.0005242358782251
0.9984848963493539,1.000883711488387
0.9978983306556631,1.0010630434008976
0.9996882287157094,1.0001800372097454
0.9981089481989875,1.000009588434232
0.9989549792898285,1.0003726620543967
0.9988270904805031,1.0007401070307067
0.9983999014536454,1.0005679997628458
0.9972526935842472,1.0006787049759565
0.9983972776687333,1.0009539575860356
0.9984528724494595,1.0010121952647815
0.9972966792763382,1.0011941250186847
0.03326007776754336,0.033372337773238656
,,egauge14795,egauge24121,egauge13974,egauge8617,egauge22271,egauge26944,egauge14018,egauge33764,egauge16133,egauge23534
,,1,1,1,1,1,1,1,1,1,1
,,1,1,1,1,1,1,1,1,1,1
0.9998342970832252,1.0001208414578449
0.9988390486593279,1.0009487684750655
0.9980952848740441,1.001468916217286
0.9973435884762276,1.0016483736862198
0.9988606110808582,1.0004418345817987
0.9982381017498821,1.0003807253981005
0.9983208666048253,1.0004393312891464
0.9987380569123001,1.0009892728670617
0.9986516572393619,1.0012583807680675
0.9965525133150974,1.001586636062058
0.9979392441046459,1.0016177892856672
0.9979159482462456,1.001672507513138
0.9965686349085294,1.00174310512219
0.03324087793711992,0.03339363765261278
,,egauge14018,egauge30378,egauge8816,egauge2850,egauge16616,egauge14795,egauge8617,egauge20358,egauge7692,egauge18158
,,1,1,1,1,1,1,1,1,1,1
,,1,1,1,1,1,1,1,1,1,1
0.9997591220476783,1.0000138418664815
0.9982692125548528,0.9999997191056504
0.9974184233963976,1.0000411744721567
0.9965464223029212,1.0002742317633566
0.9986122289639031,1.0003990140919805
0.9984495455433604,1.0004941644159664
0.9958064742782176,1.0007864279777394
0.9962455055265567,0.9999997191056504
0.9981783801521469,0.9999997191056504
0.996909941695777,1.0003155414192664
0.9973772766833113,1.0000741971202707
0.9971943061218908,1.0001358833227134
0.995844499067962,1.0003487125193804
0.9961206168599043,1.0006274015285246
,,egauge18350,egauge21932,egauge2850,egauge20670,egauge8816,egauge22084,egauge2474,egauge16608,egauge14018,egauge19821
,,1,1,1,1,1,1,1,1,1,1
,,1,1,1,1,1,1,1,1,1,1
0.9997441200154827,1.0000296496111543
0.9984894213832654,1.0008557130415399
0.9973060469338214,1.0017206214600667
0.9966820328456433,1.002330243250438
0.9996294408808835,1.0001751909358811
0.9997441200154827,1.0000296496111543
0.9953635305347799,1.0007994912177647
0.9979139134952832,1.0011288895558261
0.9966624173786046,1.0010681056225836
0.9971565082453433,1.0005275244033303
0.9969646961024387,1.0018157570043036
0.9972101166678261,1.0019135522352927
0.9962765905020438,1.0025928392879473
0.9962348759141213,1.0029634100565687
,,egauge22084,egauge19810,egauge33764,egauge26086,egauge16616,egauge22785,egauge18158,egauge26944,egauge30039,egauge27467
,,1,1,1,1,1,1,1,1,1,1
,,1,1,1,1,1,1,1,1,1,1
0.9998250403807005,1.0000586398689058
0.9987466760750228,1.0008237199143613
0.9978073054258221,1.0014787458493521
0.9976925110560115,1.00182496183245
0.9993173679817421,0.9999997190977882
0.9976540914147113,0.9999997190977882
0.9989502311887157,1.0006506984002161
0.9979126017344677,1.0010971591897022
0.9985063544604337,1.0008844689798102
0.9971565082453319,1.0008165231978314
0.9977620234257965,1.0015449059750714
0.9965399050221911,1.00183241842595
0.9976562516415457,1.002014485339641
0.9975538889336958,1.0021286699449135
,,egauge13836,egauge7692,egauge17311,egauge15623,egauge27467,egauge28684,egauge16133,egauge24121,egauge23534,egauge26086
,,1,1,1,1,1,1,1,1,1,1
,,1,1,1,1,1,1,1,1,1,1
0.9998598340513856,1.0001013141310644
0.9987890542017538,1.0007503384960899
0.998083235471394,1.0011840766652687
0.9979859333836086,1.0015750691178744
0.9996226080271987,1.0005434894843959
0.997886453543452,1.000319855663179
0.9985747645543743,1.0004771690777323
0.9979126017344677,1.0008718347367789
0.9985063544604337,1.0010440140041934
0.9971565082453319,1.0010207685031942
0.9976469404717221,1.001235523971032
0.9978378977285091,1.0013210300171778
0.9977320943110723,1.0018009825216958
0.9977299618561852,1.0019716112308157
,,egauge20925,egauge16616,egauge8617,egauge23534,egauge5198,egauge21932,egauge28351,egauge22785,egauge3167,egauge15623
,,1,1,1,1,1,1,1,1,1,1
,,1,1,1,1,1,1,1,1,1,1
0.9998556047029269,1.0000591626199282
0.9986715389620959,1.0004504433161392
0.998076674348484,1.0007004115735396
0.9980192499838348,1.0008604916679311
0.9989400984856683,1.0003461206076878
0.9994562142034401,1.0001740817677698
0.9989193833629939,1.000265108208723
0.9979126017344677,1.0007725016887152
0.9978140454072664,1.0006334015037979
0.9971565082453319,1.0004504433161392
0.997965684411371,1.0007419826296735
0.9973197919310289,1.0007753395109753
0.9979829764408663,1.0009332923866439
0.9979128346243731,1.0010210981194627
,,egauge7692,egauge22084,egauge28351,egauge9102,egauge18350,egauge26086,egauge7729,egauge20358,egauge20925,egauge13830
,,1,1,1,1,1,1,1,1,1,1
,,1,1,1,1,1,1,1,1,1,1
0.9998509843313698,1.0000796585057035
0.9987890542017538,1.000765365077019
0.9979735399777303,1.0012214638901213
0.9978393066697918,1.0014842054397446
0.9988020086696887,1.0002294177367888
0.9987844720969502,0.9999997190975328
0.9978311096399232,1.0004006360010722
0.9979126017344677,1.0009172435674725
0.9985063544604337,1.000846360178333
0.9971565082453319,1.001287072430319
0.997434481017195,1.0012876039230558
0.9978455365550852,1.0013821387987465
0.9977957880835918,1.0016445015018933
0.997615361796863,1.0016878003966205
,,egauge22271,egauge9102,egauge17311,egauge3166,egauge28684,egauge20670,egauge28351,egauge14795,egauge22084,egauge8253
,,1,1,1,1,1,1,1,1,1,1
,,1,1,1,1,1,1,1,1,1,1
0.9998565924645862,1.0000729459467972
0.9987890542017538,1.000448471083543
0.9979222415836444,1.0006127071444664
0.9975848584117588,1.000529527384587
0.99955620751345,1.000469732582775
0.9984033726745042,1.000440028994067
0.9986343759171673,1.0004288938885695
0.9979126017344677,1.000499072261244
0.9985063544604337,1.0006407876781869
0.9971565082453319,1.0008610776990485
0.9975682994551974,1.0006529948021305
0.9975832614383059,1.000955307494258
0.9974181118694668,1.000405843219184
0.9966489779793197,1.0005723330822416
,,egauge30378,egauge17073,egauge18350,egauge8253,egauge19810,egauge20407,egauge22271,egauge15601,egauge9102,egauge14795
,,1,1,1,1,1,1,1,1,1,1
,,1,1,1,1,1,1,1,1,1,1
0.9998240437792425,1.0000769217952354
0.9983088011481634,1.0004879232416375
0.9974398315328606,1.0012602957007637
0.997149327223292,1.0015551309500474
0.9990873409795155,1.000301579775622
0.9989828698737864,1.0006824959703626
0.9989502311887157,1.000323367486234
0.9975121259622531,1.0004980434603339
0.9974567283900209,1.000113644535049
0.997088088680531,1.0001405882032743
0.9973986838901756,1.001380187589721
0.9960667098179321,1.0017639703074905
0.9966567820825151,1.001664426285901
0.9968373484867219,1.0018873903182848
,,egauge15601,egauge19810,egauge33764,egauge9102,egauge14795,egauge28684,egauge13830,egauge28351,egauge17073,egauge4183
,,1,1,1,1,1,1,1,1,1,1
,,1,1,1,1,1,1,1,1,1,1
0.9998384357564128,1.0000887109570307
0.9987890542017538,1.0007634242311005
0.9980728012211765,1.001160805649551
0.9979324545789385,1.0014290995344906
0.9985088789791426,1.0005916890799447
0.9976543231088778,0.9999997190974602
0.9989502311887157,1.0006705999666015
0.9979126017344677,1.0009153023741688
0.9985063544604337,1.0010859215614174
0.9971565082453319,1.0011289087621587
0.998031622591699,1.0012393424641126
0.9970603847133536,1.0013214690540921
0.9978454123877354,1.001598826864544
0.9978171533501985,1.0016433987386497
,,egauge9102,egauge13974,egauge19810,egauge2474,egauge3167,egauge27467,egauge24121,egauge5198,egauge7731,egauge18158
,,1,1,1,1,1,1,1,1,1,1
,,1,1,1,1,1,1,1,1,1,1
0.9998180579974744,1.0000665042705554
0.9989129084352676,1.0007669227643738
0.9984364851892428,1.001185548273142
0.9983535087044371,1.0014546894952312
0.9990593877819384,1.0002719872018775
0.9984358815653644,1.0003641336759774
0.9975143471495649,0.9999997191104516
0.9971488747453773,1.000999825726363
0.998900928250551,1.0008527626407064
0.9977863022187764,1.001375638378891
0.9984035277486228,1.0012392839887307
0.997530132143321,1.0013087891646144
0.9983172207942358,1.0016441302166539
0.9982160815199537,1.0017936393021414
,,egauge4183,egauge15601,egauge30039,egauge20925,egauge3166,egauge9102,egauge28351,egauge33764,egauge14018,egauge14795
,,1,1,1,1,1,1,1,1,1,1
,,1,1,1,1,1,1,1,1,1,1
0.9998648982247507,1.0001436085330644
0.9987619393514184,1.0009575572876739
0.9976490427591542,1.0016066683700242
0.9971075006593074,1.0020363637808163
0.9996955341083905,1.000307272166624
0.9973110367385816,1.0010839553962956
0.9989502311572056,1.0008307354119903
0.9979700283136663,1.0011803815766884
0.9987518399959572,1.0009980620958898
0.9972133366752348,1.001247381309813
0.997295215392125,1.0016687025441011
0.9975637355786077,1.0018210124974287
0.9965545458572778,1.0022988689016084
0.9967985430334506,1.0023688118567777
,,egauge2474,egauge18350,egauge26944,egauge7731,egauge26086,egauge27467,egauge16608,egauge22084,egauge9102,egauge17311
,,1,1,1,1,1,1,1,1,1,1
,,1,1,1,1,1,1,1,1,1,1
0.9998443517037148,1.0000884324018224
0.9988478605002525,1.0006992909229695
0.9983856449178563,1.0009141426333665
0.99792019310283,1.0011255190378214
0.9989860135343693,1.0003971217715275
0.9982423638339778,1.0003657832917812
0.9973072342485068,1.000758608597416
0.9979700283136663,1.0010739935846233
0.9987670642566899,1.0010334692355691
0.9972133366752348,1.0012594942509532
0.9982909049088893,1.001025719424945
0.9981864609207909,1.000700905186153
0.9973909705196105,1.001278462821967
0.99792019310283,1.001254039525554
,,egauge8816,egauge33764,egauge4183,egauge24121,egauge27467,egauge20925,egauge13974,egauge22271,egauge2474,egauge14018
,,1,1,1,1,1,1,1,1,1,1
,,1,1,1,1,1,1,1,1,1,1
0.999811739107207,1.0001269262276042
0.998723300701734,1.0010604752277088
0.9976920274959404,1.0017038756040542
0.996806998335554,1.0020822873903226
0.9978306753609474,1.000443485103612
0.9982423638339778,1.0006196259643907
0.9989502311572056,1.0005307924482616
0.9979700283136663,1.0011921459974837
0.9986627110098492,1.0013517349671142
0.9972133366752348,1.0015050070401488
0.9976055959864759,1.0017627162865437
0.9976600336451116,1.0020437158008324
0.9962061250951988,1.00224998936558
0.9961080040111482,1.0024684014507212
,,egauge16133,egauge33764,egauge22271,egauge28351,egauge17311,egauge15623,egauge18158,egauge20670,egauge28684,egauge3167
,,1,1,1,1,1,1,1,1,1,1
,,1,1,1,1,1,1,1,1,1,1
0.9998820508977001,1.0001125489816722
0.9988478605002525,1.0007571577811853
0.9984731718917175,1.0012595882487343
0.998358282972792,1.0014389997981128
0.9987462654928968,1.0002579614110185
0.9982423638339778,1.000656669444566
0.9989502311572056,1.000921922892294
0.9979700283136663,1.0008381520952534
0.9987670642566899,1.0008786550505078
0.9972133366752348,1.0010469132248685
0.9983825411964865,1.001387749706306
0.9981637135314139,1.001484560274693
0.9982639403758071,1.0015701396262253
0.9983049191877593,1.0015461371496253
,,egauge18350,egauge14795,egauge14018,egauge19696,egauge30378,egauge23534,egauge15601,egauge2850,egauge20358,egauge21932
,,1,1,1,1,1,1,1,1,1,1
,,1,1,1,1,1,1,1,1,1,1
0.9997817124560665,1.0000131581834342
0.9980184730924623,1.000105762021113
0.9969153516838856,0.9999997190971771
0.9968643789821822,0.9999997190971771
0.9995744684813044,1.0001564566112773
0.9978159897392529,1.0006325447181605
0.997395470925334,1.000783337799946
0.9966483775214354,1.0004392458887175
0.9973127222139649,1.0002671711380173
0.9972133366752348,1.0007142362345265
0.9968989023543733,0.9999997190971771
0.9947273406624318,0.9999997190971769
0.9968064224405583,0.9999997190971771
0.9968643789821822,0.9999997190971771
,,egauge3166,egauge2474,egauge13830,egauge14018,egauge2850,egauge20925,egauge8816,egauge15623,egauge21932,egauge24121
,,1,1,1,1,1,1,1,1,1,1
,,1,1,1,1,1,1,1,1,1,1
0.999789554531636,1.0000192044720313
0.9982458872368759,0.9999997190971776
0.9970549154710366,1.0000510417876676
0.9969147609560276,1.0000766284132248
0.9995765595069374,1.0000695074605586
0.9981436867559403,1.000552883837041
0.9989502311572056,1.0004975587752039
0.9976822952894057,1.0001462495302795
0.9961617201795752,0.9999997190971778
0.9967439326299325,1.0004495774737427
0.9962864669552199,1.0001133204136294
0.9970122896843876,1.0001366090910262
0.9969147609560277,1.0000766284132248
0.9960286671921001,1.0001893026307924
,,egauge9102,egauge20407,egauge15601,egauge5198,egauge8816,egauge19810,egauge24121,egauge2850,egauge33764,egauge17311
,,1,1,1,1,1,1,1,1,1,1
,,1,1,1,1,1,1,1,1,1,1
0.9997614061424033,0.9999997190971773
0.9977336244308691,0.9999997190971776
0.9965861576101674,0.9999997190971771
0.9963063242520407,0.9999997190971771
0.9989816692621392,1.0002046204944108
0.9980426014472679,0.9999997190971776
0.9970893382769199,1.0008754710388648
0.997436059786251,0.9999997190971776
0.9958515220148947,1.0001380256568322
0.9957893935752085,0.9999997190971778
0.9962697448115425,0.9999997190971771
0.9944356852165418,0.9999997190971769
0.9964511545662972,0.9999997190971771
0.033187514588774315,0.033333323969905904
,,egauge3611,egauge2474,egauge13836,egauge17311,egauge15601,egauge30378,egauge7731,egauge26086,egauge30039,egauge3166
,,1,1,1,1,1,1,1,1,1,1
,,1,1,1,1,1,1,1,1,1,1
0.9998479746500987,1.0001180565164047
0.9988478605002525,1.0009271055762685
0.998726679923076,1.0014775251269
0.9986245228453983,1.001650582011255
0.9987720902172708,1.000277818727534
0.9982088609313008,1.0006865572147636
0.9989502311572056,1.0010670555406278
0.9979700283136663,1.0010587555982853
0.997691288122551,1.0011701836695894
0.9972133366752348,1.0013503754118578
0.9987060741428343,1.00161761045257
0.9983104393611864,1.0018848094821884
0.9985090782458973,1.0018327770811635
0.033285697725973895,0.03339021130248851
,,egauge23534,egauge7729,egauge22785,egauge15623,egauge14018,egauge19810,egauge20925,egauge3611,egauge17311,egauge7692
,,1,1,1,1,1,1,1,1,1,1
,,1,1,1,1,1,1,1,1,1,1
0.999775740779401,1.0000494175201122
0.9981269713045684,1.0003057406852378
0.996860883457891,1.0006064873976808
0.996256728655127,1.0007473342251592
0.9994087841750897,1.0003605935149578
0.9971470838050414,1.0003315918522826
0.9980523865271735,1.000156785165956
0.9979700283136663,1.0003895408149306
0.9976629996660096,1.0005790126775413
0.9963460506451377,0.9999997190971778
0.996852659232595,1.000689104033291
0.9957542688744526,1.0006707033937208
0.9962712086330432,1.0008346849097336
0.03317417489305783,0.03336181280400336
,,egauge28351,egauge24121,egauge17311,egauge3611,egauge15601,egauge14795,egauge22084,egauge8816,egauge23534,egauge4183
,,1,1,1,1,1,1,1,1,1,1
,,1,1,1,1,1,1,1,1,1,1
0.9998131699529046,1.000062699865662
0.9983567381643943,1.0006242072028113
0.9969353855554485,1.0008091406478188
0.9967633848158048,1.0010589374811276
0.9988496983963894,1.0001869621553063
0.9982409416789711,1.0002970686858816
0.9985882352457328,1.0004422129570236
0.9974848819215127,1.000735560872176
0.9971928912628103,1.0010855468602655
0.9972133366752348,1.0012424942045286
0.9968942624275865,1.0007389123619272
0.9949475141510623,1.000903381887411
0.9966547355590556,1.0012118692493688
0.033221185502210565,0.03337505725583956
,,egauge26944,egauge14795,egauge30378,egauge9102,egauge17311,egauge17073,egauge20670,egauge32290,egauge26086,egauge28351
,,1,1,1,1,1,1,1,1,1,1
,,1,1,1,1,1,1,1,1,1,1
0.9998019747516802,1.000072576188789
0.9988478605002525,1.0007019241708335
0.9982166044773253,1.0011041601667403
0.9975318439216128,1.0013989356346658
0.9985315739489135,1.0004229137485692
0.9979010935879123,1.000692522793753
0.9983742245523146,1.0005807711756898
0.9979700283136663,1.0008769992195132
0.9987670642566899,1.0008335392030394
0.9972133366752348,1.0013040370022135
0.9981299884593023,1.001203360355794
0.99735068316181,1.001039916134329
0.9974085980686612,1.0016758208599599
0.03321733590728708,0.03338282131006651
,,egauge30378,egauge22785,egauge17311,egauge3611,egauge15623,egauge2850,egauge22271,egauge18158,egauge8816,egauge32290
,,1,1,1,1,1,1,1,1,1,1
,,1,1,1,1,1,1,1,1,1,1
0.9997476991405169,1.0000130755689576
0.9978536547369453,1.0000434207437443
0.9968109704421031,1.0003054508304041
0.9955722325605726,1.0004142713042106
0.9990779309576671,1.0002749290015813
0.9980928558388151,1.0001398503756573
0.9985335279659406,1.00039875192743
0.9968258673130475,1.000174933389712
0.9977453292770252,1.0001850514378836
0.9938887810200205,0.9999997190971778
0.996778076482486,1.0004387491461553
0.9967044450420921,1.0005116104353056
0.9942216498210943,1.000678867583676
0.03318290452127335,0.03334448990384126
,,egauge15623,egauge7692,egauge4183,egauge17073,egauge19810,egauge17311,egauge21932,egauge26086,egauge19821,egauge13836
,,1,1,1,1,1,1,1,1,1,1
,,1,1,1,1,1,1,1,1,1,1
0.9998044924252081,1.0000888002912618
0.9979379479585776,1.000717301362925
0.9959005649541481,1.001451992405057
0.9951575006421308,1.0020035778148517
0.9996516385021904,1.0002385611406803
0.9978648973536001,1.0003386459096868
0.998151966081272,1.0005571150663262
0.9967241936934295,1.0010388407389825
0.9977814440018962,1.0003429212127255
0.9978802132312159,1.0009683994678698
0.9950593782806597,1.001451992405057
0.9958047948308719,1.001778406289373
0.9950996609285312,1.002324426886241
0.9933837732040196,1.0024540363668895
,,egauge19810,egauge24121,egauge2850,egauge7692,egauge3611,egauge17311,egauge16133,egauge13974,egauge13836,egauge20407
,,1,1,1,1,1,1,1,1,1,1
,,1,1,1,1,1,1,1,1,1,1
0.9997354737861524,0.9999955029263071
0.9984149764069149,1.0003046425568443
0.9973662738377486,1.000589574956004
0.9970269275317953,1.000788162113748
0.998595197975017,0.9999955029263071
0.9981906680226468,1.0001508230355687
0.9953328747055257,0.9999731148320274
0.9967241937726443,1.0004159541895201
0.9974122825521016,1.0004075750446417
0.9983179295017683,1.0005255069651708
0.9965154063357693,1.000630880429799
0.9969717999050962,1.0006323836803424
0.9969762050766364,1.0011231202384234
0.9961220884273675,1.0006276302333077
,,egauge8816,egauge18350,egauge3166,egauge13836,egauge7729,egauge4183,egauge5198,egauge18158,egauge13830,egauge14795
,,1,1,1,1,1,1,1,1,1,1
,,1,1,1,1,1,1,1,1,1,1
0.9998047646546129,1.000105840598615
0.99848732719128,1.00098049643367
0.9973662738377486,1.0015474483233893
0.9973662738234331,1.0018359736107079
0.9978101235286579,1.0004433365303245
0.999450996940964,1.00033722258643
0.9981703219512081,1.0002363481378822
0.9967241937726443,1.0014411285400369
0.9974267411803871,1.0010662233787497
0.9983179295017683,1.0013615640904956
0.9965154063357693,1.001592935981974
0.9972703367207719,1.0019011494951178
0.9973662738073319,1.0019307259503822
0.9973212425144495,1.0021790689892234
,,egauge20407,egauge13830,egauge18158,egauge16133,egauge17311,egauge19696,egauge18350,egauge3608,egauge19821,egauge28351
,,1,1,1,1,1,1,1,1,1,1
,,1,1,1,1,1,1,1,1,1,1
0.9997821274485611,1.0000730786229095
0.9980177230957217,1.0006249165629049
0.9970154648998039,1.0010048066574768
0.9962902875971816,1.0013444327665149
0.9988423254573935,0.9999955029263071
0.9991249276567874,1.0005267837458756
0.9981703219512081,1.0007735366716917
0.9967241937726443,1.0007458384759567
0.9979874524769095,1.0007565196093973
0.9953506936777811,1.0011086408009915
0.9965154063357693,1.0010626638170206
0.9961326406611107,1.0009298650350666
0.9961527470671673,1.0017552339921392
0.9952800072954434,1.0014752729387018
,,egauge24121,egauge19821,egauge20358,egauge26944,egauge7729,egauge3608,egauge18350,egauge8617,egauge30039,egauge14018
,,1,1,1,1,1,1,1,1,1,1
,,1,1,1,1,1,1,1,1,1,1
0.9998294267553665,1.0001275356270765
0.9983633903195922,1.000801738077265
0.9976852632278487,1.001273454789356
0.9969725820529303,1.0016709162034827
0.9990747271100415,1.0002666038843626
0.9987919032232639,1.0013082774128717
0.9991644861528889,1.0005279372475224
0.9974699464769271,1.0011359568792964
0.9971099708408491,1.0009545754240257
0.9966626814731745,1.0007438076716635
0.9972850588133974,1.0013065255482583
0.9975660967999594,1.0013162981102217
0.9969272645378753,1.0018649799663348
0.9957383069378198,1.00205684296378
,,egauge7729,egauge22785,egauge16608,egauge5198,egauge27467,egauge3166,egauge3608,egauge15601,egauge26944,egauge20407
,,1,1,1,1,1,1,1,1,1,1
,,1,1,1,1,1,1,1,1,1,1
0.9997651787383213,1.0000818533558888
0.9983866628752327,1.0006561677168229
0.9975054170385366,1.0010349012532727
0.9966380980896384,1.001124643162178
0.9984181543887434,1.0002530115299164
0.9981924405059679,1.0002024878394842
0.9991644861528889,1.0006166252682676
0.9975294585903093,1.000767525599846
0.9971099708408491,1.0009558030694603
0.9982903919881895,1.000733407276679
0.9972850588133974,1.0010266362926468
0.996355648303762,1.0015384418727893
0.995777047315789,1.001357722148201
0.9959492497886713,1.000931935626384
,,egauge32290,egauge28351,egauge13830,egauge23534,egauge16133,egauge18350,egauge2850,egauge8253,egauge15601,egauge22785
,,1,1,1,1,1,1,1,1,1,1
,,1,1,1,1,1,1,1,1,1,1
0.9997859757042014,1.0000220421309707
0.997814956239682,1.0000579816208843
0.9958220441829743,0.9999477208854234
0.99529378929388,1.0000616001178382
0.9989072579177279,1.0000142961483096
0.9979561796942663,1.0002849095161728
0.9991366364976327,1.0005356879397387
0.9976535767821662,1.0004020298633032
0.9971099708408491,1.0001701581026412
0.9974759668079906,1.0003156407771525
0.9949727353173444,0.9999477208852428
0.9949282757366168,0.9999477208849147
0.9943691624952894,1.0002798336769039
0.9951449300030707,1.0000936862377623
,,egauge21932,egauge18158,egauge20670,egauge27467,egauge7731,egauge19810,egauge15601,egauge24121,egauge26086,egauge17073
,,1,1,1,1,1,1,1,1,1,1
,,1,1,1,1,1,1,1,1,1,1
0.9998854139854066,1.0000903699616652
0.9988797991952659,1.000738122534833
0.9982144621660809,1.001352081760328
0.9982293612662456,1.0016835110694073
0.9998854139854066,1.0000903699616652
0.9982296835253017,1.0006978152767092
0.999202858324139,1.0007164864245264
0.9980821741257647,1.0010216639009362
0.9971273746825122,1.0010137809708664
0.9967701345011473,1.0000242534678598
0.9976875899492901,1.0015298839094608
0.9981184285420467,1.0014913512991368
0.9976614810773943,1.0019625738539337
0.9981450414137156,1.0020146775122152
,,egauge8617,egauge27467,egauge3611,egauge18544,egauge7731,egauge26944,egauge19696,egauge3166,egauge28684,egauge28351
,,1,1,1,1,1,1,1,1,1,1
,,1,1,1,1,1,1,1,1,1,1
0.999822053043834,1.0001065598869279
0.9983163063942885,1.0009206953514334
0.9967958388600273,1.0012591504141866
0.9961471674958275,1.0014321541497255
0.999419912471661,1.0001955153054394
0.9995194382623014,1.0008426127730774
0.997658315312495,1.000604820768754
0.9982355609923922,1.0012752280993542
0.9971276607082176,1.0011941659059587
0.9965845935297927,1.001548629750764
0.9962246807149269,1.0013542341913753
0.9967425738224153,1.0013019930108327
0.9960964980612241,1.0015195754921478
0.9951370587003382,1.0015928690283709
,,egauge13974,egauge15623,egauge7729,egauge5198,egauge16616,egauge13836,egauge27467,egauge28351,egauge9102,egauge2850
,,1,1,1,1,1,1,1,1,1,1
,,1,1,1,1,1,1,1,1,1,1
0.9997544929168148,1.0000197596748448
0.9980028906485064,1.000168513451512
0.9961591824473339,1.0000438466967738
0.994390268114695,0.9998503201090776
0.9990540411001619,1.0001528083285478
0.9992931428906471,1.0002996077325015
0.9969773373407386,1.000604820768754
0.9977662336764367,1.0003402533732224
0.9971276607082176,1.0002864651675647
0.9965845935297927,1.0009608151262326
0.9961386393058239,1.0001718242196909
0.9960846696181789,1.000129413281568
0.9938632595434833,0.9998503201090776
0.9922075530693053,0.9998503201090776
,,egauge18350,egauge8253,egauge21932,egauge5198,egauge3611,egauge30378,egauge14795,egauge9102,egauge19821,egauge28684
,,1,1,1,1,1,1,1,1,1,1
,,1,1,1,1,1,1,1,1,1,1
0.9997893407883136,1.0001009348434389
0.9983212447998802,1.0009901987197785
0.9973445439193853,1.0017307337669092
0.9960291645687491,1.0021926258630964
0.9996491485988155,1.0002230125584237
0.9980036870743317,1.0002442781964715
0.9992261960771698,1.00064073926729
0.9980234165758435,1.0011016005400695
0.9968814684412336,1.0010869368686008
0.997751824880911,1.001396023395572
0.997344543919385,1.0018548293449316
0.9966431863566241,1.0018915052595423
0.9945335755530732,1.0026291346354501
0.9960291645687491,1.0023415893765875
,,egauge8816,egauge16616,egauge13830,egauge22271,egauge20407,egauge28684,egauge18350,egauge7731,egauge30039,egauge30378
,,1,1,1,1,1,1,1,1,1,1
,,1,1,1,1,1,1,1,1,1,1
0.9997938393096135,1.0000881287451588
0.9987297076456269,1.0007263471782883
0.998152454845726,1.0012353839760095
0.9976362457665175,1.001530192673202
0.9977992240213325,1.0004840399373727
0.999434749950244,1.000206825624658
0.9991340853457072,1.000655348858048
0.9985479632290614,1.0010605362123322
0.9972491560187312,1.0005569162678443
0.9981830361065508,1.001080352784727
0.998119508513122,1.0012808548912426
0.9976801574165871,1.0014925873285638
0.9975564843371151,1.0017633832565211
0.9968904041832348,1.001731125537237
,,egauge22785,egauge33764,egauge27467,egauge22271,egauge26086,egauge26944,egauge7729,egauge3611,egauge30378,egauge18158
,,1,1,1,1,1,1,1,1,1,1
,,1,1,1,1,1,1,1,1,1,1
0.9998035932098343,1.0001139854379693
0.9984550827418246,1.0009402448988398
0.997423019519768,1.0013198146467803
0.9970725812827071,1.001556937851818
0.9989608334992571,1.0001631600106435
0.9991244700054519,1.0006586504915693
0.9992394437628431,1.0008765572542466
0.9983053531418007,1.0012339863589939
0.9972491560187312,1.001213721766293
0.9964838864390949,1.0015781060573006
0.9970537548123167,1.0013818278295104
0.9963156672367864,1.0014055103059825
0.9966617288135967,1.0017099595532997
0.9967316895456075,1.0017283944635142
,,egauge7729,egauge19810,egauge9102,egauge14795,egauge3608,egauge30378,egauge13830,egauge15601,egauge2474,egauge16616
,,1,1,1,1,1,1,1,1,1,1
,,1,1,1,1,1,1,1,1,1,1
0.999770647021945,1.0000765618148242
0.9985388616829142,1.0008509211765189
0.9979026565213625,1.001415775415426
0.9973037566481645,1.0016016352884733
0.9983527208444077,1.000241664429633
0.9975964122639108,1.0000178155713746
0.9982506906878326,1.000655348858048
0.9984468579352099,1.0011547631731632
0.9972491560187312,1.0008205487883468
0.9974789107244576,1.0012566790596906
0.9978903050053403,1.001486065657789
0.9966023745025725,1.0018766453026269
0.9967025292896643,1.0017692421528237
0.9971865118623414,1.0016659267711832
,,egauge13974,egauge18158,egauge23534,egauge26086,egauge3608,egauge2474,egauge28684,egauge3611,egauge14795,egauge33764
,,1,1,1,1,1,1,1,1,1,1
,,1,1,1,1,1,1,1,1,1,1
0.9997970038072506,1.0000975715838127
0.998222869261119,1.0007567173568277
0.9975313528478533,1.0012010166805987
0.997467590287527,1.001515048230207
0.9991198123013283,1.0002486174765532
0.9990742382080757,1.0007345720501748
0.9990001675327412,1.0007275635895658
0.9982329623852811,1.001030134987831
0.997244978065676,1.0007263484542823
0.9966322840995163,1.0012010897074357
0.9974943158017544,1.001254753378845
0.9965727769260238,1.0012867003226298
0.9974313405426112,1.0017351542988486
0.9974142829166988,1.001723577961409
,,egauge7731,egauge20358,egauge23534,egauge26944,egauge16616,egauge18350,egauge28684,egauge26086,egauge18158,egauge32290
,,1,1,1,1,1,1,1,1,1,1
,,1,1,1,1,1,1,1,1,1,1
0.9998403137969747,1.0000896353529725
0.9985292111979942,1.0006135992355747
0.9978131154193493,1.0009291254929955
0.9972016484183807,1.0009867724047776
0.9996692736191929,1.0004839242568184
0.9995774733221224,1.000381412796387
0.9990209069930265,1.0008092109848734
0.9973294104018631,1.0009477437749326
0.9972491560187312,1.0006743332074952
0.9981830361065508,1.0007976911517835
0.9977842988189422,1.0009869774824884
0.9976801574165871,1.0012482591060803
0.9970639590758109,1.001103276890529
0.9963817174121513,1.000911832392867
,,egauge15623,egauge16608,egauge7731,egauge2850,egauge22271,egauge13836,egauge9102,egauge18158,egauge33764,egauge14795
,,1,1,1,1,1,1,1,1,1,1
,,1,1,1,1,1,1,1,1,1,1
0.9997882999557203,1.0000579392552449
0.997939472126669,1.0003014086518789
0.9971476032038383,1.000863021844617
0.9969373718926822,1.0012089949111316
0.9996166815729681,1.0002183934794842
0.9993335613603918,1.0005506185564454
0.9992394437628431,1.0008422742794507
0.9959564761450048,1.0000922106268206
0.9972491560187312,1.000686062147085
0.9978624945185519,1.0011008309640625
0.9968474211839753,1.0009002086025378
0.9969131897918763,1.0012164372767485
0.9969011448997928,1.0013713082841358
0.9966391246281366,1.0015518364428446
,,egauge7729,egauge14795,egauge13830,egauge18350,egauge16608,egauge16133,egauge9102,egauge3611,egauge16616,egauge2474
,,1,1,1,1,1,1,1,1,1,1
,,1,1,1,1,1,1,1,1,1,1
0.9998101613948047,1.000093089857115
0.9982500865736182,1.0006021856074137
0.9966697838066422,1.000930332958599
0.9960858191723136,1.0011160991234538
0.9984251511614861,1.0002613396778703
0.9978618102660557,1.000717698681429
0.9991637897252018,1.000655348858048
0.9982097152318627,1.000683165096967
0.9972491560187312,1.0007844111392186
0.9969388278035226,1.0008658026357986
0.9963738818858022,1.0009923176304198
0.9957121911903519,1.0010159892159753
0.9960062043119223,1.0011597912352768
0.9952032338618921,1.0013624615474712
,,egauge9102,egauge20925,egauge27467,egauge14795,egauge4183,egauge18350,egauge28684,egauge16133,egauge14018,egauge18158
,,1,1,1,1,1,1,1,1,1,1
,,1,1,1,1,1,1,1,1,1,1
0.9998191196836894,1.0001213953616597
0.998873976009034,1.0008531604207551
0.9980222936919422,1.001348821077036
0.9972940200084837,1.0016845819071125
0.9990696723272857,1.0002925614842717
0.9971721893212168,1.0006454528284894
0.9986402509328667,1.0008706692237184
0.9983436775004303,1.0011658129326033
0.998666010745833,1.000994926685924
0.9985314012028188,1.0010093089497294
0.9976053728251497,1.001402567148029
0.9969351089094031,1.0014880900905334
0.9964539976362595,1.0019469695087142
0.9971448066985399,1.0018667821807252
,,egauge22084,egauge3167,egauge23534,egauge13830,egauge2850,egauge28351,egauge14795,egauge22785,egauge4183,egauge14018
,,1,1,1,1,1,1,1,1,1,1
,,1,1,1,1,1,1,1,1,1,1
0.9997937878439214,1.000014078274789
0.9979938453301573,1.0000324417889157
0.9972512421861022,1.0003675589124978
0.9968118585164788,1.000687714642857
0.999290180941479,0.9999997192608157
0.9971721893212168,1.0002339421129067
0.9986402509328667,1.0007009000289446
0.997923219267633,1.0002056467151113
0.9960055256287738,0.9999997204622357
0.9965353066469645,1.000186821092017
0.9971360643263184,1.0004873237808125
0.9969068661290089,1.000388957339962
0.9967176886040159,1.000789612907482
0.995714713961559,1.0010731900203262
,,egauge14018,egauge15623,egauge3166,egauge30378,egauge13836,egauge3611,egauge17073,egauge32290,egauge28684,egauge15601
,,1,1,1,1,1,1,1,1,1,1
,,1,1,1,1,1,1,1,1,1,1
0.9998053187337349,1.0001050334452137
0.998387395419048,1.0007935763359848
0.9975152640979098,1.0012053635620821
0.996682043901108,1.0015836052280527
0.9986660462199904,1.0004902471920676
0.9971721893212168,1.0003694160108678
0.9986402509328667,1.0003004816592247
0.998276365373041,1.001006228527374
0.9983470173545724,1.0012588425833477
0.9964661356703614,1.0009947367950258
0.9975234947175379,1.001296575785784
0.9972754140873074,1.001133113583182
0.9966675546510327,1.001671042051311
0.995310153199385,1.0020874720357753
,,egauge5198,egauge15601,egauge17311,egauge19821,egauge7692,egauge16616,egauge8253,egauge13974,egauge2850,egauge16608
,,1,1,1,1,1,1,1,1,1,1
,,1,1,1,1,1,1,1,1,1,1
0.9997471139213907,1.000033144865003
0.9975809527260191,1.0000424823952578
0.9955951392460295,0.9999997190971763
0.9942127354737784,0.9999997190971763
0.9989446067022367,1.00024314564058
0.9971721893212168,1.0008887915355689
0.9985648150450924,1.0004078481462761
0.9970366948081036,1.0004139547381612
0.997144929542179,1.0001132917160216
0.9973693877860912,1.0000955439589831
0.9952626866078733,0.9999997190971759
0.9952058908309792,0.9999997190971766
0.9927203737717509,0.9999997190971763
0.9940959204902937,0.9999997190971763
,,egauge22084,egauge20670,egauge14795,egauge26944,egauge18544,egauge14018,egauge2850,egauge20407,egauge3611,egauge20925
,,1,1,1,1,1,1,1,1,1,1
,,1,1,1,1,1,1,1,1,1,1
0.9997537433571358,1.0000124022258712
0.9976228639630191,1.0000271281905668
0.9955656807886469,0.9999997190971763
0.9948796879327669,0.9999997190971763
0.9993038775385148,0.9999997190971776
0.9971721893212168,1.000522299885812
0.9975904358341326,1.000665925157625
0.997429938264014,1.0002294683130397
0.9975724377374136,1.000391409916487
0.9964995463076355,1.0005918766427766
0.9947166304292164,0.9999997190971759
0.9953529720763999,0.9999997190971766
0.9941430741852607,0.9999997190971763
0.9948159160350908,0.9999997190971763
,,egauge21932,egauge2474,egauge18350,egauge28351,egauge22785,egauge19821,egauge17311,egauge28684,egauge7729,egauge8617
,,1,1,1,1,1,1,1,1,1,1
,,1,1,1,1,1,1,1,1,1,1
0.999835022907893,1.0000721135845094
0.9983812190438237,1.000604261028912
0.9973761436598294,1.0008682473656463
0.9964217524944047,1.0009835160543803
0.999835022907893,1.0000721135845094
0.9972004231583559,1.0006363002859358
0.997934642195635,1.0007125778673287
0.9977130728198332,1.0006953642693663
0.9976751657254006,1.000624504503402
0.9979962697209769,1.0014546182080657
0.9973720290260313,1.0009219629508948
0.9973015236073325,1.0009860205572754
0.9955103417558868,1.0010781731688916
0.9961662563421304,1.0010459612080056
,,egauge20407,egauge24121,egauge22271,egauge28351,egauge8253,egauge19821,egauge13836,egauge22785,egauge14795,egauge19696
,,1,1,1,1,1,1,1,1,1,1
,,1,1,1,1,1,1,1,1,1,1
0.9997394833709553,1.0001044336387221
0.9980119144644988,1.0009773883876476
0.9963704872537029,1.001562147741216
0.9952655791796233,1.0018955613585587
0.9988108181136685,1.0000101627450837
0.9970862482226218,1.000364312537513
0.9986029634571635,1.0008823147903883
0.9970544027976043,1.0011191754577893
0.9972812465053068,1.0009976407847836
0.9973545813395563,1.0021185323699324
0.9963373870528435,1.0017110371327405
0.9955088567671648,1.001637151948254
0.9950559224528113,1.0020996839759377
0.9937264210906913,1.0021528749401392
,,egauge24121,egauge18544,egauge16608,egauge13836,egauge8816,egauge3611,egauge18158,egauge20358,egauge20670,egauge27467
,,1,1,1,1,1,1,1,1,1,1
,,1,1,1,1,1,1,1,1,1,1
0.9997394833709553,1.0001178370222412
0.9982824047053291,1.0009643985978274
0.9967771123036946,1.0015690372075856
0.9959821830396284,1.0019047248132777
0.9991043139661426,1.0002567626399939
0.9970862482226218,1.0008919575950441
0.9986029634571635,1.0006672371413694
0.998200422887808,1.001405364729538
0.9965902385816396,1.0011257662978126
0.9968161717700553,1.0011769185939292
0.9963373870528435,1.0017055183236536
0.9963589257605179,1.0016869078769457
0.995117904118038,1.0020651004108194
0.9958864039226173,1.002290758003074
,,egauge20925,egauge3167,egauge15623,egauge17311,egauge13830,egauge8253,egauge17073,egauge32290,egauge3611,egauge22785
,,1,1,1,1,1,1,1,1,1,1
,,1,1,1,1,1,1,1,1,1,1
0.9997394833709553,1.0000545052986358
0.9982824047053291,1.0004053691182397
0.9967771123036946,1.0006253915724326
0.9959821830396284,1.000740626497938
0.9989428625194737,1.0003626415106526
0.9970862482226218,1.0002596507082406
0.9986029634571635,1.0003721906973926
0.998200422887808,1.0005369380420988
0.9981650173193264,1.0006381726715037
0.9969263727303083,1.0004799729873675
0.9963373870528435,1.0007245356791195
0.9963589257605179,1.0005611838639097
0.995117904118038,1.0008206966254145
0.9958864039226173,1.0008155579885298
,,egauge32290,egauge20925,egauge7731,egauge26086,egauge5198,egauge30039,egauge15623,egauge14018,egauge28351,egauge30378
,,1,1,1,1,1,1,1,1,1,1
,,1,1,1,1,1,1,1,1,1,1
0.9997394833709553,1.0001132113794635
0.9982824047053291,1.0009471389378326
0.9967771123036946,1.0014816239894044
0.9959821830396284,1.0017123850785377
0.9989354576835869,1.0000388021120659
0.9970862482226218,1.000649871232927
0.9986029634571635,1.0008674592431055
0.998200422887808,1.0012206180722012
0.9981131499965974,1.0010585351013828
0.9981861455227017,1.0014496202306398
0.9963373870528435,1.0015312432840688
0.9963589257605179,1.0018674645565655
0.995117904118038,1.0018217007084822
0.9958864039226173,1.0019374773795937
,,egauge23534,egauge14795,egauge3611,egauge18544,egauge3608,egauge18158,egauge2850,egauge13974,egauge33764,egauge14018
,,1,1,1,1,1,1,1,1,1,1
,,1,1,1,1,1,1,1,1,1,1
0.9997015062436341,1.0000338705934595
0.9975215392329497,1.0001264155426373
0.9958587806909039,1.0002397104942842
0.9954872416884608,1.0002397104942842
0.9994160679590883,1.0003554887930444
0.9970862482226218,1.000643342013636
0.9975262651659002,1.000328905553638
0.9974711191389883,1.000490740097541
0.9965344014640145,1.0001182681150431
0.9970408972868177,1.0004738867161476
0.9950135353341341,1.0003222913363874
0.9955291177054523,1.0002397104942842
0.995117904118038,1.0003495701323202
0.9948919849538641,1.0005220904985173
,,egauge30378,egauge30039,egauge3608,egauge18350,egauge16133,egauge2850,egauge33764,egauge20358,egauge7731,egauge21932
,,1,1,1,1,1,1,1,1,1,1
,,1,1,1,1,1,1,1,1,1,1
0.9997394833709553,1.0000158432046538
0.9982824047053291,1.0001182681150431
0.9967771123036946,1.0004411618094053
0.9959821830396284,1.0006780693171842
0.9991073673358122,1.0002704206212396
0.9970862482226218,1.0006996769898988
0.9976767541860446,1.0000101627450837
0.998200422887808,1.0002168435813397
0.9976989533375198,1.000146019658639
0.9945559794794364,1.0001182681150431
0.9963373870528435,1.0004948502986961
0.9963589257605179,1.0005160668017576
0.995117904118038,1.0009474363485904
0.9958864039226173,1.0006780693162345
,,egauge23534,egauge20358,egauge3611,egauge3608,egauge19821,egauge22084,egauge28684,egauge7729,egauge18350,egauge17311
,,1,1,1,1,1,1,1,1,1,1
,,1,1,1,1,1,1,1,1,1,1
0.9997394833709553,1.000065322562803
0.9982824047053291,1.0004531460110495
0.9967771123036946,1.0007761166694986
0.9959821830396284,1.0009490200930204
0.9993984504088596,1.0004077281192718
0.9970862482226218,1.0003265356226998
0.9976311666803169,1.000385248359005
0.9973822059796724,1.0003823141023824
0.9980676274425128,1.000898646063807
0.9980584106875031,1.0001182681150431
0.9963373870528435,1.0008215629320183
0.9961598941830441,1.0009165061490606
0.995117904118038,1.0010509552529783
0.9958864039226173,1.001088223386127
,,egauge20670,egauge7692,egauge22271,egauge7729,egauge3608,egauge17073,egauge15601,egauge3166,egauge3167,egauge20407
,,1,1,1,1,1,1,1,1,1,1
,,1,1,1,1,1,1,1,1,1,1
0.9997394833709553,1.000077586865137
0.9982508554421272,1.0004593510750142
0.9967771123036946,1.0007129676886704
0.9959821830396284,1.0006553918292784
0.9995316779815898,1.0003603303472723
0.9970862482226218,1.0003574540449391
0.9986029634571635,1.0009066930136616
0.9970922950001415,1.000621298174875
0.9973137921780113,1.0004391120325125
0.9980198793486957,1.0008343015357863
0.9963373870528435,1.0009071667437566
0.9963589257605179,1.0007557826690925
0.995117904118038,1.0007208960246057
0.9958864039226173,1.0004627910547228
,,egauge3611,egauge28684,egauge4183,egauge17311,egauge28351,egauge33764,egauge7731,egauge32290,egauge5198,egauge16608
,,1,1,1,1,1,1,1,1,1,1
,,1,1,1,1,1,1,1,1,1,1
0.9997394833709553,1.0000749764150572
0.9982824047053291,1.0006059096567623
0.9967771123036946,1.0009787461279347
0.9959821830396284,1.001221121911828
0.9987869977883134,1.0002312306129828
0.9970862482226218,1.0004539469915428
0.9986029634571635,1.0005451655285864
0.998200422887808,1.0007313812061684
0.9981633625735933,1.000680761320285
0.9981861455227017,1.001157917121958
0.9963373870528435,1.0011275330708491
0.9963589257605179,1.0009145116169342
0.995117904118038,1.0013230898344316
0.9958864039226173,1.0015103804997
,,egauge3611,egauge22084,egauge16608,egauge3166,egauge26086,egauge7731,egauge8253,egauge3608,egauge2474,egauge16616
,,1,1,1,1,1,1,1,1,1,1
,,1,1,1,1,1,1,1,1,1,1
0.9997394833709553,1.000053591590431
0.9982095824368054,1.0005251892521725
0.996542592618597,1.000703840109783
0.9959700694028933,1.0008895438278094
0.9987002403629144,1.0002083110563718
0.9970862482226218,1.0000101627450837
0.9986029634571635,1.0006117792424993
0.9981692130169314,1.000596462429713
0.9981650173193264,1.0008293462272544
0.9981518290956495,1.0012101152685984
0.9962179818731709,1.000712101994462
0.9955107672785102,1.0006717320719347
0.995117904118038,1.0010570098694296
0.995853010740354,1.0009537812990732
,,egauge30039,egauge28351,egauge20358,egauge15623,egauge19810,egauge8617,egauge18350,egauge17073,egauge14018,egauge18544
,,1,1,1,1,1,1,1,1,1,1
,,1,1,1,1,1,1,1,1,1,1
0.9997394833709553,1.000086455719435
0.9982824047053291,1.000521080226086
0.9967771123036946,1.0011310123374138
0.9959821830396284,1.0015760131803542
0.9995482059868541,1.000407348682886
0.9970862482226218,1.0003863235121018
0.9986029634571635,1.0004074357943813
0.998200422887808,1.0006425436199236
0.9978711228552919,1.0001467868389575
0.9981861455227017,1.0006701683402015
0.9963373870528435,1.0011806110900887
0.9963589257605179,1.0013130957184955
0.995117904118038,1.0018383757936464
0.9958864039226173,1.0020064057595688
,,egauge7731,egauge14018,egauge15623,egauge8253,egauge26086,egauge20670,egauge3166,egauge7692,egauge21932,egauge19821
,,1,1,1,1,1,1,1,1,1,1
,,1,1,1,1,1,1,1,1,1,1
0.999748609514871,1.0001230525457803
0.9983404958330085,1.0008271885404096
0.9968922369501744,1.0013131771782533
0.9961544380443856,1.0016915619868596
0.9997074106624718,1.0004996408831803
0.9971194375489963,1.0008431170098757
0.9986310856429442,1.0004053957754855
0.9980422727950453,1.000847437344737
0.998223113633194,1.0011448222729855
0.9982442300380601,1.0012713336756338
0.9964524514988924,1.0013297130046361
0.9965379273717068,1.0014524403267993
0.995315556318781,1.0016915619681332
0.9961544376187677,1.002324252120442
,,egauge32290,egauge14018,egauge8617,egauge28351,egauge15601,egauge22271,egauge19821,egauge7692,egauge16608,egauge27467
,,1,1,1,1,1,1,1,1,1,1
,,1,1,1,1,1,1,1,1,1,1
0.9928078778293329,1.0001348524426406
0.9290211497271252,1.0012666392937215
0.8592395820342249,1.0020041500137444
0.7897080579743454,1.0022992353072446
0.9928078778293329,1.0000674215045646
0.9915812759132295,1.0008549269560898
0.9922145133811849,1.000299501534521
0.9289655590543685,1.00141796489594
0.9289748236140875,1.0017423457682504
0.9289327903267243,1.0018337342270545
0.8591879751413719,1.0022483179037303
0.8589900461389786,1.002143526750551
0.7893654292222568,1.0024305082576919
0.674019360453175,1.0026280108034364
,,egauge8253,egauge17073,egauge15623,egauge20925,egauge2474,egauge8816,egauge30039,egauge23534,egauge8617,egauge14018
,,1,1,1,1,1,1,1,1,1,1
,,1,1,1,1,1,1,1,1,1,1
0.9928078778293329,1.000098412597321
0.9290211497271252,1.0008703688996525
0.8592395820342249,1.0013810030355104
0.7897080579743454,1.0016374337830851
0.9928078778293329,1.0001342392640826
0.9915812759132295,1.0007706072246352
0.9922145133811849,1.0003651352584813
0.9289655590543685,1.001103300365175
0.9289748236140875,1.0011033003629115
0.9289327903267243,1.001089647528582
0.8591879751413719,1.0014885060716678
0.8589900461389786,1.0015417082122948
0.7893654292222568,1.0016665792774493
0.674019360453175,1.00202334526676
,,egauge21932,egauge13830,egauge8816,egauge3608,egauge7731,egauge33764,egauge20407,egauge28351,egauge17311,egauge15601
,,1,1,1,1,1,1,1,1,1,1
,,1,1,1,1,1,1,1,1,1,1
0.9928078778293329,1.000071252041497
0.9290211497271252,1.0004854461161141
0.8592395820342249,1.00071278428079
0.7897080579743454,1.0009817946865236
0.9928078778293329,1.000071252041497
0.9915812759132295,1.0005324574339904
0.9922145133811849,1.000863428770764
0.9289655590543685,1.0004550869778892
0.9289748236140875,1.0007932250348472
0.9289327903267243,1.0009490009638835
0.8591879751413719,1.000646694266314
0.8589900461389786,1.0008091240423653
0.7893654292222568,1.0010829760609117
0.674019360453175,1.0013023565481773
,,egauge15601,egauge20925,egauge5198,egauge2850,egauge18544,egauge13974,egauge22271,egauge30039,egauge14018,egauge21932
,,1,1,1,1,1,1,1,1,1,1
,,1,1,1,1,1,1,1,1,1,1
0.9925722001695985,1.0000592215469277
0.9263179958663729,1.000283721446962
0.8539277336970953,1.0007579648673375
0.7820096997201604,1.0009577420280382
0.9925722001695985,1.0005550519903774
0.9925722064046217,1.0006134570654617
0.9924026294444966,1.000476704847639
0.9262349038664094,1.0000708478435094
0.9262718335188646,1.0006481137418426
0.9260538892293624,1.0004008568835214
0.8538560260720042,1.0009149783425026
0.8533619252686048,1.001037674602165
0.7002802946929646,1.001219912287059
0.7820096997201604,1.0009577420280382
,,egauge8816,egauge13974,egauge16608,egauge15601,egauge28684,egauge22271,egauge20670,egauge24121,egauge18158,egauge5198
,,1,1,1,1,1,1,1,1,1,1
,,1,1,1,1,1,1,1,1,1,1
0.9925722001695985,1.000110800427747
0.9263179958663729,1.0009241276782292
0.8539277336970953,1.0013138582893502
0.7820096997201604,1.0014868710969596
0.9925722001695985,1.000486536128457
0.9925722064046217,1.000410676565221
0.9924026294444966,1.0006738339220649
0.9262349038664094,1.0013411684158153
0.9262718335188646,1.0010659058223155
0.9260538892293624,1.0015426338546973
0.8538560260720042,1.0014089482063515
0.8533619252686048,1.0014424073519292
0.7002802946929646,1.0016537777155752
0.7820096997201604,1.001615446425776
,,egauge18350,egauge19696,egauge20925,egauge17311,egauge7729,egauge3167,egauge8253,egauge3608,egauge19810,egauge16608
,,1,1,1,1,1,1,1,1,1,1
,,1,1,1,1,1,1,1,1,1,1
0.992542409096008,1.000026435344237
0.9261108315820815,1.0000278474516175
0.8534844295686513,1.0000539976189033
0.7815904359613797,1.0002243482945103
0.992542409096008,1.0001598675789947
0.992542415380225,1.0007529353927593
0.9920974478022258,1.0006624001064814
0.9260462204061367,1.0001492400625913
0.9260739116721604,1.000129005546149
0.9259347876586311,1.0002617126534818
0.8534366526041393,1.0000539976189031
0.852424952347947,1.0000539976189036
0.6999047652664302,1.000464457567326
0.7815662967921652,1.0002243482928277
,,egauge33764,egauge16133,egauge4183,egauge13836,egauge28684,egauge3608,egauge3166,egauge27467,egauge22785,egauge20407
,,1,1,1,1,1,1,1,1,1,1
,,1,1,1,1,1,1,1,1,1,1
0.9925722001695985,1.0000835623476656
0.9263179958663729,1.0005931291934744
0.8539277336970953,1.0007900810502868
0.7820096997201604,1.000726088092335
0.9925722001695985,1.0003494742345629
0.9925722064046217,1.0004082045122684
0.9924026294444966,1.0005401170860577
0.9262349038664094,1.0010589673622439
0.9262718335188646,1.00077535280976
0.9260538892293624,1.0005352130639407
0.8538560260720042,1.000810738180245
0.8533619252686048,1.001175606652466
0.7002802946929646,1.0007624811085245
0.026066989990672015,0.033352185598574086
,,egauge32290,egauge7692,egauge13836,egauge15623,egauge30039,egauge13974,egauge26086,egauge5198,egauge19696,egauge23534
,,1,1,1,1,1,1,1,1,1,1
,,1,1,1,1,1,1,1,1,1,1
0.99979303540508,1.0001049547838918
0.998039811345026,1.0009010814780919
0.9963040140238821,1.0015451346381363
0.9952112897265133,1.0018785539650552
0.9989380175851781,1.0000407865450511
0.9976387640642304,1.0003758030490653
0.999270343948412,1.001029381233131
0.9979994499418469,1.0010225993980837
0.9979288267509755,1.0011137606673097
0.9971134436634961,1.0010902674851996
0.9962300508309018,1.0016692030539742
0.9954059239541727,1.001759463219326
0.9942218253395199,1.0020316337302082
0.03316130923998456,0.03340703133862057
,,egauge30378,egauge22084,egauge18158,egauge15623,egauge19810,egauge20670,egauge5198,egauge7692,egauge21932,egauge22785
,,1,1,1,1,1,1,1,1,1,1
,,1,1,1,1,1,1,1,1,1,1
0.9925640274648534,1.0000340579855793
0.9262376060139221,1.0001883636799656
0.8537682228529144,1.0003703544039693
0.781771034252327,1.000415150595556
0.9925640274648534,1.000278743792391
0.9925640336939949,1.0000059855486494
0.992394458393092,1.0007387854505638
0.9261545226659433,1.000340138662542
0.9261914484713112,1.0000708478435099
0.9259735268792112,1.0007058701926683
0.8536965315773718,1.00041577888599
0.8532025434169687,1.0004880583177367
0.7000665792535005,1.0004151505955563
0.7816020530623883,1.0004900532633687
,,egauge19821,egauge32290,egauge23534,egauge14795,egauge26086,egauge15601,egauge20925,egauge28684,egauge26944,egauge19810
,,1,1,1,1,1,1,1,1,1,1
,,1,1,1,1,1,1,1,1,1,1
0.999801476027056,1.0001127282035434
0.9984801499158311,1.0008393831019091
0.9972103877804946,1.001028897664781
0.9960212267444131,1.00100345439613
0.9993288052605428,1.00074423994899
0.9976402778202835,1.0000059855486494
0.9990037744698274,1.000693240810159
0.9981091203584863,1.0011533526838694
0.9984321005825714,1.001112827430392
0.9965484066131394,1.0017480334563293
0.997181592037274,1.0011239555977574
0.9971464387711468,1.001168114071217
0.9953920100415067,1.001243784779115
0.03316527300676092,0.03335358283258785
,,egauge22084,egauge18544,egauge19821,egauge18158,egauge32290,egauge5198,egauge30378,egauge22271,egauge23534,egauge8816
,,1,1,1,1,1,1,1,1,1,1
,,1,1,1,1,1,1,1,1,1,1
0.9998091685163812,1.0001063881602466
0.9982867622043383,1.0007235680525166
0.9967359655898692,1.0011866938340905
0.9954537736148719,1.0014790304746939
0.9993031415884008,1.0000059855486494
0.9976402778202835,1.0009078328965813
0.998755847035127,1.0013879766826606
0.998185836452606,1.001057755966411
0.9979968989380031,1.0006628348614561
0.9970684062632144,1.0010047623616092
0.9965879762980895,1.0012747229563186
0.996650750740921,1.001529526463438
0.9953452933779078,1.0015901849699937
0.03311564670130271,0.03339585307868873
,,egauge32290,egauge3166,egauge22785,egauge8253,egauge17311,egauge15601,egauge3167,egauge18158,egauge22084,egauge16133
,,1,1,1,1,1,1,1,1,1,1
,,1,1,1,1,1,1,1,1,1,1
0.9925722001695985,1.000049660680688
0.9263179958663729,1.000500120970676
0.8539277336970953,1.0007338249444697
0.7820096997201604,1.0006954444590812
0.9925722001695985,1.0000157292614544
0.9925722064046217,1.0002098116009488
0.9924026294444966,1.0001994145997073
0.9262349038664094,1.0005406038995628
0.9262718335188646,1.0006150507318265
0.9260538892293624,1.0010603232444717
0.8538560260720042,1.0007751374631288
0.8533619252686048,1.0010871865136686
0.7002802946929646,1.000620085166242
0.026066989990672015,0.033367207520611813
,,egauge30378,egauge16616,egauge3167,egauge15601,egauge14795,egauge20925,egauge22785,egauge18350,egauge33764,egauge19696
,,1,1,1,1,1,1,1,1,1,1
,,1,1,1,1,1,1,1,1,1,1
0.9925099875208179,1.000104143900751
0.9924725017041615,1.0009332743884427
0.992430393804316,1.0013101267193312
0.9924303927242987,1.0016113749598254
0.9925099875208179,1.0003288091114688
0.7505794466322254,1.000340720705967
0.9925099875208179,1.000307294395586
0.9924725017041615,1.001409436409612
0.9924724983829816,1.0012472787134188
0.9924725017041615,1.0013584051547482
0.9924017611697661,1.0013390647328566
0.992430393804316,1.0014279613389752
0.9924303914869385,1.001778983695647
0.9924303927242987,1.0018686023014105
,,egauge9102,egauge32290,egauge28684,egauge13974,egauge33764,egauge16608,egauge21932,egauge19821,egauge30378,egauge8253
,,1,1,1,1,1,1,1,1,1,1
,,1,1,1,1,1,1,1,1,1,1
0.9925099875207516,1.0000923843138043
0.9924725017035982,1.0008442499338015
0.9924303938032345,1.0013698813207925
0.9924303929286127,1.0015172719710066
0.9925099875207516,1.0003088098280435
0.750579446631718,1.0003407207059642
0.9925099875207516,1.0004846225866124
0.9924725017035985,1.0009758870798624
0.9924724983824194,1.001036656417262
0.9924725017035985,1.0012486204917137
0.9924017611686852,1.001369881317919
0.9924303934563055,1.00200233136426
0.9924303925159543,1.001670286478775
0.9924303920618732,1.001538699234628
,,egauge33764,egauge23534,egauge18158,egauge5198,egauge8816,egauge4183,egauge2474,egauge32290,egauge22785,egauge17073
,,1,1,1,1,1,1,1,1,1,1
,,1,1,1,1,1,1,1,1,1,1
0.9925099876063843,1.0000933579223463
0.9924725023888884,1.0006137748888575
0.9924303951056548,1.0009066433275355
0.9924303946422046,1.0010859983054585
0.9925099876063843,1.000372408072849
0.7505794473372421,1.000760447893339
0.9925099876063843,1.0007998410409042
0.9924725023888884,1.0007757515325921
0.9924724990666943,1.0008567629993195
0.9924725023888884,1.0008688701063342
0.9924017624711358,1.001009953243674
0.992430395105655,1.000842414288475
0.9924303941112392,1.0011224067782731
0.9924303946422046,1.001367629399816
,,egauge17311,egauge17073,egauge9102,egauge18544,egauge23534,egauge16608,egauge22785,egauge16133,egauge8816,egauge30039
,,1,1,1,1,1,1,1,1,1,1
,,1,1,1,1,1,1,1,1,1,1
0.9925099876063843,1.0001006059899518
0.9924725023888884,1.0007819670792155
0.9924303951056548,1.0011705487675155
0.9924303946422046,1.0014168188287642
0.9925099876063843,1.0002428391721718
0.7505794473372421,1.000767302768551
0.9925099876063843,1.0005500537394487
0.9924725023888884,1.0011060465773858
0.9924724990666943,1.0009946163062897
0.9924725023888884,1.0012030001842667
0.9924017624711358,1.0011994820196557
0.992430395105655,1.0013419271859128
0.9924303941112392,1.0016485657406031
0.9924303946422046,1.0017802410176546
,,egauge19696,egauge17073,egauge18350,egauge16608,egauge18544,egauge18158,egauge3166,egauge19821,egauge16616,egauge3167
,,1,1,1,1,1,1,1,1,1,1
,,1,1,1,1,1,1,1,1,1,1
0.9925099876063843,1.0001158288990049
0.9924725023888884,1.000933211246873
0.9924303951056548,1.0014255057894026
0.9924303946422046,1.0015152138529826
0.9925099876063843,1.000472514195715
0.7505794473372421,1.0007626324836254
0.9925099876063843,1.0004013625798536
0.9924725023888884,1.001115508085509
0.9924724990666943,1.0012776153971914
0.9924725023888884,1.0014457741140823
0.9924017624711358,1.001442043809794
0.992430395105655,1.0020579973756605
0.9924303941112392,1.0015589265411717
0.9924303946422046,1.0016009292685781
,,egauge14795,egauge21932,egauge7729,egauge2474,egauge4183,egauge18158,egauge16608,egauge8253,egauge2850,egauge13830
,,1,1,1,1,1,1,1,1,1,1
,,1,1,1,1,1,1,1,1,1,1
0.992513633528337,1.0000106843703023
0.9925136300550389,1.0000612254899006
0.9925136282562507,1.000010684363743
0.9925136274336125,1.0000106843623648
0.992513633528337,1.0003285198492422
0.7505822031304179,1.0003438537995752
0.992513633528337,1.0003206999926408
0.9925136291175531,1.00023594053867
0.9925136298845262,1.0002736937257604
0.9925136264825425,1.0004086696953765
0.99251362822174,1.0000106843637033
0.992513626697102,1.000010684361191
0.9925136267856726,1.000010684361311
0.9925136270004529,1.0000106843616765
,,egauge19696,egauge27467,egauge23534,egauge16133,egauge22271,egauge17073,egauge2850,egauge4183,egauge14795,egauge14018
,,1,1,1,1,1,1,1,1,1,1
,,1,1,1,1,1,1,1,1,1,1
0.9925136336663185,1.0000713217205783
0.9925136311064636,1.0002560449288564
0.9925136303891715,1.0001000247644962
0.9925136299258707,1.000236479223157
0.9925136336663185,1.0004431364479036
0.7505822042426735,1.0007532014765899
0.9925136336663185,1.0007563611660695
0.9925136311064636,1.0003268721392315
0.9925136277847539,1.0006508039248387
0.9925136311064636,1.0008375892132237
0.9925136302164574,1.0000106843673122
0.9925136303891715,1.0003353899969043
0.03308378764650249,0.033347031708724786
0.9925136299258707,1.0005852158170154
,,egauge16133,egauge24121,egauge2850,egauge14018,egauge13830,egauge16608,egauge7692,egauge19821,egauge5198,egauge4183
,,1,1,1,1,1,1,1,1,1,1
,,1,1,1,1,1,1,1,1,1,1
0.9925136336663185,1.0000413318677666
0.9925136311064636,1.000962380393143
0.9925136303891715,1.0015800200445621
0.9925136299258707,1.0017402652023153
0.9925136336663185,1.0001543598218088
0.7505822042426735,1.000343853799527
0.9925136336663185,1.0000106843702439
0.9925136311064636,1.0013270648880692
0.9925136277847539,1.0011345534150524
0.9925136311064636,1.0013101949015206
0.9925136302164574,1.0016337807657816
0.9925136303891715,1.0022126268589702
0.03308378764650249,0.03339401432798306
0.9925136299258707,1.0018903183564518
,,egauge30039,egauge19810,egauge28684,egauge14018,egauge19821,egauge18544,egauge16608,egauge5198,egauge24121,egauge3167
,,1,1,1,1,1,1,1,1,1,1
,,1,1,1,1,1,1,1,1,1,1
0.9925136336663185,1.0000989900085426
0.9925136311064636,1.0010825279535012
0.9925136303891715,1.0013991283062385
0.9925136299258707,1.001540106849228
0.9925136336663185,1.0004056006355415
0.7505822042426735,1.000343853799527
0.9925136336663185,1.0004599016623548
0.9925136311064636,1.0014472642513002
0.9925136277847539,1.0016804542358906
0.9925136311064636,1.0017398436424867
0.9925136302164574,1.0014735521750238
0.9925136303891715,1.0015276903211638
0.03308378764650249,0.03338782753906538
0.9925136299258707,1.0016365407497023
,,egauge13830,egauge28351,egauge8253,egauge3166,egauge20358,egauge16133,egauge18350,egauge26944,egauge20670,egauge23534
,,1,1,1,1,1,1,1,1,1,1
,,1,1,1,1,1,1,1,1,1,1
0.9925136336663185,1.0000893566834594
0.9925136311064636,1.0007445290836288
0.9925136303891715,1.0012788866090068
0.9925136299258707,1.001548057454089
0.9925136336663185,1.0003244524696813
0.7505822042426735,1.0003876445238762
0.9925136336663185,1.0002480583649147
0.9925136311064636,1.0007951479642483
0.9925136277847539,1.0008491481943067
0.9925136311064636,1.0010536039766345
0.9925136302164574,1.0013284940271803
0.9925136303891715,1.0016003190838492
0.03308378764650249,0.033390764735049885
0.9925136299258707,1.0017879638963485
,,egauge18350,egauge22084,egauge8617,egauge27467,egauge8816,egauge22785,egauge30039,egauge14018,egauge20358,egauge26086
,,1,1,1,1,1,1,1,1,1,1
,,1,1,1,1,1,1,1,1,1,1
0.9925136336663185,1.000081950588975
0.9925136311064636,1.000886223853549
0.9925136303891715,1.0015443871756278
0.9925136299258707,1.0018136558425947
0.9925136336663185,1.000208311004463
0.7505822042426735,1.000343853799527
0.9925136336663185,1.0002291558307783
0.9925136311064636,1.0011780802735524
0.9925136277847539,1.0011113459504264
0.9925136311064636,1.0008843582823068
0.9925136302164574,1.0016519109465012
0.9925136303891715,1.0019302563092554
0.03308378764650249,0.033397432817727876
0.9925136299258707,1.0021031167371217
,,egauge8617,egauge3166,egauge4183,egauge2850,egauge16133,egauge3167,egauge28684,egauge21932,egauge15623,egauge5198
,,1,1,1,1,1,1,1,1,1,1
,,1,1,1,1,1,1,1,1,1,1
0.9925136335736277,1.000011240669044
0.9925136303648683,1.0000106843673737
0.9925136289798093,1.0002371585647525
0.9925136278485753,1.00044196964596
0.9925136335736277,1.0001046231095714
0.7505822034790675,1.0003438537996052
0.9925136335736277,1.0004723182175734
0.9925136303648683,1.0000106843673737
0.9925136270442569,1.000026514378346
0.9925136303648683,1.0001357797779917
0.9925136288072081,1.0002784468445107
0.9925136289798093,1.0002371585647525
0.992513627200506,1.0005292888091482
0.9925136268956726,1.0006560192123708
,,egauge26086,egauge26944,egauge7729,egauge9102,egauge23534,egauge22084,egauge14018,egauge17311,egauge15623,egauge5198
,,1,1,1,1,1,1,1,1,1,1
,,1,1,1,1,1,1,1,1,1,1
0.9925136337091527,1.0000818685284123
0.9925136314492548,1.0005668660525135
0.9925136310406545,1.0009766584762394
0.9925136308861229,1.0011816485698655
0.9925136337091527,1.0005096419932347
0.7505822045955489,1.000709663177036
0.9925136337091527,1.0003945712816416
0.9925136314492548,1.0006734184211712
0.9925136281270369,1.0009040096051094
0.9925136314492548,1.0002002087652366
0.9925136308678881,1.001059311232876
0.9925136310406545,1.00111586629844
0.992513630709079,1.001269044053144
0.9925136308861229,1.0013958852237164
,,egauge32290,egauge14018,egauge26086,egauge21932,egauge15623,egauge22785,egauge20358,egauge16133,egauge3611,egauge19810
,,1,1,1,1,1,1,1,1,1,1
,,1,1,1,1,1,1,1,1,1,1
0.9925136333361135,1.0000384747126931
0.9925136280886077,1.000074166067424
0.9925136244838018,1.0000562494763732
0.9925136239704451,1.0000106843583458
0.9925136333361135,1.0000106843709269
0.7505822013472151,1.0007584671881056
0.9925136333361135,1.0008711864428381
0.9925136280886077,1.000074166067424
0.9925136257058881,1.0001955653206027
0.9925136265352695,1.0001664724943176
0.9925136225561956,1.0001140418389989
0.9925136240512382,1.0001953060147297
0.9925136236763551,1.0000106843577858
0.9925136235379892,1.000010684357512
,,egauge20925,egauge30039,egauge33764,egauge15623,egauge24121,egauge22084,egauge7731,egauge19810,egauge18158,egauge22271
,,1,1,1,1,1,1,1,1,1,1
,,1,1,1,1,1,1,1,1,1,1
0.9925136335431892,1.0000680891851403
0.992513630212102,1.0002985539855556
0.9925136274512679,1.0005950755908781
0.9925136256033457,1.001011437576638
0.992513633543189,1.0003408281371902
0.7505822032702678,1.0007521809114235
0.992513633543189,1.000600878367519
0.992513630212102,1.000427484499465
0.9925136290190002,1.000430106305338
0.9925136302121018,1.0000106843660923
0.9925136268304879,1.0006900846850784
0.9925136274512679,1.0001992973509553
0.9925136234861929,1.0012517694544332
0.9925136256033457,1.0013541987874763
,,egauge20358,egauge13836,egauge32290,egauge7731,egauge9102,egauge4183,egauge19821,egauge8816,egauge3611,egauge19810
,,1,1,1,1,1,1,1,1,1,1
,,1,1,1,1,1,1,1,1,1,1
0.9925136335431892,1.0000718023118667
0.992513630212102,1.0005830686995092
0.9925136274512679,1.000826567774948
0.9925136256033457,1.0006410639988252
0.992513633543189,1.0002300310909014
0.7505822032702678,1.000981494026137
0.992513633543189,1.0000106843702978
0.992513630212102,1.000846302591481
0.9925136290190002,1.0007349144706397
0.9925136302121018,1.0008894641220911
0.9925136268304879,1.0010703965212062
0.9925136274512679,1.001050931341506
0.9925136234861929,1.000700959505144
0.9925136256033457,1.0002452640526844
,,egauge30378,egauge19821,egauge20670,egauge16133,egauge22785,egauge3166,egauge18350,egauge2850,egauge24121,egauge18158
,,1,1,1,1,1,1,1,1,1,1
,,1,1,1,1,1,1,1,1,1,1
0.9925136335431892,1.0000265754140747
0.992513630212102,1.000010684366092
0.9925136274512679,1.0000106843606344
0.9925136256033457,1.0000106843564096
0.992513633543189,1.0002706164852093
0.7505822032702678,1.0011749428998193
0.992513633543189,1.0006528962299415
0.992513630212102,1.000010684366092
0.9925136290190002,1.0000106843649401
0.9925136302121018,1.0000106843660923
0.9925136268304879,1.0000106843597965
0.9925136274512679,1.0000106843606344
0.9925136234861929,1.000010684351741
0.9925136256033457,1.0000106843564098
,,egauge8253,egauge3167,egauge18544,egauge30039,egauge16608,egauge23534,egauge21932,egauge15623,egauge14795,egauge20358
,,1,1,1,1,1,1,1,1,1,1
,,1,1,1,1,1,1,1,1,1,1
0.9925136321520378,1.0000984781435833
0.9925136191127011,1.0007678933531983
0.9925136063740722,1.0011347709199983
0.992513603935322,1.001418325794205
0.9925136321520378,1.0001410114749358
0.7505821918072486,1.0003438538030853
0.9925136321520378,1.0009448138006025
0.9925136191127011,1.0011180487626166
0.9925136179255084,1.0009263830620958
0.9925136191127011,1.001173611556859
0.9925136057593834,1.0011347708687441
0.992513590542233,1.001295427245516
0.9925136023053251,1.001644197366322
0.9925136022232093,1.0015790379958363
,,egauge15601,egauge2474,egauge30378,egauge14795,egauge3166,egauge20358,egauge18158,egauge7692,egauge7729,egauge20925
,,1,1,1,1,1,1,1,1,1,1
,,1,1,1,1,1,1,1,1,1,1
0.9925136337139487,1.0001270242761497
0.9925136315782048,1.0007892409366
0.9925136300466589,1.0012197025939873
0.9925136294291278,1.0014632146290083
0.9925136337139487,1.0006300251804106
0.7505822046772662,1.0005839051877956
0.9925136337139487,1.0005764860654935
0.9925136315782048,1.0011031919232274
0.9925136303843761,1.00082973769325
0.9925136315782047,1.0010790073575977
0.9925136294251291,1.0012858424889135
0.9925136300466589,1.001369663639582
0.9925136287216332,1.0015797846861718
0.9925136294291278,1.001698959260256
,,egauge30039,egauge20358,egauge28684,egauge17311,egauge19810,egauge14018,egauge8253,egauge27467,egauge13830,egauge18158
,,1,1,1,1,1,1,1,1,1,1
,,1,1,1,1,1,1,1,1,1,1
0.9925136337139487,1.0000726670188482
0.9925136315782048,1.0005453631147279
0.9925136300466589,1.0010562634963833
0.9925136294291278,1.0013061378079575
0.9925136337139487,1.0003942005654443
0.7505822046772662,1.000345015956668
0.9925136337139487,1.0004602701722765
0.9925136315782048,1.0006668299905408
0.9925136303843761,1.0001609472480872
0.9925136315782047,1.001066934900668
0.9925136294251291,1.001076927113003
0.9925136300466589,1.0014419103458843
0.9925136287216332,1.0014299715897286
0.9925136294291278,1.0015418387258506
,,egauge21932,egauge22271,egauge22785,egauge33764,egauge28351,egauge4183,egauge3611,egauge19810,egauge28684,egauge22084
,,1,1,1,1,1,1,1,1,1,1
,,1,1,1,1,1,1,1,1,1,1
0.9925136339051376,1.000032674433436
0.9925136333141026,1.0001413275652213
0.9925136329532513,1.000010684369278
0.9925136329532513,1.000010684369278
0.9925136339051376,1.000032674433436
0.7505822063480261,1.0008056262494158
0.9925136339051376,1.0001824253463474
0.9925136333141026,1.0003771585109438
0.9925136333141026,1.0002289716794024
0.9925136325352233,1.0005005710937411
0.9925136329532513,1.0000298075065512
0.9925136323452888,1.0000106843687415
0.9925136329532516,1.0001354292897948
0.9925136329532513,1.0000106843692782
,,egauge8816,egauge3167,egauge13830,egauge30039,egauge8617,egauge13836,egauge15623,egauge21932,egauge20670,egauge19821
,,1,1,1,1,1,1,1,1,1,1
,,1,1,1,1,1,1,1,1,1,1
0.99251884496843,1.0001136468450034
0.9925724207077391,1.00101697701628
0.9925303068222804,1.0016221253590927
0.9925303054349898,1.0021511213922356
0.99251884496843,1.0004910310910873
0.7505861444870191,1.0003501231921041
0.99251884496843,1.0005909654821443
0.9927428862621938,1.001350536914648
0.9925724195146092,1.0010271035502927
0.9925724207077391,1.0017653538186475
0.9925016703264596,1.0016758887389634
0.9925303068222804,1.0016221253590927
0.9925303050227261,1.0023232199067371
0.9925303037038931,1.0027948922563672
,,egauge33764,egauge3608,egauge14018,egauge19810,egauge23534,egauge2850,egauge2474,egauge18158,egauge22084,egauge18544
,,1,1,1,1,1,1,1,1,1,1
,,1,1,1,1,1,1,1,1,1,1
0.992518845039627,1.000016951294999
0.992572421277276,1.0001657098289043
0.9925303079044983,1.0001796957780504
0.9925303070301835,1.0002741980011391
0.992518845039627,1.0002737443301055
0.7505861450735727,1.0003501231921763
0.992518845039627,1.0007501154022453
0.9927428868313937,1.000417687883131
0.992572420083843,1.0003115472482396
0.992572421277276,1.000165709828904
0.9925016714084772,1.000241625507252
0.9925303079044983,1.0003514902445472
0.9925303060284913,1.00017969577805
0.9925303070301835,1.0006594887153875
,,egauge16616,egauge28351,egauge20407,egauge16133,egauge17311,egauge7729,egauge27467,egauge22271,egauge3611,egauge19696
,,1,1,1,1,1,1,1,1,1,1
,,1,1,1,1,1,1,1,1,1,1
0.992518845039627,1.000075354894513
0.992572421277276,1.0008267060263931
0.9925303079044983,1.0014635837285757
0.9925303070301835,1.001694348855548
0.992518845039627,1.000128833982422
0.7505861450735727,1.0003501231921763
0.992518845039627,1.000016951294999
0.9927428868313937,1.0009583404230733
0.992572420083843,1.00094821321858
0.992572421277276,1.0010645415600976
0.9925016714084772,1.0015959118409792
0.9925303079044983,1.0018172497997264
0.9925303060284913,1.0017745090820613
0.9925303070301835,1.0019623235396036
,,egauge15623,egauge7731,egauge18350,egauge3167,egauge30378,egauge24121,egauge4183,egauge17311,egauge9102,egauge8253
,,1,1,1,1,1,1,1,1,1,1
,,1,1,1,1,1,1,1,1,1,1
0.992518845039627,1.0000704757634273
0.992572421277276,1.000524487163554
0.9925303079044983,1.0008032927349881
0.9925303070301835,1.0009799547982186
0.992518845039627,1.0002244012087833
0.7505861450735727,1.0007992093243738
0.992518845039627,1.0003543320719657
0.9927428868313937,1.000605459218575
0.992572420083843,1.0007775761364877
0.992572421277276,1.0006017147073318
0.9925016714084772,1.0008404768602086
0.9925303079044983,1.0009103496964595
0.9925303060284913,1.0011255892454054
0.9925303070301835,1.0010763249491699
,,egauge7729,egauge8617,egauge3611,egauge20670,egauge3167,egauge30039,egauge18350,egauge17073,egauge21932,egauge20358
,,1,1,1,1,1,1,1,1,1,1
,,1,1,1,1,1,1,1,1,1,1
0.9925188450039922,1.0000731362966617
0.9925724209921872,1.0006764145680769
0.99253030736277,1.0009606943701537
0.9925303062316685,1.001024737458037
0.9925188450039922,1.000240640190447
0.7505861447800133,1.000350123192149
0.9925188450039922,1.0003815256998612
0.9927428865464735,1.0009092926868
0.992572419798906,1.0007650972998408
0.9925724209921875,1.0013487911542431
0.9925016708668493,1.001010283161168
0.9925303073627698,1.001207011625349
0.9925303052303596,1.0010247374561663
0.9925303057984572,1.0011318224316528
,,egauge8617,egauge22271,egauge23534,egauge5198,egauge33764,egauge13830,egauge7692,egauge7731,egauge3166,egauge22084
,,1,1,1,1,1,1,1,1,1,1
,,1,1,1,1,1,1,1,1,1,1
0.992518845039627,1.0000922722288186
0.992572421277276,1.0005553470230433
0.9925303079044983,1.0007391569279918
0.9925303070301835,1.0006716668268625
0.992518845039627,1.0001717156781567
0.7505861450735727,1.0008543950867417
0.992518845039627,1.0008201814319664
0.9927428868313937,1.000757813528961
0.992572420083843,1.0007510923266982
0.992572421277276,1.0010189402092442
0.9925016714084772,1.0007728186203684
0.9925303079044983,1.0011318516988144
0.9925303060284913,1.0007444513020882
0.9925303070301835,1.0004697734561014
,,egauge8253,egauge22271,egauge20925,egauge20358,egauge28684,egauge2850,egauge2474,egauge26944,egauge18158,egauge28351
,,1,1,1,1,1,1,1,1,1,1
,,1,1,1,1,1,1,1,1,1,1
0.992518845039627,1.0000394628244593
0.992572421277276,1.0001657098289043
0.9925303079044983,1.0004913818951702
0.9925303070301835,1.0006578236180286
0.992518845039627,1.0000715481060938
0.7505861450735727,1.0008044959496964
0.992518845039627,1.000651785660819
0.9927428868313937,1.000417687883131
0.992572420083843,1.0003115472482396
0.992572421277276,1.000165709828904
0.9925016714084772,1.0005615954356721
0.9925303079044983,1.0007235981388387
0.9925303060284913,1.000875967446063
0.9925303070301835,1.0007434522974583
,,egauge8617,egauge26086,egauge20407,egauge30378,egauge32290,egauge7729,egauge19696,egauge2850,egauge18350,egauge5198
,,1,1,1,1,1,1,1,1,1,1
,,1,1,1,1,1,1,1,1,1,1
0.992518845039627,1.0000192183181278
0.992572421277276,1.0002125167841152
0.9925303079044983,1.000221534757811
0.9925303070301835,1.0002791220652318
0.992518845039627,1.0000735124601063
0.7505861450735727,1.0008102237169116
0.992518845039627,1.0000192183181278
0.9927428868313937,1.000476369293357
0.992572420083843,1.0003571811400238
0.992572421277276,1.0002198270543674
0.9925016714084772,1.000241625507252
0.9925303079044983,1.000221534757811
0.9925303060284913,1.0002791220621992
0.9925303070301835,1.0004310288915197
,,egauge16608,egauge30378,egauge20407,egauge13974,egauge2850,egauge8253,egauge24121,egauge32290,egauge28351,egauge20925
,,1,1,1,1,1,1,1,1,1,1
,,1,1,1,1,1,1,1,1,1,1
0.9925221149435545,1.0000334317412256
0.9926047204709854,1.0003548493347378
0.9925943024378805,1.0004919262365628
0.9926260001283203,1.0006775882229446
0.9925221149435545,1.000260724936017
0.7505886146186631,1.0004320548006225
0.9925221149435545,1.0000334317412256
0.9927751925949433,1.000587638982746
0.9926047192795195,1.0004941912645946
0.9926047204709854,1.000354849334738
0.9925656637571381,1.0004588885595551
0.9925943024378805,1.0004919262365628
0.9926259955631139,1.000743094071638
0.9926790077512876,1.000891697395934
,,egauge18158,egauge17073,egauge8816,egauge16616,egauge8617,egauge4183,egauge2474,egauge19821,egauge3611,egauge3166
,,1,1,1,1,1,1,1,1,1,1
,,1,1,1,1,1,1,1,1,1,1
0.9925221149435545,1.00009870012528
0.9926047204709854,1.0007698030136982
0.9925943024378805,1.0013647726263635
0.9926260001283203,1.0014416569831814
0.9925221149435545,1.000446911133766
0.7505886146186631,1.0007502847748786
0.9925221149435545,1.0008640915829983
0.9927751925949433,1.0008305481975666
0.9926047192795195,1.0008102988084862
0.9926047204709854,1.0010583382647793
0.9925656637571381,1.0014598681913547
0.9925943024378805,1.0019972186547388
0.9926259955631139,1.0014999362078156
0.9926790077512876,1.0014845087905715
,,egauge17311,egauge27467,egauge14795,egauge19821,egauge23534,egauge22785,egauge3167,egauge28684,egauge20358,egauge22084
,,1,1,1,1,1,1,1,1,1,1
,,1,1,1,1,1,1,1,1,1,1
0.9925221149435545,1.0000960462954587
0.9926047204709854,1.0005702800578526
0.9925943024378805,1.0010524590555108
0.9926260001283203,1.001186973083787
0.9925221149435545,1.0002200705813902
0.7505886146186631,1.000816514166649
0.9925221149435545,1.0007811056851859
0.9927751925949433,1.001146983419571
0.9926047192795195,1.0007688916882778
0.9926047204709854,1.0006914616287288
0.9925656637571381,1.0010276641291307
0.9925943024378805,1.0016953953951113
0.9926259955631139,1.0012598013826188
0.9926790077512876,1.001318775639262
,,egauge8617,egauge28684,egauge19821,egauge26944,egauge22785,egauge28351,egauge20670,egauge2474,egauge17311,egauge20407
,,1,1,1,1,1,1,1,1,1,1
,,1,1,1,1,1,1,1,1,1,1
0.9925221149435545,1.0000761131398963
0.9926047204709854,1.0005702800578526
0.9925943024378805,1.0010524590555108
0.9926260001283203,1.001186973083787
0.9925221149435545,1.0001672410348168
0.7505886146186631,1.0004485911100915
0.9925221149435545,1.0013188403689723
0.9927751925949433,1.0008389831374862
0.9926047192795195,1.0007018746159533
0.9926047204709854,1.0006127194384051
0.9925656637571381,1.0010276641291307
0.9925943024378805,1.0016953953951113
0.9926259955631139,1.0012598013826188
0.9926790077512876,1.001318775639262
,,egauge19696,egauge15623,egauge8617,egauge20358,egauge26086,egauge5198,egauge16616,egauge13830,egauge21932,egauge3167
,,1,1,1,1,1,1,1,1,1,1
,,1,1,1,1,1,1,1,1,1,1
0.992535725783019,1.0000714678505136
0.9927398944480623,1.0005530826410636
0.9928623710019402,1.0009406817726276
0.9928623660080297,1.0009855067998679
0.992535725783019,1.0004745938711443
0.7505989051935698,1.000365786714708
0.992535725783019,1.0002845981304116
0.9929103940569011,1.000774208099299
0.9927398932579478,1.000869076907148
0.9927398944480621,1.0009163934885354
0.992837815265674,1.0010605284273564
0.993127550808132,1.0013462236252844
0.9928623614552922,1.001036473417282
0.9928623642889406,1.0009855067708027
,,egauge22785,egauge28684,egauge2850,egauge24121,egauge26944,egauge3608,egauge20670,egauge30378,egauge16608,egauge18350
,,1,1,1,1,1,1,1,1,1,1
,,1,1,1,1,1,1,1,1,1,1
0.9925357259240071,1.000059590382646
0.9927398955732929,1.0006480500596413
0.9928623731391822,1.0010356927066641
0.9928623691594868,1.0012175383453488
0.9925357259240071,1.000059590382646
0.7505989063550419,1.0003713443345854
0.9925357259240071,1.000059590382646
0.9929103951814656,1.0008395011328721
0.9927398943825794,1.0009139825396318
0.9927398955732929,1.0009838402745337
0.9928378174022486,1.001155552809661
0.9931275529433372,1.0013462236714565
0.9928623645998237,1.0014142116856601
0.033095412305316235,0.03337637751790166
,,egauge18350,egauge19810,egauge8816,egauge28684,egauge17311,egauge17073,egauge5198,egauge3611,egauge4183,egauge19696
,,1,1,1,1,1,1,1,1,1,1
,,1,1,1,1,1,1,1,1,1,1
0.9925357259240071,1.000061951000361
0.9927398955732929,1.0007257265272569
0.9928623731391822,1.001142691787994
0.9928623691594868,1.0013990033905311
0.9925357259240071,1.000200768110528
0.7505989063550419,1.000365786714594
0.9925357259240071,1.0008541190174096
0.9929103951814656,1.0008924261111525
0.9927398943825794,1.0008573452477505
0.9927398955732929,1.0013247503759835
0.9928378174022486,1.0012170931259674
0.9931275529433372,1.0013462236714565
0.9928623645998237,1.0015228506847758
0.033095412305316235,0.033391868550269904
,,egauge14795,egauge21932,egauge33764,egauge30378,egauge18350,egauge26944,egauge32290,egauge22084,egauge20670,egauge20925
,,1,1,1,1,1,1,1,1,1,1
,,1,1,1,1,1,1,1,1,1,1
0.9925136331268819,1.0000775705053175
0.9925136270357267,1.0005159089223483
0.9925136213138417,1.0006588829778054
0.9925136205963768,1.0009534907729736
0.9925136331268819,1.000409250624266
0.7505821999097422,1.0003438538000562
0.9925136331268819,1.0006040009775072
0.9925136270357267,1.000723993437767
0.9925136270357267,1.0006070026519711
0.9925136253280591,1.0011470529740174
0.9925136212794435,1.0006340995930305
0.9925136129672417,1.0004662813668588
0.9925136201853549,1.001120969507157
0.9925136199919897,1.0011998059246745
,,egauge20358,egauge32290,egauge13836,egauge16608,egauge8253,egauge16616,egauge2850,egauge7731,egauge21932,egauge20407
,,1,1,1,1,1,1,1,1,1,1
,,1,1,1,1,1,1,1,1,1,1
0.9925136338200938,1.0000106843700403
0.9925136325113556,1.000010684369238
0.9925136316432205,1.0000106843684358
0.9925136313341205,1.0000106843681034
0.9925136338200936,1.0001138672374272
0.7505822055906562,1.0003438537993103
0.9925136338200936,1.0009588129898885
0.9925136325113556,1.000010684369238
0.9925136316581373,1.0000106843686025
0.9925136325113556,1.0000106843692376
0.9925136312630767,1.0000106843681174
0.9925136316432205,1.000010684368436
0.9925136309799928,1.0000106843677357
0.9925136313341205,1.0000106843681034
,,egauge20670,egauge28684,egauge5198,egauge24121,egauge13830,egauge20358,egauge14795,egauge22271,egauge8816,egauge22084
,,1,1,1,1,1,1,1,1,1,1
,,1,1,1,1,1,1,1,1,1,1
0.9925136338200938,1.0000832873570618
0.9925136325113556,1.000617035980137
0.9925136316432205,1.0009467272106065
0.9925136313341205,1.0009083414032836
0.9925136338200936,1.000377117838851
0.7505822055906562,1.0004484995358656
0.9925136338200936,1.0004672854193208
0.9925136325113556,1.0007486378124082
0.9925136316581373,1.0007891388923607
0.9925136325113556,1.0008874234855112
0.9925136312630767,1.0010707080220531
0.9925136316432205,1.0012585778900303
0.9925136309799928,1.0009884274062513
0.033083787711137354,0.03335754613362477
,,egauge19696,egauge22271,egauge20925,egauge14018,egauge16616,egauge20670,egauge26086,egauge18350,egauge9102,egauge13974
,,1,1,1,1,1,1,1,1,1,1
,,1,1,1,1,1,1,1,1,1,1
0.9998187468749542,1.0001203581857758
0.9987827626421831,1.0008145250862557
0.9980114905420103,1.0012285458964294
0.9972596882157178,1.001420770552588
0.9983040777009102,1.0004589336571654
0.033307153852856604,0.03336175618328462
0.9980000156794427,1.0007109919967132
0.9979744788182767,1.0011791459383677
0.9987019726656665,1.0008662185639488
0.9984938132345871,1.001247759610106
0.9979765190182329,1.001340164111018
0.9979688165417668,1.0013249443339503
0.9967453598162043,1.0015373347606404
0.9966543612580093,1.001570767171193
,,egauge17073,egauge13830,egauge18158,egauge22084,egauge5198,egauge30378,egauge32290,egauge21932,egauge15601,egauge28351
,,1,1,1,1,1,1,1,1,1,1
,,1,1,1,1,1,1,1,1,1,1
0.9998795512034675,1.0000771186002255
0.998905526692335,1.0004788172831607
0.9980212965362906,1.000821384023153
0.9971807828422411,1.0012186307915858
0.9994381608086806,1.0004207491205717
0.03330811948047641,0.0333511674174148
0.9983987129781873,1.0007769908058055
0.9986833589383796,1.0003169282490192
0.9981787430563925,1.0005901518296012
0.9979233961200743,1.0008843968878531
0.9979883554509786,1.0007842023603222
0.9980212965362906,1.000821384023153
0.9962468575091121,1.001561047521438
0.9967213921982324,1.001379305014933
,,egauge17073,egauge8253,egauge18158,egauge20925,egauge13974,egauge3167,egauge32290,egauge19696,egauge16616,egauge14018
,,1,1,1,1,1,1,1,1,1,1
,,1,1,1,1,1,1,1,1,1,1
0.9998084504650386,1.0000834313429312
0.99843301331668,1.0006638806365702
0.9973525687306874,1.001024987452646
0.9971930648790116,1.001281310470898
0.9994209559898106,1.000417553916438
0.0332662529055047,0.033339773206868956
0.9983987129781862,1.0007306405712377
0.9983742132637217,1.000896755303868
0.997777312041856,1.0008080132266048
0.9983174845446668,1.0008376910124002
0.997319653604709,1.0009960611404138
0.9958733254570815,1.0012713233994823
0.9970481314341558,1.0013148515642372
0.9960164440751936,1.0016670598166029
,,egauge26086,egauge22084,egauge14795,egauge2850,egauge23534,egauge26944,egauge17073,egauge30378,egauge28351,egauge16133
,,1,1,1,1,1,1,1,1,1,1
,,1,1,1,1,1,1,1,1,1,1
0.9998191795854408,1.000014426003591
0.9983273964667966,1.0001773989348746
0.9975544339003863,1.0005328648084126
0.9968412982544784,1.000616076079867
0.9992303083152191,1.0004210072258077
0.03329151701671095,0.033333323969905876
0.9976809198821971,1.0006747901067388
0.9962430280505291,0.9999997190971766
0.9981659189531344,1.0004772582161041
0.9962996548057139,1.0005113331980862
0.9975050503613885,1.0006485819675675
0.9971208256925466,1.0007469373751656
0.9961535946428359,1.0006801869206075
0.9958360176959952,1.00069099654466
,,egauge26944,egauge16608,egauge7731,egauge18350,egauge5198,egauge23534,egauge8253,egauge14795,egauge20670,egauge20925
,,1,1,1,1,1,1,1,1,1,1
,,1,1,1,1,1,1,1,1,1,1
0.9998524752997568,1.0001167287576531
0.9989131736223795,1.0008003568301531
0.9982498769425346,1.0013053392923552
0.9978400259067206,1.001606584772772
0.998581998663738,1.0004697285738717
0.033311695918958155,0.0333520976094184
0.9983987129781862,1.0008655180367154
0.9988323711366416,1.0009218603030223
0.9980567481836599,1.0009117336858728
0.998239317313163,1.0011635365036236
0.9981517763678148,1.0013218749721091
0.9971201585316936,1.0016053447604152
0.9978835488481704,1.001781481475566
0.9970194780038004,1.001853089893423
,,egauge28684,egauge7692,egauge2474,egauge27467,egauge4183,egauge15601,egauge21932,egauge20925,egauge14795,egauge22785
,,1,1,1,1,1,1,1,1,1,1
,,1,1,1,1,1,1,1,1,1,1
0.9998612744943285,1.0001108952310598
0.9990363095676538,1.000892341169415
0.9979500828862999,1.0012255371676413
0.9972813039084991,1.0014411342909408
0.9994962912421126,1.000299281434402
0.03326387955040881,0.03334635911429052
0.998135628237917,1.0006022620802117
0.9989041302206467,1.0011858662995592
0.9988746964555997,1.001034113996046
0.9966413705183846,1.0018010482933903
0.9979500828862997,1.0012255371676415
0.9970974866889158,1.0014612156567666
0.9965136490390573,1.0016451474788548
0.9967332015356167,1.0015161277405118
,,egauge19696,egauge2474,egauge7729,egauge26086,egauge8253,egauge16608,egauge20670,egauge17311,egauge19810,egauge3611
,,1,1,1,1,1,1,1,1,1,1
,,1,1,1,1,1,1,1,1,1,1
0.9997295287597736,1.0000626931519982
0.9984470315741399,1.0003901774427757
0.9974523266144554,1.0004658918272291
0.9965363679242687,1.0003124383834214
0.9981928522526583,1.0004711379273523
0.033272140422957716,0.033354674394021226
0.9969563441337386,1.000357040856658
0.998335730599611,1.000777999162137
0.9976197473275535,1.0004655404027116
0.9982408780858923,1.0008490948385647
0.9973947200143268,1.0005650172610943
0.99742034188999,1.000615719434833
0.9960071999981402,1.0000288186821873
0.03318254984736782,0.03334909802947706
,,egauge8253,egauge19810,egauge9102,egauge2474,egauge18544,egauge7731,egauge20407,egauge7692,egauge22271,egauge23534
,,1,1,1,1,1,1,1,1,1,1
,,1,1,1,1,1,1,1,1,1,1
0.9998056374182611,1.0000620769345392
0.9989342036626736,1.000806926422024
0.9980364188626559,1.0011871193708688
0.9979024594348549,1.0016294365000422
0.9988782145524795,1.000113325379375
0.03325368134574174,0.033333323969905876
0.9982688225809236,1.0004793006742692
0.9981638165580452,1.0009778896733095
0.998883699043607,1.0011920481554557
0.9986327347221376,1.001480497323484
0.9978481870937732,1.0011251249714774
0.9969921135391747,1.0012728016029644
0.9978516843772627,1.0018845251251112
0.03325204244730578,0.033399796525604576
,,egauge2474,egauge27467,egauge28351,egauge13974,egauge9102,egauge8617,egauge7731,egauge20670,egauge28684,egauge26944
,,1,1,1,1,1,1,1,1,1,1
,,1,1,1,1,1,1,1,1,1,1
0.9998460876683224,1.0001156289215118
0.9985588700330678,1.0008194355262934
0.9976157010177128,1.0013948094562324
0.9968140114105816,1.001680610498709
0.9989789390203493,1.0004113157057717
0.0333185735872531,0.033361349191334745
0.997839181574811,1.0004346426147779
0.9979695586093116,1.0009713237109663
0.9981652692358438,1.0009814515284214
0.9983663111431597,1.0008882512258273
0.9975498529725426,1.001494043675829
0.9975410595154413,1.0016412529534755
0.9967633020580792,1.0017788864776205
0.03318493686750755,0.03340114557716632
,,egauge33764,egauge2850,egauge13830,egauge9102,egauge20670,egauge2474,egauge8253,egauge3608,egauge14018,egauge7692
,,1,1,1,1,1,1,1,1,1,1
,,1,1,1,1,1,1,1,1,1,1
0.9996410862662002,1.0000197220947362
0.9974256943956711,1.0005752073831977
0.9959567830781297,1.0008888098486781
0.9955815774897259,1.0012091413512543
0.9994323060844827,1.0003192722807093
0.033185889298473055,0.033333323969905876
0.9983987129781862,1.000515055615477
0.9967003080513174,1.0007313738496222
0.9972946297073253,1.0008256387074221
0.9959089093525499,1.0010776033426918
0.9956323977682767,1.000892941675718
0.9949256729833292,1.0008673995357453
0.9951766665748563,1.0014713904020387
0.03316792306524672,0.033378636684433007
,,egauge3608,egauge27467,egauge15601,egauge2850,egauge7692,egauge22271,egauge8617,egauge33764,egauge26944,egauge13836
,,1,1,1,1,1,1,1,1,1,1
,,1,1,1,1,1,1,1,1,1,1
0.9998073468661827,1.000075715583411
0.9984777255365553,1.0004474663073206
0.9977245683812673,1.0009837366793801
0.9969287782052637,1.0013682623762832
0.9987608511560299,1.0000256415460314
0.033318190743855225,0.03335952438275482
0.9970848111399216,1.001052049644539
0.9964733521546307,0.9999997190971766
0.997749271629069,1.0005385526653858
0.9978234460206385,1.0012009664107253
0.9976834068132386,1.0010085310217567
0.9976392538241764,1.0011764997490007
0.996067430315058,1.0014993912347132
0.03322882836993244,0.0333939461163184
,,egauge3608,egauge20925,egauge16616,egauge20358,egauge3611,egauge2474,egauge15623,egauge2850,egauge16133,egauge17073
,,1,1,1,1,1,1,1,1,1,1
,,1,1,1,1,1,1,1,1,1,1
0.9996937146710002,0.9999997191003732
0.9974990256171404,1.0000412660539095
0.9961534549483142,0.99999971909928
0.9960261548897713,1.0001467053245108
0.998658022796447,0.9999997191003732
0.03326736149386385,0.03335201722377615
0.9983987129781862,1.0000917380324192
0.9973981941277356,1.0000716114301622
0.9965924093856937,1.0001727783709415
0.9959821099502693,1.0003815877358349
0.9961370205499309,0.9999997190992798
0.994088336185663,0.99999971909928
0.9959537826414124,1.0001830734376989
0.03319732431388269,0.033350109250680146
,,egauge16133,egauge9102,egauge15623,egauge27467,egauge30378,egauge18158,egauge13836,egauge20358,egauge21932,egauge3611
,,1,1,1,1,1,1,1,1,1,1
,,1,1,1,1,1,1,1,1,1,1
0.9998454044359234,1.0001004702116698
0.9988678455817143,1.0008843631505535
0.9981232470702168,1.0012685099331442
0.9974609516764551,1.001338984354303
0.9987521719315828,1.0002720166902197
0.033279647822530324,0.0333490732299327
0.9983987129781868,1.0004214556004303
0.9988072455198455,1.0012340935208834
0.998527845227258,1.0010261346458262
0.9981243487469398,1.0015221821758231
0.998051673325626,1.0014546439192553
0.9980058883179397,1.0013863387966035
0.9974609516764551,1.001338984354303
0.9963535492615968,1.0014568230153242
,,egauge3611,egauge27467,egauge7692,egauge32290,egauge19821,egauge13830,egauge18158,egauge5198,egauge20407,egauge30039
,,1,1,1,1,1,1,1,1,1,1
,,1,1,1,1,1,1,1,1,1,1
0.9998153935693141,1.0000994358913813
0.9985335629014954,1.0007060759660875
0.9973199032890977,1.001006475052167
0.9966959887941036,1.001115462851332
0.9987055397965117,1.00021710215222
0.033316613339064556,0.03336129533500202
0.9977468824980357,1.0003850602048
0.9980873754414434,1.0006453440320053
0.9983518606675964,1.0013107064757978
0.9982599032593413,1.0010022215429528
0.9972869894379407,1.0011014222442771
0.9964147489398503,1.00112426745884
0.9960662622852268,1.00098441362155
0.9965788284887745,1.0014904187395985
,,egauge3167,egauge4183,egauge13836,egauge2474,egauge14795,egauge20670,egauge17073,egauge3166,egauge20925,egauge22271
,,1,1,1,1,1,1,1,1,1,1
,,1,1,1,1,1,1,1,1,1,1
0.9999103101572682,1.0001243306822991
0.999138113294248,1.0009573109914387
0.9988896601949019,1.001469013834949
0.998519635215659,1.0018088173311464
0.9995991601088099,1.0002233697443474
0.03331738378201578,0.03335121476791425
0.9983987129781862,1.001099744553854
0.9983753950962244,1.001150068572263
0.9982398160816828,1.0012409257017871
0.998872312830273,1.0013686964485478
0.998634999415901,1.0015641211281943
0.9988646892408751,1.0015225810043096
0.9980117887845537,1.0019691747077455
0.9985524171996359,1.0021411760048686
,,egauge28351,egauge23534,egauge26086,egauge21932,egauge15601,egauge22271,egauge3166,egauge22785,egauge14018,egauge27467
,,1,1,1,1,1,1,1,1,1,1
,,1,1,1,1,1,1,1,1,1,1
0.9939542817272767,1.000119900866662
0.9323910033920376,1.0009168872120133
0.9324692027766618,1.0013489345934465
0.9324692027766618,1.001765664985143
0.9939542817272767,1.0002803668454452
0.03313180940339977,0.033359349358001424
0.9926397375620962,1.0009476354055176
0.932288651823579,1.000916887209675
0.9323816985667568,1.0013930400376059
0.7118726935057462,1.0016102163937937
0.9325223783689814,1.0013654711236786
0.9324692027766618,1.00135964597231
0.932469202776662,1.002028086319165
0.932469202776662,1.0021045555667525
,,egauge7692,egauge24121,egauge3608,egauge18350,egauge5198,egauge15601,egauge2850,egauge19810,egauge13830,egauge8816
,,1,1,1,1,1,1,1,1,1,1
,,1,1,1,1,1,1,1,1,1,1
0.9997101434823961,1.0000366028208427
0.9976644665864839,1.0003651171295054
0.9954793426325863,1.000723839941519
0.994243451762555,1.001082563578779
0.9986620805071273,1.0001030096946275
0.033273297879533516,0.03334079346864572
0.9976300714740955,1.0000366028204983
0.9976140378687037,1.0003651171280599
0.9975420609896334,1.0003651171295054
0.9959971155578743,1.0003651171269752
0.9952659156616368,1.000723839941519
0.9944169821912562,1.000723839941519
0.9941856753782586,1.001344773427056
0.9922619329993309,1.0012967751886026
,,egauge17311,egauge16608,egauge14018,egauge7731,egauge33764,egauge22084,egauge20407,egauge22785,egauge18544,egauge26944
,,1,1,1,1,1,1,1,1,1,1
,,1,1,1,1,1,1,1,1,1,1
0.9998471317216341,1.0000844827875273
0.9986277798294344,1.000548921502227
0.9975155679535478,1.0008816704228076
0.9968271813821986,1.0012981706158957
0.9992803141780874,1.000228302281157
0.033311858461104446,0.03335327224419134
0.9974223049186484,1.0008174903291753
0.9985223855596843,1.0008526551475203
0.9983451340627685,1.0007210105517046
0.998426171885383,1.0003651171269752
0.9971535726878779,1.0008073050605806
0.9967591887642577,1.000924493924808
0.9967982033963242,1.0015968872767973
0.9955612553939457,1.0015901007515848
,,egauge3167,egauge7729,egauge3166,egauge23534,egauge33764,egauge13830,egauge7731,egauge16608,egauge22785,egauge18158
,,1,1,1,1,1,1,1,1,1,1
,,1,1,1,1,1,1,1,1,1,1
0.9998373599650359,1.00008906972207
0.9988461258759772,1.0008140168898119
0.9982139726866424,1.0012702176908463
0.9976912434723909,1.0015265999646001
0.9995239530063309,1.0001972209280352
0.03323993689489045,0.03334673516010498
0.9983987129781868,1.000281338050888
0.9985028489910455,1.001102230243028
0.9985835949860443,1.0010570625461312
0.9982203409137637,1.0012216014302495
0.9981851424184703,1.0013653026997382
0.9980859329279091,1.0013773336897946
0.9971694087460571,1.0015775992334925
0.9975846071099784,1.001880292431339
,,egauge16133,egauge22271,egauge7692,egauge32290,egauge18158,egauge20925,egauge8253,egauge20407,egauge3611,egauge2474
,,1,1,1,1,1,1,1,1,1,1
,,1,1,1,1,1,1,1,1,1,1
0.9998037367034026,1.0000672072743015
0.9980631720593187,1.0003651171295054
0.9963846111693534,1.000723839941519
0.9953106700712433,1.001082563578779
0.9987381089909805,1.0002412930804256
0.033308065511806255,0.033360694320224746
0.9977454272002867,1.0003577331259803
0.9977063359301214,1.0003651171280599
0.9978109703970389,1.0006222479543976
0.9976480155853726,1.0007841907312875
0.9960600621107649,1.000723839941519
0.9961716968997553,1.000723839941519
0.9946603238280799,1.001344773427056
0.9944713603691339,1.0012967751886026
,,egauge3167,egauge7692,egauge15623,egauge20670,egauge32290,egauge17311,egauge22084,egauge14795,egauge2850,egauge19696
,,1,1,1,1,1,1,1,1,1,1
,,1,1,1,1,1,1,1,1,1,1
0.9997684289613278,0.9999997190989813
0.9982193208082356,0.9999997190971773
0.9965707765648029,0.9999997190971771
0.9951673526238336,0.9999997190971771
0.9995551102960104,1.000096504726383
0.03326021963131796,0.03334012359190538
0.9983987129781868,1.0002940785777859
0.9980532737247412,1.000044003216329
0.9979441598718479,0.9999997190971773
0.9977185219250013,1.0000029633610097
0.9965204862729801,0.9999997190971771
0.996262015752041,0.9999997190971771
0.9938366162501725,0.9999997190971773
0.9936495642382629,0.9999997190971771
,,egauge24121,egauge7729,egauge20358,egauge13830,egauge17311,egauge20670,egauge23534,egauge19821,egauge3166,egauge15623
,,1,1,1,1,1,1,1,1,1,1
,,1,1,1,1,1,1,1,1,1,1
0.9998620759907734,1.0000794423067059
0.9989769807935509,1.000818268922915
0.9980664813622351,1.0013024409283724
0.99715598723922,1.0014498154086273
0.9991050514953314,1.0002106290869526
0.03323987975397801,0.03334626276998331
0.9983987129781873,1.0003711385873608
0.9989062724303883,1.001051185979879
0.9989769807935509,1.0009499020049764
0.9987871139221521,1.001310224134181
0.9980664813622351,1.0014140688820514
0.9980664813622351,1.0016824842580974
0.9961642328889695,1.0015153808726618
0.9970920426845813,1.0015998171548852
,,egauge8617,egauge27467,egauge16616,egauge32290,egauge9102,egauge22271,egauge33764,egauge7731,egauge18350,egauge19821
,,1,1,1,1,1,1,1,1,1,1
,,1,1,1,1,1,1,1,1,1,1
0.999881541444391,1.0001171753040672
0.9989477038666029,1.0009754251218406
0.9980793045517697,1.0016811413972029
0.9971751632680284,1.002130267555934
0.999379283024134,1.0001990756280308
0.033315407078492065,0.0333618070360201
0.9983987129781868,1.0002426513226563
0.9980885425459374,1.0009146738650434
0.9983314007278198,1.0011273413020836
0.9985847341638862,1.0017123948303275
0.9980793045517697,1.0017597264619142
0.9980793045517697,1.0019591444573037
0.9961833863583948,1.002208444168174
0.9971218742542034,1.0027740225816402
,,egauge20670,egauge9102,egauge18158,egauge27467,egauge16133,egauge22084,egauge8617,egauge13974,egauge13836,egauge3166
,,1,1,1,1,1,1,1,1,1,1
,,1,1,1,1,1,1,1,1,1,1
0.9998675526359485,1.0000905837129404
0.9990085766582655,1.000579773366897
0.9981434341336957,1.0009226187730031
0.9972710637794545,1.001249401695736
0.9995585971276169,1.0003788723365792
0.033280747421551744,0.03334925874188538
0.9983987129781874,1.000792718370775
0.9988772656630048,1.0009544231512926
0.9979390750236447,1.0007518686982595
0.9985453419307431,1.000242146355039
0.9981434341336957,1.000922618773003
0.9978709326509054,1.00101478156765
0.9962791740489736,1.0015845421878335
0.9972710637794545,1.0013029549979375
,,egauge21932,egauge8816,egauge13830,egauge17073,egauge7729,egauge18350,egauge7692,egauge15601,egauge3611,egauge16608
,,1,1,1,1,1,1,1,1,1,1
,,1,1,1,1,1,1,1,1,1,1
0.9998066367007296,1.0000939293067643
0.9981264176286179,1.0007915055961798
0.996563027115837,1.0013252547584146
0.9959587267166325,1.0014726384581376
0.9998066367007296,1.0000939293067643
0.9960948295826619,1.000820992516753
0.033306091851737094,0.033352752255339436
0.9981466018117318,1.000943388773876
0.9974816976510583,1.0009535162561307
0.997647559266993,1.0009462397878446
0.996199855972908,1.001383133814959
0.9952019342250225,1.0018289680257226
0.9952480163833365,1.0015246788760355
0.9958416690105314,1.001655414502301
,,egauge18544,egauge30039,egauge26086,egauge7729,egauge15623,egauge20925,egauge28351,egauge2850,egauge13974,egauge8253
,,1,1,1,1,1,1,1,1,1,1
,,1,1,1,1,1,1,1,1,1,1
0.9997614423679366,1.0000165181707237
0.9976782901763023,0.9999997190971769
0.9956451812354866,0.9999997190971766
0.9948321714497137,0.9999997190971763
0.9995079059374937,1.0003960650816168
0.033306539470631856,0.03335472240830867
0.9983680144265582,1.0008260179318
0.9971599161422617,0.9999997190971771
0.9976480317923734,0.9999997190971769
0.9973179122548833,1.0003490890583726
0.9956164387367156,0.9999997190971763
0.9934798511829617,0.9999997190971766
0.9944926111654168,0.9999997190971763
0.9939721167548534,0.9999997190971763
,,egauge22271,egauge20670,egauge3166,egauge28684,egauge19810,egauge3608,egauge32290,egauge7692,egauge16616,egauge24121
,,1,1,1,1,1,1,1,1,1,1
,,1,1,1,1,1,1,1,1,1,1
0.9998184954383784,1.000039218001223
0.9981801846951901,1.000029275611773
0.9972841140478137,1.0001793921220807
0.9963152133337593,1.0003009702619612
0.9995159395688256,1.0004354898144243
0.03330806056388545,0.03335362152223041
0.9983669337507093,1.000179463544577
0.9981095430141398,1.0001703841793677
0.9970613971695694,0.9999997190971766
0.9964945364365079,0.9999997190971766
0.9972594294645883,1.0001493173358564
0.9962407397454122,1.0003184689043143
0.9949273708672506,1.0003446203300308
0.9963152133337593,1.0004400670289446
,,egauge18158,egauge15601,egauge13830,egauge18544,egauge22084,egauge13836,egauge3611,egauge22785,egauge3167,egauge32290
,,1,1,1,1,1,1,1,1,1,1
,,1,1,1,1,1,1,1,1,1,1
0.9925917953583642,1.0000897583745052
0.9265944291103947,1.000521181679602
0.8545922170089002,1.0006395450994199
0.7826183080872681,1.0006651566195512
0.9924010288781762,1.000442851208662
0.9925917953583642,1.0010225778198567
0.9923162718241282,1.0005641842855126
0.926206680519618,1.0008784251748968
0.9265944291103947,1.0003491680154004
0.9264711154646172,1.0014101445722923
0.8545922170089001,1.0006832237723273
0.8545922170089003,1.0007127073305957
0.7008254050569726,1.0007379405390089
0.6740215754323419,1.0006009458920422
,,egauge30039,egauge2474,egauge14795,egauge28684,egauge20925,egauge5198,egauge18350,egauge19821,egauge7692,egauge19696
,,1,1,1,1,1,1,1,1,1,1
,,1,1,1,1,1,1,1,1,1,1
0.9929140129688143,1.0001424113406998
0.9295913742655116,1.0009941136041478
0.8602324904601627,1.0016434328223238
0.7908982998210222,1.0018695738695977
0.9929140129688143,1.00051387207511
0.9927951407421671,1.0006023243328077
0.9929140134152343,1.000803053229068
0.9295913768447267,1.0011359034308853
0.9295913742655116,1.0012270790798055
0.9295913763000113,1.0012259669485726
0.8602324904601627,1.001676518024187
0.8602325029258711,1.0022760871467344
0.7908983013081274,1.0019643299871968
0.675035567436555,1.0021161553902889
,,egauge8816,egauge23534,egauge28684,egauge3166,egauge5198,egauge3167,egauge14018,egauge3611,egauge26944,egauge4183
,,1,1,1,1,1,1,1,1,1,1
,,1,1,1,1,1,1,1,1,1,1
0.992605320259354,1.0000924473048813
0.9266642808848802,1.0007345020909868
0.8546566465198403,1.0013058875090497
0.7826773175045725,1.0016071343858166
0.992605320259354,1.0004620145536032
0.992605320695894,1.0009495438363927
0.9923553904023278,1.0004812200369264
0.9263872538846037,1.0007749962180998
0.92666428088488,1.0008541148062573
0.92655857188832,1.000906445546709
0.8546566465198403,1.001454731909464
0.8546566465198403,1.0014230219466584
0.7008782548848238,1.0018476360342996
0.6745688989221456,1.0017571639852716
,,egauge2850,egauge16608,egauge7731,egauge21932,egauge15623,egauge16616,egauge19810,egauge8617,egauge22084,egauge3611
,,1,1,1,1,1,1,1,1,1,1
,,1,1,1,1,1,1,1,1,1,1
0.9928674205766088,1.0000153250370925
0.9291257532290945,1.0001907101108856
0.859768736750513,1.0004596466647946
0.7904718416543886,1.0007285836832034
0.9928674205766088,1.0000153250370925
0.9927675902866673,1.0009540369101877
0.9925918065091285,1.0007601692628607
0.9283665997148959,1.0001391859497053
0.9290979535037354,1.0001907101107192
0.9291257532290945,1.0001907101108856
0.8597446347871185,1.0004596466643794
0.8597687367505127,1.0004596466647946
0.7904718416543887,1.0008086526845514
0.6746714356862049,1.0010639327705224
,,egauge2850,egauge18544,egauge19810,egauge7692,egauge13830,egauge23534,egauge7731,egauge16616,egauge32290,egauge3608
,,1,1,1,1,1,1,1,1,1,1
,,1,1,1,1,1,1,1,1,1,1
0.9929040487107748,1.0000242720782941
0.9295419144316702,1.0004024090773076
0.860153845815247,1.00053672887794
0.7908259290864965,1.0008056903905516
0.9929040487107748,1.0000242720782941
0.9927851778966242,1.0009644862786138
0.992629725761345,1.0000221133515022
0.9295419144316702,1.0004833694585864
0.9295140997791245,1.0006352118189787
0.9295419144316704,1.0010296249338508
0.860129730698977,1.0006561930918145
0.860153845815247,1.00053672887794
0.7908259290864966,1.0008857666844138
0.6749736833390266,1.0011410694642562
,,egauge4183,egauge20407,egauge30039,egauge15623,egauge17073,egauge8617,egauge18350,egauge20358,egauge5198,egauge14795
,,1,1,1,1,1,1,1,1,1,1
,,1,1,1,1,1,1,1,1,1,1
0.9998273763133875,1.0000806418650587
0.998909111219486,1.0006625459889735
0.9980641048948852,1.001075399915449
0.9973441093880607,1.0013509455501046
0.9996895736732218,1.0002894517466183
0.9980906119920053,0.999999719102777
0.9992320832038237,1.0008279892820964
0.9984102976328977,1.000814406000741
0.9987677176525146,1.0009055480688591
0.9974119981723643,1.0006947209177428
0.9980311619924325,1.0011208622312984
0.9979360877224731,1.001193201868683
0.9967283754874368,1.0014310733637561
0.9970457177880263,1.0016938445688939
,,egauge33764,egauge16133,egauge21932,egauge13974,egauge28684,egauge28351,egauge26086,egauge2850,egauge32290,egauge3608
,,1,1,1,1,1,1,1,1,1,1
,,1,1,1,1,1,1,1,1,1,1
0.9997670159684082,0.9999997190971778
0.9977578464655021,0.9999997190971773
0.9957640522646043,0.9999997190971769
0.9950717568663371,0.9999997190971766
0.9994408367383002,1.0002865944702946
0.9977166804925967,1.0002567118644314
0.999767015968408,0.9999997190971781
0.9975964781094695,0.9999997190971773
0.9976468986204773,0.9999997190971773
0.9964267413106762,0.9999997190971776
0.9957681590594928,0.9999997190971766
0.9935777867080223,0.9999997190971769
0.9949922381539,0.9999997190971769
0.9940311312846746,0.9999997190971766
,,egauge14018,egauge18350,egauge2474,egauge19810,egauge3167,egauge17311,egauge16608,egauge27467,egauge9102,egauge18158
,,1,1,1,1,1,1,1,1,1,1
,,1,1,1,1,1,1,1,1,1,1
0.9998086191087225,1.000078610669852
0.9986845331938177,1.0004458487609444
0.9980680813649291,1.0009935393741127
0.9974812697107838,1.001262654152184
0.9986519510064005,1.0004303024672483
0.9994190863953122,1.0003372482975923
0.9980377476399183,1.0006859358622873
0.9975952957955314,1.0000715886439013
0.9986239463778757,1.000547056842969
0.9972126826980009,1.0006772323736834
0.99798564961778,1.001034864566728
0.9979293974383828,1.001357725229391
0.9969523224306419,1.0013282053430428
0.9972534013742964,1.0016162364927237
,,egauge19696,egauge3166,egauge3167,egauge13830,egauge33764,egauge30378,egauge18350,egauge7731,egauge7729,egauge8253
,,1,1,1,1,1,1,1,1,1,1
,,1,1,1,1,1,1,1,1,1,1
0.9993649405024372,1.000087903031166
0.9937090893710866,1.0007138590082285
0.9875314849544532,1.001060678746898
0.9813541217444902,1.0011631625934307
0.9982330782039993,1.0004902529435105
0.9993032671974819,1.0002827182417158
0.9992228844518751,1.0003200122891946
0.9937090902287999,1.00090623590231
0.9937090893710866,1.000942815508992
0.9937090896798791,1.0011625430149511
0.9875314845046189,1.0011185397327005
0.9875314859588811,1.0014034604427804
0.9813541217444904,1.0012697442259493
0.9710256148063726,1.0011845809250255
,,egauge16616,egauge19810,egauge20925,egauge3166,egauge22785,egauge7692,egauge14018,egauge22271,egauge28684,egauge20407
,,1,1,1,1,1,1,1,1,1,1
,,1,1,1,1,1,1,1,1,1,1
0.999822499254281,1.000039698692931
0.9986469419418319,1.0004956098507605
0.9979919676907189,1.0008877860969452
0.9973995734044725,1.0008622138683891
0.9996269839362295,1.0001011194880187
0.9976106328364643,0.9999997190982199
0.9979154644467112,1.0006375352752603
0.9983340169771582,1.0005360925408096
0.9980332017678494,1.0005158507132599
0.9967826150885192,1.000746641814579
0.9976753552063791,1.0010365570699005
0.9971564448449655,1.0012556087858002
0.9973415798913022,1.0009641385844281
0.9964943339129922,1.0006695660218836
,,egauge13830,egauge19696,egauge27467,egauge14795,egauge20358,egauge8617,egauge19821,egauge15601,egauge26086,egauge13836
,,1,1,1,1,1,1,1,1,1,1
,,1,1,1,1,1,1,1,1,1,1
0.9998016638311513,1.0001693112756858
0.9988333559645728,1.0013551891692343
0.9980517368160414,1.0023639404303968
0.9978540027776054,1.002738692934415
0.9994489852819248,1.000372590322107
0.9969490610014989,1.0008656438877521
0.9994596681886558,1.000892021687915
0.9984876755215089,1.0016693500225382
0.9988333559645728,1.0015071734760106
0.9976213011794564,1.001432492508884
0.9980187944245592,1.002604269644657
0.9967874562233562,1.0028682713169481
0.9977234583417848,1.002935719598805
0.9977153538674989,1.0030821536447638
,,egauge26086,egauge30039,egauge14795,egauge19810,egauge27467,egauge3611,egauge15601,egauge13836,egauge7731,egauge19821
,,1,1,1,1,1,1,1,1,1,1
,,1,1,1,1,1,1,1,1,1,1
0.9998437754898667,1.0001535226233822
0.9983157800349711,1.001068873967941
0.9974145377688441,1.002081466262254
0.9973189179634606,1.0026271113805023
0.9993648465025918,1.000486976212505
0.9992651664932145,1.0007808313293902
0.9977613642120734,1.0008157394507744
0.9977777801249714,1.0006943383712126
0.9983258742668412,1.0013525260756457
0.9963946827968837,1.0012234424250412
0.9968840576390344,1.0022594214436278
0.9971564448449655,1.002424660992106
0.9972971717860291,1.0028168141731093
0.9971910141379161,1.0032604997363148
,,egauge14018,egauge17311,egauge7729,egauge8617,egauge26944,egauge16608,egauge27467,egauge3608,egauge7692,egauge24121
,,1,1,1,1,1,1,1,1,1,1
,,1,1,1,1,1,1,1,1,1,1
0.9998192402824059,1.000058530211981
0.99857347295649,1.0006356416368303
0.9977065272364011,1.0009531353021879
0.9969423716802001,1.0011196678773764
0.9985882871954861,1.0004369288798771
0.9986447539568293,1.0004305929277464
0.9969960546320195,1.000392414332124
0.9984725129394749,1.000676131052084
0.997373609318838,1.0009697948748737
0.9976213011794564,1.0009833220100532
0.9976692622647206,1.0010688504750669
0.9969570863544479,1.0009210177983718
0.9962328840229052,1.0012143402200107
0.9967080150696652,1.001258899223285
,,egauge3167,egauge3608,egauge4183,egauge33764,egauge20670,egauge32290,egauge21932,egauge22084,egauge22785,egauge7729
,,1,1,1,1,1,1,1,1,1,1
,,1,1,1,1,1,1,1,1,1,1
0.9998177258975987,1.0000337923825957
0.9984773337176049,1.0002207040743667
0.9971549570983692,1.0001951573153154
0.9958963252433588,1.0002873095173281
0.9995176185107725,1.0001496153162206
0.9978572303850878,0.9999987394423198
0.9994221769156322,1.0005027821531254
0.9983864791183713,1.0004635794102072
0.9983864791184863,1.0004801768432598
0.9971010384281762,1.0001049306735108
0.9971549570983692,1.0001951573153154
0.9970483888769195,1.0000175484047942
0.9953900584419701,1.0003382342075686
0.9945363219255999,1.000454150587367
,,egauge26944,egauge18350,egauge30039,egauge7729,egauge3611,egauge14795,egauge21932,egauge18544,egauge13830,egauge22271
,,1,1,1,1,1,1,1,1,1,1
,,1,1,1,1,1,1,1,1,1,1
0.9998409824857777,1.000125541722644
0.998802989233594,1.0008995878221545
0.9983136150766083,1.0014316306838114
0.9976954294839266,1.0017393455764272
0.9985958914303897,1.0004773257551758
0.9994489995718833,1.0003612317333743
0.999218010757236,1.0008687373574174
0.9974763918737998,1.0010616191610235
0.9980011575019256,1.0009735824467896
0.997641217148006,1.0014987346355237
0.998288900353569,1.0014316306838114
0.9983136150766083,1.0018067265447985
0.9969925480212161,1.0018778211631651
0.9976954294839269,1.002050228587223
,,egauge16133,egauge8253,egauge13830,egauge16616,egauge32290,egauge22084,egauge33764,egauge18350,egauge3166,egauge21932
,,1,1,1,1,1,1,1,1,1,1
,,1,1,1,1,1,1,1,1,1,1
0.9998899133727849,1.000035115626292
0.999211039337919,1.0001534879803464
0.9990862008999838,1.0004016425905953
0.9990265081389251,1.0004424697646743
0.9987473277470489,1.0002169634366123
0.9979973056924303,1.000198461664643
0.9991856142364088,1.000532901048587
0.9990695952748416,1.000204071525145
0.9983380932111454,1.0000927956885057
0.9980885193405914,0.9999997190971769
0.9990353134319918,1.0005007604971161
0.9989952222892344,1.000547488906398
0.9988376948625141,1.0004934037969064
0.03330088360463084,0.033348082325489144
,,egauge8617,egauge7731,egauge22271,egauge17311,egauge15601,egauge28351,egauge19810,egauge22785,egauge14018,egauge14795
,,1,1,1,1,1,1,1,1,1,1
,,1,1,1,1,1,1,1,1,1,1
0.9998393260741482,1.0000735130721867
0.9985017912791798,1.0002958431702311
0.9971644167899725,1.0004726516677895
0.9968575532937952,1.000901772097271
0.9993778353065358,1.0001628031330079
0.9994691958741216,1.0007863466450775
0.9991504773075972,1.00090605728299
0.9984715032964671,1.0004375161329075
0.9973658503241144,1.0007503917353748
0.996892483550904,1.0005641903293485
0.9967502430602868,1.0003198775019282
0.9963019734984856,1.0004619516380884
0.9960179660750287,1.0011639259567169
0.033220658901641456,0.03337445917730165
,,egauge5198,egauge3166,egauge22271,egauge22084,egauge7731,egauge19810,egauge15623,egauge13974,egauge30378,egauge16608
,,1,1,1,1,1,1,1,1,1,1
,,1,1,1,1,1,1,1,1,1,1
0.9998582040734072,1.0000546016227112
0.9985906093199137,1.0002733093562528
0.9979288123392673,1.0006791930646013
0.9975379113865589,1.0009289515770923
0.998958775631415,1.0002567839577223
0.999289101271294,1.0002445551919554
0.9991745121638058,1.0008663292006101
0.9984896471827248,1.0001102603062888
0.9984997423129359,1.000545370956263
0.9965308316190287,0.9999997190971769
0.9979123432083539,1.000728765371528
0.9972998687597359,1.000818352001487
0.9970885959857433,1.0010818598840012
0.033249842043331534,0.03337072340654464
,,egauge18544,egauge24121,egauge17073,egauge3611,egauge22785,egauge7729,egauge20670,egauge13830,egauge28351,egauge20358
,,1,1,1,1,1,1,1,1,1,1
,,1,1,1,1,1,1,1,1,1,1
0.9998343750791049,1.0000910399730676
0.9984969668024845,1.0005723922273169
0.9976844495478808,1.0009980961929048
0.997092095801056,1.001190269207688
0.9995492194153515,1.0004791469035659
0.9982850182376803,1.0003509147584075
0.9989333975077315,1.000791219860771
0.9976956963884365,1.000673615442294
0.9978576193650535,1.0005913690243569
0.996105666617301,1.000877912818238
0.9975650975040928,1.0010807510433133
0.9976098017733177,1.0012015743465623
0.9964693098769023,1.0012995174930646
0.033233916681890414,0.033378364606325706
,,egauge3167,egauge9102,egauge24121,egauge21932,egauge5198,egauge7731,egauge13830,egauge22785,egauge8617,egauge19696
,,1,1,1,1,1,1,1,1,1,1
,,1,1,1,1,1,1,1,1,1,1
0.9997926576633417,1.0000698267574255
0.9979910459630733,1.0006434424040676
0.9965452792707207,1.0009430311693368
0.995617840881576,1.0010903621969351
0.9995932290832045,1.00016579267993
0.9984300662325197,1.0004800327927512
0.9981576593187239,1.0003476892300385
0.9979910459630733,1.0006434424040676
0.997134243310116,1.0008459299774957
0.9978948201843921,1.0013390945387572
0.9965000649870227,1.0010422124821665
0.9957897708240735,1.0009537374164696
0.9955460528363494,1.0011015254978164
0.03313763768377687,0.03338324974783013
,,egauge18350,egauge26944,egauge32290,egauge16608,egauge3167,egauge20670,egauge23534,egauge20358,egauge13830,egauge16616
,,1,1,1,1,1,1,1,1,1,1
,,1,1,1,1,1,1,1,1,1,1
0.9998314176008353,1.0000764931014268
0.9992326765756238,1.0006403468976233
0.9987144761680086,1.0010148487864068
0.9983762431842325,1.0011685879729884
0.9996932346140069,1.0002155446767027
0.9974605557613266,1.0007364699222385
0.9979761221480219,0.9999997190980885
0.9991114327849102,1.0008080764788991
0.998963283201366,1.0007112062932564
0.9987959657881147,1.0011251989616756
0.9986020654681178,1.0011388395487968
0.9985756857765533,1.0010960724554068
0.998136794106451,1.0013361092144135
0.03327209412942521,0.03337264323566541
,,egauge20358,egauge20670,egauge19696,egauge13830,egauge22084,egauge22271,egauge18350,egauge32290,egauge16608,egauge7692
,,1,1,1,1,1,1,1,1,1,1
,,1,1,1,1,1,1,1,1,1,1
0.9998016832045505,1.0000732679257154
0.9989163128729408,1.0004303742136602
0.9981399064293278,1.000645142927938
0.9974884724707179,1.0008436403778183
0.9996709267460272,1.0002337250593465
0.9992718867390796,1.0006531236913498
0.9967690057828542,1.0008939309689704
0.9987244314424633,1.0006339151669947
0.9987745173677681,1.0002568077627403
0.9985187097844422,1.0011197904636597
0.9980607100771355,1.0006823201197372
0.9971912844025914,1.0005809337156992
0.9973879723771057,1.0009819696795943
0.03321521582192192,0.033365737270438796
,,egauge3166,egauge18544,egauge27467,egauge28351,egauge18158,egauge7729,egauge7731,egauge26086,egauge24121,egauge15601
,,1,1,1,1,1,1,1,1,1,1
,,1,1,1,1,1,1,1,1,1,1
0.9998619369547177,1.0001349884413961
0.9985853328524307,1.0010067103219766
0.9979348832333742,1.0016971429328243
0.99706302252825,1.0020563341552642
0.9995790970999107,1.00017836950929
0.9992545192402298,1.0008710688535176
0.999541268378486,1.0008616614353587
0.9977178499954747,1.0011485022986164
0.9983531573700428,1.0011687621611867
0.9963502013484192,1.0012968209618966
0.9979225312359905,1.001804686080984
0.9979888613136614,1.0019865640280203
0.9969978063826913,1.0021511111806116
0.03319003735381205,0.03341725175233118
,,egauge22084,egauge26086,egauge7692,egauge17073,egauge5198,egauge18544,egauge32290,egauge23534,egauge20925,egauge21932
,,1,1,1,1,1,1,1,1,1,1
,,1,1,1,1,1,1,1,1,1,1
0.999892340874286,1.000074389116827
0.9990436919544845,1.0006448086926412
0.9985441015737753,1.000870931778609
0.998518564246601,1.000957485963439
0.9993307698248957,0.9999997190985949
0.9986728804612974,1.0008071892509915
0.9977860311773034,1.000367276925057
0.9989022759052801,1.0009890956132623
0.9981870641766675,1.0008472965927468
0.9988895491697118,1.0013938807788754
0.998177548296261,1.0008461421864032
0.9983662858688822,1.0011814963065393
0.9980637696540208,1.0011249654976933
0.033283952141553365,0.03336524953211463
,,egauge8253,egauge22271,egauge3611,egauge17073,egauge18544,egauge26086,egauge20407,egauge19821,egauge2474,egauge7729
,,1,1,1,1,1,1,1,1,1,1
,,1,1,1,1,1,1,1,1,1,1
0.9997763188907224,1.0001196297208492
0.9985354058009305,1.00100303292564
0.997286683816433,1.0015154862921594
0.9962179722314947,1.0017590773957619
0.9988737317607972,1.0001475240291082
0.9991991977485497,1.0008928292949497
0.9976274810505884,1.0004319658115455
0.9983839823529653,1.0011549540458486
0.9984849252884029,1.001347465515288
0.9977657202090701,1.0015418541735575
0.9970607937720316,1.00144106526563
0.9970336237952475,1.0021480450264968
0.9956464367260688,1.0019267154225868
0.033174506521817464,0.03339732847520835
,,egauge8253,egauge7729,egauge20925,egauge2474,egauge16608,egauge15623,egauge24121,egauge7692,egauge14795,egauge3608
,,1,1,1,1,1,1,1,1,1,1
,,1,1,1,1,1,1,1,1,1,1
0.9997990615689745,1.0000868603411832
0.9985562991569371,1.0006785141447256
0.9975388359275512,1.0010137567690027
0.9970534165071215,1.0011867344451655
0.9988641656620679,1.000111171264034
0.9971806759053917,1.0004051565792291
0.9978582047959691,1.0006457338076344
0.9977243288011018,1.000911392832946
0.9984654359361396,1.0008607561638097
0.9984652660874895,1.0009102811303414
0.9974483057634276,1.0010674815864675
0.9964951508689284,1.0011529706997617
0.9968505572444348,1.0014052582679691
0.033199281238356616,0.033371820269446156
,,egauge15623,egauge18544,egauge22271,egauge20407,egauge32290,egauge7729,egauge7692,egauge4183,egauge13830,egauge24121
,,1,1,1,1,1,1,1,1,1,1
,,1,1,1,1,1,1,1,1,1,1
0.9998562910057941,1.0000785758195478
0.9985354671256114,1.0003420783586086
0.9976238306088442,1.0007027919112723
0.997368851245994,1.0008948969148976
0.9996134104114319,1.0002198353988836
0.9992516441797261,1.000858725901186
0.9991537317078536,1.0008859808979134
0.9977861753383848,1.0001599869558073
0.997781414957774,1.0002617716742783
0.9962259090270286,1.0006316917362785
0.9972206676134854,1.0007564970000722
0.9975172026444254,1.0008526614423956
0.9972311346539009,1.0010186705939867
0.03323816771074873,0.03336780304332924
,,egauge22785,egauge3167,egauge19810,egauge27467,egauge19821,egauge16133,egauge23534,egauge2474,egauge15623,egauge20358
,,1,1,1,1,1,1,1,1,1,1
,,1,1,1,1,1,1,1,1,1,1
0.9998215142373801,1.0000717447109209
0.998870538774849,1.0009817162664738
0.9981830145956412,1.0013869239496944
0.9980873045887257,1.001553542614913
0.9989410826871177,1.000142923970832
0.999265749961951,1.0002691382230529
0.9974981819489815,0.9999997190982152
0.9987392493954801,1.0012873816807741
0.9984686378472631,1.001579571370999
0.9968331199794067,1.0012622541265597
0.9981253580858978,1.0014489420382922
0.9972982310637051,1.0016333651461817
0.9980510281259556,1.0016409764716803
0.033266020600045215,0.033390118758189105
,,egauge19821,egauge2850,egauge17311,egauge30378,egauge2474,egauge4183,egauge22785,egauge22271,egauge16616,egauge19810
,,1,1,1,1,1,1,1,1,1,1
,,1,1,1,1,1,1,1,1,1,1
0.9997468683610948,1.000014414932128
0.9983363712176474,1.0002692160813544
0.9970442815090188,1.0003119652465358
0.9962874045826161,1.0001073865652854
0.9991839812449099,1.0005661248569766
0.9956455151457823,0.9999997190978025
0.9985222422990856,1.0003669482159467
0.997867526971959,1.0004597892461677
0.9978130681145595,1.000480035054204
0.9981053716371973,1.0006814533196329
0.9967071465734891,1.000340869177193
0.9969590356004139,1.0006747160637859
0.9961788166717964,1.0001437529880555
0.03317271811704576,0.03333332397012302
,,egauge30039,egauge20358,egauge16616,egauge22785,egauge32290,egauge7731,egauge3611,egauge21932,egauge17311,egauge26944
,,1,1,1,1,1,1,1,1,1,1
,,1,1,1,1,1,1,1,1,1,1
0.9998445771397261,1.000071312306667
0.9985129025037139,1.0004600330457796
0.9976754597118171,1.0007446129257336
0.9968864437681559,1.0009691173520108
0.9995805118517216,1.0004136935727188
0.9995397950059309,1.0003149131995475
0.9994805033562666,1.000194542389558
0.9982148049451535,1.000530877357765
0.997800397325493,1.000399318762956
0.9982048668666559,1.0011673141476247
0.997642532058739,1.0007900574978672
0.9976754597118171,1.0007446129257336
0.9968502190465299,1.001056490920871
0.033187347622567254,0.03337456209729216
,,egauge14795,egauge20407,egauge19821,egauge7731,egauge26944,egauge13830,egauge3611,egauge15623,egauge33764,egauge3167
,,1,1,1,1,1,1,1,1,1,1
,,1,1,1,1,1,1,1,1,1,1
0.9998513943912372,1.0001160589861202
0.9989493013889241,1.0008103937276207
0.9983484243578944,1.001144493857944
0.9983165105653982,1.001362339287805
0.9988390260706198,1.000447092444534
0.9981126553201539,0.9999997190981972
0.9987287305788719,1.0013988696699316
0.9987877050059062,1.0010838286976047
0.9977489034981197,1.001134484136147
0.9986554738393799,1.0011774737746826
0.9979366839508557,1.001189959893202
0.9980496773396288,1.001305154171028
0.9982902839627794,1.00153718557616
0.03327579403668496,0.033382315564792264
,,egauge30378,egauge4183,egauge13830,egauge27467,egauge16133,egauge22271,egauge19821,egauge9102,egauge3166,egauge28684
,,1,1,1,1,1,1,1,1,1,1
,,1,1,1,1,1,1,1,1,1,1
0.9998800752065695,1.0001224445846941
0.9989918392128808,1.0010679542275733
0.9981101334491873,1.0016322996141251
0.9980080583249039,1.0017540880864346
0.9991381859690266,1.0003533115507566
0.9994759407821222,1.0005518345655837
0.9991845673653829,1.0006028103712987
0.9988770263293578,1.0014326842167478
0.99793883623568,1.0012300177767466
0.9985959401277374,1.0016657459903189
0.9978878066541712,1.0018722225971963
0.9973532214101901,1.0017834263819272
0.9979935487319553,1.0017905252886203
0.033257454913012865,0.033396804790266486
,,egauge9102,egauge16608,egauge15601,egauge8253,egauge20670,egauge16133,egauge20925,egauge20407,egauge7729,egauge22271
,,1,1,1,1,1,1,1,1,1,1
,,1,1,1,1,1,1,1,1,1,1
0.9998165655211179,1.000098765913865
0.9982949208098689,1.000580590932404
0.9973480574048667,1.0008934429962046
0.9965716775985075,1.0011839272684455
0.9990734958230113,1.0002871085067662
0.9993171467945804,1.00058234306063
0.9970670418766788,1.001105331754594
0.9978504366083848,1.0006008338403287
0.9982040858066673,1.0008134426872155
0.9962397232443448,1.0008637781581309
0.9973274853364834,1.0009884857254023
0.9965200162066888,1.0007007880522016
0.9957323807937933,1.001300458918673
0.033216925923810044,0.03338415254634442
,,egauge18158,egauge20670,egauge24121,egauge3166,egauge7731,egauge17311,egauge16608,egauge14018,egauge8617,egauge26086
,,1,1,1,1,1,1,1,1,1,1
,,1,1,1,1,1,1,1,1,1,1
0.9998887846602362,1.0000931292377595
0.9991223747694634,1.0007554417601838
0.9984484343138919,1.0012254322680962
0.9981497606493736,1.0015074768043095
0.9994796251672968,1.0003416510864107
0.9992447851987128,1.0006886780678839
0.9981920602445169,1.0003468593180003
0.9989911990725882,1.0008263107993998
0.9989607451864485,1.0010984736957882
0.9979617512556667,1.0010065511953832
0.9984195960054519,1.0012874385376682
0.9973681318823219,1.0014825255343613
0.9980973847464857,1.0015366178375749
0.03324784742275013,0.033397874107524136
,,egauge21932,egauge20407,egauge8253,egauge15601,egauge17311,egauge30378,egauge3166,egauge20358,egauge13830,egauge20670
,,1,1,1,1,1,1,1,1,1,1
,,1,1,1,1,1,1,1,1,1,1
0.9998539159394569,1.0000524254052832
0.9990233468901707,1.0006393454542855
0.998713422470101,1.000957977714948
0.9983815678130687,1.0012131191122102
0.9998539159394569,1.0000524254052832
0.998127471456151,0.9999939787041157
0.9978201689931304,1.00028181004307
0.9977221193919856,1.0009329825328939
0.9990334495881977,1.0007608258166145
0.9977911590918436,1.0010996062924613
0.9986928170161983,1.0009786389391038
0.9985746322725955,1.001065054240878
0.9981421172705729,1.0013806491052675
0.033272627189226585,0.03338371565849114
,,egauge30039,egauge14018,egauge4183,egauge2474,egauge26944,egauge23534,egauge19696,egauge3611,egauge28351,egauge5198
,,1,1,1,1,1,1,1,1,1,1
,,1,1,1,1,1,1,1,1,1,1
0.999811920554634,1.0001200592852524
0.998178412081194,1.0008168276695415
0.99667642492702,1.001161966816223
0.9960531418160573,1.001322131054971
0.9995019715079928,1.0004455306280091
0.9976112200006291,1.0008401212065452
0.999469050520373,1.0005547004784543
0.9978768581070513,1.0010497444062834
0.9977903612899318,1.001151052419771
0.9975051420887183,1.0014250482541804
0.996113560167225,1.0012529056392392
0.996591216310024,1.0012476465107316
0.9954585528840811,1.0014241111276356
0.03317165220750548,0.03338398642008351
,,egauge19696,egauge8617,egauge4183,egauge19821,egauge8816,egauge14018,egauge13836,egauge20670,egauge20358,egauge15623
,,1,1,1,1,1,1,1,1,1,1
,,1,1,1,1,1,1,1,1,1,1
0.9997644107650417,1.0001278299023038
0.998428168580628,1.0011391252698412
0.9982016973146588,1.001622206922019
0.9980174189995163,1.0017919654075973
0.9982494683324136,1.000496444996278
0.9989780222986946,1.0002749313366632
0.999434823566185,1.0005659771786906
0.9982363980639641,1.0017370915204884
0.9965445169939073,1.0012506211373433
0.9969629494931955,1.001835184755528
0.9981605123874929,1.00175455989108
0.9981056651800263,1.0018332375685353
0.9978795964801566,1.001901291313887
0.0332572929765549,0.033397352901493836
,,egauge16133,egauge2850,egauge8253,egauge26944,egauge17073,egauge20407,egauge22785,egauge33764,egauge30039,egauge21932
,,1,1,1,1,1,1,1,1,1,1
,,1,1,1,1,1,1,1,1,1,1
0.999761435310215,1.0000014564445225
0.9985746540225365,1.0005065977429692
0.9978961793201596,1.0009206601994274
0.9978260134238167,1.001144881677904
0.9987105542281604,1.0001513740119403
0.9956460369383757,0.9999997190971769
0.997824028517621,1.0001795126867723
0.9976220349040084,1.000754348128793
0.998433316440534,1.0007394291471274
0.9968837779274177,1.000159255018621
0.997603958945738,1.0009495849223973
0.9975975923344973,1.0011710722044624
0.9977462340120903,1.0013998245011382
0.03326086711412723,0.03337149605593014
,,egauge17311,egauge27467,egauge20407,egauge30378,egauge15623,egauge15601,egauge18350,egauge21932,egauge16133,egauge28684
,,1,1,1,1,1,1,1,1,1,1
,,1,1,1,1,1,1,1,1,1,1
0.9998597512237997,1.0000742342345168
0.9988844188409725,1.0006527919054664
0.9982178956490022,1.0008937950734316
0.9974979391846183,1.001092354821206
0.9993254130229352,1.0002320094488424
0.9995202440372519,1.000809799842431
0.9979820589614722,0.999999719099066
0.9985295295070351,1.0008654087397246
0.998601687172221,1.000780247430687
0.9964119695740188,1.0015612419358686
0.9981643549823376,1.0009392476536132
0.9982178956490022,1.0008937950734318
0.9967228437884283,1.0011870241094525
0.0332477989565971,0.03337617142139843
,,egauge17311,egauge2474,egauge4183,egauge8816,egauge9102,egauge18158,egauge15623,egauge19821,egauge7731,egauge17073
,,1,1,1,1,1,1,1,1,1,1
,,1,1,1,1,1,1,1,1,1,1
0.9998470696263491,1.0001156373428859
0.998506421383747,1.000957593555222
0.998233342132835,1.0016718354196985
0.9981057276367833,1.0019636279838298
0.9993694604773785,1.0002576080767187
0.9981920319047741,1.0006936165823872
0.9994724184985712,1.0005711341122874
0.9966225952105182,1.0012187178627838
0.9982188752198999,1.0011203941826616
0.9983138742003659,1.0015641297525535
0.9982168670626606,1.0017255604986246
0.9979073641135879,1.0023152009233818
0.9980404308367609,1.0022143883295749
0.03326627904463584,0.0334102258358903
,,egauge26944,egauge20925,egauge3611,egauge26086,egauge14018,egauge2850,egauge7731,egauge19696,egauge15623,egauge7729
,,1,1,1,1,1,1,1,1,1,1
,,1,1,1,1,1,1,1,1,1,1
0.9997743328918853,1.0000545865281618
0.9978026576676932,1.0004259572562348
0.996561500528269,1.000907646201382
0.9961225672462659,1.0010421371881562
0.9985675869899078,1.0003930305462356
0.998090925420536,1.0006405578963347
0.9975989046119746,1.0003422846844536
0.9975165458985115,1.000756889343896
0.9972381071657295,1.0006081449134319
0.9941947367410354,0.9999997190971769
0.996528616944419,1.0010567594508812
0.9951049165640612,1.0011394412818735
0.9960936140629697,1.001144083561307
0.03317206243160088,0.03337056984570984
,,egauge8816,egauge17311,egauge9102,egauge5198,egauge13974,egauge7729,egauge26086,egauge26944,egauge20925,egauge21932
,,1,1,1,1,1,1,1,1,1,1
,,1,1,1,1,1,1,1,1,1,1
0.9997967098463053,1.000070782424429
0.9981806218531413,1.0007379261304108
0.9973682423660903,1.0012568309893781
0.9972280233132957,1.001404206529275
0.9978184131503307,1.0004170053268997
0.9986993333482016,1.0004336258130668
0.9983499092251374,1.000517279896452
0.9979274494933104,1.000859420622632
0.9975251167448738,1.000879673085809
0.9962767608268028,1.0010469984883497
0.9973312123591616,1.0013684529495912
0.9963353993368964,1.0016104109474357
0.9970685927483118,1.001571774408061
0.03324093411044318,0.0333801402176425
,,egauge7692,egauge30039,egauge32290,egauge14795,egauge3166,egauge2474,egauge3608,egauge16616,egauge3611,egauge19821
,,1,1,1,1,1,1,1,1,1,1
,,1,1,1,1,1,1,1,1,1,1
0.9997974697012147,1.0000958061217853
0.9979694145923751,1.0008166473642437
0.996474023520622,1.0012665033513495
0.9956347242829635,1.0016961622042317
0.9987682000831267,1.000234869162171
0.999269961670919,1.0007945103428586
0.99794349059434,0.9999997190982501
0.9979189677467383,1.0011204770773303
0.9979290566343781,1.0008571454324025
0.9963771769774703,1.0012610510668822
0.9960755175022997,1.0012541025854576
0.9963568944302945,1.0013307694182576
0.9949841229337364,1.0017544592409349
0.033172937496503734,0.03341096185713957
,,egauge20358,egauge16133,egauge18544,egauge27467,egauge23534,egauge30378,egauge14018,egauge13836,egauge24121,egauge15601
,,1,1,1,1,1,1,1,1,1,1
,,1,1,1,1,1,1,1,1,1,1
0.9998680456424937,1.0001501753811832
0.9987551153370775,1.0012085890643376
0.9976156832817669,1.0019921993751257
0.9967441524867268,1.0023515156374236
0.9997320762289331,1.000299947095474
0.9977483333532793,1.000411168533464
0.9992108859862688,1.0009631449070104
0.9987753145874539,1.0014922879882604
0.9986677470569286,1.0013605470649742
0.9977542217245958,1.001614518376508
0.9974551962281676,1.0021411643692806
0.9975096277702685,1.0023353580502554
0.9966789610170637,1.0024463256559402
0.03317942553048989,0.03342709648698562
,,egauge8253,egauge18350,egauge30039,egauge8617,egauge24121,egauge23534,egauge28684,egauge19821,egauge22084,egauge8816
,,1,1,1,1,1,1,1,1,1,1
,,1,1,1,1,1,1,1,1,1,1
0.9998046409746354,1.0000830389274564
0.9982682614361256,1.0006363443692403
0.9968603054653058,1.001055061179731
0.9956096819950888,1.001016666131218
0.9988868713445439,1.0001607817275837
0.9993953169828707,1.0003229154978748
0.9991508253453998,1.000810087166502
0.9981774291846265,1.0006768338168102
0.9980462614599364,1.000767949199109
0.9979795550504774,1.0010614957013426
0.9968356333278687,1.0011087886160628
0.996657918942894,1.0016872762988351
0.9955373453256979,1.000892910782447
0.03312083138668512,0.033377872688682836
,,egauge18544,egauge8253,egauge3167,egauge4183,egauge22271,egauge16133,egauge8816,egauge22084,egauge15601,egauge13974
,,1,1,1,1,1,1,1,1,1,1
,,1,1,1,1,1,1,1,1,1,1
0.9998245593139784,1.0000931946696128
0.9982409741652911,1.0007135042560231
0.9967121843125473,1.0010621215568354
0.9962922003158774,1.0014402459910154
0.999563400853949,1.0005180861204304
0.997940869269835,1.0002321397296567
0.9992467853060916,1.000310085298823
0.9981299635588121,1.0008552471396523
0.9981602362880245,1.001007167051924
0.9964452365348491,1.0009646012333995
0.9960015138092845,1.0011117162829732
0.9966056724426325,1.000890834290534
0.9956697066429662,1.0017827523977154
0.033188816105898376,0.0333856271410806
,,egauge8816,egauge30378,egauge15601,egauge17311,egauge26944,egauge13830,egauge19696,egauge7729,egauge14018,egauge16608
,,1,1,1,1,1,1,1,1,1,1
,,1,1,1,1,1,1,1,1,1,1
0.9997194104152209,1.0001064891561418
0.998308041158795,1.0007568613489721
0.9969574749062903,1.0012062528165429
0.9964942615899111,1.001519771919671
0.9977249706585357,1.0004917035590997
0.9983883798809393,1.0006005277818981
0.9971030653911358,1.0011128082664649
0.9982575739726718,1.0008783585802516
0.9975410652961795,1.000978387552236
0.9976731169779947,1.0011432457783043
0.9963985285792821,1.0012765256888225
0.9960763805169495,1.0013514741265095
0.9956550427184204,1.0017821171255321
0.033216830383971455,0.03339237459206978
,,egauge14018,egauge8617,egauge22271,egauge18350,egauge13836,egauge33764,egauge9102,egauge15601,egauge23534,egauge22785
,,1,1,1,1,1,1,1,1,1,1
,,1,1,1,1,1,1,1,1,1,1
0.9998606371467567,1.000123985516013
0.9988080684973679,1.000882444553867
0.9978588645516304,1.0013646155077767
0.9974709274347711,1.0014543224236097
0.9986769540076832,1.0005092078920246
0.9985466565458854,1.000292806845669
0.9990345770261353,1.0009577030706533
0.9985556433248642,1.000990411089499
0.9987373742722996,1.0013225139980395
0.9984037830698188,1.0013095676948838
0.9978588645516302,1.0014266319627447
0.9964956768068698,1.00186835215162
0.9972172429613457,1.0016365152619744
0.9967039452781493,1.0015201941802065
,,egauge30039,egauge3167,egauge13974,egauge32290,egauge19821,egauge18158,egauge17073,egauge13830,egauge3611,egauge5198
,,1,1,1,1,1,1,1,1,1,1
,,1,1,1,1,1,1,1,1,1,1
0.9998583041460141,1.0001045402911202
0.9987061301637432,1.0008140855283785
0.997970333173409,1.0012494301427606
0.9973142288225113,1.0014224408123262
0.9995587982690612,1.0004781368823759
0.9985466565458854,1.000296180541387
0.9983648640751185,1.000420040504159
0.9981550090506132,1.0007533458460207
0.998161146109426,1.0014219607444732
0.9981548746480468,1.0013932038424675
0.9979291595342041,1.0013817249049368
0.997938328810276,1.0015065477265825
0.9965754824749421,1.0014734338224567
0.9968030026085841,1.0016367383983227
,,egauge3608,egauge32290,egauge18158,egauge16133,egauge17311,egauge15623,egauge16616,egauge28351,egauge18544,egauge16608
,,1,1,1,1,1,1,1,1,1,1
,,1,1,1,1,1,1,1,1,1,1
0.9998674851272595,1.000069982655238
0.99900421821526,1.0006008115562732
0.9981932690134444,1.000945084064057
0.9980847973357965,1.0012806661369122
0.9987889167696216,1.0000378986466927
0.9981012780258169,1.0000123547995794
0.9990345770261353,1.0007742175032954
0.9979674241474679,1.000732410861935
0.9989561380884904,1.0007222863873588
0.9986636680363963,1.0008905134886803
0.9981273756975466,1.000965744974003
0.997180705832398,1.0010307418184379
0.9980267566600818,1.0015793766615557
0.9979887784758228,1.0014092101657672
,,egauge20407,egauge22271,egauge9102,egauge19810,egauge16608,egauge3166,egauge18544,egauge16616,egauge13830,egauge23534
,,1,1,1,1,1,1,1,1,1,1
,,1,1,1,1,1,1,1,1,1,1
0.9998510002062829,1.0000528610541135
0.9988782456506545,1.0003836964249389
0.9984421976868236,1.0008698645315253
0.9982285881947035,1.0011904980382316
0.9989194168748818,1.0000123548001383
0.9985466565458854,1.0008225193948457
0.9983215349242673,1.0004825619835565
0.9978693630485364,1.0001908020742305
0.9988075455507183,1.0005855311741931
0.998732974571733,1.000508936410536
0.9983062638891219,1.0010392986603078
0.9982607702239927,1.0008918199878474
0.9980617143356805,1.0013653088307686
0.9978659030199871,1.0015547685100603
,,egauge3167,egauge18544,egauge14795,egauge17073,egauge7731,egauge22271,egauge9102,egauge5198,egauge15623,egauge33764
,,1,1,1,1,1,1,1,1,1,1
,,1,1,1,1,1,1,1,1,1,1
0.9998783305756841,1.0001260330566903
0.9990116898586693,1.0009422568000268
0.9982232519715946,1.0012853004713855
0.9980191308353659,1.0015207276096372
0.9995871518498148,1.0002330043965917
0.9985466565458854,1.0009225945022397
0.9977481218493054,1.0008097946768582
0.9988702791311997,1.001266397642817
0.9989611806051771,1.0012866646449878
0.9988392685517589,1.0015994635154628
0.9981944213561431,1.001322505771584
0.9973171278709859,1.001499563329975
0.9979901117575499,1.0016300185223845
0.9977205003619347,1.00177792751852
,,egauge16133,egauge22785,egauge16616,egauge18544,egauge3166,egauge20407,egauge16608,egauge17073,egauge14795,egauge19821
,,1,1,1,1,1,1,1,1,1,1
,,1,1,1,1,1,1,1,1,1,1
0.999809278904993,1.000100281896311
0.9988168473922956,1.0009161596247966
0.9982951125959979,1.0017025312599992
0.9978869532407995,1.002267199270183
0.998716642635092,1.0002742635580193
0.9982179349015631,1.0002401965173042
0.9990345770261353,1.0002277351584776
0.9987360541181548,1.0012605568796313
0.9987562509890578,1.0009566624478472
0.997182383541558,1.0005686488535757
0.9982786363153133,1.001772845296502
0.9981457221271447,1.0019061786750223
0.9974896382094729,1.0024827410521282
0.9975030986969315,1.0029110581643284
,,egauge22785,egauge5198,egauge20670,egauge15623,egauge26944,egauge18544,egauge33764,egauge13974,egauge28684,egauge20358
,,1,1,1,1,1,1,1,1,1,1
,,1,1,1,1,1,1,1,1,1,1
0.9998406398592319,1.0000984885527167
0.9987476425188507,1.0008614494798005
0.9981319834065335,1.0012329051814906
0.9980235212911915,1.0014059035639464
0.9989959074380955,1.0001707202804773
0.9981458127806353,1.0004599074833906
0.9990345770261353,1.0007136532066028
0.9986817324372619,1.0009829617215849
0.9976701732240145,1.0011949605973054
0.9986705911291013,1.001537936790408
0.9980949198442403,1.0013155829598692
0.9973750515313551,1.0013795505152798
0.9979799931985136,1.0015045735051198
0.9979061763930661,1.0015666134698336
,,egauge4183,egauge5198,egauge13974,egauge14795,egauge16616,egauge26944,egauge30378,egauge28684,egauge9102,egauge8617
,,1,1,1,1,1,1,1,1,1,1
,,1,1,1,1,1,1,1,1,1,1
0.9998420751843045,1.000092820247808
0.9985836358711341,1.0007675065946924
0.9980588487063516,1.0011001263571528
0.9975298115751496,1.0012218348221853
0.9996565438674985,1.0002901353949671
0.9981668056630455,1.0004348645631933
0.9983252640760913,1.0004105463556987
0.998290914712836,1.0010713187001206
0.998482674616252,1.000828251621796
0.9962977919531409,1.0014052376124718
0.9979188600130984,1.0011869248341674
0.997977241952853,1.0012393544827771
0.9970515291992319,1.0013310871852457
0.9973485802346699,1.0012646755318688
,,egauge16616,egauge23534,egauge20358,egauge9102,egauge33764,egauge21932,egauge16133,egauge32290,egauge17311,egauge15601
,,1,1,1,1,1,1,1,1,1,1
,,1,1,1,1,1,1,1,1,1,1
0.9998890856252045,1.000070485969
0.9990154114971154,1.0005246039482527
0.9980770106661019,1.0008278237273416
0.9972559465467306,1.0010904632739925
0.9996811655763117,1.0001296840911889
0.9985466565458854,1.0007377644476085
0.9990345770261353,1.0003457876331632
0.9986007870449705,1.0006546863987447
0.9989819378998145,1.0007675665107576
0.9990154114971154,1.0005246039482527
0.9979039909430617,1.0008815367489137
0.997474698053037,1.0007636006611906
0.9972486981529659,1.0011778493579202
0.9958937332162529,1.0014011083120382
,,egauge18158,egauge28351,egauge3166,egauge14018,egauge2474,egauge19696,egauge17073,egauge15601,egauge18544,egauge3167
,,1,1,1,1,1,1,1,1,1,1
,,1,1,1,1,1,1,1,1,1,1
0.9993618453537962,1.0001323996322884
0.9936740509679872,1.0011811394698649
0.9874967071923351,1.0018560284484601
0.981319604053699,1.0021382265531011
0.9993618453537959,1.0004305023562614
0.9979389076201712,1.0004322836958996
0.9990273537988839,1.0003006644405819
0.9936740509679872,1.001545918196628
0.993613823392412,1.0013938889839906
0.9936740509679872,1.0016257345566375
0.9874967071923351,1.0019180808688763
0.9874967080240126,1.002360057206008
0.9813196050663212,1.0023934682816582
0.9709915304571533,1.0022347285011173
,,egauge16133,egauge2474,egauge26944,egauge20358,egauge20925,egauge7731,egauge2850,egauge33764,egauge20407,egauge4183
,,1,1,1,1,1,1,1,1,1,1
,,1,1,1,1,1,1,1,1,1,1
0.9993618453537962,1.0000246310617453
0.9936740509679872,1.0000234218916417
0.9874967071923351,1.0000234218916415
0.981319604053699,1.0000234218916415
0.9987077696534262,1.000182559361639
0.9981616074742552,1.0005462298123615
0.9973025801970371,1.0007135249533785
0.9936740509679872,1.0000234218916417
0.993613823392412,1.0001949104479413
0.9936740509679872,1.0006513390032539
0.9874967071923351,1.0000234218916413
0.9874967080240126,1.0000234218916415
0.9813196050663212,1.0000234218916415
0.9709915304571533,1.0000234218916415
,,egauge16608,egauge28351,egauge21932,egauge3608,egauge8253,egauge19696,egauge7731,egauge30378,egauge2474,egauge26086
,,1,1,1,1,1,1,1,1,1,1
,,1,1,1,1,1,1,1,1,1,1
0.99948078390845,1.0000921227992374
0.9941759722369458,1.0007632371794537
0.9941759723641044,1.0013900221596441
0.9941759724912632,1.00180037466762
0.99948078390845,1.0003697405623395
0.9979152057640748,1.0003917190257565
0.9990231840227993,1.0000921227884727
0.9842496601598639,1.0007417921514234
0.9941759723346438,1.0007879304587095
0.9941759722369456,1.0014031038917164
0.9941759723641042,1.0014839124891548
0.9941759723641046,1.0016043114574427
0.9941759725557942,1.0019898925588133
0.9941759726049586,1.0022078140342303
,,egauge24121,egauge3611,egauge8617,egauge22271,egauge27467,egauge14795,egauge3608,egauge13830,egauge7729,egauge19696
,,1,1,1,1,1,1,1,1,1,1
,,1,1,1,1,1,1,1,1,1,1
0.9993649410908757,1.0000961556153083
0.993709098638324,1.0008788478125277
0.9875314989264427,1.0012158462323666
0.9813541391311291,1.0014657694610947
0.9990401965295924,1.000235218713173
0.9977931967654338,1.000320048886683
0.9988801584046574,1.0002554578533467
0.993709098638324,1.0011826998527502
0.9937091088232876,1.0011725677015535
0.9937090986383238,1.0014554737456145
0.9875314994298104,1.0012075795057338
0.9875314997468134,1.0014193767101902
0.9813541391311293,1.001582339872749
0.9710256378415962,1.001712233605171
,,egauge5198,egauge32290,egauge16608,egauge30378,egauge8617,egauge3166,egauge7731,egauge17311,egauge30039,egauge23534
,,1,1,1,1,1,1,1,1,1,1
,,1,1,1,1,1,1,1,1,1,1
0.9993649410908757,1.0000808334247688
0.993709098638324,1.0006797141023671
0.9875314989264427,1.0013134429398731
0.9813541391311291,1.001646780444513
0.9989705064521589,1.000294791693596
0.9981041604046296,0.9999997190971796
0.9989579302302746,1.000653580286451
0.993709098638324,1.0008661951148536
0.9937091088232876,1.0007100822879351
0.9937090986383238,1.0008717134586838
0.9875314994298104,1.0014622886799067
0.9875314997468134,1.0014527061225338
0.9813541391311293,1.0018137835443799
0.9710256378415962,1.0020112471971705
,,egauge26944,egauge16608,egauge32290,egauge7692,egauge22785,egauge14018,egauge24121,egauge8617,egauge2850,egauge20358
,,1,1,1,1,1,1,1,1,1,1
,,1,1,1,1,1,1,1,1,1,1
0.9993649410908757,0.9999997190971807
0.993709098638324,0.9999997190971778
0.9875314989264427,0.9999997190971773
0.9813541391311291,0.9999997190971773
0.9985110261987384,1.0003220144675473
0.9993174327144617,1.0005125285666934
0.9979080891618096,0.9999997190971793
0.993709098638324,0.9999997190971781
0.9937091088232876,0.9999997190971778
0.9937090986383238,1.0002858402051118
0.9875314994298104,0.9999997190971771
0.9875314997468134,0.9999997190971773
0.9813541391311293,0.9999997190971773
0.9710256378415962,0.9999997190971773
,,egauge24121,egauge14018,egauge20670,egauge19821,egauge23534,egauge7692,egauge3608,egauge33764,egauge28684,egauge26944
,,1,1,1,1,1,1,1,1,1,1
,,1,1,1,1,1,1,1,1,1,1
0.9993649410908757,1.0001312029749128
0.993709098638324,1.0009673682721936
0.9875314989264427,1.0013657527641568
0.9813541391311291,1.001660632005765
0.9991048215965337,1.000270271834976
0.9975871229692991,1.000851274375956
0.9989579302302746,1.0007299813288095
0.993709098638324,1.001565213259022
0.9937091088232876,1.0011192828618163
0.9937090986383238,1.00121854056163
0.9875314994298104,1.0013533505412864
0.9875314997468134,1.0015693192544886
0.9813541391311293,1.0017553648030544
0.9710256378415962,1.0020143804605859
,,egauge18158,egauge17073,egauge8617,egauge3166,egauge14018,egauge22084,egauge32290,egauge20925,egauge3611,egauge24121
,,1,1,1,1,1,1,1,1,1,1
,,1,1,1,1,1,1,1,1,1,1
0.9993649410908757,1.000060729956209
0.993709098638324,1.0004105335292288
0.9875314989264427,1.000662204288326
0.9813541391311291,1.0008030615253993
0.9993649410908757,1.0003541533319351
0.9989676876615677,1.0007207587957436
0.9988953465924593,1.0002234349115917
0.993709098638324,1.0004510121771237
0.9937091088232876,1.0007749804112807
0.9937090986383238,1.0000759850164926
0.9875314994298104,1.000637420805655
0.9875314997468134,1.0009084347184054
0.9813541391311293,1.0008758573053547
0.9710256378415962,1.0009315331020605
,,egauge21932,egauge18350,egauge27467,egauge8617,egauge16133,egauge15601,egauge16608,egauge7729,egauge22084,egauge30039
,,1,1,1,1,1,1,1,1,1,1
,,1,1,1,1,1,1,1,1,1,1
0.9998347674066937,1.0000822116086516
0.9983662286592055,1.0006730808449837
0.9974922868749793,1.0009429601759305
0.9973746788579048,1.0010070624288088
0.9998347674066937,1.0000822116086516
0.9993605756281738,1.0003371535174872
0.9995230752825428,1.0008690606322783
0.9982787115599122,1.000713572048713
0.9972907922966727,1.0008046913748547
0.9957555064899526,1.0015815526694667
0.9974717112705352,1.0010132112002081
0.9962572535431405,1.0011142925504124
0.9972943695809974,1.0008905871270948
0.9969591046977755,1.001285533783387
,,egauge13836,egauge20407,egauge9102,egauge22271,egauge3166,egauge16133,egauge15623,egauge16608,egauge3608,egauge18158
,,1,1,1,1,1,1,1,1,1,1
,,1,1,1,1,1,1,1,1,1,1
0.9998391279708805,1.0000817593984388
0.9989552031768041,1.0006582808143192
0.998089625690924,1.0009928892559055
0.9973060255133535,1.0011758337626417
0.9995810088082662,1.0005740256036457
0.9981112865568804,0.9999986750854853
0.9982813350450241,1.0004887961018245
0.9988685835757499,1.0009924429908834
0.997687139858779,1.0007088945120188
0.9969094963015668,1.000935153212017
0.9980741168376234,1.0010548785095605
0.9979829387912466,1.0010999702045003
0.9965962317543652,1.0011504507330038
0.9970396063736162,1.0015293798336897
,,egauge20925,egauge8617,egauge19810,egauge16616,egauge8253,egauge33764,egauge13830,egauge22271,egauge2850,egauge3611
,,1,1,1,1,1,1,1,1,1,1
,,1,1,1,1,1,1,1,1,1,1
0.9997102212697391,0.9999986750854853
0.9973617529368658,1.000042206770398
0.9953667945308835,1.0000237952143607
0.9934090516475848,0.9999878689962204
0.9989003027196457,1.0002851625455862
0.9989379975192413,1.000195664400533
0.997482829323002,0.9999986750854853
0.9972508575642666,1.0000927836600717
0.996545840273593,1.000070866224189
0.9972655989591133,1.0004072672282112
0.9953544801127844,1.0001187403346412
0.9953348888908704,1.0003873219032535
0.9919181192144791,0.9999878689962204
0.9923281376840593,0.9999878689962204
,,egauge24121,egauge13974,egauge21932,egauge8617,egauge32290,egauge23534,egauge28351,egauge3608,egauge28684,egauge20407
,,1,1,1,1,1,1,1,1,1,1
,,1,1,1,1,1,1,1,1,1,1
0.9994853847772213,1.0000254132714874
0.9941805444270911,1.0001154384788902
0.9941805444849484,1.0001483623742413
0.9941805445428059,1.0001498862406546
0.999024120700263,1.00016446474191
0.9984391702747943,1.0003235567219673
0.998949052992359,1.0000254132714814
0.9842541788336675,1.0001530369395366
0.9941805445243568,1.0000547489162626
0.9941805444270911,1.000712914445162
0.9941805444849484,1.0002020322944374
0.9941805444849484,1.0001224866763965
0.9941805446073461,1.0002881022032792
0.9941805445428061,0.9999997190971753
,,egauge18544,egauge20670,egauge15601,egauge20925,egauge13974,egauge3608,egauge3611,egauge30378,egauge8816,egauge15623
,,1,1,1,1,1,1,1,1,1,1
,,1,1,1,1,1,1,1,1,1,1
0.9997879886504492,1.0001163339553056
0.9979614335965404,1.000593106015851
0.9965475035223788,1.0009235189690007
0.9954232323850761,1.0010708257479732
0.9995207320489143,1.0005207362530968
0.9992540775792692,1.0006494013679703
0.9970607479255925,1.0011229206937295
0.9979008989473641,1.00082596121442
0.9973665516808412,1.000728786716233
0.9966277791851283,1.0005471686424294
0.9965063984997876,1.0009565760617791
0.9961642627615392,1.001148401766384
0.9940823782835273,1.0011515345254978
0.9953806899928654,1.00119933795203
,,egauge32290,egauge19810,egauge13830,egauge21932,egauge22785,egauge15623,egauge9102,egauge33764,egauge4183,egauge27467
,,1,1,1,1,1,1,1,1,1,1
,,1,1,1,1,1,1,1,1,1,1
0.9998513740132232,1.0000452508075337
0.9990861998167394,1.0006469511267657
0.9984964186592566,1.0011837514976347
0.9980951060887874,1.0015426931976505
0.9989115392818341,1.0000240827478746
0.9976667112347474,1.0000240827434737
0.9989537438889073,1.0005442861861649
0.9990861998167394,1.0006469511267657
0.9983152052818252,1.000717811089266
0.9989650700752055,1.000936668867966
0.9981957559477701,1.0012250859722533
0.9983919364012179,1.0014199890901228
0.9980951059556379,1.0016884244542785
0.9970400912541836,1.0019285615672238
,,egauge22271,egauge28351,egauge21932,egauge23534,egauge14018,egauge8617,egauge3166,egauge2850,egauge32290,egauge22084
,,1,1,1,1,1,1,1,1,1,1
,,1,1,1,1,1,1,1,1,1,1
0.9994853847455805,1.000024082755227
0.9941805438053004,1.0002410811738172
0.9941805438638854,1.0004780339244008
0.9941805439224709,1.000714987035131
0.9994208101506507,1.0004161041213664
0.9979666810273518,1.0002413771747627
0.9989537438888699,1.0000240827550078
0.9842541766904771,1.0002410811738172
0.9941805442436157,1.0002410811436089
0.9941805438053004,1.0002410811738172
0.9941805438638852,1.0004780339244008
0.9941805438638854,1.0004780339244008
0.9941805439878272,1.0007149870250476
0.9941805439224709,1.0011111914322897
,,egauge3166,egauge7729,egauge28684,egauge3608,egauge27467,egauge30378,egauge22785,egauge20670,egauge15623,egauge21932
,,1,1,1,1,1,1,1,1,1,1
,,1,1,1,1,1,1,1,1,1,1
0.9993649428806065,1.0000711149430528
0.9937091186417724,1.0005580848939466
0.9875315451142245,1.0008238901266977
0.9813541965453432,1.0009199430964166
0.9993649428806065,1.0001504512801251
0.997186346352668,1.0003858589129104
0.9990358965905709,1.000475746157645
0.9937091186417724,1.0005277231529999
0.9937091192871613,1.0009225952888468
0.9937091186417724,1.0009019413793518
0.9875315558128691,1.0008528114489401
0.9875315458789559,1.0010545582118962
0.9813541965453434,1.0010291565186307
0.9710257139502639,1.0009199430964166
,,egauge8253,egauge8617,egauge22785,egauge24121,egauge8816,egauge16608,egauge2850,egauge18544,egauge33764,egauge20358
,,1,1,1,1,1,1,1,1,1,1
,,1,1,1,1,1,1,1,1,1,1
0.9997759485398697,1.0000117280762753
0.9981748337461159,1.0000844455844993
0.9969593162727325,1.0000190169513516
0.9968637450112157,1.0000190169513516
0.9988404646248217,1.0001079880588295
0.9989616209109823,1.0002191597702836
0.9976730544098052,1.000340378998845
0.9979528582366364,1.0001249086352446
0.9962917473149513,1.0004487520629388
0.9980146522603317,1.0007551116086921
0.9961088594286719,1.0000190169513519
0.9969060408773442,1.000197664565131
0.996827521140102,1.0001583115786563
0.9967572130759067,1.0000226341668903
,,egauge16608,egauge8617,egauge3611,egauge23534,egauge21932,egauge22271,egauge5198,egauge26944,egauge18158,egauge20407
,,1,1,1,1,1,1,1,1,1,1
,,1,1,1,1,1,1,1,1,1,1
0.9998484067143705,1.0000713460722375
0.9985418201361715,1.0006405345532883
0.997346571992937,1.0009508271832417
0.996741924694368,1.0010533696859176
0.999612854391507,1.0003293401780902
0.9989675000348334,1.0002430886640776
0.9976631098206064,1.0003793643198333
0.998193042546852,1.0009236127507526
0.9985418201361715,1.0006405345532883
0.9980667776898319,1.0012848958999565
0.9969969824237284,1.000996282790491
0.9965517870668139,1.0011864292354422
0.996683976364708,1.001293714195644
0.9958161309788119,1.0008713811395793
,,egauge24121,egauge27467,egauge16133,egauge13836,egauge19821,egauge18158,egauge16616,egauge13974,egauge30039,egauge20670
,,1,1,1,1,1,1,1,1,1,1
,,1,1,1,1,1,1,1,1,1,1
0.999860237365776,1.0001419124958109
0.9990142488035124,1.0011416134561435
0.9983188158016341,1.001595525979127
0.9980827601451622,1.0019546182010268
0.9990995068390667,1.0002716034499208
0.9995550471447268,1.0008619929746607
0.9975836067853652,1.000484322313672
0.9989322620441365,1.0014658306206974
0.9986255541650494,1.0017294393481389
0.9977486014827469,1.001658326069305
0.9982529126769095,1.001612067320919
0.9976576952289075,1.0017134002937387
0.9978513868657506,1.0021879255610555
0.997986954070131,1.002211949772993
,,egauge3608,egauge30039,egauge20358,egauge14795,egauge20670,egauge13830,egauge26944,egauge2474,egauge27467,egauge8617
,,1,1,1,1,1,1,1,1,1,1
,,1,1,1,1,1,1,1,1,1,1
0.9998473905628195,1.0001129544907175
0.9988509683632996,1.0009706775621376
0.9979649710175835,1.0015239107794307
0.9978182655015886,1.0017290374704575
0.9987844736115665,1.0000915637950751
0.9992698069602632,1.0008084402770383
0.997708460086396,1.0004339446139867
0.998503993885584,1.0012842086131541
0.9987802705976527,1.001172756252103
0.9977486014827469,1.0013373398674377
0.9974752686755564,1.001660384600323
0.9972659017913266,1.0017703917864114
0.9977239833789492,1.0019331200810662
0.9976628189046204,1.001771903826292
,,egauge20670,egauge14018,egauge2474,egauge13830,egauge30039,egauge18158,egauge16608,egauge8816,egauge26944,egauge3611
,,1,1,1,1,1,1,1,1,1,1
,,1,1,1,1,1,1,1,1,1,1
0.9998145101070746,1.0001255442674941
0.9983591980382771,1.000847331456943
0.9970189015505672,1.0012900061868024
0.9967332649412008,1.0015527782359073
0.9995509863603688,1.0004388601758298
0.9976025075996523,1.000845610857036
0.997708460086396,1.0007350345778845
0.9982784485762483,1.0010319282351106
0.99808673035792,1.0011365506218453
0.9977486014827469,1.0013864221780069
0.9969983374576918,1.0013644204721368
0.9950308342315916,1.0015908150350818
0.9959944863469579,1.00179326450214
0.9959243674721038,1.0016533157105185
,,egauge20670,egauge5198,egauge27467,egauge19696,egauge13974,egauge15623,egauge13836,egauge24121,egauge7731,egauge26086
,,1,1,1,1,1,1,1,1,1,1
,,1,1,1,1,1,1,1,1,1,1
0.9998218840740751,1.0001243716766415
0.9984632807985759,1.0009443580705182
0.9981220119170815,1.0015557046260684
0.9979537899543038,1.0019084637209759
0.9995721361357727,1.0004295180881269
0.9981270946094515,1.000514351533044
0.997708460086396,1.0008402429826644
0.9970924623048483,1.0011773098108483
0.9978680417812077,1.0010861395666455
0.9977486014827469,1.001176197746716
0.9980808308634018,1.0016880471345597
0.9978873272885892,1.0016950074937627
0.9979030118081239,1.0021563435600356
0.9975272726362625,1.0022773201073434
,,egauge16133,egauge28684,egauge15623,egauge30039,egauge7731,egauge5198,egauge19810,egauge20407,egauge24121,egauge21932
,,1,1,1,1,1,1,1,1,1,1
,,1,1,1,1,1,1,1,1,1,1
0.9998169179872513,1.0000355500616311
0.9984709971674555,1.0001588267809658
0.9975873945598746,0.9999997190990033
0.9975363810399769,0.9999997190990033
0.9986891261526909,1.000206698866425
0.9991136950451075,1.0004043573758203
0.997708460086396,1.0003515573485051
0.9983599558826712,1.000446976139616
0.9984205202453467,1.0005231652987676
0.9968372028665434,1.0005449382950995
0.9973981149624297,0.9999997190990033
0.9966606721101756,0.9999997190993926
0.9973541207304171,1.0000677390927062
0.9975363810399769,0.9999997190990033
,,egauge20407,egauge23534,egauge3166,egauge26086,egauge19696,egauge26944,egauge5198,egauge14795,egauge30378,egauge7731
,,1,1,1,1,1,1,1,1,1,1
,,1,1,1,1,1,1,1,1,1,1
0.9997443456873547,1.000101066415736
0.9980197302982463,1.0010682990512396
0.9970980350022957,1.0016417165211833
0.996868694536015,1.0019495031034538
0.9988152530738663,1.0000092012280541
0.9990503155819672,1.0007062546463827
0.997708460086396,1.0003515573485051
0.9977246928453207,1.001341817308634
0.9966395744566875,1.0013012849677871
0.9964471491437928,1.0016931594466494
0.9967485486009917,1.0016872092458993
0.9967997305318406,1.0019740098782477
0.9964467599729236,1.0021025956889211
0.9968154249158369,1.0022390103795615
,,egauge20358,egauge19810,egauge17073,egauge19696,egauge15623,egauge2850,egauge16608,egauge4183,egauge8617,egauge17311
,,1,1,1,1,1,1,1,1,1,1
,,1,1,1,1,1,1,1,1,1,1
0.999778414044602,1.0000108201616964
0.9983848488406132,1.0001075098720456
0.9981499722831477,1.000367061661427
0.998014852692099,1.000456664230518
0.9996394488114799,1.0000820531966133
0.9975764893079707,1.000009201228073
0.997708460086396,1.0007271167681016
0.9969437279643708,1.0004824555597989
0.9983343770697318,1.0001990610110238
0.9945223296448324,0.9999997190989807
0.9980838318661696,1.0004205364322223
0.9979899405961365,1.0005489808221102
0.9978915360005387,1.0004639402679207
0.9977468977237711,1.000595786587716
,,egauge30039,egauge15601,egauge26944,egauge33764,egauge13830,egauge22084,egauge18544,egauge28684,egauge27467,egauge3611
,,1,1,1,1,1,1,1,1,1,1
,,1,1,1,1,1,1,1,1,1,1
0.9924962836599285,1.000128791345308
0.9923878794523857,1.0007552368567496
0.9923688666239406,1.0013524351566887
0.9923498537978309,1.0016472917654748
0.9924962836599285,1.0004956982663886
0.7505690864568095,1.0010691217579837
0.992284352720508,1.000833348615735
0.9923878794523857,1.0009982656418241
0.9923878794523857,1.0009056283501137
0.9920629741233922,1.0004269064359896
0.9923688666239406,1.001487923384321
0.9923688666239406,1.0015512095264787
0.9923498537978309,1.001909676427306
0.9923180629128001,1.001754455443162
,,egauge3611,egauge21932,egauge16133,egauge7729,egauge8253,egauge20670,egauge24121,egauge19696,egauge33764,egauge30039
,,1,1,1,1,1,1,1,1,1,1
,,1,1,1,1,1,1,1,1,1,1
0.9924942035148097,1.0000844609435955
0.9923063825254519,1.000754046398497
0.9921218169440501,1.0012688552251638
0.9920394682240528,1.0015572681923934
0.9924942035148097,1.000202010384996
0.7505675125337679,1.000328674214533
0.9924942035148097,1.000420019729769
0.9923063825254519,1.0009160498940484
0.9922662954105309,1.0008039661660202
0.9923063825254519,1.0012655186587611
0.9920523095006133,1.0013225962228576
0.9921218169440501,1.001606550066306
0.9920394682240528,1.0017303142894305
0.9919017749900709,1.0018595984792238
,,egauge7731,egauge2850,egauge15623,egauge13830,egauge20925,egauge8617,egauge16616,egauge23534,egauge13836,egauge18158
,,1,1,1,1,1,1,1,1,1,1
,,1,1,1,1,1,1,1,1,1,1
0.9998142209505151,1.0000427565310694
0.9992755443414846,1.0007012278826581
0.9987980452264487,1.001315554126667
0.9986065338355296,1.0017900201928578
0.9996060349582748,1.0004332281668518
0.995701422378205,1.0000007631711907
0.9984106934644622,1.0003359838152377
0.033298380770900846,0.03336226768122213
0.9989359753199823,1.0009239847132896
0.9984157500908897,1.000869728371955
0.9987527100190546,1.0013403581809723
0.9984003000781639,1.0015405409830385
0.9984943570461181,1.0021253746543899
0.9983610440818107,1.002102437967274
,,egauge16608,egauge28351,egauge28684,egauge27467,egauge7731,egauge30039,egauge17073,egauge13974,egauge18544,egauge14018
,,1,1,1,1,1,1,1,1,1,1
,,1,1,1,1,1,1,1,1,1,1
0.999846414179046,1.0001337076607157
0.9989880545155609,1.0011407477555638
0.9980201077137857,1.0017704358453419
0.9972816624570445,1.0022138981486712
0.9996482117793818,1.0003927592145934
0.9979526208343721,1.0004329350404244
0.9984106934644622,1.000496697235105
0.03329556153399388,0.033381621574711605
0.9988264508993563,1.0014083589209681
0.9984103470202585,1.0016988653843624
0.9979789316577656,1.0018366187478691
0.9976575122980893,1.0019312148933617
0.9972816624570445,1.00246916273821
0.9960469331055464,1.0026000721629043
,,egauge15601,egauge19696,egauge19810,egauge7692,egauge28351,egauge16133,egauge5198,egauge18544,egauge9102,egauge3608
,,1,1,1,1,1,1,1,1,1,1
,,1,1,1,1,1,1,1,1,1,1
0.9997212005357674,1.0000807736631485
0.9985544348154435,1.0006490289162866
0.9975660466815434,1.001023368259642
0.9964779935826401,1.001106634495826
0.998447491212409,1.000583747066392
0.9969026857261808,1.0008110418409804
0.9973662572949604,1.0000007631711225
0.03325186708790763,0.033359692033621345
0.9978796019368054,1.0008008865406912
0.9968501761445206,1.0009001067808099
0.9974652242817161,1.0010688277927102
0.9974486616969562,1.0013982834039954
0.9959496802704612,1.0012158720016535
0.9954356280084528,1.001085218676403
,,egauge5198,egauge18544,egauge27467,egauge18158,egauge2850,egauge19696,egauge13974,egauge3611,egauge20925,egauge14018
,,1,1,1,1,1,1,1,1,1,1
,,1,1,1,1,1,1,1,1,1,1
0.9997597609253341,1.000049080838905
0.9974974802094615,1.0000843859022657
0.9964154127079938,1.000523500442598
0.996085499269093,1.0009013836385838
0.9988903810929471,1.0002477853083442
0.9991771864561395,1.0008334730375996
0.9984106934644622,1.0007926453367864
0.03324185083946541,0.03333894090427322
0.9954151614819701,1.0003843968386028
0.9954913875922301,1.0007602523209036
0.9963414396092352,1.0005771940354566
0.9953306257131176,1.0006412253979717
0.996042071237786,1.0010688514504869
0.995489819018129,1.001286958210745
,,egauge30378,egauge7692,egauge17073,egauge13974,egauge5198,egauge7729,egauge15601,egauge9102,egauge15623,egauge20358
,,1,1,1,1,1,1,1,1,1,1
,,1,1,1,1,1,1,1,1,1,1
0.9998241631657904,1.000105225964941
0.9985965173779405,1.0008170860184271
0.997685356930485,1.0013720318580053
0.9974685985975649,1.0015450586267225
0.9991297091840541,1.0003321745514813
0.9978747092228563,1.000385102296988
0.9984106934644622,1.000790884569478
0.03326639612437012,0.03336461972952086
0.9979311494458805,1.000928465068134
0.9963588646527561,1.0011261873628072
0.9971547065777987,1.001566382096852
0.9973127651388984,1.0015327353175225
0.9972656403422837,1.0016324916084278
0.997394533216242,1.0017057949022332
,,egauge16616,egauge18158,egauge15623,egauge8617,egauge8253,egauge3608,egauge16133,egauge26944,egauge14018,egauge14795
,,1,1,1,1,1,1,1,1,1,1
,,1,1,1,1,1,1,1,1,1,1
0.9998300884042943,1.0000957075263157
0.9984068271368576,1.0007635777765742
0.9974722710367548,1.0014773544365108
0.9972046142743334,1.0019005659826483
0.9996806160986141,1.0001598847873203
0.9991065162370842,1.000702430033176
0.9984106934644622,1.0003634431622281
0.0332768628997473,0.03336013577697011
0.9976100555863007,1.0007838250599321
0.9965430292075643,1.0007144341171643
0.9974187777892433,1.0015311086600664
0.996205374021245,1.0018310263943402
0.9963881354434512,1.002163029055075
0.9965656934070655,1.002228844916332
,,egauge20670,egauge19810,egauge3167,egauge9102,egauge19821,egauge27467,egauge32290,egauge22084,egauge17073,egauge28351
,,1,1,1,1,1,1,1,1,1,1
,,1,1,1,1,1,1,1,1,1,1
0.9998389787330106,1.00005768328722
0.998861590480406,1.0006918131901033
0.9980354548769508,1.0007450921123164
0.9974175598672756,1.000950019960168
0.9995433889054799,1.0003581076047905
0.9976582598682243,1.0000007631711907
0.9984106934644622,1.0002761363725803
0.03327289527366633,0.033361118414805734
0.9983583222175921,1.0012793269596194
0.9986111909447914,1.0013875050983059
0.9978020273629118,1.0007203062040089
0.9977581429093978,1.00055247092095
0.9973378191223004,1.001104721977973
0.99645919029858,1.0010678045237187
,,egauge13974,egauge3608,egauge33764,egauge5198,egauge15623,egauge27467,egauge20670,egauge8617,egauge20407,egauge20358
,,1,1,1,1,1,1,1,1,1,1
,,1,1,1,1,1,1,1,1,1,1
0.9998189633873102,1.0000574240385143
0.9985744244544549,1.0004766245662422
0.9978379152874418,1.0005779696037056
0.9972072493893774,1.0005498974632479
0.9991145151652829,1.0002171185269448
0.9978364866615822,1.0000174587906192
0.9984106934644622,1.000651657629341
0.03325723431815252,0.033352931961023444
0.9985340374850489,1.000608204562787
0.9982471199995865,1.0011914756645266
0.9978049812152688,1.0006729769213745
0.9977419245113255,1.0006118690044208
0.9965771407681796,1.000418935725046
0.9970793622066395,1.0007104450014164
,,egauge3608,egauge8816,egauge13974,egauge7731,egauge16133,egauge21932,egauge22271,egauge18350,egauge15623,egauge17073
,,1,1,1,1,1,1,1,1,1,1
,,1,1,1,1,1,1,1,1,1,1
0.9997929999064685,1.000075417735897
0.9989809360268738,1.0007764576359848
0.9987530270513578,1.0013149421231273
0.9986253375277026,1.0015878226171349
0.9987681337765035,1.0000540279893155
0.9960936993122083,1.0007908111840764
0.9983489770383851,1.0003937471694258
0.033295006310435804,0.03337136873775492
0.9979019498251069,1.0009023797255663
0.9989809359983483,1.0007764576346414
0.9987282994668842,1.001455517533773
0.9985719707829166,1.0014542055543412
0.9985817783947133,1.0016752600094319
0.9983946739483036,1.0019308176077104
,,egauge27467,egauge22785,egauge20358,egauge15601,egauge20925,egauge3608,egauge15623,egauge17073,egauge2474,egauge22271
,,1,1,1,1,1,1,1,1,1,1
,,1,1,1,1,1,1,1,1,1,1
0.9998547170338148,1.0001120721925874
0.998696753020546,1.0009198936156467
0.9980546323633565,1.001412219401836
0.9975065947146852,1.0017443525995222
0.9997069426949554,1.000493086771313
0.9982320080908189,1.0002519887817756
0.9984106934644068,1.0004318012998221
0.03325088452372231,0.033379868272104485
0.9986361652386959,1.0011427080098234
0.9968323148065734,1.0008812670734542
0.9980340429820644,1.001465969487349
0.9979479498931151,1.0016586679061685
0.9969052226201174,1.001911987716813
0.9974111807204086,1.00206508822942
,,egauge13830,egauge33764,egauge17311,egauge8617,egauge28351,egauge3611,egauge8253,egauge30378,egauge14795,egauge20670
,,1,1,1,1,1,1,1,1,1,1
,,1,1,1,1,1,1,1,1,1,1
0.9998694604482357,1.0000860165048662
0.9986170788584705,1.0006113890711323
0.9978614662058782,1.0010787936029515
0.997727530533322,1.0014056038304209
0.9995169555620169,1.0002828633597447
0.9991643653762489,1.0006460440449993
0.9984106934644068,1.0004610937004768
0.033284206967201746,0.033355062577537724
0.997890697017275,1.0007632399474102
0.9966569436288917,1.0007963439022822
0.9975198907124024,1.00108292635694
0.9973390992042251,1.0013037176406658
0.9976332584116445,1.0016314720643262
0.997642215524854,1.001619897149042
,,egauge16608,egauge19821,egauge3166,egauge19696,egauge13836,egauge32290,egauge8253,egauge33764,egauge20407,egauge20358
,,1,1,1,1,1,1,1,1,1,1
,,1,1,1,1,1,1,1,1,1,1
0.9998026321284945,1.0000874831190558
0.9981844720684485,1.0004902366503936
0.9972974100565296,1.0006109407980635
0.9966624206439089,1.0005597667065005
0.9996034251455275,1.000347147236714
0.9988020514781321,1.0012845253170255
0.9984106934644068,1.0002745331130165
0.03322550077467068,0.033358134798572435
0.9980972816096324,1.0008749760063214
0.9972655639173952,1.0003744263637244
0.996978838454767,1.0006233323315974
0.9969990349430264,1.0008678645594682
0.9960254867737377,1.0004288034454025
0.9965239674863262,1.0006897791302833
,,egauge5198,egauge16133,egauge28351,egauge18544,egauge33764,egauge20670,egauge7692,egauge19821,egauge15623,egauge24121
,,1,1,1,1,1,1,1,1,1,1
,,1,1,1,1,1,1,1,1,1,1
0.9998533081108231,1.0001245170135737
0.9989572219533217,1.0010778513188663
0.9980745267774762,1.0016955743960907
0.9978895540897224,1.0018558405269007
0.9989454340597044,1.0002991391563358
0.9977378471321009,1.000441095100769
0.9978544665630938,1.000424104315829
0.03329477711963221,0.03338074381155756
0.9988764152548728,1.0012703109248215
0.998675538638136,1.001508985798055
0.9976697933563623,1.0017493424618087
0.9977463486107332,1.0023282675765022
0.9978387798041266,1.0019433055613836
0.9976549341011236,1.001995192867202
,,egauge28351,egauge15623,egauge8816,egauge3608,egauge18350,egauge24121,egauge18544,egauge19821,egauge14018,egauge20358
,,1,1,1,1,1,1,1,1,1,1
,,1,1,1,1,1,1,1,1,1,1
0.9998052481778448,1.0001231342977186
0.9985308459164784,1.0010450449783943
0.9978316053290115,1.001951161898333
0.9971612864688122,1.0022718952211298
0.998843112967658,1.0002729012244485
0.9992921070368187,1.0003630222512703
0.9958253437741391,1.000851874528657
0.9975425240526317,1.001014665768958
0.9984904610297902,1.0011260668312403
0.9980311398686114,1.0012962402740062
0.9978233716348356,1.0020918428668502
0.997383838488163,1.0025840458510564
0.9963213969794243,1.0025344732338752
0.03323338141163243,0.03341406808369867
,,egauge16608,egauge28351,egauge18158,egauge14018,egauge13974,egauge20670,egauge30378,egauge9102,egauge18350,egauge15623
,,1,1,1,1,1,1,1,1,1,1
,,1,1,1,1,1,1,1,1,1,1
0.9998428536159522,1.0001011030171074
0.9986987937004423,1.0008100682681205
0.9980743063630888,1.0011500972646497
0.9980296419785396,1.001281204800917
0.9996134179522403,1.0003768663836379
0.9979701451791617,1.000400723064692
0.9985132356578779,1.0007553370237547
0.9978698681759708,1.0011746872342044
0.9982244204008752,1.0009619547840378
0.9984194921031618,1.0012719264055008
0.9979878357182647,1.0012263577511171
0.9973174265885482,1.0013214715672805
0.9980006225527117,1.0013467574425865
0.03326006538228701,0.03338032496456655
,,egauge15623,egauge3608,egauge14018,egauge3166,egauge30039,egauge18350,egauge8816,egauge15601,egauge7729,egauge24121
,,1,1,1,1,1,1,1,1,1,1
,,1,1,1,1,1,1,1,1,1,1
0.9997954401067256,1.0001017174338889
0.9980548587179425,1.0007835007658918
0.996340485327043,1.0013053872016684
0.9957998002251924,1.0014848085935977
0.9995131532044313,1.0002300825947479
0.9978414303721124,1.0000417678125828
0.9973600170058872,1.0008724924487609
0.9980044066867734,1.00082399725353
0.9977824892105017,1.0010467970161607
0.9979586256168288,1.0009567295915776
0.9955726882295576,1.0013508618751201
0.996178948022082,1.0017661972179994
0.9953441829818817,1.0016007649753471
0.03318552538513606,0.03338746999877557
,,egauge2474,egauge16608,egauge26086,egauge18350,egauge23534,egauge18544,egauge19821,egauge33764,egauge3167,egauge17311
,,1,1,1,1,1,1,1,1,1,1
,,1,1,1,1,1,1,1,1,1,1
0.9998962002819477,1.0001209329960628
0.9992438767208045,1.000956319874795
0.9988276854560253,1.001499504360678
0.9985130513843116,1.0016533227161908
0.9990103780542715,1.0004237500750648
0.9993804931314383,1.0006512819822249
0.9985132356578779,1.0009622838110233
0.9991529394620345,1.0010981034183495
0.9988304750452959,1.0012181673095455
0.9987864796165882,1.0016479149685715
0.9987617426619776,1.0016814739906301
0.9985748636623072,1.001703103000151
0.9983984006444218,1.001733479173077
0.03326006538228701,0.03339308805925593
,,egauge13836,egauge32290,egauge15601,egauge20358,egauge17311,egauge22084,egauge18158,egauge4183,egauge19821,egauge7731
,,1,1,1,1,1,1,1,1,1,1
,,1,1,1,1,1,1,1,1,1,1
0.9998683430668153,1.0001102406821665
0.9992323239683663,1.0007499564290636
0.9986530087157575,1.0014279908912653
0.9982829683022656,1.001876846985873
0.9995793819044535,1.0006025234654021
0.9981088980102473,1.000000763171189
0.9971192859975748,1.001092546050772
0.9991312851222713,1.000861326647732
0.9992222189992573,1.0008768590162518
0.998561129009758,1.0004218087416885
0.9985541187816931,1.0015614503002637
0.9985462506312952,1.0016530076393555
0.9978912566223227,1.0021879122714064
0.03326006538228701,0.033406616877323936
,,egauge28351,egauge17073,egauge13830,egauge23534,egauge33764,egauge28684,egauge4183,egauge15623,egauge8253,egauge7729
,,1,1,1,1,1,1,1,1,1,1
,,1,1,1,1,1,1,1,1,1,1
0.9998310474384231,1.0000882404795797
0.9986846818157679,1.0006793334977446
0.9976491407197448,1.000962580000129
0.9967196731205001,1.001045835007657
0.9988300694683414,1.0002433710861567
0.9989948506755757,1.0007600033036568
0.9985132356578779,1.000598259083866
0.9984087638266891,1.0008919570053458
0.9984524790432068,1.000909929843999
0.9982094287905003,1.001046356733213
0.9975832898861384,1.001045231390641
0.997585158769331,1.0011222622961196
0.9961188621309677,1.0010749601676034
0.03317985184178278,0.03337140708883398
,,egauge27467,egauge8617,egauge30039,egauge17311,egauge26086,egauge2850,egauge8816,egauge18158,egauge22271,egauge2474
,,1,1,1,1,1,1,1,1,1,1
,,1,1,1,1,1,1,1,1,1,1
0.999812804630524,1.000064322648565
0.9981364847119982,1.0003840476040617
0.9970739456371153,1.000816651811733
0.9969028173859129,1.0011336260548398
0.9996806860710459,1.000390054122821
0.9989634665591887,1.0002253028325372
0.9985132356578779,1.0007062118864352
0.998096118817403,1.0005156132255526
0.9981465767877773,1.000768738715147
0.9945286453836785,1.0000115700616359
0.9963054797833485,1.00085383653678
0.9969673872100009,1.000974002975325
0.99688108182989,1.0014104245164537
0.03320206388869331,0.033380301929765745
,,egauge16616,egauge5198,egauge20925,egauge9102,egauge15623,egauge3611,egauge2850,egauge18158,egauge13974,egauge8253
,,1,1,1,1,1,1,1,1,1,1
,,1,1,1,1,1,1,1,1,1,1
0.9997085794729529,1.000000763171189
0.9969367183007725,1.0000115700621484
0.9949082032028608,1.0000115700621481
0.9942798465272228,1.0000115700621481
0.9995910002474186,1.0000480694135854
0.9981670680007463,1.000398604032503
0.9978969811234525,1.0006321368663518
0.9962150224547922,1.0000115700621484
0.9969064864651903,1.0000365265393065
0.9949804835471341,1.0001457749051212
0.99405981638292,1.0000115700621481
0.9946531650708046,1.0000115700621481
0.9941498549996696,1.0000115700621481
0.033114011822940104,0.03333371900207161
,,egauge32290,egauge15601,egauge19821,egauge20407,egauge20358,egauge20925,egauge28351,egauge3608,egauge9102,egauge8617
,,1,1,1,1,1,1,1,1,1,1
,,1,1,1,1,1,1,1,1,1,1
0.999823436857784,1.00008992774203
0.9985364942675722,1.0003735052051947
0.9973478868801908,1.0005734535886777
0.9968256868467288,1.000695086379315
0.9989091938644568,1.0000166896648583
0.9972976187859836,1.0010302149611197
0.9985132356578779,1.001365187857061
0.998019323836924,1.0001914070343867
0.9984267593234042,1.0005253134086738
0.9975990600370234,1.0008052197613138
0.9973190861611912,1.0006354121396017
0.9963044334808953,1.000552051249511
0.9963057105351748,1.0008042708126739
0.03322361694967998,0.033357930015066144
,,egauge18544,egauge4183,egauge13836,egauge5198,egauge13830,egauge16616,egauge27467,egauge14795,egauge17073,egauge2474
,,1,1,1,1,1,1,1,1,1,1
,,1,1,1,1,1,1,1,1,1,1
0.9998816609282063,1.0001386714165454
0.9988951884514853,1.0009082020657505
0.9982546292206493,1.0015829779237806
0.9976811000516091,1.0018458307283227
0.9995662910956812,1.0005489069386613
0.9995116180432171,1.0005423708325716
0.9985132356578779,1.0011224842752056
0.9980381331615139,1.0010195930863275
0.998784091397186,1.0010450221879759
0.998510004454826,1.001004782397587
0.9982257976408269,1.0017235977693528
0.9979665812948137,1.001925970851455
0.9976013347819471,1.0020207767190192
0.03322798071111541,0.03340093558988017
,,egauge16133,egauge33764,egauge13836,egauge28351,egauge8253,egauge5198,egauge16616,egauge24121,egauge18350,egauge3611
,,1,1,1,1,1,1,1,1,1,1
,,1,1,1,1,1,1,1,1,1,1
0.9998506623161844,1.0000798797770416
0.9985595448881968,1.0004266062363412
0.9976705374403241,1.0006487077770116
0.9969958287038926,1.0007938636832396
0.9987370695590557,1.0002510375429148
0.9991795379977617,1.0006352076911393
0.9985132356578779,1.0010209252303404
0.9981122978674769,1.000568301094447
0.9977424735068052,1.0004643189737787
0.9973995409131282,1.0007027007776852
0.9976252627321563,1.0006734923138534
0.9974146612518789,1.0007878617067094
0.9969668448118819,1.000881219057928
0.033197009785503696,0.03336372087907145
,,egauge17073,egauge22785,egauge7731,egauge24121,egauge23534,egauge20925,egauge7729,egauge27467,egauge3608,egauge2850
,,1,1,1,1,1,1,1,1,1,1
,,1,1,1,1,1,1,1,1,1,1
0.9997385983083175,1.0000201768566197
0.997585433718763,1.0000115700621484
0.9955072311986577,1.0000115700621481
0.9935815971484884,1.0000115700621481
0.999390445944648,1.000383944156727
0.9981570585001466,1.0001138869642106
0.9985132356578779,1.0008038062567057
0.9973434543928903,1.0000115700621484
0.9973619299528375,1.0001692789523107
0.9970515010230614,1.0004626429912709
0.9953403574413533,1.0000115700621481
0.9954540480403474,1.0000115700621481
0.992874948038035,1.0000115700621481
0.03304670053631058,0.03333371900207161
,,egauge8253,egauge7731,egauge2474,egauge30039,egauge16133,egauge20358,egauge17311,egauge13836,egauge3611,egauge18350
,,1,1,1,1,1,1,1,1,1,1
,,1,1,1,1,1,1,1,1,1,1
0.9998136097866369,1.0001032048814384
0.9989907566835283,1.0008177911971128
0.9983006656531055,1.001290547753269
0.9976187849454893,1.001425100073798
0.9988961556294529,1.0001446931837428
0.9995466473539791,1.000825233425546
0.9980770637400178,1.0006928937625135
0.9987483731825899,1.0011418844343056
0.9979580963513054,1.0009494242397456
0.9987996532337478,1.0010136506300595
0.9982985176922579,1.001336021623978
0.9980982850743122,1.0017835172669578
0.9968927729718924,1.0014979493244474
0.03324868574927053,0.033384765023342845
,,egauge16616,egauge19821,egauge26086,egauge15601,egauge17073,egauge18158,egauge27467,egauge30039,egauge22785,egauge15623
,,1,1,1,1,1,1,1,1,1,1
,,1,1,1,1,1,1,1,1,1,1
0.9998674237142151,1.0001373165404446
0.9986806842568563,1.001040413289047
0.9981818363510281,1.0015741074297688
0.9976273428628409,1.0017151201115597
0.9990635952044185,1.0002014969578936
0.9988280072281429,1.0013180719827133
0.9986521962015165,1.0009521440535458
0.997390047437861,1.0013878611001588
0.9987008817243596,1.0012835238949513
0.9977866581221149,1.0016783497546387
0.9981282979720447,1.001714725830744
0.9978938120829992,1.001907841950806
0.9970258845578646,1.0017661307248853
0.9975846882511877,1.0018758886291594
,,egauge15601,egauge8617,egauge3166,egauge20670,egauge2850,egauge16133,egauge18350,egauge32290,egauge26086,egauge16608
,,1,1,1,1,1,1,1,1,1,1
,,1,1,1,1,1,1,1,1,1,1
0.9998537159728933,1.0000369981586572
0.9984722306879026,1.000221626549911
0.9979621065946466,1.000535185359837
0.9977643991766628,1.0008874264851615
0.9984849533108672,1.000502512513231
0.998937928526711,1.000238878539948
0.9992264173422835,1.0002419914658471
0.998338610501095,1.0004216871311027
0.9963875048140535,1.000512124588905
0.9967998380029135,1.000800968680503
0.9979415194888139,1.0005640969159975
0.9970136841164555,1.0004709844869561
0.9976773742961459,1.0011787136637356
0.9975576593982936,1.0010687885456167
,,egauge7729,egauge13974,egauge19696,egauge27467,egauge13836,egauge22084,egauge20358,egauge14795,egauge22785,egauge17073
,,1,1,1,1,1,1,1,1,1,1
,,1,1,1,1,1,1,1,1,1,1
0.9997285096253588,1.0000973110157338
0.9987975635978625,1.0008322781785368
0.9979731763329717,1.001302883283848
0.9973805891454861,1.0015015526534545
0.9984150786916443,1.000264511903174
0.9984047817615873,1.000389020363016
0.996693686514205,1.0008537673588362
0.9986662853690901,1.0011766413028333
0.9986965767411354,1.0012440733839802
0.9977866581221149,1.000800968680503
0.9979196512130601,1.0013483578111995
0.997686302890771,1.0016457628464448
0.9967865465675713,1.0015525504088845
0.9972633337209756,1.001758746669713
,,egauge28684,egauge24121,egauge3166,egauge14795,egauge17311,egauge32290,egauge16608,egauge22084,egauge8816,egauge16133
,,1,1,1,1,1,1,1,1,1,1
,,1,1,1,1,1,1,1,1,1,1
0.9998211336240015,1.0000334785857437
0.9983935739511471,1.0002869919348212
0.9969928294258427,1.0004057837642195
0.9956776055671608,1.0006362642448445
0.9990635952044185,1.0002360728537147
0.9982048580234713,1.0002725964963224
0.9992264173422835,1.0001675176056004
0.9981147830687448,1.0006108819674542
0.9983027283148102,1.000512124588905
0.997253145948814,1.000800968680503
0.9969722659687255,1.0004925110497656
0.9968862811957847,1.0004371233046454
0.994326853253056,1.0008764902495992
0.9946241704782249,1.0006683721423608
,,egauge7729,egauge20925,egauge19696,egauge26944,egauge8816,egauge2474,egauge19821,egauge20358,egauge19810,egauge3167
,,1,1,1,1,1,1,1,1,1,1
,,1,1,1,1,1,1,1,1,1,1
0.9996728113787298,1.0000951743552002
0.9978013849263518,1.0006890252182836
0.9969292536534575,1.0009517416542881
0.9962548517768751,1.0007661768461922
0.9983672228990531,1.0002651717687217
0.9980445400860991,1.0006351962060605
0.9966471428395617,1.0008231679794142
0.9974834458065943,1.0010231994944325
0.9959191314106415,1.000800387420398
0.9972025924744128,1.0011333619992904
0.9968511236729145,1.001195606468832
0.9967907566328461,1.0011016552363727
0.9955075011313189,1.0004969528629901
0.996190975589342,1.0008518165003508
,,egauge32290,egauge14018,egauge17073,egauge33764,egauge4183,egauge22084,egauge8617,egauge20925,egauge7692,egauge3167
,,1,1,1,1,1,1,1,1,1,1
,,1,1,1,1,1,1,1,1,1,1
0.9994749024232714,1.000068506938054
0.9941005755964802,1.0004513841606084
0.9939999577653426,1.0007638362245401
0.9939174198468146,1.0009111142508795
0.99892755428926,1.0000240746141213
0.9975793921797634,1.000788523868018
0.99890572178804,1.0008162073635634
0.9940302752814757,1.0006538257921276
0.9941005755964802,1.0006273203630536
0.975367776881156,1.000142641165497
0.9939876634507947,1.0007803613333168
0.9939999577653426,1.0009993862806867
0.9938235733157258,1.001013044841796
0.9939174198468146,1.001007476576278
,,egauge3611,egauge26086,egauge28684,egauge8253,egauge20925,egauge22084,egauge33764,egauge5198,egauge8617,egauge9102
,,1,1,1,1,1,1,1,1,1,1
,,1,1,1,1,1,1,1,1,1,1
0.9998130165346781,1.0000664765308664
0.9987198928191109,1.000394316738359
0.9981670398445016,1.0007082348525382
0.9976484421124259,1.000829894523365
0.9987238531177492,1.0001853844984747
0.998666266983256,1.0008116252683419
0.999075077527958,1.0004346165560718
0.9978443968936781,1.0004145551885997
0.998629164771152,1.0006271172537853
0.9976107230618075,1.0007112847372126
0.9980862627417941,1.0007867297103197
0.9972954695574626,1.0008366920394327
0.9975686794919205,1.0008517326368729
0.9968724726340428,1.0010012040428837
,,egauge28351,egauge3608,egauge3167,egauge9102,egauge17073,egauge18158,egauge24121,egauge2850,egauge13974,egauge14018
,,1,1,1,1,1,1,1,1,1,1
,,1,1,1,1,1,1,1,1,1,1
0.9996838435905149,1.000007309015539
0.9973459568634024,1.0001320039729287
0.9953668285844021,1.0001825433350335
0.9947379247358589,1.0001825433350335
0.998792962556496,1.0001233547195925
0.9977321130060175,1.000007309015539
0.9991876348977863,1.0002237317529412
0.9966307030054291,1.000180210892185
0.99723506363412,1.0003806101321437
0.9969230510968787,1.0007112847372126
0.9952642197398806,1.0001825433350335
0.9933309425783988,1.0002788227562454
0.9943984025763186,1.0001825433350338
0.9941856504331935,1.0002251364313184
,,egauge19821,egauge3608,egauge3611,egauge22785,egauge26944,egauge33764,egauge15601,egauge32290,egauge13836,egauge17073
,,1,1,1,1,1,1,1,1,1,1
,,1,1,1,1,1,1,1,1,1,1
0.9998074632453531,1.0001184131003051
0.998502875388082,1.000880653910098
0.9979197827312721,1.001461026838962
0.9977639668490375,1.0019034852260431
0.9990139718873825,1.0007606408651208
0.9978540981360264,1.000074185283196
0.9976319495334897,1.0004040012558924
0.9981945772661653,1.000950472553078
0.9973031115611243,1.001185870312894
0.9976107230618075,1.001334946545425
0.9976051124481299,1.0015809471341852
0.9969813969060408,1.0013967557343975
0.9977204522043618,1.0022388846082042
0.9975507026581908,1.0021500766281644
,,egauge8253,egauge7731,egauge30039,egauge3167,egauge14018,egauge16608,egauge7692,egauge18544,egauge16616,egauge3608
,,1,1,1,1,1,1,1,1,1,1
,,1,1,1,1,1,1,1,1,1,1
0.9994404772339162,1.0000988098475758
0.9937571390492665,1.0007216155419243
0.9933099336880432,1.0010376543890769
0.992916923198212,1.0010568683249796
0.9988879027474681,1.000154597249933
0.999440477233916,1.0008036541774565
0.9992387445836757,1.0008162073635634
0.9936969097632461,1.0008026064289532
0.9937571390492665,1.0010861964128366
0.9750319845098024,1.0010693312146346
0.9932730817947018,1.0010913807207649
0.9933099336880432,1.0014018592201768
0.9924700668240851,1.001100557381275
0.992916923198212,1.0010247468886153
,,egauge27467,egauge8253,egauge17073,egauge13974,egauge8816,egauge20358,egauge19696,egauge16608,egauge16616,egauge30378
,,1,1,1,1,1,1,1,1,1,1
,,1,1,1,1,1,1,1,1,1,1
0.9994404772339162,1.0000903081939354
0.9937571390492665,1.0006788756018632
0.9933099336880432,1.0011008817348825
0.992916923198212,1.0012738646381911
0.9990320848591334,1.0004748107732222
0.9980002605598589,1.0002655871762942
0.9989294683675648,1.0008162073635634
0.9936969097632461,1.000810486990449
0.9937571390492665,1.0010190238945051
0.9750319845098024,1.0009492828330304
0.9932730817947018,1.0011967393164871
0.9933099336880432,1.0012936714807594
0.9924700668240851,1.0013175648838937
0.992916923198212,1.0015048815747547
,,egauge22785,egauge18544,egauge16608,egauge26944,egauge13830,egauge20925,egauge30039,egauge32290,egauge16133,egauge15601
,,1,1,1,1,1,1,1,1,1,1
,,1,1,1,1,1,1,1,1,1,1
0.9994404772339162,1.0001186538792595
0.9937571390492665,1.000953970988209
0.9933099336880432,1.0014391806133875
0.992916923198212,1.0018239405474532
0.9990004966305841,1.0001828419790795
0.9992594618169749,1.0009167136406725
0.9993247702781035,1.0008162073635634
0.9936969097632461,1.0012781162313662
0.9937571390492665,1.0011464024402317
0.9750319845098024,1.0013791121313926
0.9932730817947018,1.00154669101927
0.9933099336880432,1.0013427801174868
0.9924700668240851,1.0019186915789742
0.992916923198212,1.0023279502404814
,,egauge30378,egauge20358,egauge13974,egauge7729,egauge16616,egauge26086,egauge2474,egauge26944,egauge8816,egauge3166
,,1,1,1,1,1,1,1,1,1,1
,,1,1,1,1,1,1,1,1,1,1
0.9994404772339162,1.0001000151497146
0.9937571390492665,1.000765814379849
0.9933099336880432,1.001213178863466
0.992916923198212,1.0013092715696565
0.9990320848591334,1.0003280941521449
0.999440477233916,1.0003909992783255
0.9982753689205119,1.0008162073635634
0.9936969097632461,1.0009176928495904
0.9937571390492665,1.0008265592863537
0.9750319845098024,1.0013518239619639
0.9932730817947018,1.001308257466571
0.9933099336880432,1.0015667405436357
0.9924700668240851,1.0014572823575278
0.992916923198212,1.0013521166977848
,,egauge8816,egauge20358,egauge14795,egauge7692,egauge3611,egauge19810,egauge20925,egauge18350,egauge16616,egauge3167
,,1,1,1,1,1,1,1,1,1,1
,,1,1,1,1,1,1,1,1,1,1
0.9994404772339162,1.0000540651193515
0.9937571390492665,1.000226379005402
0.9933099336880432,1.000513234619173
0.992916923198212,1.000591217559316
0.9977858496748493,1.0003572016579825
0.999440477233916,1.0003449756731697
0.9976225929448199,1.0008162073635634
0.9936969097632461,1.0003579200894124
0.9937571390492665,1.000337680356832
0.9750319845098024,1.0000240746141211
0.9932730817947018,1.0006082346770933
0.9933099336880432,1.0006416622221412
0.9924700668240851,1.0006348825990647
0.992916923198212,1.000677860214302
,,egauge16133,egauge7731,egauge26944,egauge5198,egauge20358,egauge13974,egauge32290,egauge14018,egauge15623,egauge30039
,,1,1,1,1,1,1,1,1,1,1
,,1,1,1,1,1,1,1,1,1,1
0.9994404772339162,1.0001109969648123
0.9937571390492665,1.000721866366824
0.9933099336880432,1.0011674227163174
0.992916923198212,1.0014301666824748
0.9987423089034267,1.0002500625044664
0.999440477233916,1.0008100026527404
0.9972928699800417,1.0008174948756836
0.9936969097632461,1.0008433585505823
0.9937571390492665,1.0008539218812733
0.9750319845098024,1.0010116097270794
0.9932730817947018,1.0011426244457602
0.9933099336880432,1.0015531188862297
0.9924700668240851,1.0015175874481463
0.992916923198212,1.0017409353213946
,,egauge7729,egauge18350,egauge2474,egauge22271,egauge19810,egauge19696,egauge3608,egauge24121,egauge23534,egauge18544
,,1,1,1,1,1,1,1,1,1,1
,,1,1,1,1,1,1,1,1,1,1
0.9994404772339162,1.0000765808521486
0.9937571390492665,1.0004999801438712
0.9933099336880432,1.0008789353571639
0.992916923198212,1.0011928746575394
0.9983731138258517,1.000246942321862
0.9994170582962314,1.0003322574342355
0.9980556056589073,1.0008162073635634
0.9936969097632461,1.000802444877489
0.9937571390492665,1.0001256960778186
0.9750319845098024,1.0009703186526224
0.9932730817947018,1.0008665402619676
0.9933099336880432,1.0010181271321796
0.9924700668240851,1.001302123291806
0.992916923198212,1.0015571462579287
,,egauge20925,egauge22271,egauge14795,egauge7692,egauge3608,egauge28684,egauge16608,egauge7731,egauge27467,egauge13830
,,1,1,1,1,1,1,1,1,1,1
,,1,1,1,1,1,1,1,1,1,1
0.9994404772339162,1.0001232064080148
0.9937571390492665,1.0007734991713089
0.9933099336880432,1.0013447203553512
0.992916923198212,1.0016906853748146
0.9989744698332107,1.0003758740759048
0.9992268121212731,1.0008496390183084
0.9976584749952951,1.0008162073635634
0.9936969097632461,1.0009152520467735
0.9937571390492665,1.0007532526160168
0.9750319845098024,1.001099974443685
0.9932730817947018,1.0014150047097994
0.9933099336880432,1.0016564865070234
0.9924700668240851,1.0019603746495482
0.992916923198212,1.0018728890805761
,,egauge19821,egauge13974,egauge20925,egauge7692,egauge27467,egauge16608,egauge18158,egauge3166,egauge22271,egauge20358
,,1,1,1,1,1,1,1,1,1,1
,,1,1,1,1,1,1,1,1,1,1
0.9994404772339162,1.000133685414414
0.9937571390492665,1.0008365110718558
0.9933099336880432,1.0013448067080621
0.992916923198212,1.0016204167168155
0.9990320848591334,1.0007759247790244
0.9984505568847352,1.0004302968901468
0.9979885971290126,1.0008162073635634
0.9936969097632461,1.0009622453435556
0.9937571390492665,1.0012100048008972
0.9750319845098024,1.00118497026571
0.9932730817947018,1.0014812516828524
0.9933099336880432,1.0013983660416996
0.9924700668240851,1.0018536320954905
0.992916923198212,1.0017382945065212
,,egauge20407,egauge5198,egauge15623,egauge26086,egauge24121,egauge13974,egauge22084,egauge20925,egauge33764,egauge3167
,,1,1,1,1,1,1,1,1,1,1
,,1,1,1,1,1,1,1,1,1,1
0.9994404772339162,1.000056578508972
0.9937571390492665,1.0005557765762965
0.9933099336880432,1.0007790934619745
0.992916923198212,1.000958403687932
0.998902924452633,1.0000240746141216
0.9981373035604931,1.0004342129447197
0.9993446782453645,1.0008162073635634
0.9936969097632461,1.0008291287608047
0.9937571390492665,1.0006873688553777
0.9750319845098024,1.0008261444011055
0.9932730817947018,1.0007088676750349
0.9933099336880432,1.0010253578246437
0.9924700668240851,1.001096751686691
0.992916923198212,1.0010547713710118
,,egauge3608,egauge22084,egauge3611,egauge13836,egauge33764,egauge24121,egauge13830,egauge7731,egauge3167,egauge27467
,,1,1,1,1,1,1,1,1,1,1
,,1,1,1,1,1,1,1,1,1,1
0.9994404772339162,1.000075309355134
0.9937571390492665,1.000877790404752
0.9933099336880432,1.0014275249079976
0.992916923198212,1.001670198378191
0.9987788639707885,1.0000539196096678
0.998789011899673,1.0000240746141216
0.9976498223446577,1.0008162073635634
0.9936969097632461,1.001265913206396
0.9937571390492665,1.001070204554937
0.9750319845098024,1.001128936116196
0.9932730817947018,1.00152262758099
0.9933099336880432,1.0018026189782046
0.9924700668240851,1.0017357810237946
0.992916923198212,1.002066849596783
,,egauge17311,egauge19696,egauge18544,egauge15623,egauge3608,egauge23534,egauge15601,egauge3611,egauge16608,egauge13830
,,1,1,1,1,1,1,1,1,1,1
,,1,1,1,1,1,1,1,1,1,1
0.9928808216750739,1.000099911392767
0.9292631402226056,1.00070115327502
0.8596238047555808,1.0012560541691637
0.7900925117181052,1.0014867508639957
0.9928065988808673,1.0002625444989308
0.9928808216750739,1.0008579034765845
0.9928808216750739,1.000970258881645
0.9291890149520388,1.0008226424304367
0.9292631402226056,1.0006809084502355
0.9292631436836195,1.0012194381609543
0.8595962654629041,1.0014503778045525
0.8595524528119561,1.001320319450572
0.7897883990519008,1.001610611052158
0.674347566663303,1.0016903464249598
,,egauge20407,egauge32290,egauge30378,egauge8617,egauge7729,egauge26944,egauge19696,egauge19810,egauge9102,egauge13830
,,1,1,1,1,1,1,1,1,1,1
,,1,1,1,1,1,1,1,1,1,1
0.9928939812940228,1.0000330153545585
0.92937817423761,1.000421241399074
0.8599429072594865,1.0005419598903464
0.7906051642741752,1.0007596521494708
0.9928251995196833,1.000024074614122
0.9928939812940228,1.000024074614122
0.9928939812940228,1.0008162073635636
0.9292576991252296,1.0004617205143305
0.92937817423761,1.0005831812104198
0.9291660420792925,1.0010397130268516
0.8599187994914967,1.0006369631654777
0.8598804475490814,1.0001462062554718
0.7905719577319227,1.0008688448996845
0.6747853235488733,1.0009630730202366
,,egauge20670,egauge21932,egauge18350,egauge17073,egauge7729,egauge23534,egauge15601,egauge2474,egauge8253,egauge2850
,,1,1,1,1,1,1,1,1,1,1
,,1,1,1,1,1,1,1,1,1,1
0.9997364372412597,1.0000383904223638
0.9974532090467848,1.0002496981869284
0.995241689518671,1.0001784879486542
0.9935502184150665,0.9998016339600814
0.9989903751015615,1.0003393467309039
0.9997364372412599,1.0000383904223635
0.9992486977250203,1.000769313720703
0.9972319058742668,1.000537738855544
0.9970946057521652,1.0003407629894445
0.9962566738847931,1.0008384781721347
0.9952293770545524,1.0002775797255516
0.994402447354608,1.0004566868714502
0.9929805012003019,0.9998315291220644
0.9915597976130203,0.9998312305098757
,,egauge15623,egauge30039,egauge8816,egauge4183,egauge28351,egauge7731,egauge15601,egauge13836,egauge3167,egauge9102
,,1,1,1,1,1,1,1,1,1,1
,,1,1,1,1,1,1,1,1,1,1
0.999813996745954,1.0001227043779228
0.9981635298900733,1.0010031324349986
0.99693167306072,1.001641608757874
0.9957508008513906,1.0017954545481558
0.9995893790336443,1.0002722002574438
0.998224485175856,1.000809267948222
0.9958394800064538,1.0008939699628163
0.9981635298900733,1.0011647122375928
0.9971857068122578,1.00115505336025
0.9981635298900731,1.0015559073087401
0.99693167306072,1.0018360207940058
0.9968464384939013,1.0020348936564967
0.9957508008513906,1.0018610469505482
0.9937763113671413,1.0019562372276078
,,egauge20407,egauge17073,egauge5198,egauge15623,egauge18350,egauge13836,egauge7731,egauge30039,egauge22785,egauge19810
,,1,1,1,1,1,1,1,1,1,1
,,1,1,1,1,1,1,1,1,1,1
0.9994445772162671,1.0000584699678319
0.9938073023117878,1.0005428665103155
0.9875222709552324,1.0006794798198995
0.9872075198065434,1.0004812175059798
0.9988520923536223,0.9999939778040116
0.9982176728152524,1.0007299695679934
0.9979675767745769,1.000483355602367
0.9938073023117878,1.000685063191596
0.9937470665090022,1.0006542092678405
0.9938073023117878,1.0014318520442416
0.9834753876956949,1.0007744985359954
0.9874906629993105,1.0010221072215513
0.9872075198065434,1.000532153870314
0.9866812332221687,1.0000791905986495
,,egauge28684,egauge19810,egauge7729,egauge13836,egauge27467,egauge17311,egauge26944,egauge23534,egauge24121,egauge22084
,,1,1,1,1,1,1,1,1,1,1
,,1,1,1,1,1,1,1,1,1,1
0.9994445768577109,1.0000444756763107
0.9938073019556231,1.000597701069939
0.9875222706017338,1.0008041930752103
0.9872075194531784,1.0007146034738121
0.9989953862645494,1.0002477246722936
0.9976233767986745,0.999993977804012
0.9969481882329367,1.000359304281175
0.9938073019556231,1.0010177235650075
0.993747066152863,1.0009366749904667
0.9938073019556231,1.0008487637018235
0.9834753873439126,1.0008661685042173
0.9874906626458253,1.0011468708824984
0.9872075194531784,1.0007437172361497
0.9866812328690266,1.0005219886434051
,,egauge27467,egauge32290,egauge19810,egauge8253,egauge22271,egauge3608,egauge18158,egauge15601,egauge7692,egauge20407
,,1,1,1,1,1,1,1,1,1,1
,,1,1,1,1,1,1,1,1,1,1
0.9994445772162671,1.0000423064687907
0.9938073023117878,1.0005288804983792
0.9875222709552324,1.0009016342283608
0.9872075198065434,1.0008760610586744
0.9994445772162671,1.000434264433245
0.9980637040131477,0.9999939778040116
0.9974355835555503,0.9999939778040116
0.9938073023117878,1.000553977584422
0.9937470665090022,1.0008491494428269
0.9938073023117878,1.0004902718019528
0.9834753876956949,1.000972472680787
0.9874906629993105,1.0014050954685298
0.9872075198065434,1.0009779873969846
0.9866812332221687,1.0006834092549672
,,egauge15623,egauge28351,egauge19821,egauge3611,egauge18544,egauge20670,egauge30378,egauge3166,egauge19696,egauge24121
,,1,1,1,1,1,1,1,1,1,1
,,1,1,1,1,1,1,1,1,1,1
0.9994413712758785,1.000124219846628
0.9937756890630065,1.0007967148992578
0.9874596523919636,1.0011742518674491
0.9871134465421547,1.0013985132873215
0.9989953862714446,1.0002525884208766
0.9979048004218662,1.000404102462354
0.9987153230785178,1.0013882027482977
0.9937756890630065,1.0008825663967758
0.9937154555224011,1.0011410635263867
0.9937756890630065,1.0012359276252274
0.9834130732906365,1.001261057940626
0.987428046810264,1.0012170901646928
0.9870776418610333,1.001614576183502
0.9865872193633968,1.001537790229416
,,egauge24121,egauge26944,egauge2850,egauge16133,egauge13830,egauge14795,egauge16616,egauge14018,egauge20358,egauge19821
,,1,1,1,1,1,1,1,1,1,1
,,1,1,1,1,1,1,1,1,1,1
0.9994413716344331,1.0000348949374118
0.9937756894191581,1.0010324411112375
0.9874596527454362,1.0017681819331898
0.9871134468954805,1.0022365959370423
0.998998859850664,1.0001739230243616
0.9974477517323228,1.0006948142961587
0.9953583367628722,0.9999939778040116
0.9937756894191581,1.0011641074733364
0.9937154558785275,1.0012046280252658
0.9937756894191581,1.0016123381797915
0.9834130736423926,1.0017929992282306
0.9874280471637229,1.0021541526353623
0.987077642214344,1.0023386859237635
0.9865872197164994,1.0028696898341216
,,egauge15601,egauge3167,egauge15623,egauge28684,egauge8253,egauge3166,egauge19810,egauge20670,egauge8816,egauge22271
,,1,1,1,1,1,1,1,1,1,1
,,1,1,1,1,1,1,1,1,1,1
0.9928437652818248,1.000074173779892
0.9288493705564488,1.0004566224828488
0.8593089540195474,1.0007186351832211
0.7900491008420977,1.0010260862148341
0.9927801477666589,1.000577143257988
0.992843765281825,1.000276015216172
0.9928437652818246,1.000388383852002
0.9288493705564488,1.0006433047393304
0.927905636194562,1.0005477097515618
0.9288493705564488,1.000528208408805
0.8593089540195474,1.0005658166226865
0.8588812525298614,1.0010184328318614
0.7900491008420978,1.0012882785493684
0.6743105945996968,1.0011812001903186
,,egauge18158,egauge3611,egauge27467,egauge21932,egauge2850,egauge30039,egauge18350,egauge13830,egauge15623,egauge30378
,,1,1,1,1,1,1,1,1,1,1
,,1,1,1,1,1,1,1,1,1,1
0.9997866861860537,1.0000320258186661
0.9984826417584379,1.0000595670034647
0.99776573483703,1.0003787299075768
0.9972242730680358,1.0005451489815889
0.9994168831847935,1.0003796753996659
0.997753822920751,1.000316867024722
0.9995274523195786,1.0008085711300554
0.9984826417584379,1.0000595670034647
0.9964049853715263,0.9999345542333375
0.9983185600330517,1.0005378498017274
0.9975640711961764,1.0004324144373702
0.99776573483703,1.0005910831469178
0.9966086268387675,1.000647035525896
0.9969727335225498,1.000752530750893
,,egauge26944,egauge3608,egauge22785,egauge2850,egauge14018,egauge27467,egauge3166,egauge20407,egauge23534,egauge24121
,,1,1,1,1,1,1,1,1,1,1
,,1,1,1,1,1,1,1,1,1,1
0.9994760097322756,1.000008111890015
0.9941172960001714,1.0000601383581433
0.9881363006358932,1.000212511813126
0.9881363006358932,1.0004489229621991
0.9985357887221281,1.0003325225848263
0.9977909149067931,0.999999004405587
0.9980617528264611,1.0000826706928407
0.9941172960001716,1.000278662318825
0.994057038136088,1.0002624863766556
0.9941172960001714,1.0005620933015413
0.9840864333063265,1.000229026162374
0.9880941259752859,1.0000452693571764
0.9881363006358934,1.0006963760588656
0.9881363006358934,1.0004917245811507
,,egauge28351,egauge17311,egauge30039,egauge16616,egauge26944,egauge3167,egauge7692,egauge14795,egauge20670,egauge18158
,,1,1,1,1,1,1,1,1,1,1
,,1,1,1,1,1,1,1,1,1,1
0.999476010090852,1.0001137196845944
0.9941172963564746,1.0008606885428657
0.9881363009896594,1.0014596479071163
0.9881363009896594,1.0017930336000238
0.9988515638427187,1.0002167234100101
0.998259564632513,1.0004287609889875
0.9992381245833127,1.0008122914771682
0.9941172963564746,1.0009113143681134
0.9940570384923657,1.001100413868677
0.9941172963564747,1.0010538604673866
0.9840864336583748,1.0015051308515939
0.9880941263290343,1.0017918698618364
0.9881363009896597,1.00194609792018
0.9881363009896594,1.0021253862686326
,,egauge20925,egauge18350,egauge15623,egauge22084,egauge7731,egauge20670,egauge17073,egauge30039,egauge20358,egauge30378
,,1,1,1,1,1,1,1,1,1,1
,,1,1,1,1,1,1,1,1,1,1
0.9998828249308472,1.0000922303346615
0.9988741394262562,1.0007049525527294
0.9979317242209219,1.00119339562997
0.9969893147048106,1.0014240782123571
0.9989689933818482,1.000357830464091
0.9993426529632952,1.0007100297728893
0.9993376769155248,1.0004002980872575
0.9986721714355411,1.000543020258036
0.9988741394262562,1.0009783534591052
0.9972930570836456,1.0011240914094275
0.9979317242209219,1.0012667339645838
0.9979090024662208,1.0015144865861167
0.9965330531134402,1.0015333566532736
0.9960845152164699,1.001649093933997
,,egauge23534,egauge16608,egauge20407,egauge4183,egauge20925,egauge26086,egauge15623,egauge3611,egauge27467,egauge9102
,,1,1,1,1,1,1,1,1,1,1
,,1,1,1,1,1,1,1,1,1,1
0.9998415681835352,1.0000829077603755
0.998694730485219,1.0007933790629198
0.9975302507564817,1.00119312260777
0.9969899695853865,1.0014777154685224
0.9994779893033395,1.000393148227161
0.9993628717696846,1.0005811737019439
0.9980026177773287,1.0000136298486775
0.9985937558982545,1.0009351353231253
0.9986341428458588,1.0010262893562951
0.9972910906869871,1.0013418303272308
0.9975179046825579,1.001242725010721
0.9964440275040325,1.001278805456871
0.9965337076395111,1.001689025846309
0.996085169394037,1.0016491560049199
,,egauge20670,egauge20358,egauge7729,egauge20925,egauge18350,egauge14795,egauge22084,egauge13974,egauge19810,egauge9102
,,1,1,1,1,1,1,1,1,1,1
,,1,1,1,1,1,1,1,1,1,1
0.999764171729342,1.0000502197613301
0.998184435925521,1.0002402826852936
0.9966870257708188,1.0002885557194965
0.9956253592738846,1.0002885557188328
0.9994969784540433,1.0002977588903046
0.9994941332838411,1.0003500747163003
0.9969433841598945,1.000392592486092
0.9979211273692338,1.0004730408241351
0.9981339761326434,1.0003313467500354
0.9966911952437584,1.000833829115753
0.9966418038600532,1.0003257172504358
0.9960696444239501,1.0004383519283568
0.9949097582901584,1.0002885557180856
0.9949025362265475,1.0002885557188328
,,egauge9102,egauge22084,egauge30378,egauge17311,egauge3611,egauge32290,egauge16616,egauge8617,egauge20925,egauge13836
,,1,1,1,1,1,1,1,1,1,1
,,1,1,1,1,1,1,1,1,1,1
0.9998494328826182,1.0000481505155705
0.9988721702095993,1.000474116790462
0.9979297572011753,1.0008777386709038
0.9969873498819588,1.0012301371758423
0.9990696148288449,1.0002488420703546
0.9987569359983929,1.0000136298488511
0.9984107903068421,1.0005225703177612
0.9986702026897009,1.0005955734391168
0.9980301222688347,1.0005348407708754
0.997285848517227,1.0003390103407672
0.9979297572011753,1.0008777386709036
0.9979280104389727,1.000963389612548
0.9965310893542,1.0013758146673604
0.9960825525028372,1.0016051438432299
,,egauge17073,egauge19696,egauge26944,egauge13836,egauge21932,egauge18544,egauge2474,egauge8816,egauge20407,egauge19821
,,1,1,1,1,1,1,1,1,1,1
,,1,1,1,1,1,1,1,1,1,1
0.9993334176069529,1.0001265900728544
0.993495636891136,1.0009137080017363
0.9872429495672628,1.0013870723224703
0.9872114555475905,1.00165010847183
0.9993334176817926,1.0004522505826345
0.9968977417142942,1.0008534005849254
0.9973225983500357,1.0008331009453573
0.9934053179737729,1.0012378378984004
0.993495636891136,1.0009137080017363
0.9932659691655049,1.0015708919414976
0.9872429495672626,1.001482170439298
0.9768411619586845,1.0015049176519832
0.987175646484861,1.0015189765318229
0.9872114555475905,1.0022827676077157
,,egauge8617,egauge22785,egauge26944,egauge20925,egauge28684,egauge19810,egauge5198,egauge19696,egauge7692,egauge28351
,,1,1,1,1,1,1,1,1,1,1
,,1,1,1,1,1,1,1,1,1,1
0.9997398103883669,1.0000611938539439
0.997607141795335,1.0004096476283828
0.9959939460773503,1.0008094923461828
0.9952694492311799,1.0009952162577196
0.9993948187381815,1.0001353450426178
0.9981151709576711,1.0001909970180687
0.9967585653190785,1.000766718121756
0.9975668010843091,1.0006451705126227
0.9975365480828702,1.0005489003762054
0.9954770388078839,1.0003424684915416
0.9959816224922662,1.0008549403994427
0.9944892044500919,1.0010564148997623
0.9945613699240512,1.0010971569741058
0.9948690264245427,1.0011558482539524
,,egauge8816,egauge18544,egauge19821,egauge28351,egauge26944,egauge19696,egauge20358,egauge28684,egauge3166,egauge27467
,,1,1,1,1,1,1,1,1,1,1
,,1,1,1,1,1,1,1,1,1,1
0.9997525414769111,1.0001412117719548
0.9982767352032583,1.0008543738438547
0.9978911389521975,1.0012278707077276
0.9969487747643556,1.0014970795125024
0.9977580234821748,1.0004799394768231
0.9991887992340184,1.0009272559421931
0.9981575540951844,1.00141869208716
0.997318922156993,1.0010037517868262
0.9977531241679428,1.0011886134311638
0.995608886881823,1.0013414734570523
0.9978911389521975,1.0012857064857423
0.9978911389521975,1.0013938296817328
0.996492535118361,1.0015335056706076
0.996044018795275,1.0018936500830493
,,egauge3608,egauge20407,egauge26944,egauge16608,egauge2850,egauge14018,egauge19810,egauge7729,egauge4183,egauge28684
,,1,1,1,1,1,1,1,1,1,1
,,1,1,1,1,1,1,1,1,1,1
0.9997244113968018,1.0000322581539176
0.9973446883036141,1.000342470780202
0.9962333060022993,1.0006857991343774
0.9959024685715208,1.0006857991037421
0.9986920367228218,1.0000322581475805
0.9980423501566515,1.0000322581539176
0.9972515749869771,1.0006697681328212
0.9971833990357655,1.000342470738459
0.9954735018200166,1.0003424707802018
0.9956861601087388,1.0003723020245583
0.9958959931536879,1.0007973457188684
0.994882383994274,1.0009855848006401
0.99580840038925,1.000685799069304
0.9954876198991498,1.0006857991037421
,,egauge19810,egauge24121,egauge8617,egauge3167,egauge20358,egauge15623,egauge20925,egauge7692,egauge3608,egauge14018
,,1,1,1,1,1,1,1,1,1,1
,,1,1,1,1,1,1,1,1,1,1
0.9997986556429359,1.000046665292712
0.9987057169731898,1.00062490668211
0.9975828540148755,1.0010594471282843
0.9967334447724493,1.0012709291451922
0.9986135442593996,1.0000322581489602
0.9982086309891899,1.000306526446964
0.9979740815824596,1.000207062862578
0.9986210897689002,1.0007146955432646
0.9986047410682217,1.0007666347416415
0.9972832282793148,1.0008566590010568
0.9975746227454503,1.0011545084945386
0.99654974744955,1.0011986685774437
0.9960241330624344,1.0012490807815695
0.9957738525714519,1.0016566737839807
,,egauge14795,egauge4183,egauge2474,egauge8816,egauge18158,egauge3611,egauge8253,egauge21932,egauge30039,egauge13836
,,1,1,1,1,1,1,1,1,1,1
,,1,1,1,1,1,1,1,1,1,1
0.9998271620616783,1.000117496527156
0.9984715721084376,1.0008147726277783
0.9980073092064233,1.0012898165569524
0.9976119838956361,1.0017578869753112
0.9988685154123125,1.0004598964687241
0.9995187247271322,1.0005089860330114
0.9980840285970619,1.0006545954958412
0.9965878234999117,1.0009702675110725
0.9983706242322686,1.0011489965750955
0.996686306836241,1.0010272549036403
0.9976862472119973,1.0013063519279475
0.9980073092064233,1.0012898165569524
0.9976119838956363,1.0019546858624022
0.9963767693541623,1.0022511282388145
,,egauge13974,egauge18544,egauge19821,egauge13830,egauge27467,egauge20358,egauge16616,egauge23534,egauge22271,egauge7729
,,1,1,1,1,1,1,1,1,1,1
,,1,1,1,1,1,1,1,1,1,1
0.9998292750068285,1.000142343669714
0.9987012428404074,1.0008402491750332
0.9976411577086995,1.0012742771435217
0.9967579643923792,1.0015883421099987
0.9990748439795707,1.0002967612055766
0.9992408131787759,1.0009411996994475
0.9987544657890057,1.0014210935612682
0.9985477353117997,1.0010298932577182
0.9985598841427477,1.0011909127604965
0.9973107495873694,1.0011107078309478
0.9975958846266164,1.0012949460861262
0.9972574154192569,1.0015933096834624
0.9966308915324175,1.001850708555087
0.9953328477388331,1.001729942555789
,,egauge4183,egauge19821,egauge20358,egauge24121,egauge17073,egauge33764,egauge18544,egauge18158,egauge22084,egauge23534
,,1,1,1,1,1,1,1,1,1,1
,,1,1,1,1,1,1,1,1,1,1
0.9998858515073917,1.0001085419272842
0.9990659699987432,1.0006676683363485
0.9984876662835609,1.0010871098176157
0.9980730481736356,1.001112777843523
0.9996837137053107,1.000303139952836
0.9988143633262633,1.0012892571938679
0.9992553296818688,1.0004081235831217
0.9988134677657771,1.0007604299636355
0.9989548504744254,1.0009106717779448
0.9973137649814505,1.0010926614311046
0.9984588266484032,1.0012111110487052
0.9982848887203846,1.00144061846952
0.9978844478505432,1.0009890085394375
0.997657130131632,1.001337710633121
,,egauge28684,egauge19810,egauge17311,egauge17073,egauge13830,egauge20407,egauge16133,egauge13836,egauge30039,egauge7692
,,1,1,1,1,1,1,1,1,1,1
,,1,1,1,1,1,1,1,1,1,1
0.9998047482640705,1.000066431816816
0.9986551070400974,1.0007380504783654
0.9976026162474129,1.0013372294130483
0.9969406503154172,1.0016043695111616
0.9994869059699293,1.0002646747903112
0.9976051939439843,1.0000322581547303
0.9986150027856819,1.0004319882711885
0.9985440415480176,1.0010036436259677
0.9985733705819687,1.0008933874900579
0.9971410285257024,1.0004484987101196
0.9973804232936865,1.0013853277517704
0.9974959910217324,1.001830225971435
0.9967467880528255,1.0018584126741463
0.9958870737055916,1.0017329626814695
,,egauge19821,egauge18350,egauge20670,egauge19696,egauge2474,egauge20925,egauge13836,egauge16133,egauge16616,egauge3167
,,1,1,1,1,1,1,1,1,1,1
,,1,1,1,1,1,1,1,1,1,1
0.9998440395448485,1.0001263481150213
0.9985480277968846,1.0008415371738262
0.9979849740394985,1.0012461958457086
0.9978360283492987,1.0013294778030233
0.9993472023818741,1.0007591816127452
0.9994549196341389,1.0003755889488923
0.997541151769164,1.0007010459706542
0.9971670075497605,1.0010845905794992
0.9983417050784211,1.0010587311028933
0.9972911089110529,1.0012702203538524
0.9979437996702992,1.001395029713117
0.9970421592783067,1.0014175895056736
0.9976909843549897,1.0013658967248793
0.9977826975609976,1.001415174399526
,,egauge16616,egauge7692,egauge20358,egauge28684,egauge13836,egauge18350,egauge23534,egauge17311,egauge3608,egauge7729
,,1,1,1,1,1,1,1,1,1,1
,,1,1,1,1,1,1,1,1,1,1
0.9998186067493775,1.000077513192517
0.9984172699273764,1.0006965513715744
0.9969970282130048,1.000933037278998
0.9956496976271817,1.0009714629020539
0.9996582586843165,1.0001416890702453
0.9978622758517773,1.0002976332841869
0.9995109640833035,1.000338739896789
0.9983667961667401,1.0008787972637514
0.9983667963559065,1.0011624464816833
0.9973114048251353,1.0009090039898016
0.9969517899256102,1.0010198186327963
0.996986372187809,1.0010508194770373
0.9949629727957715,1.0009496222613272
0.9944067640179926,1.0010730827316723
,,egauge23534,egauge28684,egauge22785,egauge22271,egauge8816,egauge17311,egauge32290,egauge18158,egauge14018,egauge15601
,,1,1,1,1,1,1,1,1,1,1
,,1,1,1,1,1,1,1,1,1,1
0.9998104374428903,1.0000966033583591
0.9985786679424519,1.0007958194352011
0.9973627528225341,1.001244383007005
0.9962943994327425,1.0016215972306552
0.9994638034112058,1.000447964953491
0.9991034092492689,1.0004511226346524
0.9977994328870717,1.0002107829671578
0.9984978974503514,1.0011806976672435
0.9966946804764666,1.0009985570538331
0.9972532267938599,1.0010662635576557
0.9973298375212264,1.00121544920511
0.9970963176732021,1.0014800667226564
0.9960121291739636,1.0018839738710779
0.9949231464699806,1.0021254865549907
,,egauge19696,egauge16616,egauge3167,egauge13830,egauge4183,egauge20925,egauge14795,egauge7729,egauge13974,egauge30378
,,1,1,1,1,1,1,1,1,1,1
,,1,1,1,1,1,1,1,1,1,1
0.9994674812746729,1.0000995781299384
0.9941031223790483,1.0008443332045598
0.9881159667456049,1.001346832868797
0.9881159667456049,1.0015583249914783
0.9982451363516254,1.0004424206271136
0.9991802060545859,1.0002195020833942
0.9991956898911866,1.0002901560571518
0.9941031223790483,1.0010367397582718
0.9940428655597878,1.0009860979828589
0.9941031223790483,1.0012860852654324
0.9840661974496983,1.001475007529774
0.9880632503190385,1.0015182469770978
0.9881159667456049,1.0016507051058974
0.9881159667456049,1.0017833763856152
,,egauge28351,egauge22785,egauge17311,egauge22084,egauge18350,egauge16616,egauge2850,egauge32290,egauge19821,egauge23534
,,1,1,1,1,1,1,1,1,1,1
,,1,1,1,1,1,1,1,1,1,1
0.9994674801992955,1.0000154536871675
0.9941031213103705,1.000125216963604
0.9881159656843805,1.0000996322151963
0.9881159656843805,1.0003804853579559
0.9988319160378444,1.0001117140934197
0.9979364305472896,1.0001141231346096
0.9985435737505924,1.0003726426508635
0.9941031213103705,1.0004996655391676
0.9940428644911921,1.000123433927088
0.9941031213103705,1.0001252169636037
0.9840661963935153,1.0000996322151965
0.988063249257881,1.0000568525778761
0.9881159656843805,1.0006570377556387
0.9881159656843805,1.0007166379963892
,,egauge8617,egauge9102,egauge15601,egauge33764,egauge13830,egauge22271,egauge20358,egauge3167,egauge16608,egauge17073
,,1,1,1,1,1,1,1,1,1,1
,,1,1,1,1,1,1,1,1,1,1
0.9928534584139745,1.0001135411655768
0.9290528206177364,1.0008031721087407
0.8597241753876095,1.0011570248289001
0.7904308896105572,1.001425262710513
0.9926626323100408,1.000184848399004
0.992714786961119,1.0005049863914879
0.9928534584139745,1.0011201245788297
0.9290528206177364,1.0010414525774463
0.9281088384462722,1.001032671743263
0.9290528206177364,1.0014660630291723
0.8597241753876095,1.0012190260925327
0.8597063353760881,1.001253415132163
0.7904308896105572,1.0015126833320729
0.6746365148065995,1.0017789129213848
,,egauge28684,egauge14018,egauge7729,egauge27467,egauge2474,egauge20925,egauge4183,egauge17073,egauge3167,egauge7692
,,1,1,1,1,1,1,1,1,1,1
,,1,1,1,1,1,1,1,1,1,1
0.9928534611235151,1.00011152535832
0.929052823152888,1.000800158163239
0.8597241777335551,1.0011523457270852
0.7904308917673997,1.001280467939615
0.9927792406490441,1.000259604198891
0.9924969683594304,1.0008315800169088
0.9928534611235151,1.0004531497701625
0.929052823152888,1.0011546403610085
0.9281088409783353,1.0010317289595372
0.929052823152888,1.0012432117782903
0.859724177733555,1.0012350156215033
0.8597063377219745,1.0014509248035055
0.7904308917673997,1.0013533047470609
0.674636516647437,1.001413959657571
,,egauge23534,egauge16133,egauge8816,egauge19810,egauge18350,egauge15623,egauge18158,egauge24121,egauge13974,egauge22271
,,1,1,1,1,1,1,1,1,1,1
,,1,1,1,1,1,1,1,1,1,1
0.9994616991772198,1.0000624069975828
0.9940460996548124,1.0003915386231643
0.9880030179251191,1.0008598632951102
0.987946279351348,1.0011609710410834
0.9988229134434545,1.0004159590145207
0.9976437265382443,1.0003807853266249
0.9957837602813899,1.000824044931877
0.9940460996548124,1.000421463230962
0.993985846917326,1.0004969967273123
0.9940460996548124,1.000626552378915
0.9839537972331119,1.000921842807383
0.9879503086383706,1.0009930649442471
0.9879176066250093,1.0012702155503763
0.9878935739382906,1.001503793286547
,,egauge20407,egauge9102,egauge24121,egauge30039,egauge19810,egauge28351,egauge28684,egauge8253,egauge2850,egauge26086
,,1,1,1,1,1,1,1,1,1,1
,,1,1,1,1,1,1,1,1,1,1
0.9994616981018529,0.9999981531030107
0.9940460985862111,1.000047049383221
0.9880030168640431,0.9999819442697723
0.9879462782903448,0.9999819442697723
0.998889194366257,0.9999981531030107
0.997925299331572,1.0003853125473297
0.9980783385796862,1.0002163026650883
0.9940460985862111,1.0004214633605966
0.9939858458488066,0.9999819442697729
0.9940460985862111,1.0000470493832212
0.9839537961770766,0.9999819442697723
0.9879503075773615,0.9999819442697723
0.9879176055640425,0.9999819442697723
0.9878935728773555,1.000015971870745
,,egauge7729,egauge32290,egauge20358,egauge7731,egauge3611,egauge30378,egauge15623,egauge9102,egauge16133,egauge8617
,,1,1,1,1,1,1,1,1,1,1
,,1,1,1,1,1,1,1,1,1,1
0.9994616991772198,1.0000697430171681
0.9940460996548124,1.000619017510345
0.9880030179251191,1.000896860411401
0.987946279351348,1.0010057280428195
0.9984203835253064,1.0002408987419982
0.9980771214192904,0.9999981531030107
0.9994616991772198,1.0003907167523398
0.9940460996548124,1.0008877745576596
0.993985846917326,1.000699998568111
0.9940460996548124,1.0010246643341518
0.9839537972331119,1.0009464454639767
0.9879503086383706,1.0010574737540054
0.9879176066250093,1.0011003876436857
0.9878935739382906,1.0010485578176334
,,egauge22785,egauge24121,egauge14018,egauge18158,egauge16608,egauge13830,egauge5198,egauge32290,egauge17311,egauge15601
,,1,1,1,1,1,1,1,1,1,1
,,1,1,1,1,1,1,1,1,1,1
0.9994616981018529,1.000077761120413
0.9940460985862111,1.0006324085473128
0.9880030168640431,1.0009218403104516
0.9879462782903448,1.001152455398506
0.9990166507211292,1.0001312403616691
0.997925299331572,1.0003051743742104
0.9974310546125723,1.0008160372612576
0.9940460985862111,1.0009176546919583
0.9939858458488066,1.0008754020421289
0.9940460985862111,1.0010187361811191
0.9839537961770766,1.0009879569531772
0.9879503075773615,1.0008576101102862
0.9879176055640425,1.0012398478790003
0.9878935728773555,1.0014466394226929
,,egauge14018,egauge15623,egauge15601,egauge28684,egauge17311,egauge5198,egauge33764,egauge20925,egauge7731,egauge2474
,,1,1,1,1,1,1,1,1,1,1
,,1,1,1,1,1,1,1,1,1,1
0.9993570577408415,1.000110914820365
0.993701266647917,1.0007574719263095
0.9875237236395229,1.001271300617776
0.981346421776419,1.0015789450351478
0.998692027228818,1.0004857636270037
0.9984956619996517,1.0003695641552168
0.9971159626020394,1.0011071198872914
0.9937012685460508,1.0008688430647004
0.993701266647917,1.000878969220122
0.9937012805424837,1.0011146477808275
0.9875237236395229,1.0013374445244907
0.9875237236395229,1.0015025947767835
0.9813464226141282,1.0017975699323562
0.9710180161299785,1.0017718435240044
,,egauge5198,egauge19696,egauge17073,egauge27467,egauge17311,egauge7729,egauge3166,egauge20407,egauge8253,egauge7731
,,1,1,1,1,1,1,1,1,1,1
,,1,1,1,1,1,1,1,1,1,1
0.999733430784624,1.0000819032463952
0.9986631635473512,1.0005264576473585
0.9979121336843284,1.0006925764739452
0.9973259673005037,1.0009359942888796
0.9988256854168058,1.0002940800240712
0.9969154479989645,1.0008373045195098
0.9989440728842004,1.0007998597547179
0.9984986853064259,1.000881739476343
0.99862746587945,1.0006580453953473
0.9962621781427663,1.0007968160889396
0.9978997820381579,1.0007338869635463
0.9970512211630562,1.0007603342922577
0.9967247255240089,1.000943274428344
0.9972300349872483,1.001332302080224
,,egauge13830,egauge15601,egauge26944,egauge8253,egauge3167,egauge14018,egauge5198,egauge7731,egauge17073,egauge23534
,,1,1,1,1,1,1,1,1,1,1
,,1,1,1,1,1,1,1,1,1,1
0.9998471473197513,1.0001315677326887
0.9989471914070918,1.000959496133888
0.9981660079777747,1.0017288973514664
0.9978535202338875,1.002145821605703
0.9995436007326383,1.0003849076197113
0.9972776099493345,1.0010719012235911
0.9968006256781655,1.0008341251274597
0.9980835635556997,1.0009392451096881
0.9988663856629756,1.0010202549358267
0.9971300312863104,1.0014702431046716
0.9978176329444297,1.001811623523745
0.9981126563623391,1.0021148504396733
0.9977519821516071,1.0023718871227596
0.9974803386245028,1.0025105029201817
,,egauge3166,egauge26944,egauge21932,egauge13974,egauge33764,egauge20358,egauge18350,egauge28351,egauge28684,egauge16133
,,1,1,1,1,1,1,1,1,1,1
,,1,1,1,1,1,1,1,1,1,1
0.9998545484532977,1.0000786173611322
0.9985671134722404,1.000610551035807
0.997748288753031,1.0009385316390356
0.9973319885452873,1.0011371005260639
0.9996088253591241,1.0001498645237734
0.9974998696025372,1.000738595842675
0.9989722807678791,1.0000786173592142
0.9979415538049012,1.0007516187593777
0.998314760454402,1.0008304160271588
0.9971489460469655,1.0009002561661025
0.9977071259869708,1.0009881191326064
0.9967362614525782,1.0010759574805723
0.9972884961165233,1.001239058325785
0.9961928587453222,1.0013191852237087
,,egauge20358,egauge17073,egauge30039,egauge16616,egauge28684,egauge5198,egauge27467,egauge22271,egauge13836,egauge33764
,,1,1,1,1,1,1,1,1,1,1
,,1,1,1,1,1,1,1,1,1,1
0.999879466097122,1.0001398890653599
0.9989275880787517,1.0010866417764557
0.9985501701085637,1.0019215028472959
0.998326826992334,1.0023385209941424
0.9997511735451468,1.0002706610010572
0.9989928140120872,1.0007884776683234
0.997370547951514,1.0008861181914102
0.9987256073040025,1.001147409648154
0.9988467842086615,1.0012689716255625
0.9971833403589616,1.001299191814591
0.9984801291901245,1.0020704553926552
0.9984647718570026,1.002253905826014
0.9982760263937248,1.0026740924496684
0.9980280876054825,1.0025423211585265
,,egauge28684,egauge32290,egauge8816,egauge18350,egauge14018,egauge22785,egauge19821,egauge3608,egauge8617,egauge9102
,,1,1,1,1,1,1,1,1,1,1
,,1,1,1,1,1,1,1,1,1,1
0.9997775444464783,1.0000748803696973
0.9980921100138724,1.0007152620446291
0.996699345847227,1.0011745443020907
0.9961776839291635,1.0012962688691387
0.9994395790809157,1.0002563871275572
0.9980739440634787,1.0000254188661604
0.9957977712764974,1.0008382326357939
0.99805174609091,1.0008063772188094
0.997527365693218,1.0010798401770844
0.997181374205573,1.0007400726800113
0.9965267039315469,1.0014184733110758
0.9956673215881383,1.0011424184007838
0.9961052982757889,1.001325402642561
0.9954118781697087,1.0014569579797559
,,egauge3611,egauge17073,egauge14018,egauge3166,egauge33764,egauge22785,egauge3167,egauge14795,egauge27467,egauge19810
,,1,1,1,1,1,1,1,1,1,1
,,1,1,1,1,1,1,1,1,1,1
0.999834997476558,1.0000735712679936
0.9984369766788445,1.0004401555541393
0.9974934603867398,1.000686789983296
0.9967235150328647,1.0006677612725492
0.998725945137524,1.0001912339103591
0.99896125909923,1.0006823022699394
0.9973915350510727,1.0008443185754374
0.9983259398528675,1.000490756199044
0.9983461262002731,1.0006681951180332
0.996879987657669,1.000575298884199
0.9974687696934723,1.0007281002006947
0.9971737068128799,1.0010294202690702
0.9966293551725842,1.0009152783317912
0.9955745852045724,1.0005462583062512
,,egauge14795,egauge28351,egauge21932,egauge3608,egauge20358,egauge7729,egauge18544,egauge8617,egauge16608,egauge22084
,,1,1,1,1,1,1,1,1,1,1
,,1,1,1,1,1,1,1,1,1,1
0.9998313122593019,1.0000667086099866
0.9984517427010465,1.000442169388108
0.998243431428711,1.0006868639190922
0.9975537541560454,1.0006933013790864
0.9987933263269207,1.0003983844661515
0.9979405224879332,1.0003665694084305
0.9994950832272891,1.0000667086100736
0.9974937318826107,1.000421930743273
0.9983306110368917,1.0005939899009166
0.9960938357315092,1.0007511335883377
0.9982000585174136,1.0008314673269607
0.9981070713256535,1.0007603342922577
0.9974812502063393,1.0008170455886878
0.9963717889619162,1.0005462583062519
,,egauge7692,egauge19821,egauge26086,egauge19696,egauge9102,egauge28351,egauge18350,egauge26944,egauge20670,egauge21932
,,1,1,1,1,1,1,1,1,1,1
,,1,1,1,1,1,1,1,1,1,1
0.9998169391609654,1.0001299784624529
0.9983764257889788,1.0007641251216361
0.9978851152279432,1.0011459046593885
0.997840461947348,1.0012740343235405
0.9987610809294485,1.0002788108544183
0.9988289778297376,1.0013107236585963
0.9978970829420555,1.000959928845339
0.9969755628086768,1.0010507092680978
0.9978770745713894,1.000916003395376
0.9965510389797054,1.0010538827709452
0.9978439458118225,1.001178970439162
0.996617597512298,1.0014895379815452
0.9977896906576573,1.001438917656868
0.997840461947348,1.0012740343235405
,,egauge26086,egauge23534,egauge22084,egauge18544,egauge8253,egauge26944,egauge3167,egauge27467,egauge30039,egauge19810
,,1,1,1,1,1,1,1,1,1,1
,,1,1,1,1,1,1,1,1,1,1
0.9998307553626585,1.00006762021974
0.998453793721224,1.000587243067014
0.9975199668266728,1.0008221123165226
0.9967053428414413,1.0007838747468383
0.9992889320896599,1.0004644404843115
0.9990545772770225,1.0007230059664205
0.9986983974368127,1.0000254188661595
0.998413412425563,1.0009546396796878
0.9976166729966958,1.0006277301634758
0.9965106796189732,1.0012216203006628
0.9974952753675828,1.0008510336708332
0.9973813728933113,1.0012076525382003
0.9965025676273126,1.0010168599584408
0.9956414353901523,1.0005462583062512
,,egauge5198,egauge19810,egauge2850,egauge27467,egauge22271,egauge20925,egauge22785,egauge15623,egauge28351,egauge30378
,,1,1,1,1,1,1,1,1,1,1
,,1,1,1,1,1,1,1,1,1,1
0.9997862358182859,1.0000254188661601
0.9987654157337037,1.0006699376411945
0.9977751386872253,1.0009524623092172
0.9972400514492515,1.0011830793033998
0.9988784337855571,1.0001996316274127
0.997615587809527,1.0000254188661604
0.9953919939274686,1.0000254188661601
0.9986038544205277,1.0010064758362192
0.9986068076745007,1.000993974290857
0.9971800636137212,1.0011142644666455
0.9974829603437532,1.0009483302118
0.9977324766132835,1.0010809565596566
0.996588142044794,1.001292326675464
0.9964945602053074,1.0014080310454745
,,egauge13974,egauge18544,egauge30378,egauge3166,egauge15601,egauge14795,egauge28351,egauge27467,egauge26944,egauge33764
,,1,1,1,1,1,1,1,1,1,1
,,1,1,1,1,1,1,1,1,1,1
0.9998362751139664,1.000147255533701
0.9987755742019061,1.001136298849415
0.9978234980949864,1.0017341169495215
0.9970148823394389,1.0020675973316218
0.9990868908270394,1.000297231573155
0.9992551389280755,1.0009245516846002
0.9975432327158442,1.0005967280621673
0.9987422527913559,1.001176812188647
0.9979178937315885,1.0016125750392335
0.9971578051475439,1.0017356127235737
0.997550911563405,1.0017961604535262
0.9976848544289125,1.0020326850723462
0.9961534463017423,1.002300935793653
0.9969296396388606,1.0022820580653933
,,egauge20407,egauge3611,egauge30039,egauge18544,egauge22271,egauge13836,egauge32290,egauge8816,egauge19696,egauge17073
,,1,1,1,1,1,1,1,1,1,1
,,1,1,1,1,1,1,1,1,1,1
0.9997259163765213,1.0001006190131967
0.9975958659283173,1.0009253684018353
0.9954214536505621,1.0012525946265063
0.9944820858666669,1.0015579886140484
0.9988550226830107,1.0000254188661606
0.9978251887896433,1.0003843075597636
0.9990681576411998,1.0008491858455657
0.997515189339626,1.001250133671718
0.9975151895004761,1.0012596359587131
0.9971780979938908,1.001659945520538
0.9953886139564992,1.0012236605499982
0.9934371555335593,1.0016490506104223
0.9934934792619174,1.0018422160840912
0.9943652336231739,1.0018492169366924
,,egauge26086,egauge8617,egauge22271,egauge30039,egauge9102,egauge17311,egauge3608,egauge32290,egauge17073,egauge13836
,,1,1,1,1,1,1,1,1,1,1
,,1,1,1,1,1,1,1,1,1,1
0.9993521990592054,1.0000963943997816
0.9936146928766871,1.0006760622119015
0.9873471413726299,1.0010616998999928
0.9811157022336521,1.0015039907409378
0.9992855128502464,1.0005053884976949
0.9989434804773992,1.0002711855434403
0.997657767672641,1.0009314580915016
0.9936146928766871,1.0009636278674399
0.9936146928766871,1.0007772978101956
0.9936146928766871,1.000888509805832
0.987322751962352,1.0010493020126314
0.9873471413726299,1.0009974591114221
0.974066315948301,1.0016715782803276
0.981063428126651,1.0019970842823147
,,egauge30039,egauge19821,egauge28684,egauge13836,egauge8816,egauge19810,egauge3167,egauge30378,egauge28351,egauge18544
,,1,1,1,1,1,1,1,1,1,1
,,1,1,1,1,1,1,1,1,1,1
0.9993471567684048,1.0001170355530202
0.993583812366189,1.0006136150235891
0.9872870509420485,1.0011232865261925
0.9810622666910149,1.0014437309788742
0.9993471568629987,1.0004715593491809
0.9988290753201038,1.0013106938915033
0.9989571022827916,1.0005031804465125
0.993583812366189,1.0009903129849482
0.993583812366189,1.000876448558804
0.993583812366189,1.0009095262050403
0.987238272470489,1.0011604846675648
0.9872870509420485,1.0013482223627965
0.9740133359008443,1.001553011952966
0.9810204497687187,1.0018188321754036
,,egauge8816,egauge3167,egauge14795,egauge7731,egauge19821,egauge16616,egauge22084,egauge3611,egauge23534,egauge16133
,,1,1,1,1,1,1,1,1,1,1
,,1,1,1,1,1,1,1,1,1,1
0.9993449747788378,1.0000943337546193
0.9936075176430005,1.0007119022373503
0.9873400197120945,1.000890755725006
0.9811086338376762,1.0011168580618157
0.9978133890357771,1.0004233095871105
0.9992695116738124,1.0002824882623935
0.9977094703166322,1.0007676489252517
0.9936075176430003,1.0009691599501636
0.9936075176430003,1.0013035482431523
0.9936075176430005,1.0008733633887195
0.9873156305099918,1.00081638954577
0.9873400197120945,1.001008532047483
0.9740593078090302,1.0012552319941506
0.9810563601774793,1.0012989384029576
,,egauge33764,egauge3166,egauge20407,egauge13974,egauge28351,egauge19810,egauge27467,egauge13830,egauge20925,egauge15601
,,1,1,1,1,1,1,1,1,1,1
,,1,1,1,1,1,1,1,1,1,1
0.9993504412416556,1.000070598196863
0.993587074439339,1.0006795784082838
0.9872902885410021,1.0014079836779903
0.9810654800954582,1.0018504604678677
0.9993504413362521,1.0002978360649817
0.9993018449075951,1.0002175767153743
0.9979760117257835,1.000028410062664
0.993587074439339,1.0008010645359875
0.993587074439339,1.000831441500973
0.9935870744393388,1.0009141324983162
0.9872415098799995,1.001519625438815
0.9872902885410021,1.0016115602906217
0.9740165219076385,1.00201082578062
0.9810236630106643,1.0023544858717373
,,egauge17311,egauge9102,egauge7731,egauge16608,egauge19821,egauge24121,egauge32290,egauge7692,egauge8253,egauge21932
,,1,1,1,1,1,1,1,1,1,1
,,1,1,1,1,1,1,1,1,1,1
0.9993541700798149,1.000074099740226
0.9936166505260295,1.000564953534883
0.9873490844088048,1.0006111848672432
0.981117630741359,1.000623986030915
0.9992972629542657,1.0002313072940372
0.9983913374117366,1.0004939669389394
0.9992613748779009,1.0008511446386776
0.9936166505260295,1.0007471711120153
0.9936166505260295,1.0011625144743017
0.9936166505260298,1.000882572918638
0.9873246949413587,1.000582272670448
0.9873490844088048,1.0007503326211198
0.9740682280215232,1.0006506160581494
0.9810653565124633,1.0006239860284096
,,egauge16616,egauge30378,egauge30039,egauge13974,egauge4183,egauge15601,egauge14795,egauge17311,egauge15623,egauge19696
,,1,1,1,1,1,1,1,1,1,1
,,1,1,1,1,1,1,1,1,1,1
0.9993058481165202,1.000110921849034
0.9935427852898014,1.000865301488832
0.9872463314910332,1.001387077957733
0.9810218513424978,1.0016434676268864
0.999305848211124,1.0001644031811865
0.9984094653746661,1.0005513403959367
0.9977486472532205,1.0008041612060878
0.9935427852898014,1.0009260535213091
0.9935427852898014,1.0010374548305205
0.9935427852898014,1.0014257453309214
0.9871975554056123,1.0015152584230016
0.9872463314910332,1.0015156380807053
0.9739732649175725,1.001752774301821
0.9809800364639759,1.0019114261614834
,,egauge8617,egauge18544,egauge30039,egauge9102,egauge3608,egauge14018,egauge14795,egauge28351,egauge17311,egauge16608
,,1,1,1,1,1,1,1,1,1,1
,,1,1,1,1,1,1,1,1,1,1
0.9993482580194232,1.0000770134158696
0.9936107786012616,1.000404809929554
0.9873432563290311,1.0005850447223112
0.9811118462538891,1.0007386963224092
0.9993482581139839,1.0001677596899587
0.9992051513091845,1.0008971372651614
0.9983377369680855,1.000763997016345
0.9936107786012616,1.000545620026478
0.9936107786012616,1.000337438589945
0.9936107786012616,1.001043201540653
0.9873188670320687,1.000666646562975
0.9873432563290312,1.0006599624444894
0.9740624928480515,1.0008303979507447
0.9810595723906393,1.000960558222389
,,egauge15601,egauge9102,egauge8253,egauge3167,egauge8617,egauge20670,egauge16608,egauge13836,egauge30378,egauge33764
,,1,1,1,1,1,1,1,1,1,1
,,1,1,1,1,1,1,1,1,1,1
0.9993524123521067,1.0001147432066304
0.9935890321136713,1.0008164315366816
0.9872922315356142,1.0014062893438327
0.9810674085784454,1.0017332297274102
0.9984618089959068,1.0006177368007858
0.9984058956480008,1.0005207575931327
0.9978182770216452,1.0002958461943365
0.9935890321136713,1.00089900286624
0.9935890321136713,1.0008483753656006
0.9935890321136713,1.0013633283683283
0.9872434527607545,1.0014848488409425
0.9872922315356142,1.001852180002588
0.9740184339577591,1.0019154425495391
0.9810255913961294,1.0020119398290204
,,egauge18158,egauge5198,egauge14018,egauge20358,egauge17311,egauge30378,egauge21932,egauge4183,egauge15601,egauge13836
,,1,1,1,1,1,1,1,1,1,1
,,1,1,1,1,1,1,1,1,1,1
0.9998576479457988,1.0001043441050028
0.9988701404564121,1.0008028159394444
0.9978608450447558,1.001411946274276
0.996944318752711,1.0018929177013707
0.9994975323057466,1.0004250647921709
0.998198614435419,1.000482728918566
0.9974352646286488,1.000861108993836
0.9988701404564121,1.000888856661943
0.9988701404564121,1.0009141931132086
0.9979421525481584,1.0010557520716314
0.9978237924154464,1.0014119462346707
0.9977968470690395,1.0016262411779147
0.9959022237906331,1.0021043316659128
0.996944318752711,1.0023862377610768
,,egauge30378,egauge15623,egauge3166,egauge16133,egauge19810,egauge14018,egauge15601,egauge27467,egauge8816,egauge13836
,,1,1,1,1,1,1,1,1,1,1
,,1,1,1,1,1,1,1,1,1,1
0.9993542705125025,1.0001010643469186
0.9936132860608209,1.0008316727897002
0.9873409476775004,1.0015663124822092
0.9811405892371967,1.0018420140943674
0.999126206409264,1.0003434637349058
0.9993021099793424,1.0003501575886031
0.998126307323491,1.0002804441822044
0.9936132860608209,1.0009633079836393
0.9936132860608209,1.0004572420664213
0.9936132860608209,1.001527479639057
0.9872921660098515,1.0017607072233734
0.9873409476775004,1.001855688893205
0.9740909942629223,1.0019294777067105
0.9811405892371967,1.0021743859652312
,,egauge19821,egauge30378,egauge20358,egauge16608,egauge7731,egauge16616,egauge19696,egauge3167,egauge15601,egauge13836
,,1,1,1,1,1,1,1,1,1,1
,,1,1,1,1,1,1,1,1,1,1
0.9993540292431149,1.0001539401443493
0.993644521604506,1.0010311533515552
0.9874075521086989,1.001697344422431
0.9812066951636054,1.0021784449747928
0.9993481458884451,1.0007854826389129
0.9984352635584471,1.000600869073802
0.9991830876566071,1.000467769284439
0.993644521604506,1.0012134712816294
0.993644521604506,1.0012945266029607
0.9936445216045058,1.0011470692881514
0.9873831609259877,1.0017883406823387
0.9874075521086989,1.0017830782669848
0.9741565334073276,1.0025073849744839
0.9812066951636054,1.002521679024738
,,egauge19810,egauge33764,egauge20925,egauge15623,egauge3611,egauge14018,egauge16616,egauge23534,egauge22271,egauge16608
,,1,1,1,1,1,1,1,1,1,1
,,1,1,1,1,1,1,1,1,1,1
0.9993450751985539,1.0000794463703049
0.9936041531725434,1.0008077057094136
0.9873318829893312,1.0012549884474213
0.9811315919645879,1.0015754530140393
0.9986957503965456,1.0000364377405482
0.9991541943485287,1.0005671542803445
0.997954462114314,1.0006746389633423
0.9936041531725434,1.0009292100827236
0.9936041531725434,1.0009190833904018
0.9936041531725434,1.0015034906689928
0.9872831018530931,1.0012715224251896
0.9873318829893312,1.0015513338319741
0.9740820736398255,1.0018086554150025
0.9811315919645879,1.0017683503460184
,,egauge16133,egauge2850,egauge4183,egauge32290,egauge19696,egauge16616,egauge20358,egauge13974,egauge28351,egauge20670
,,1,1,1,1,1,1,1,1,1,1
,,1,1,1,1,1,1,1,1,1,1
0.9993540292473592,1.0000090982710605
0.9936445216110215,1.0004233349659666
0.9874075521159236,1.0008100616251678
0.9812066951716539,1.0010278306824638
0.9987050939444159,1.0001546321451753
0.9956915100763566,1.0000090982710605
0.999174992673156,1.000467802955508
0.9936445216110215,1.0003626233187937
0.9936445216110215,1.0006471524587401
0.9936445216110215,1.0009138605637256
0.9873831609331288,1.000859641541766
0.9874075521159236,1.0009706584915008
0.9741565334165705,1.0011079279770332
0.9812066951716539,1.0012741674326575
,,egauge14018,egauge24121,egauge17073,egauge22785,egauge8253,egauge16616,egauge28351,egauge8617,egauge26086,egauge7729
,,1,1,1,1,1,1,1,1,1,1
,,1,1,1,1,1,1,1,1,1,1
0.9993540292473592,1.0000825667899214
0.9936445216110215,1.0004605616134754
0.9874075521159236,1.0008402703633708
0.9812066951716539,1.0011093022873783
0.9985916172823024,1.0004677703087874
0.9982775228204259,1.0003424389726903
0.998893968064692,1.0007919701374268
0.9936445216110215,1.0004546269100658
0.9936445216110215,1.000480801651098
0.9936445216110215,1.0009138605637256
0.9873831609331288,1.0008981162774684
0.9874075521159236,1.0008830917780012
0.9741565334165705,1.001385684463397
0.9812066951716539,1.0012750603105058
,,egauge14795,egauge19821,egauge8253,egauge30039,egauge27467,egauge2474,egauge22271,egauge22084,egauge16616,egauge19810
,,1,1,1,1,1,1,1,1,1,1
,,1,1,1,1,1,1,1,1,1,1
0.9993385113666448,1.0000834474018174
0.9935976339543177,1.000392231966181
0.987325412519837,1.0004816725127235
0.981125169685659,1.00067374721728
0.9988288217536894,1.0004137926035688
0.9987727887939131,1.0012772136154602
0.9978469172948563,1.0001646822862755
0.9935976339543177,1.0007161623099874
0.9935976339543177,1.0007342751642114
0.9935976339543177,1.0009389030653855
0.9872766317616892,1.0004816724780374
0.987325412519837,1.0005351772835842
0.9740757061509686,1.0008921386829537
0.981125169685659,1.00067374721728
,,egauge22785,egauge17311,egauge26086,egauge8816,egauge16616,egauge3611,egauge9102,egauge22271,egauge20925,egauge19696
,,1,1,1,1,1,1,1,1,1,1
,,1,1,1,1,1,1,1,1,1,1
0.9993481187592588,1.000085951950038
0.9936386510473396,1.0007036124958553
0.9874017251665064,1.0012879481483459
0.981200911583693,1.001669791427232
0.9988375177224921,1.0001117165526585
0.9986825258357692,1.0004344289621276
0.9985548162467898,1.00087498078653
0.9936386510473396,1.000814976622283
0.9936386510473396,1.0007571931928485
0.9936386510473396,1.000905966805423
0.9873773341542884,1.0013540933505953
0.9874017251665066,1.0016152134843284
0.9741507991287863,1.001881149655188
0.981200911583693,1.0020449925202326
,,egauge13830,egauge21932,egauge18158,egauge7692,egauge30378,egauge19696,egauge27467,egauge22271,egauge32290,egauge9102
,,1,1,1,1,1,1,1,1,1,1
,,1,1,1,1,1,1,1,1,1,1
0.9993562418399123,1.0000958934552397
0.9936152439986925,1.0007754680519994
0.9873428909861623,1.0012269743669298
0.9811425180846162,1.0012910521480518
0.9993562419335341,1.0003284087214
0.9993562418399123,1.0000958934552397
0.9990408520696349,1.0007955747825132
0.9936152439986925,1.0009070945069523
0.9936152439986925,1.0009680833003853
0.9936152439986923,1.0014606241346342
0.9872941092047387,1.0013509961509806
0.9873428909861623,1.0015698233260246
0.9740929066684956,1.0012473555087176
0.9811425180846162,1.001462454951984
,,egauge28684,egauge18158,egauge33764,egauge8253,egauge7731,egauge3611,egauge2850,egauge22084,egauge3608,egauge13830
,,1,1,1,1,1,1,1,1,1,1
,,1,1,1,1,1,1,1,1,1,1
0.9993562418399123,1.0000416789533375
0.9936152439986925,1.0004237217968917
0.9873428909861623,1.0007759477023819
0.9811425180846162,1.0009232395768333
0.9993562419335341,1.000199730575791
0.9990408305241146,1.0006499774075819
0.9990426746581706,1.000613537743219
0.9936152439986925,1.0004237217968917
0.9936152439986925,1.0004237217968917
0.9936152439986923,1.0009421940818914
0.9872941092047387,1.0007759476883737
0.9873428909861623,1.0011210671865696
0.9740929066684956,1.0010907123269972
0.9811425180846162,1.000923239576833
,,egauge4183,egauge28351,egauge3611,egauge23534,egauge17073,egauge3608,egauge8816,egauge20925,egauge18350,egauge24121
,,1,1,1,1,1,1,1,1,1,1
,,1,1,1,1,1,1,1,1,1,1
0.9993468057050221,1.0000748300587712
0.9936373468616225,1.0005595630867148
0.9874004306696832,1.0008934053600327
0.9811996267195536,1.0010343020337726
0.999346805799514,1.000257795781244
0.9979691932224982,1.0003520859299777
0.9976560735260589,1.0003101883013366
0.9936373468616225,1.000744345616021
0.9936373468616225,1.0007949819511828
0.9936373468616225,1.0009138605637249
0.9873760396953946,1.0009388578856437
0.9874004306696834,1.0011397030257922
0.9741495252165006,1.0010998355626082
0.9811996267195536,1.0011735193367175
,,egauge13836,egauge19821,egauge8816,egauge8253,egauge20407,egauge22084,egauge32290,egauge30378,egauge13830,egauge8617
,,1,1,1,1,1,1,1,1,1,1
,,1,1,1,1,1,1,1,1,1,1
0.9993529564713668,1.0000725888183626
0.9936119809485603,1.0002160583389712
0.9873396523214721,1.0004400835631968
0.9811393035255684,1.0005168874041308
0.999352956564989,1.0005466065549773
0.9987966297630091,1.0012644545888527
0.9958186004518016,1.000851567844964
0.9936119809485603,1.0002160583389712
0.9936119809485603,1.0002160583389712
0.9936119809485602,1.0009362708908642
0.987290870729576,1.0004400835631961
0.987339652321472,1.0006862493926845
0.9740897195164878,1.0006146656875745
0.9811393035255684,1.0005191994038067
,,egauge8253,egauge22271,egauge28684,egauge30378,egauge2850,egauge15601,egauge5198,egauge26086,egauge3611,egauge22785
,,1,1,1,1,1,1,1,1,1,1
,,1,1,1,1,1,1,1,1,1,1
0.9993481187592588,1.0000489632367877
0.9936386510473396,1.0002611137926525
0.9874017251665064,1.0006350159228492
0.981200911583693,1.0006414165825783
0.9988105207503785,1.0001225297670369
0.9991476880084026,1.000829019009203
0.9987532358419617,1.0004359679783068
0.9936386510473396,1.0004635098944752
0.9936386510473396,1.0001527289646153
0.9936386510473396,1.000905966805423
0.9873773341542884,1.0007135039678594
0.9874017251665066,1.0010633209535935
0.9741507991287863,1.00067173979897
0.981200911583693,1.0006414165825783
,,egauge13974,egauge15623,egauge15601,egauge22785,egauge18350,egauge19696,egauge18158,egauge2474,egauge9102,egauge32290
,,1,1,1,1,1,1,1,1,1,1
,,1,1,1,1,1,1,1,1,1,1
0.999349671989488,1.0000882604584589
0.9936087187797418,1.0006085738173058
0.9873364145317775,1.0009314660451962
0.981136089835303,1.0009506822103287
0.9991226454200484,1.0002448952622371
0.9992898598962343,1.0003849769374142
0.9970992687679898,1.0010948138025082
0.9936087187797418,1.0006794305560314
0.9936087187797418,1.0007199254326977
0.9936087187797418,1.001402172573161
0.9872876331293355,1.0010595777808637
0.9873364145317777,1.001124217210786
0.9740865332262664,1.0010216721027994
0.9811360898353029,1.0008864498327519
,,egauge13836,egauge5198,egauge18350,egauge15623,egauge17073,egauge14795,egauge16133,egauge26944,egauge8816,egauge32290
,,1,1,1,1,1,1,1,1,1,1
,,1,1,1,1,1,1,1,1,1,1
0.9993540292431149,1.0000978404854788
0.993644521604506,1.0006943660215473
0.9874075521086989,1.000985408375692
0.9812066951636054,1.0010046328607631
0.99935402933761,1.0005893581435483
0.9981511877759727,1.0004624883524507
0.9991830876566071,1.0003534284049815
0.993644521604506,1.0008259798705097
0.993644521604506,1.0009143708897998
0.9936445216045058,1.0012887972008462
0.9873831609259877,1.001049898087092
0.9874075521086989,1.0013335946497839
0.9741565334073276,1.0010920100953475
0.9812066951636054,1.000926160659659
,,egauge14018,egauge18350,egauge22271,egauge17073,egauge16616,egauge13836,egauge28351,egauge22785,egauge19810,egauge20358
,,1,1,1,1,1,1,1,1,1,1
,,1,1,1,1,1,1,1,1,1,1
0.9993542705082323,1.000066342360983
0.9936132860579101,1.000470632301088
0.9873409476785117,1.0007523930236495
0.9811405892421518,1.0008292252044242
0.9986235471991362,1.0004515384927255
0.9993542705082323,1.0003354108380675
0.9991425667527726,1.0008976989377747
0.9936132860579101,1.000565115874142
0.9936132860579101,1.0004706323010881
0.9936132860579099,1.001206849010219
0.9872921660108555,1.0007523930174516
0.9873409476785117,1.0010998236698223
0.9740909942720082,1.0009165843395007
0.9811405892421518,1.0008292252044242
,,egauge3611,egauge19696,egauge17311,egauge4183,egauge19810,egauge8253,egauge14018,egauge2474,egauge28684,egauge21932
,,1,1,1,1,1,1,1,1,1,1
,,1,1,1,1,1,1,1,1,1,1
0.9993540292431149,1.0000479981372736
0.993644521604506,1.0003033749293686
0.9874075521086989,1.0007526327460516
0.9812066951636054,1.0008358689616654
0.9987337423603707,1.0002069202004589
0.9969196662842656,1.000820556459687
0.9985618110584603,1.0004430938024322
0.993644521604506,1.0004908652351934
0.993644521604506,1.0001619185062027
0.9936445216045058,1.000914518607435
0.9873831609259877,1.0009013798816562
0.9874075521086989,1.000998889439757
0.9741565334073276,1.0009305095671857
0.9812066951636054,1.0008358689616654
,,egauge3166,egauge17073,egauge2850,egauge22084,egauge20358,egauge21932,egauge24121,egauge32290,egauge20925,egauge30039
,,1,1,1,1,1,1,1,1,1,1
,,1,1,1,1,1,1,1,1,1,1
0.9998097829353936,1.0000059187965509
0.9987571811262888,1.000246180588275
0.9976439089461602,1.0006086517830515
0.9970898908950641,1.0009609277429377
0.9995748381469763,1.0000437292665587
0.9989374011992996,1.000674949191102
0.9954093877684848,1.0000023295851952
0.9985552413780872,1.0001379789994995
0.9987773804014463,1.0003755564474621
0.998757181126289,1.0008553868840726
0.9972983097001548,1.0006494436268554
0.997354725562671,1.0005444451871917
0.9961167366296989,1.001128406971341
0.9971590987545836,1.001303668101914
,,egauge5198,egauge8253,egauge3166,egauge16608,egauge2474,egauge15623,egauge14018,egauge20358,egauge3611,egauge13836
,,1,1,1,1,1,1,1,1,1,1
,,1,1,1,1,1,1,1,1,1,1
0.9993515518390437,1.0000929976681474
0.9936368156814834,1.0008916102460061
0.9873939698687608,1.0014566825617668
0.9811932211201336,1.0017131168648914
0.9989997522387205,1.000285841084553
0.9980058859311414,1.0002182516738096
0.99911652511801,1.0002881141743625
0.9936368156814837,1.0010738981374203
0.9936368156814837,1.0011245475523647
0.9936368163720186,1.0011234355730498
0.9873655091048992,1.0016055534718695
0.987393969868761,1.0016066855567947
0.9741431824152459,1.0017714150614199
0.9811932211201336,1.002056162594122
,,egauge8253,egauge32290,egauge15601,egauge22785,egauge16616,egauge20670,egauge20407,egauge33764,egauge26086,egauge3167
,,1,1,1,1,1,1,1,1,1,1
,,1,1,1,1,1,1,1,1,1,1
0.9993522080459659,1.0000622463412856
0.9936374620742896,1.0004781024599818
0.9873946057130728,1.0008045309236815
0.9811938464493805,1.0010543387344386
0.9988277689246936,1.0001547193646598
0.9981022412183989,1.0000220292034043
0.9970831625532791,1.00106409259586
0.9936374620742897,1.000498342917069
0.9936374620742897,1.000528705413104
0.9936374620742894,1.0010481522928334
0.9873661449268614,1.0007425645191186
0.987394605713073,1.0011043590401014
0.9741437957924316,1.0012946835609695
0.9811938464493805,1.0011455651174763
,,egauge17073,egauge19821,egauge19810,egauge14795,egauge7729,egauge16616,egauge7692,egauge22084,egauge2474,egauge26086
,,1,1,1,1,1,1,1,1,1,1
,,1,1,1,1,1,1,1,1,1,1
0.9997830962188536,1.0000793228677232
0.9985256232846058,1.0006191885155606
0.9977540783858311,1.000909704291841
0.9973592851508791,1.0012300445806885
0.9993798573967734,1.000382264349734
0.9988146161687969,1.0012599973536853
0.9974162303264672,1.000060642375639
0.9982430117218263,1.0009229473958148
0.9973413040702,1.0007710407847747
0.9979117547215617,1.0007350480660842
0.9973508529547687,1.0009634225020458
0.9976367709476525,1.0007277466172435
0.9967869784898961,1.001397577991944
0.9973273041015923,1.0015193061631067
,,egauge2850,egauge33764,egauge22084,egauge2474,egauge4183,egauge16133,egauge18158,egauge20358,egauge27467,egauge14795
,,1,1,1,1,1,1,1,1,1,1
,,1,1,1,1,1,1,1,1,1,1
0.9997828586638691,1.0000031836584187
0.9988805538090619,1.0008828788337885
0.9984725510739775,1.0015773449350829
0.9981296067157599,1.00200060848655
0.997598685545348,0.9999997190971766
0.9990918231296685,1.0005337111632402
0.9986354820211133,0.9999997190971769
0.9980833363001771,1.0010550357049124
0.9987400637096377,1.0010651647971853
0.996884223361978,1.001140770267342
0.9983860396444703,1.0017138272918218
0.9983658158937678,1.0016952166901325
0.9980352896504388,1.0022485151230105
0.9974041942167119,1.002343770326075
,,egauge5198,egauge7729,egauge4183,egauge7692,egauge32290,egauge22785,egauge16608,egauge18544,egauge24121,egauge19810
,,1,1,1,1,1,1,1,1,1,1
,,1,1,1,1,1,1,1,1,1,1
0.9997863010357223,1.0000430832112168
0.9982762860241103,1.000218736070848
0.9973680242395974,1.0003835816750883
0.9965218982390449,1.0002301612295132
0.9988997926625542,1.0002340134938044
0.9971395129012296,1.0003617312985056
0.9991754183886085,1.0004727911222835
0.9972882622542497,1.0003502759796048
0.9976361044735058,1.0001575089255037
0.9969128749320748,1.0002548880005353
0.9973474516038324,1.0004579163461473
0.9973147230502714,1.0007475052544361
0.9963626011601312,1.0003247341485173
0.9953413795535461,0.9999997190971769
,,egauge26086,egauge30039,egauge14795,egauge19821,egauge7729,egauge22084,egauge19696,egauge2474,egauge5198,egauge27467
,,1,1,1,1,1,1,1,1,1,1
,,1,1,1,1,1,1,1,1,1,1
0.9997742683719845,1.000136492287006
0.9979241611190101,1.0009281036464843
0.9964161424666067,1.001459290742478
0.9957674551430707,1.0017092990010943
0.9993546008643287,1.0004929700004506
0.9991856677460293,1.0007705685689297
0.9970454374528671,1.0007983109808418
0.9977425900127599,1.0015259209356473
0.9972890030406745,1.0010800113367777
0.9977317467058217,1.0005998869069048
0.9958534506429867,1.0015502614861402
0.9963629014338687,1.0017057530150801
0.9951528725604564,1.001796098607767
0.9955866024513292,1.0020195204602163
,,egauge26086,egauge33764,egauge19810,egauge28351,egauge3167,egauge8816,egauge4183,egauge3608,egauge14018,egauge22271
,,1,1,1,1,1,1,1,1,1,1
,,1,1,1,1,1,1,1,1,1,1
0.9997772199064865,1.0000739770483105
0.9983265227515603,1.0007142884637716
0.9976984278626762,1.0012032408530256
0.9973224442495373,1.0016198995739012
0.99923409967861,1.0004646338597267
0.9991392510275248,1.0006296203626124
0.9974396280999035,0.9999997190985475
0.9978193398353025,1.0008661577906377
0.9982659615561713,1.0008054035425031
0.9947411030714209,1.0011691299801277
0.9976531516592186,1.001261111573702
0.996654540798351,1.0011818225906997
0.9965299229178836,1.0018822757756647
0.99715483275283,1.0020007207229467
,,egauge5198,egauge15623,egauge26086,egauge3611,egauge33764,egauge4183,egauge20407,egauge21932,egauge14018,egauge17311
,,1,1,1,1,1,1,1,1,1,1
,,1,1,1,1,1,1,1,1,1,1
0.9998544591839026,1.0000716364882816
0.9988669298788364,1.0004780777824842
0.9982086781618013,1.000643123102687
0.9974824650542419,1.0008992786538804
0.9989477594271833,1.0002855924312335
0.9993290500152873,1.0003508254759055
0.03328292539515519,0.03336408330365702
0.9978468618779517,1.0005681274763052
0.9987909716529146,1.000660276649116
0.9986345683249517,1.0009029800253892
0.9980718515775067,1.0005811685134263
0.9982086781618013,1.000643123102687
0.9966422550021796,1.0010958782444603
0.9972653585538196,1.0010384737516842
,,egauge13836,egauge22084,egauge27467,egauge30378,egauge19821,egauge24121,egauge3166,egauge20925,egauge3608,egauge15623
,,1,1,1,1,1,1,1,1,1,1
,,1,1,1,1,1,1,1,1,1,1
0.9926158385515518,1.0000997870876034
0.926742324331146,1.0008123809048972
0.854694560392725,1.0010416652648844
0.7826901959949283,1.0010993139478384
0.9926158388873988,1.0005417291725378
0.9926158385515518,1.0000106848840675
0.9925098446564101,1.0008644616467375
0.9266037728773117,1.0010250378097763
0.926742324331146,1.0014101164827627
0.9267423286003394,1.0010635072150342
0.8546843059816777,1.0010581957950615
0.8546945603927251,1.0012880060541998
0.7008900702777208,1.0010774699998544
0.7826499178592694,1.0012278304528572
,,egauge22084,egauge3608,egauge33764,egauge15601,egauge20925,egauge26086,egauge20670,egauge32290,egauge13836,egauge8253
,,1,1,1,1,1,1,1,1,1,1
,,1,1,1,1,1,1,1,1,1,1
0.9926119197444605,1.000076817371685
0.926738665696649,1.0008394967566496
0.8546911862303088,1.0011165173110153
0.7826871061187665,1.0013664068028134
0.9926119200802977,1.0000106848811812
0.9926119197444603,1.000036851207481
0.9923787675963335,1.0006340548650992
0.9266001148989285,1.001315606083414
0.9267386656966489,1.0010622899938937
0.926738669965795,1.0013750576963438
0.8546809318686456,1.0011950500053968
0.8546911862303089,1.001041565810391
0.7008873033653338,1.0016724364648304
0.7826468281420821,1.0013985423629872
,,egauge20670,egauge18158,egauge22271,egauge24121,egauge7729,egauge16608,egauge3611,egauge28684,egauge18544,egauge30378
,,1,1,1,1,1,1,1,1,1,1
,,1,1,1,1,1,1,1,1,1,1
0.992553939018626,1.0001161617067216
0.9266845334656898,1.0008061206956647
0.8546412619788193,1.001290588000887
0.7826413871007718,1.0016431364702258
0.9925539393543981,1.0004023014603403
0.9925539390186259,1.0007652453917426
0.9904392648304597,1.0009267673848115
0.9265459923754061,1.0009377519157963
0.9266845334656898,1.0009616379387982
0.9266845377347671,1.0011538710736656
0.8546310083479608,1.0013236594246178
0.8546412619788193,1.0014298474337584
0.7008463617033377,1.001890938719282
0.7826011114774998,1.0018682103337113
,,egauge18350,egauge20925,egauge9102,egauge17311,egauge8617,egauge7731,egauge8816,egauge14795,egauge18158,egauge15601
,,1,1,1,1,1,1,1,1,1,1
,,1,1,1,1,1,1,1,1,1,1
0.9926125727846923,1.0000952154248488
0.9267392753718519,1.0008581587303609
0.854691748496942,1.0014973024839209
0.7826876210082045,1.00189485443842
0.9926125731205339,1.0002150282907178
0.9926125727846923,1.0006313137568112
0.9924006110965163,1.0004778047159413
0.9266007244647926,1.0009695431429564
0.9267392753718519,1.0008480343215855
0.926739279641013,1.0013025842163514
0.8546814941270506,1.0015221118430369
0.8546917484969421,1.0018402607210657
0.7008877644312371,1.0021354375540317
0.7826473430050345,1.0022057942245723
,,egauge32290,egauge19696,egauge7731,egauge30039,egauge16608,egauge26086,egauge13974,egauge4183,egauge7692,egauge19821
,,1,1,1,1,1,1,1,1,1,1
,,1,1,1,1,1,1,1,1,1,1
0.9926164918578871,1.000126012347085
0.9267429343350042,1.0010859131321623
0.8546951229983932,1.0017166924172547
0.7826907112302319,1.0021786624727167
0.9926164921937163,1.0000511811239332
0.9926164918578871,1.000839788833157
0.9924957158378411,1.0008917806849607
0.9266043827718057,1.0013493033582517
0.9267429343350042,1.001268242826402
0.9267429386041516,1.0016117755996419
0.8546848685791023,1.0017704618025423
0.854695122998393,1.0018667413996338
0.700890531702569,1.0022734530731425
0.7826504330680193,1.002811715944712
,,egauge27467,egauge19696,egauge15623,egauge7692,egauge24121,egauge17073,egauge16616,egauge28351,egauge19821,egauge14018
,,1,1,1,1,1,1,1,1,1,1
,,1,1,1,1,1,1,1,1,1,1
0.992529267640237,1.0001369711710735
0.9266615005992245,1.0010317559797774
0.8546200209109654,1.001767591636208
0.7826219366764576,1.002377190458973
0.9925292679759723,1.0004624161808653
0.992529267640237,1.0008384463744664
0.9895998891602158,1.0003937511003602
0.926522963639598,1.001163422253276
0.9266615005992245,1.0011634222686205
0.9266615048676239,1.0013436212728708
0.8546097675909207,1.0017924089165942
0.8546200209109657,1.0019176496378075
0.7008289455198005,1.0028076649350985
0.7825816620528943,1.00276343857349
,,egauge9102,egauge5198,egauge15623,egauge4183,egauge33764,egauge7731,egauge3608,egauge17311,egauge16608,egauge30039
,,1,1,1,1,1,1,1,1,1,1
,,1,1,1,1,1,1,1,1,1,1
0.992529267640237,1.000090184922686
0.9266615005992245,1.0007370304125107
0.8546200209109654,1.0010647880690904
0.7826219366764576,1.0013339211750452
0.9925292679759723,1.0003125656212757
0.992529267640237,1.0004770888329668
0.9895998891602158,1.000411166411366
0.926522963639598,1.0009091576957396
0.9266615005992245,1.000980053939127
0.9266615048676239,1.0013190527397942
0.8546097675909207,1.001052390250638
0.8546200209109657,1.0011932993372739
0.7008289455198005,1.0014988452605527
0.7825816620528943,1.001676813298983
,,egauge3167,egauge20925,egauge20358,egauge4183,egauge23534,egauge33764,egauge2850,egauge30039,egauge18158,egauge20670
,,1,1,1,1,1,1,1,1,1,1
,,1,1,1,1,1,1,1,1,1,1
0.9998313340571374,1.000039004818252
0.9982711392085362,1.0002737026446982
0.9967211754847913,1.0002180417578497
0.9964728307926047,1.000403646077835
0.9995523719110382,1.0001510121952784
0.9980693560774838,1.0006158580933986
0.9981221413626153,1.000336474382911
0.9981702152733213,1.0004545242213532
0.9980374656483947,1.000576004060688
0.9979133826601051,1.0006621195820364
0.9958750621865897,1.0000392319201465
0.9966253117731725,1.0004641429391856
0.996291826551678,1.0004691683049094
0.9963237628117757,1.0006532661305512
,,egauge20925,egauge33764,egauge26944,egauge13830,egauge17073,egauge18350,egauge20407,egauge5198,egauge30378,egauge19821
,,1,1,1,1,1,1,1,1,1,1
,,1,1,1,1,1,1,1,1,1,1
0.9998204455978222,1.0001205532482973
0.9983982683342508,1.0007738851574897
0.9970190403304178,1.0012479715592841
0.9967069465366496,1.0017610015007017
0.9989970037443927,1.0003730262149002
0.9991783868147388,1.0006089627735315
0.9973271987062867,1.0008270591240505
0.9982973291977698,1.000951287493116
0.9982569602991384,1.0010144689404041
0.9982442433031582,1.0009567599073423
0.9966613677015402,1.0011735740138805
0.9961142093076693,1.0013657975411396
0.9962053792528544,1.001914059950076
0.9964535840748749,1.0023937433010672
,,egauge18158,egauge18350,egauge4183,egauge20670,egauge30039,egauge13836,egauge15623,egauge8617,egauge24121,egauge26944
,,1,1,1,1,1,1,1,1,1,1
,,1,1,1,1,1,1,1,1,1,1
0.9998635446651736,1.0001077987216032
0.9987865948786463,1.0008832287861813
0.9978206207010958,1.001272679484172
0.9969105352049713,1.0015675262658321
0.9995144572747923,1.0004534954426891
0.9994407029185821,1.000347682271715
0.9994690782590372,1.0005221898200893
0.9984130692431239,1.0011262936795526
0.9987863754470986,1.0012073464003959
0.9985747276249065,1.0015317892203215
0.9977795283542868,1.001322286528596
0.9977139680332227,1.0013155227628612
0.9962053792528544,1.0016622486238345
0.9956444824233711,1.0019212357970515
,,egauge16616,egauge3611,egauge7692,egauge19821,egauge14018,egauge30378,egauge17073,egauge4183,egauge15601,egauge28684
,,1,1,1,1,1,1,1,1,1,1
,,1,1,1,1,1,1,1,1,1,1
0.9998045521591836,1.0001321141881188
0.9986842670419009,1.0012525035805047
0.9978241460774239,1.00179661711665
0.9969901945771208,1.002175069505765
0.9996813139129973,1.0001962942063123
0.9977318813880036,1.0003965283694245
0.9977354275585576,1.0004204092077351
0.9984130692431239,1.0018505497291363
0.9978966169344928,1.0016173129952253
0.9978038398867148,1.001658453819782
0.9977795283542868,1.0018586651957286
0.9977601511095799,1.0019466802978456
0.9960564794612417,1.0025178729779782
0.9968723297473776,1.002303749250418
,,egauge8617,egauge24121,egauge32290,egauge18544,egauge22271,egauge23534,egauge3608,egauge15623,egauge8253,egauge16616
,,1,1,1,1,1,1,1,1,1,1
,,1,1,1,1,1,1,1,1,1,1
0.9998465027593026,1.0000573296747715
0.9986415871885461,1.0006130050597772
0.9974565417185075,1.000742362662808
0.9968833948187094,1.000799981770224
0.9993752579094147,1.0001261142219027
0.9982659420357505,1.0003171941040594
0.9979632414022439,0.999999719104076
0.9984130692431239,1.000991483619436
0.9986112942213999,1.000937019911261
0.9983142569013363,1.0010877044829085
0.9970534593125295,1.0007258386138909
0.9974245569024002,1.0009029467031467
0.9962053792528544,1.0008290984686194
0.9967662083589353,1.0008535066589004
,,egauge16133,egauge21932,egauge18544,egauge22785,egauge7731,egauge8617,egauge14795,egauge4183,egauge3166,egauge30378
,,1,1,1,1,1,1,1,1,1,1
,,1,1,1,1,1,1,1,1,1,1
0.9998672621307358,1.0000888659838483
0.9987295082673083,1.0006476666154014
0.9978700942848306,1.001085937667104
0.9970867824098154,1.001246103459204
0.9987384655096464,1.0002514220309
0.9998672621307358,1.000088865983848
0.9992057453617663,1.000948678139675
0.9980130803641103,1.0007008237478654
0.9986790158897549,1.0009210490291096
0.9981082585637525,1.000724905394169
0.9977795283542868,1.0012140728466201
0.9978544405684063,1.0012542543760456
0.9962053792528544,1.0012752354948198
0.9967694990317079,1.0014710719083875
,,egauge20407,egauge17311,egauge9102,egauge20925,egauge13836,egauge2850,egauge30378,egauge14018,egauge22271,egauge28351
,,1,1,1,1,1,1,1,1,1,1
,,1,1,1,1,1,1,1,1,1,1
0.9997765054590264,1.0000404999188293
0.9981547097181698,1.0003298876068707
0.9973493001122332,1.0008650052224133
0.9967328708693787,1.0011725165683278
0.9989158401435496,0.9999997191363662
0.9986149049184174,1.0004013219134045
0.998218440620343,1.0004615528883043
0.9980986723316451,1.0004711423584771
0.9980941608250616,1.0007550655101605
0.994209215993063,0.9999997194502245
0.9972546766497487,1.0009021920511818
0.9966691901905214,1.0011541420212335
0.9966531948480766,1.0014566146373183
0.9958177169309137,1.0012689085335489
,,egauge33764,egauge18350,egauge30039,egauge13974,egauge3166,egauge28351,egauge5198,egauge27467,egauge20358,egauge28684
,,1,1,1,1,1,1,1,1,1,1
,,1,1,1,1,1,1,1,1,1,1
0.9998500737035008,1.0001021354515454
0.9987682716997391,1.0006581133621755
0.9979661907384063,1.0011124296684832
0.9972786107972947,1.0012933378755664
0.9995203039411618,1.0003817536388304
0.9994468720417643,1.0003480604791701
0.9992068067628707,1.000850293873546
0.9981324822485695,1.0007974525893115
0.9984871488651011,1.0007087270797244
0.9969420416973567,1.000926425634547
0.9979121229023115,1.0011578939718164
0.9977315495841865,1.001508820119894
0.997278610797295,1.0013734602816855
0.9959936992029033,1.0014968869304526
,,egauge18544,egauge14795,egauge2474,egauge8617,egauge19821,egauge32290,egauge22785,egauge3608,egauge16608,egauge9102
,,1,1,1,1,1,1,1,1,1,1
,,1,1,1,1,1,1,1,1,1,1
0.9997827343031194,1.0001038979550079
0.9982987296544926,1.0005698820800766
0.997020204048775,1.0007705152461857
0.9964919912140877,1.0009882632649933
0.9995001452283123,1.0004964717611864
0.9978591532056901,1.0007222963127407
0.9980116675062778,1.000638112723065
0.9981978024226319,1.0006017141139232
0.9978749969635802,1.0011775818053872
0.9968860946263226,1.0004540609204067
0.9969215054750439,1.0007787777863713
0.9959771600255418,1.0007384046693348
0.996419578780328,1.0011229868628708
0.9957152712901127,1.0011596048244613
,,egauge28684,egauge19810,egauge22785,egauge24121,egauge3166,egauge14795,egauge3167,egauge8253,egauge2850,egauge15623
,,1,1,1,1,1,1,1,1,1,1
,,1,1,1,1,1,1,1,1,1,1
0.999735179676031,0.9999997190971776
0.9978321610283316,0.9999997190971776
0.9959416642707086,0.9999997190971773
0.9946030952500283,0.9999997190971776
0.999358915427835,1.0001363856353347
0.9976206263631436,0.9999997190971773
0.9980289722615961,1.000081792345074
0.9975901099957529,0.9999997190971776
0.9978119848011237,0.9999997190971776
0.9968825650474716,1.0000486332140335
0.9959252339135537,0.9999997190971771
0.9950191821895022,0.9999997190971776
0.9931100407492773,0.9999997190971778
0.9945605934566224,0.9999997190971776
,,egauge19821,egauge20670,egauge2474,egauge18158,egauge8617,egauge16133,egauge13836,egauge17073,egauge2850,egauge17311
,,1,1,1,1,1,1,1,1,1,1
,,1,1,1,1,1,1,1,1,1,1
0.9997542060834625,1.0000613578085094
0.9982545362099354,1.0002042483954392
0.9968329720312278,1.0002714695367976
0.995505687666326,0.9999997190971776
0.9992066187412929,1.0006123555875208
0.9991973220386283,1.00063910006634
0.9979928959789602,1.0006550915311603
0.9980106800429528,1.0003774826995924
0.9981637053675614,1.0002762852657734
0.9966881649294519,1.0003393546958532
0.9968165242822005,1.0003953514848383
0.9967157926386983,1.0006353448898089
0.9940110291254035,0.9999997190971778
0.9954844133960062,1.000084582874968
,,egauge22785,egauge8816,egauge24121,egauge20925,egauge27467,egauge28351,egauge13974,egauge26086,egauge17073,egauge22084
,,1,1,1,1,1,1,1,1,1,1
,,1,1,1,1,1,1,1,1,1,1
0.99974740840763,1.0000732437575321
0.9986757297550082,1.000647222519265
0.9979661907384063,1.0008924522083336
0.9972786107972947,1.0009513083067008
0.9988716540754824,1.0000938023973964
0.9960428924061032,1.0007504596782895
0.9981178423334338,1.0003514080836264
0.9986252406105466,1.0008800925488957
0.9984871488651011,1.0009408622516145
0.9968497000342329,1.0009103635241752
0.9977963480132322,1.000950301662451
0.9977315495841865,1.001255636001947
0.997278610797295,1.001184339495658
0.9959936992029033,1.000726537364518
,,egauge2474,egauge14795,egauge7729,egauge3611,egauge3167,egauge13836,egauge18158,egauge23534,egauge4183,egauge7692
,,1,1,1,1,1,1,1,1,1,1
,,1,1,1,1,1,1,1,1,1,1
0.9998256121241924,1.000116666378063
0.9984188116682893,1.000926095634759
0.9974900101310169,1.0014296153607138
0.9968344675885945,1.001628296946715
0.9989585625135193,1.0003516346401302
0.9978829652270701,1.0007566594136958
0.9969933692916303,1.0004475754972086
0.9973883109843833,1.0010273611354077
0.9983986214162012,1.001027361127695
0.9980933256134822,1.0018154837138413
0.9973254333356373,1.0015453956048823
0.9974260402298453,1.0016546324445423
0.9967910008259447,1.0017740428862156
0.9958022776666785,1.0017461757546546
,,egauge15601,egauge26944,egauge5198,egauge30378,egauge16608,egauge19696,egauge3608,egauge33764,egauge2850,egauge18544
,,1,1,1,1,1,1,1,1,1,1
,,1,1,1,1,1,1,1,1,1,1
0.9997573865188435,1.000042137054997
0.9976873818299844,1.0001508452123449
0.9958889493958637,0.9999997190971773
0.9945504499000828,0.9999997190971776
0.9984692865251394,1.0005272336320854
0.9974635999678836,1.0006804193276064
0.9979437889274339,1.0004478652397693
0.9972096151897538,1.0003532149543855
0.9976369517479116,1.0003048239288075
0.9950405157103893,1.0008719030629063
0.9954866170241723,0.9999997190971771
0.9958357411201989,1.0001638413710907
0.9930646973208825,0.9999997190971778
0.9944973260824274,1.0000992913318008
,,egauge15623,egauge5198,egauge14018,egauge13830,egauge7692,egauge24121,egauge28351,egauge17073,egauge19821,egauge23534
,,1,1,1,1,1,1,1,1,1,1
,,1,1,1,1,1,1,1,1,1,1
0.9998576508008392,1.0001270155172468
0.9988076559276183,1.0009581876624432
0.9979661907384063,1.0016141320278193
0.9972786107972947,1.0020887951926913
0.9996244291741715,1.0002553845139825
0.998180531459455,1.0005187710811139
0.9974415012872688,1.0008978135721676
0.9986157991657703,1.0011572247786105
0.9978190101686187,1.0010898425121928
0.9983598110892241,1.00120935721922
0.9976671456393612,1.0016720308051248
0.9977315495841865,1.0019519669186776
0.997278610797295,1.0025191234474589
0.9959936992029033,1.0023469845767885
,,egauge32290,egauge3167,egauge14795,egauge4183,egauge15623,egauge18158,egauge5198,egauge33764,egauge28351,egauge7731
,,1,1,1,1,1,1,1,1,1,1
,,1,1,1,1,1,1,1,1,1,1
0.9998756675812681,1.0000979067145113
0.9988607072046832,1.0008208025194534
0.9979661907384063,1.0012400928025547
0.9972786107972947,1.0014725126537523
0.9989455807311256,1.0000337390093152
0.9992938225978675,1.0002977981117434
0.9977173081406728,1.0007829676146127
0.9988359918548015,1.0010019513524022
0.9984871488651011,1.0009726909607604
0.9985435772112468,1.0014574492182051
0.9978584306229238,1.001285563967605
0.9977315495841865,1.0014972075218764
0.9968416951015494,1.001581797338635
0.9959936992029033,1.0017744471714973
,,egauge8253,egauge17073,egauge20670,egauge22785,egauge9102,egauge20407,egauge3608,egauge23534,egauge16616,egauge24121
,,1,1,1,1,1,1,1,1,1,1
,,1,1,1,1,1,1,1,1,1,1
0.9997859770622608,1.0000491455298606
0.9983242630775503,1.0002052000582764
0.9974001121992436,1.0003970949192038
0.9971770607561198,1.0005187043357993
0.9988655370489005,1.000130131075313
0.9989829240606194,1.000712988989911
0.999189148919734,1.0006789202459583
0.9976873380228869,1.0002254339618222
0.9975880259642749,1.000367098297097
0.9967409098282465,0.9999997190971773
0.9969970568562831,1.0003847068770755
0.9972189086197326,1.0006515562310039
0.9970973428908381,1.000562365634789
0.9959936992029033,1.0006578368837369
,,egauge5198,egauge30378,egauge7729,egauge13830,egauge19810,egauge20407,egauge16133,egauge15601,egauge22084,egauge30039
,,1,1,1,1,1,1,1,1,1,1
,,1,1,1,1,1,1,1,1,1,1
0.9997593673244912,1.000056848752858
0.9983644629406547,1.0002670956734228
0.9973022742728971,1.0007111901791683
0.9970091823415338,1.0007752748484362
0.998851594127851,1.0002340677032013
0.9984083756882555,1.0005158074888179
0.9969492169604149,1.0003992241633761
0.9983038990001033,1.0004593710378906
0.9973366898549878,0.9999997194673625
0.9968326207097832,0.9999997194439475
0.9971240339836669,1.0007648957868898
0.9959399871365989,1.001214538201825
0.9968497932302082,1.0006588314419067
0.9959936992029033,1.0010536698971864
,,egauge4183,egauge17073,egauge21932,egauge5198,egauge33764,egauge20670,egauge22084,egauge2850,egauge26944,egauge27467
,,1,1,1,1,1,1,1,1,1,1
,,1,1,1,1,1,1,1,1,1,1
0.9998244490792713,1.0000345175238272
0.9983476679200181,1.0001090872419944
0.9968487288514276,0.9999997190971773
0.9965783431127792,1.000173577558281
0.9996437710340172,1.0002634267524166
0.9989656740965905,1.00070291992324
0.9998244490792713,1.0000345175238272
0.9977403413115187,1.0002572654437094
0.998297198362692,1.00029120666632
0.9980781771046212,1.000591753159202
0.9967500501763698,0.9999997190971771
0.9946596282510215,0.9999997190971776
0.9957173535222088,1.0003045215238069
0.9959936992029033,1.0004890522078187
,,egauge28351,egauge27467,egauge19810,egauge33764,egauge13830,egauge20925,egauge13974,egauge16133,egauge3608,egauge3167
,,1,1,1,1,1,1,1,1,1,1
,,1,1,1,1,1,1,1,1,1,1
0.9998024264210761,1.000055034545216
0.9986939678302307,1.0005664385064283
0.9975915701067524,1.0007674003962863
0.9969230162095867,1.0008122204056422
0.9988013716701993,1.0002148006640839
0.999505185040484,1.0007925701451412
0.9974914245873648,0.9999997191163038
0.998578770893176,1.000770889007193
0.9984871488651011,1.000758781904613
0.9977686268673236,1.0009975933994248
0.9973529262427434,1.0008178785908137
0.996644204730232,1.000921443060371
0.9961918468338473,1.0007976625928385
0.9959936992029033,1.0009085714582813
,,egauge30378,egauge28351,egauge19696,egauge14795,egauge3611,egauge2474,egauge18350,egauge16133,egauge20407,egauge28684
,,1,1,1,1,1,1,1,1,1,1
,,1,1,1,1,1,1,1,1,1,1
0.9997551306525886,1.000078533185548
0.9986212309355845,1.0005365388117888
0.997617250623746,1.0006866343046177
0.9970058578462345,1.0006915698744718
0.9990096801848527,1.0003031915915725
0.9978784566986304,1.0003774879567537
0.9967290443720993,1.0008724584502648
0.9982099991219083,1.0008526141442773
0.9977721264383739,1.0006478809618493
0.9970770260701819,1.0009428752546987
0.9975843251621254,1.0007320757638622
0.9967684571595483,1.0008467072422427
0.9963686642376807,1.0005678620561684
0.9959936992029033,1.000894974267947
,,egauge20407,egauge26944,egauge20358,egauge7692,egauge17311,egauge16608,egauge19810,egauge28351,egauge16616,egauge13830
,,1,1,1,1,1,1,1,1,1,1
,,1,1,1,1,1,1,1,1,1,1
0.9998316625279047,1.0000254118416498
0.9984194273057727,1.000183976389111
0.9974897748203585,1.0001502515393677
0.9972730613062087,1.000303851113139
0.9989198639519121,0.9999997190971778
0.9974703593038955,1.0006681322597935
0.9995325129654351,1.0003221711835313
0.9974312359137446,1.0002738251377081
0.9983790477459945,1.0003076564890983
0.9983231526850117,1.000686004797985
0.997074342024845,0.9999997190971771
0.9968347696047459,1.0002358288594877
0.9971643462459318,1.0003038511131392
0.9959936992029033,1.0005606816039707
,,egauge3608,egauge22785,egauge17311,egauge19821,egauge30039,egauge16608,egauge24121,egauge13836,egauge20407,egauge13830
,,1,1,1,1,1,1,1,1,1,1
,,1,1,1,1,1,1,1,1,1,1
0.9998201992033036,1.0000645070921526
0.9988095603202358,1.0008470724147256
0.9979520192481759,1.001124745552281
0.9971875789566335,1.0011183824124563
0.9987853542611747,1.000021729227193
0.9982022107271353,1.00020441580624
0.9986098786956511,1.0004320175998254
0.9985065921954239,1.0014448324847198
0.9984871488651011,1.0011336916753952
0.9985784312684671,1.0011956690512502
0.9979190807188565,1.001178477405677
0.9977315495841865,1.0014675531243427
0.9965574849751,1.0009873327269996
0.9959936992029033,1.0013004630520321
,,egauge20358,egauge26944,egauge26086,egauge14795,egauge23534,egauge8253,egauge15623,egauge33764,egauge20670,egauge9102
,,1,1,1,1,1,1,1,1,1,1
,,1,1,1,1,1,1,1,1,1,1
0.9998439350892913,1.0001154716355019
0.9987615285870963,1.0007573661423432
0.9979661907384063,1.001190147902366
0.9972786107972947,1.0014346627876207
0.9997414913894415,1.0002759367727483
0.9974730381498789,1.0007741592685429
0.9986157758460802,1.0008883456644335
0.9987009361554852,1.001071305307861
0.9984871488651011,1.0009656310656898
0.9970696042921016,1.000819461997481
0.9979209002123174,1.0012521515805255
0.9977315495841865,1.0014472474098575
0.997278610797295,1.0016532502744018
0.9959936992029033,1.0016489628376943
,,egauge2850,egauge22785,egauge9102,egauge5198,egauge26086,egauge15601,egauge28684,egauge16616,egauge26944,egauge3166
,,1,1,1,1,1,1,1,1,1,1
,,1,1,1,1,1,1,1,1,1,1
0.9997771180790588,1.0000234252391476
0.9988607072046832,1.0007449731052613
0.9979661907384063,1.0010994928146668
0.9972446286323927,1.0013365705075137
0.9975697738592647,0.9999997190971778
0.9982101354976519,1.0001060276974618
0.9982257188701842,1.0004523644908443
0.9981036727588363,1.000856342665949
0.9984871488651011,1.001019322185868
0.9966725673306122,1.0015761230719153
0.9979209002123174,1.0011532230615645
0.9977315495841865,1.0011637461837628
0.9963829573187616,1.0015769954005387
0.9959936992029033,1.0013794169802455
,,egauge20925,egauge26944,egauge24121,egauge22084,egauge14795,egauge22271,egauge23534,egauge30378,egauge20358,egauge13836
,,1,1,1,1,1,1,1,1,1,1
,,1,1,1,1,1,1,1,1,1,1
0.999852984277203,1.0001190674883038
0.9988607072046832,1.0008350101693826
0.9979661907384063,1.0013793757667597
0.9972786107972947,1.001706352790704
0.9989126264833876,1.00036825013416
0.9974820619508432,1.000779077520907
0.9981262417020565,1.0003972468894815
0.998832669521515,1.000662932723538
0.9984871488651011,1.001159109968597
0.9985205168298211,1.0014534512169775
0.9979209002123174,1.0014662028584222
0.9974481737314975,1.001566460794811
0.997278610797295,1.001786514261845
0.9959936992029033,1.0021565274081796
,,egauge30378,egauge20358,egauge19696,egauge20407,egauge28351,egauge16133,egauge2474,egauge27467,egauge2850,egauge8816
,,1,1,1,1,1,1,1,1,1,1
,,1,1,1,1,1,1,1,1,1,1
0.9996826078572789,1.0000202971865035
0.9979004806993476,0.9999997190971776
0.9962763610547729,0.9999997190971773
0.994767186021211,0.9999997190971776
0.9989711918536025,1.0002781974942685
0.9994230150590778,1.0002786167243254
0.9966481660609998,1.0008522520578418
0.997300942367193,0.9999997190971776
0.9973983362927796,0.9999997190971776
0.9960900806346935,1.0000201753824882
0.9959518531419097,0.9999997190971771
0.9961449870709977,1.0001254904953445
0.9936941922806722,0.9999997190971778
0.9927844315873152,0.9999997190971776
,,egauge3611,egauge3167,egauge22084,egauge23534,egauge19810,egauge8253,egauge22271,egauge13830,egauge18350,egauge15601
,,1,1,1,1,1,1,1,1,1,1
,,1,1,1,1,1,1,1,1,1,1
0.9997632432901116,1.00005203474414
0.9982662131283881,1.0005298923324166
0.9973254512811209,1.0011804898394034
0.9963524638875942,1.001533075222445
0.9986954725075328,1.000207508695799
0.9992730466991937,1.000268667846257
0.9986925319498691,0.9999997191440356
0.9982015914009348,1.0008574785495374
0.9976038980268714,1.00015559508045
0.9967479204152923,1.000603551371525
0.99730607493308,1.0013003704143233
0.9973361117553567,1.0013840117104666
0.9961714855225869,1.0015913610376073
0.9949917101414297,1.0020369117853414
,,egauge22084,egauge3611,egauge15601,egauge22271,egauge14795,egauge13974,egauge3608,egauge20407,egauge13836,egauge30039
,,1,1,1,1,1,1,1,1,1,1
,,1,1,1,1,1,1,1,1,1,1
0.9997873682077263,1.0000863672014675
0.998450259573227,1.000751298726709
0.9975113159439049,1.001090711344758
0.9972786107972947,1.0015586355929191
0.9993336972179898,0.9999997191256536
0.9977969046784737,1.0003219032985378
0.9970440055914865,1.0010929182916464
0.9983285791653984,1.0010854976125116
0.99811723123488,1.0010652356453746
0.9972774788189467,1.0009922297041838
0.9971146495322611,1.0010783131376575
0.9967719465910531,1.0009301220443994
0.9972635413839613,1.0018938983596193
0.9959936992029033,1.0018911855587325
,,egauge22785,egauge5198,egauge9102,egauge17073,egauge33764,egauge20407,egauge16133,egauge20670,egauge15601,egauge18158
,,1,1,1,1,1,1,1,1,1,1
,,1,1,1,1,1,1,1,1,1,1
0.9997804780147053,1.0000928159893467
0.9986430122747348,1.0007956413318475
0.9977035267784868,1.0013939259599471
0.9967233592158832,1.0017786014595549
0.9990043334577489,1.0001676901498036
0.9980857715382497,1.000470944228426
0.998326056689675,1.0005301658303754
0.9985016632513121,1.0010285522402453
0.998360361409048,1.0010386816941999
0.9969580501957838,1.0004625943571837
0.9976705979461467,1.0014476748893664
0.9976182135697378,1.001618933643622
0.9957899427606618,1.0020938096504648
0.9959936992029033,1.0021109484714583
,,egauge13974,egauge15623,egauge22084,egauge13836,egauge20670,egauge28351,egauge7692,egauge16133,egauge3167,egauge19696
,,1,1,1,1,1,1,1,1,1,1
,,1,1,1,1,1,1,1,1,1,1
0.9997827826396308,1.0000764279366348
0.9979213697569673,1.000783628650188
0.9960721383722865,1.001158027796816
0.9951642763608834,1.0013763801701676
0.9991111306778006,1.000232678238128
0.9993710614135316,1.0003739380335555
0.998685483709212,0.999999719130467
0.9978204877125008,1.001162574367145
0.9978406621509022,1.0009962783435855
0.9964031523914064,1.0010630151523543
0.9956656131744734,1.0012045283777131
0.9954977261935612,1.0013294036741685
0.9951208958371693,1.0014492251811422
0.9937100674054214,1.0016933233297667
,,egauge13974,egauge14018,egauge19821,egauge16616,egauge2850,egauge8617,egauge3167,egauge24121,egauge7692,egauge20925
,,1,1,1,1,1,1,1,1,1,1
,,1,1,1,1,1,1,1,1,1,1
0.9997803617944727,1.000035549324891
0.9983386848746546,0.9999997190971776
0.9975949042200128,1.0000873452531769
0.9970411486750465,1.0002325623514285
0.9990874471363372,1.0001959993017921
0.9975316188872169,1.000755539321087
0.9986272621431278,1.0012955530856027
0.998227660982454,0.9999997190971776
0.9962542886764832,0.9999997190971776
0.9981654229008172,0.9999997190971773
0.9976360633642202,1.000112113353374
0.9967000980023534,1.0001515218748274
0.996430373968915,1.0003198599229122
0.9959936992029033,1.0005231535292296
,,egauge15623,egauge4183,egauge3611,egauge20925,egauge16608,egauge9102,egauge7729,egauge13830,egauge13974,egauge2850
,,1,1,1,1,1,1,1,1,1,1
,,1,1,1,1,1,1,1,1,1,1
0.9997178559229003,1.0000053670072229
0.9976666099444453,0.9999997190971776
0.9958252421601365,0.9999997190971773
0.9945063810690109,0.9999997190971776
0.9995357211054473,1.0001551130851591
0.9994154611258605,1.0004246896808227
0.9975425729737513,1.0002950185669628
0.9976060960728799,1.0002277070613892
0.9974649307021586,1.000185981180125
0.9962644249478659,1.000328265758621
0.9954762841079106,0.9999997190971771
0.9957507585834409,1.0000059706254565
0.9942367096700451,0.9999997190971778
0.9923748012056091,0.9999997190971776
,,egauge20925,egauge4183,egauge8816,egauge13830,egauge19821,egauge7731,egauge3166,egauge3611,egauge30039,egauge14018
,,1,1,1,1,1,1,1,1,1,1
,,1,1,1,1,1,1,1,1,1,1
0.9998178761871839,1.0001328514453618
0.998601179702511,1.0011177457182956
0.9974837579095011,1.0016019602050783
0.9971715581114591,1.002018824250096
0.998964001779289,1.0003801431760457
0.9995096935282929,1.0005266439481293
0.995837913153615,1.0008411690288963
0.9985708881562166,1.0012911725529425
0.9980562633650629,1.0017156968586753
0.9985241416802022,1.001620621014681
0.9973562063438678,1.0016185016049044
0.9963763251955337,1.0017198299016468
0.9971208270822122,1.0022302684251323
0.9964746727631247,1.0024049068895862
,,egauge7692,egauge19696,egauge21932,egauge19810,egauge20358,egauge13836,egauge22084,egauge8816,egauge27467,egauge7729
,,1,1,1,1,1,1,1,1,1,1
,,1,1,1,1,1,1,1,1,1,1
0.9996528885020385,1.000056636603368
0.9974205622573905,1.0003415179936859
0.9956900559263077,1.0005965154273702
0.9952070592833697,1.0008731210571586
0.9985991479409344,1.0002063917575845
0.9968323551116725,1.0008163127536431
0.9996528885020386,1.000056636603368
0.9964134210175761,0.9999997196546033
0.9972894980743807,1.0004933204550972
0.9972282627725367,1.0012070289705541
0.9956489935413088,1.0005304344910753
0.9937051213979825,1.00080686295227
0.9951130688986867,1.0011173121372006
0.9945173898869516,1.0010444392031268
,,egauge7692,egauge5198,egauge13836,egauge13830,egauge26086,egauge4183,egauge18544,egauge8617,egauge3608,egauge20925
,,1,1,1,1,1,1,1,1,1,1
,,1,1,1,1,1,1,1,1,1,1
0.999871167537229,1.0001020119467492
0.9988288818015838,1.0007567875063685
0.9977084388218427,1.0011233109523932
0.9969258329378791,1.0012514545227484
0.998821485682587,1.0002517751343392
0.9981864403602233,1.0004752055442183
0.9992764329455968,1.0010436491665011
0.9987840502445953,1.0009491741628775
0.9987032649117153,1.0010302051620168
0.9985456487697694,1.0010272196468244
0.997708438769925,1.0012679889130183
0.9971435605376116,1.0011661466482453
0.9964964267645372,1.0012368891576882
0.9956172645625792,1.0014871402257965
,,egauge3608,egauge28351,egauge24121,egauge26944,egauge8617,egauge7731,egauge14018,egauge3611,egauge15623,egauge17311
,,1,1,1,1,1,1,1,1,1,1
,,1,1,1,1,1,1,1,1,1,1
0.9998118030686614,1.0000542356346662
0.9988052455353734,1.0006788768319277
0.9976848339078116,1.001015912832743
0.9969022499226615,1.0011504222899128
0.9987653006734868,1.0000082122766292
0.9979878193164374,1.0003201500112018
0.9981634608238769,1.0003184486597692
0.9976932583930012,1.0009035569535234
0.9987458755629293,1.0007699880914642
0.9985854027743238,1.001323428495921
0.997564385008095,1.0011275030145086
0.996732717951087,1.0011056499847162
0.9969022499226615,1.0012477529089292
0.9955937181635856,1.0012957419814061
,,egauge18158,egauge19810,egauge19696,egauge3608,egauge22084,egauge26086,egauge4183,egauge15623,egauge33764,egauge3167
,,1,1,1,1,1,1,1,1,1,1
,,1,1,1,1,1,1,1,1,1,1
0.9997530394968679,1.0000400888486696
0.9986694039686976,1.000404995158009
0.997549172549451,1.0007525935200023
0.9967667144414232,1.0009383044955102
0.9994840691970238,1.0003653050809698
0.9975690882564264,0.9999997191509317
0.9966981677262722,1.000856674969342
0.9978681934642024,1.0003847574128684
0.9986189152127052,1.0002431202403104
0.9983109805313329,1.0009547166544979
0.997549172496579,1.0008104334488017
0.9969844009178003,1.0008810573691365
0.9967667144414234,1.00108393180046
0.9954583931565124,1.0010346698770898
,,egauge14018,egauge16616,egauge16608,egauge20670,egauge22785,egauge30039,egauge19696,egauge3611,egauge8816,egauge19821
,,1,1,1,1,1,1,1,1,1,1
,,1,1,1,1,1,1,1,1,1,1
0.9997107024783614,1.000125873646928
0.9970870389370806,1.000966438771497
0.9948982066969991,1.0015687586574356
0.9935925865013667,1.0020177774778085
0.9986595791402891,1.0005110965499426
0.9994111762591344,1.000244535033892
0.9993231308153517,1.0006833898499858
0.9969963337464839,1.00119939666777
0.9962512735344758,1.0009885321537686
0.9965682366007389,1.0015941814190918
0.9943365298606034,1.0016597019155755
0.9948025498333215,1.00168662923739
0.9922451819584622,1.0020979683962832
0.9933909844408004,1.0026507111286327
,,egauge18544,egauge28351,egauge8816,egauge22785,egauge8253,egauge8617,egauge28684,egauge26944,egauge13974,egauge17311
,,1,1,1,1,1,1,1,1,1,1
,,1,1,1,1,1,1,1,1,1,1
0.99976890257014,1.0000748913855304
0.9986459063829218,1.000466735617905
0.9975585465058876,1.0008066245870273
0.9968786703941905,1.0009179481612611
0.9995550626487442,1.000513619097241
0.9979458642954132,1.0003395567996218
0.9958089115654978,1.000833689954446
0.9979495678607264,1.000518688046566
0.9980998980420964,1.0005173378860008
0.9983880826408048,1.000621194220744
0.9975338538868229,1.0008851285601206
0.996408273862744,1.001053095518666
0.9965793075555739,1.0009616300562123
0.995570175275111,1.0010464371687482
,,egauge13830,egauge9102,egauge27467,egauge32290,egauge20670,egauge28351,egauge3608,egauge2474,egauge26944,egauge22084
,,1,1,1,1,1,1,1,1,1,1
,,1,1,1,1,1,1,1,1,1,1
0.9998136123922777,1.0000767533427628
0.9983901321164036,1.0004235447578294
0.9972861525309406,1.0006496881078955
0.9965896561310446,1.0007521941415138
0.9995524094728123,1.0002917932939714
0.9983786316103522,1.0004736349102334
0.999528156112306,1.0008568033032867
0.996949453666702,1.0003324805158955
0.9983396601095325,1.0006259797406705
0.9971593942403919,1.0007131860356926
0.9968872611078032,1.0006400836365796
0.9964023089996539,1.0008959147353573
0.9957286543979335,1.0009924531887553
0.9955996044538152,1.0005796201922648
,,egauge15623,egauge26086,egauge16608,egauge17311,egauge17073,egauge9102,egauge2850,egauge18544,egauge23534,egauge33764
,,1,1,1,1,1,1,1,1,1,1
,,1,1,1,1,1,1,1,1,1,1
0.992916559132006,1.0003933325135084
0.9295799371083107,1.004488669246743
0.8602220552725047,1.0042414231425867
0.7908888673314207,1.0041771575764267
0.9929165594096983,1.0003933324863106
0.992916559132006,1.0008637263047242
0.992916559132006,1.0006283695699774
0.904695044043325,1.0125720945363288
0.9295799371083109,1.0044886692467427
0.9295268785848193,1.004488669246743
0.8602220595363659,1.004116996415238
0.8602220552725046,1.0042414231425867
0.7908888673314207,1.0041771575764264
0.6750278127322205,1.004069700723804
,,egauge13836,egauge28351,egauge2850,egauge24121,egauge33764,egauge19696,egauge3611,egauge8253,egauge16133,egauge19821
,,1,1,1,1,1,1,1,1,1,1
,,1,1,1,1,1,1,1,1,1,1
0.9996914571461563,1.0000451321383519
0.9980218232138016,1.0007796801664701
0.9965756025935271,1.0013028702934483
0.9961683676182396,1.001764615071332
0.999515642744824,1.0004456910793091
0.9978740559568506,1.0002895065900654
0.9952886954311599,1.0000451321383519
0.9977898026813723,1.0009113072711062
0.9973894690288294,1.0009720720075026
0.9952717059950722,1.0012521856320382
0.9961565138107832,1.001335942197293
0.9957137621985744,1.0013242921125465
0.9960959828384401,1.001872214620289
0.9955938898199228,1.002397359781455
,,egauge15623,egauge30039,egauge7729,egauge30378,egauge8816,egauge3608,egauge22084,egauge20407,egauge17073,egauge26086
,,1,1,1,1,1,1,1,1,1,1
,,1,1,1,1,1,1,1,1,1,1
0.9949594966250004,1.0000588918336673
0.9499914068082982,1.0003835577301712
0.9007941600070496,1.0005052130528755
0.8517662394566131,1.0008426912014523
0.9949594963072591,1.0001899450696818
0.9949594966250004,1.0006893065339302
0.9949594966250004,1.000401268074617
0.9499914068082982,1.0006185440571032
0.9499914068082982,1.0007479929755603
0.9499914068082982,1.0002422028595441
0.9006885174403068,1.0004267515457788
0.9007941600070496,1.0003447348121839
0.7960399040723595,1.0010392776880888
0.8517662394566131,1.0012711012848468
,,egauge3611,egauge14795,egauge4183,egauge30378,egauge7731,egauge2474,egauge15623,egauge13830,egauge20925,egauge32290
,,1,1,1,1,1,1,1,1,1,1
,,1,1,1,1,1,1,1,1,1,1
0.9949594966250004,1.0000971935317566
0.9499914068082982,1.0007226369913287
0.9007941600070496,1.0010004728534911
0.8517662394566131,1.0010838250451188
0.9949594963072591,1.0002079418664696
0.9949594966250004,1.0007204749329606
0.9949594966250004,1.0005036516855101
0.9499914068082982,1.0009352713656474
0.9499914068082982,1.0009959748307167
0.9499914068082982,1.001166991444918
0.9006885174403068,1.001050063974405
0.9007941600070496,1.0012039516036344
0.7960399040723595,1.0012513295514063
0.8517662394566131,1.0009950149342584
,,egauge24121,egauge20670,egauge33764,egauge3166,egauge2474,egauge15601,egauge15623,egauge7692,egauge8617,egauge20407
,,1,1,1,1,1,1,1,1,1,1
,,1,1,1,1,1,1,1,1,1,1
0.9949594966250004,1.0003994268962748
0.9499914068082982,1.0045484608948771
0.9007941600070496,1.0043593556846533
0.8517662394566131,1.0043593556846533
0.9949594963072591,1.0003994268691843
0.9949594966250004,1.0006614214022354
0.9949594966250004,1.0006608368432965
0.9499914068082982,1.01263245482802
0.9499914068082982,1.0045484608948771
0.9499914068082982,1.0045484608948771
0.9006885174403068,1.0042307642001558
0.9007941600070496,1.0043593556846533
0.7960399040723595,1.0043593556846533
0.8517662394566131,1.0043593556846533
,,egauge17073,egauge17311,egauge26944,egauge3611,egauge18544,egauge14018,egauge16616,egauge5198,egauge7731,egauge33764
,,1,1,1,1,1,1,1,1,1,1
,,1,1,1,1,1,1,1,1,1,1
0.9949594966250004,1.0003994268962748
0.9499914068082982,1.0045484608948771
0.9007941600070496,1.0043593556846533
0.8517662394566131,1.0043593556846533
0.9949594963072591,1.0004622486671095
0.9949594966250004,1.0004501285855314
0.9949594966250004,1.000778522526752
0.9499914068082982,1.01263245482802
0.9499914068082982,1.0045484608948771
0.9499914068082982,1.0045484608948771
0.9006885174403068,1.0042307642001558
0.9007941600070496,1.0043593556846533
0.7960399040723595,1.0043593556846533
0.8517662394566131,1.0043593556846533
,,egauge13836,egauge20670,egauge8253,egauge20925,egauge16608,egauge16133,egauge13974,egauge3166,egauge14018,egauge16616
,,1,1,1,1,1,1,1,1,1,1
,,1,1,1,1,1,1,1,1,1,1
0.9949594966250004,1.0003994268962748
0.9499914068082982,1.0045484608948771
0.9007941600070496,1.0043593556846533
0.8517662394566131,1.0043593556846533
0.9949594963072591,1.0005262513325204
0.9949594966250004,1.0006525030494382
0.9949594966250004,1.0003994268962748
0.9499914068082982,1.01263245482802
0.9499914068082982,1.0045484608948771
0.9499914068082982,1.0045484608948771
0.9006885174403068,1.0042307642001558
0.9007941600070496,1.0043593556846533
0.7960399040723595,1.0043593556846533
0.8517662394566131,1.0043593556846533
,,egauge17311,egauge24121,egauge2850,egauge23534,egauge21932,egauge32290,egauge16616,egauge22785,egauge22271,egauge27467
,,1,1,1,1,1,1,1,1,1,1
,,1,1,1,1,1,1,1,1,1,1
0.9997928363025809,1.000023966707686
0.9989080949035747,1.0005225442853996
0.9982195178503173,1.0010013314435389
0.998057602629878,1.0014243109776313
0.9991799427759565,1.0001829881044035
0.9982364146290744,1.0001761993967588
0.9953995360976494,1.0000185223016673
0.9985994723673034,1.000858380257962
0.9989080948902461,1.0005225442840735
0.9971971192401592,1.0004067295881025
0.9981371502412103,1.0010219937259224
0.03324670969097497,0.0333692095333802
0.9979270265010762,1.0016574723980771
0.9978786719794128,1.0017886820729978
,,egauge22084,egauge15623,egauge3611,egauge27467,egauge32290,egauge30378,egauge4183,egauge33764,egauge17073,egauge16616
,,1,1,1,1,1,1,1,1,1,1
,,1,1,1,1,1,1,1,1,1,1
0.9990297969296872,1.0003994268962748
0.9890562394400265,1.0045484608948771
0.98887057858658,1.0043593556846533
0.98887057858658,1.0043593556846533
0.9990297970397232,1.0003994268691843
0.999029796929687,1.0003994268962748
0.9976651963343758,1.0003994268962748
0.9707090377059263,1.01263245482802
0.9890562394400265,1.0045484608948771
0.9890562394400265,1.0045484608948771
0.9887443292634644,1.0042307642001558
0.98887057858658,1.0043593556846533
0.98887057858658,1.0043593556846533
0.98887057858658,1.0043593556846533
,,egauge7729,egauge16133,egauge3611,egauge20670,egauge14795,egauge24121,egauge19810,egauge21932,egauge17073,egauge17311
,,1,1,1,1,1,1,1,1,1,1
,,1,1,1,1,1,1,1,1,1,1
0.9997576465935712,1.0000435417538729
0.9987924509298179,1.000259640749292
0.9980481343510381,1.0002590491652037
0.9979333027679316,1.0004830694340767
0.9983821087290801,1.0001757386904613
0.9976254535143488,1.0003239070827152
0.9976499318846375,1.000312283962195
0.9987015622168169,1.0004417925568467
0.9984242399130868,1.0005935921171134
0.9975371148648576,1.0002191019341857
0.9976200850582486,1.0002191019341855
0.9980481343351213,1.0002590491423184
0.9978462603657617,1.0006577341154137
0.9978540424244977,1.0006007889842903
,,egauge8253,egauge21932,egauge5198,egauge16616,egauge3167,egauge18350,egauge20407,egauge30378,egauge20925,egauge24121
,,1,1,1,1,1,1,1,1,1,1
,,1,1,1,1,1,1,1,1,1,1
0.9998466351773768,1.0000478840113898
0.9987549721084693,1.0004037451578693
0.9977116435018668,1.0006593952388254
0.9966750185685403,1.0008899271405665
0.9988803728801059,1.0000773546403285
0.9998466351773768,1.0000478840113896
0.9976769318958618,1.0004503773785334
0.9985714901053855,1.000464464087042
0.9976390695269003,1.000484705663738
0.9985423148580787,1.0005651042351715
0.9973619026740357,1.0005850493891064
0.996965734899314,1.0008842078679812
0.9959874552027392,1.0010573933009632
0.9957811920371766,1.0010291207148372
,,egauge16608,egauge19696,egauge2850,egauge28684,egauge20358,egauge18350,egauge17073,egauge30378,egauge3608,egauge3166
,,1,1,1,1,1,1,1,1,1,1
,,1,1,1,1,1,1,1,1,1,1
0.9997500393573335,1.00001446792282
0.9987368692030895,1.0004070236280367
0.99779879719162,1.0006488564339115
0.9971237096353136,1.0006579518007517
0.9995609641013332,1.000278085532421
0.9969050226109997,1.0007849980449388
0.9953802204727107,1.0000058489619583
0.9976443147844226,1.0005993307927208
0.9986056003875284,1.0005227714910176
0.9985137858339886,1.0006194037301306
0.9977370507808065,1.0007480032864786
0.9974421026118133,1.0008341280525737
0.9963923646737877,1.0006361192461775
0.9970704238861142,1.0007114677210833
,,egauge3167,egauge19821,egauge22084,egauge28351,egauge22785,egauge3608,egauge7729,egauge8816,egauge20358,egauge7731
,,1,1,1,1,1,1,1,1,1,1
,,1,1,1,1,1,1,1,1,1,1
0.9997387404236687,1.0000815429626262
0.9974741800774161,1.0005498070828052
0.9957666247601245,1.000992989315198
0.9956266614551177,1.0012620827507215
0.9995310732667582,1.0001778108891421
0.9988097158559859,1.0012677911798586
0.9986594776572291,0.9999997190973525
0.997322946150285,1.000701646898103
0.9966380306342046,1.0005396863560378
0.9963512643403135,1.0005111974277507
0.9955079753255156,1.0010591115087293
0.9937815117401416,1.0011214896994718
0.9955326242154363,1.0013713402957485
0.995530922386037,1.0015513552683197
,,egauge22785,egauge5198,egauge4183,egauge30378,egauge18158,egauge3167,egauge30039,egauge7729,egauge24121,egauge7731
,,1,1,1,1,1,1,1,1,1,1
,,1,1,1,1,1,1,1,1,1,1
0.9926179220583929,1.0000875260311306
0.9267325286157873,1.0007885694076275
0.8545605605638297,1.0012926993513696
0.7825893635631463,1.0015426523661577
0.9926179224016735,1.0001563774566695
0.9926179220583927,1.0004682635497557
0.9926179220583929,1.000509118665834
0.9267787236797252,1.0010012203505707
0.9267325286157873,1.0009982072778132
0.9267325286157873,1.000955141446622
0.8544648696450124,1.0014001911913593
0.8545074290313784,1.0014568288440011
0.7007995423446212,1.0016373719843505
0.7825893635631463,1.0018212998647302
,,egauge17073,egauge3611,egauge22271,egauge16133,egauge15623,egauge23534,egauge8253,egauge13830,egauge32290,egauge33764
,,1,1,1,1,1,1,1,1,1,1
,,1,1,1,1,1,1,1,1,1,1
0.9926073295452734,1.0000932463287224
0.9266164159095024,1.0005609493459473
0.8544534892751872,1.0007841095303494
0.7824913037440372,1.000899403924256
0.9926073298886561,1.000446269903273
0.9926073295452736,1.000371461235293
0.9926073295452734,1.000898368304622
0.9266164159095024,1.000721590583116
0.9264501842641555,1.0007127911707092
0.9266164159095024,1.0011915883665696
0.8543578129796072,1.0007965035986532
0.8544003658621985,1.000978006932212
0.7007117234562967,1.0008557274865388
0.7824913037440372,1.0011802504854055
,,egauge18350,egauge33764,egauge8253,egauge7731,egauge13836,egauge14795,egauge3608,egauge19696,egauge32290,egauge24121
,,1,1,1,1,1,1,1,1,1,1
,,1,1,1,1,1,1,1,1,1,1
0.9926271907654008,1.0000819184335978
0.9268317238930046,1.0007010432832042
0.8547879337654183,1.0008685433602398
0.7827975853136322,1.0009069753466473
0.9926271911088336,1.0001988240476194
0.9926271907654008,1.0006341464855468
0.9926271907654006,1.000246787453021
0.9268317238930046,1.0009559483711623
0.9268317238930046,1.00102509181444
0.9268317238930046,1.0012723450613936
0.8547708389376503,1.0008561484177712
0.8547879337654182,1.0011148337842855
0.7009859998735105,1.0008560194859515
0.7827975853136322,1.0010461717159984
,,egauge17073,egauge21932,egauge3167,egauge16133,egauge22084,egauge17311,egauge3611,egauge3608,egauge20925,egauge22271
,,1,1,1,1,1,1,1,1,1,1
,,1,1,1,1,1,1,1,1,1,1
0.9997729042411019,1.0000521011859116
0.9981068660299217,1.0003716253189376
0.9971333123538444,1.000715602045325
0.9970759564725724,1.0010679329141678
0.9994286528879222,1.0004050817205188
0.9997729042411019,1.0000521011859116
0.9977938362502019,1.0002799291434115
0.9966561719006028,1.0004554744625924
0.9981068658197726,1.000189527571082
0.9981068660299215,1.0006033082601784
0.9967582014579189,1.0007403885331136
0.9954650483662747,1.0006434136999522
0.9970759564725726,1.0012135824580195
0.9969800531150205,1.0014428675881628
,,egauge3166,egauge2474,egauge14018,egauge32290,egauge7729,egauge4183,egauge13836,egauge18158,egauge23534,egauge3608
,,1,1,1,1,1,1,1,1,1,1
,,1,1,1,1,1,1,1,1,1,1
0.9929066893665776,1.0000867862606702
0.9294733311773653,1.0006857815149859
0.8599905081606218,1.0012602180623107
0.790648856658429,1.0013755537369196
0.9929066896543367,1.0001719035151797
0.9929066893665776,1.0006238828990088
0.9929066893665776,1.0008575476673434
0.9294733311773652,1.0006250510417825
0.9294733311773652,1.0007768935210215
0.9294733311773653,1.0010721334800747
0.8598979860192129,1.0014504071481658
0.8599905081606217,1.0015808641424297
0.7906156460170222,1.0015285426637952
0.674822491078514,1.0013434202178173
,,egauge16133,egauge8253,egauge26944,egauge24121,egauge18544,egauge2850,egauge32290,egauge27467,egauge4183,egauge30378
,,1,1,1,1,1,1,1,1,1,1
,,1,1,1,1,1,1,1,1,1,1
0.9928662331953119,1.0000270485786145
0.9294354604320485,1.0001385576897237
0.8599554694890602,1.0004030120088605
0.7906166432760727,1.0005950501806273
0.9928662334830757,1.000184219475616
0.9928662331953119,1.0001844077325786
0.9914907279651064,1.0007184274141234
0.9294354604320485,1.0001385576897237
0.9294354604320485,1.0004297906755246
0.9294354604320485,1.0007564900223649
0.8598612582085002,1.0003782361177909
0.8599554694890602,1.000724112089488
0.7905834339877935,1.0007478981502091
0.6747949969738166,1.0007631843572242
,,egauge8816,egauge32290,egauge33764,egauge22084,egauge21932,egauge28351,egauge17073,egauge19821,egauge8253,egauge22785
,,1,1,1,1,1,1,1,1,1,1
,,1,1,1,1,1,1,1,1,1,1
0.992164907584604,1.0000614591949042
0.9222428779170998,1.0005024894403785
0.8463632682976698,1.0010344920821843
0.7707916945900006,1.0010754019155454
0.992164907368088,1.0004429500908325
0.992164907584604,0.99998593181107
0.9920077271513982,1.0006759026616376
0.9216830289840688,1.0003114431643987
0.9222428779170998,1.000502489440379
0.9208125543050416,1.0007465451867281
0.8462214359907089,1.0011130171680291
0.8462495147038971,1.001677414982584
0.6902510548859059,1.0010972463505063
0.6737599537005579,1.0011503630039835
,,egauge15601,egauge3167,egauge20925,egauge3608,egauge4183,egauge23534,egauge13836,egauge16608,egauge30378,egauge19810
,,1,1,1,1,1,1,1,1,1,1
,,1,1,1,1,1,1,1,1,1,1
0.9991468753905349,1.0000820147093774
0.9903662349051543,1.0004317862985312
0.9805614931434834,1.0006218240428641
0.9805614946096745,1.0005106865229068
0.9984735347394331,1.0005849888459775
0.9991468754808421,1.0002682861487617
0.9979554609362088,1.000678730663022
0.9903662349051543,1.0004014290870613
0.9903662352066133,1.0006342232244971
0.9901946343481761,1.000837613952737
0.9738944249811148,1.0008118698130057
0.9805614959378341,1.000805624600237
0.980561496255486,1.0006635192723656
0.9805614946096745,1.0001149475301254
,,egauge22271,egauge7729,egauge21932,egauge8816,egauge18350,egauge20670,egauge18544,egauge20925,egauge16616,egauge3611
,,1,1,1,1,1,1,1,1,1,1
,,1,1,1,1,1,1,1,1,1,1
0.9998246269465265,1.0000923594352118
0.9985241914183709,1.0007097808770924
0.9980878536882062,1.0011413304319927
0.9974445027488882,1.001237171345943
0.999381128070018,1.0004860897396244
0.9971968195509053,1.0004105204264802
0.9977427173986797,1.0000923594344815
0.9966403253615383,1.0008110205251277
0.9984737113213111,1.0008199995865776
0.9951489033120545,1.001162181781617
0.9975337323875543,1.0012814984320209
0.9980878536882062,1.0013877002318101
0.997372008181063,1.0012743278478138
0.9964524054226918,1.0013549958501775
,,egauge2474,egauge23534,egauge7692,egauge8617,egauge13974,egauge15601,egauge21932,egauge28684,egauge26944,egauge9102
,,1,1,1,1,1,1,1,1,1,1
,,1,1,1,1,1,1,1,1,1,1
0.9997691334496207,1.0001048202776508
0.9986377558258381,1.0007916431484374
0.9975906454955612,1.0011784084108115
0.996585090877992,1.001486021623228
0.9987046970173509,1.0003851890626283
0.9990730213469501,1.0007530431283445
0.9976788178043919,1.0004039956763473
0.9985398776582618,1.0008321400245914
0.9967636881463435,1.000919149976384
0.9962239573166252,1.001700242256606
0.9975906454955612,1.0011784084108115
0.9975160059091629,1.001317649401793
0.9957240944396422,1.0017264889552737
0.9961699073413124,1.0016467467162142
,,egauge7729,egauge9102,egauge14018,egauge15601,egauge13830,egauge15623,egauge18158,egauge7692,egauge30039,egauge3167
,,1,1,1,1,1,1,1,1,1,1
,,1,1,1,1,1,1,1,1,1,1
0.9997818430879192,1.0001252129784604
0.9982396233256414,1.0009214468094432
0.9973298313887575,1.001379687824681
0.9971705020504861,1.0016488971735875
0.9984473117220881,1.000296379888316
0.9983952187635571,1.000507018081847
0.9973800299526271,1.000896009382328
0.9969496623947497,1.001397602068923
0.9966641797302108,1.0011138703120352
0.9961192505894706,1.0011532802418621
0.9972352101709999,1.0015078674275373
0.9963076739161347,1.0014975320915398
0.9970038379259297,1.0018821203777861
0.9971491858280114,1.0017560610396845
,,egauge24121,egauge2850,egauge3611,egauge21932,egauge15623,egauge8617,egauge18544,egauge28684,egauge19810,egauge30039
,,1,1,1,1,1,1,1,1,1,1
,,1,1,1,1,1,1,1,1,1,1
0.9997341512107752,0.9999997190971766
0.9987699717562867,1.000240786980346
0.9977168958475412,1.0004935833664421
0.996908200072859,1.000442533349965
0.9987512744324551,1.0000833622680438
0.9956188855251505,0.9999997190971766
0.9975588262307108,1.000254804332049
0.9980530405218985,1.000240786956245
0.9987194769703371,1.0003925713598787
0.9983457632628202,1.0003263440703738
0.9972765975949114,1.0006174978096316
0.9976422451459691,1.0006969402592159
0.9961915087300494,1.0001734122955062
0.996609962998953,1.000779435069771
,,egauge22271,egauge20407,egauge19821,egauge2850,egauge3608,egauge14795,egauge30378,egauge19696,egauge19810,egauge8617
,,1,1,1,1,1,1,1,1,1,1
,,1,1,1,1,1,1,1,1,1,1
0.9996871999537832,0.9999997191174963
0.997038787588235,0.9999997190971771
0.9953189217666489,0.9999997190971769
0.9946186794458247,0.9999997190971769
0.9987485539885353,1.000397836026602
0.997962668222256,0.9999997191115556
0.9986271816152081,1.001268886753476
0.995647857306304,0.9999997190971771
0.996022047364598,0.9999997190971773
0.9961192523715512,0.9999997190971773
0.9952122149497238,0.9999997190971766
0.9938538436580249,1.000027250876904
0.9938460844506709,0.9999997190971769
0.9944593173605973,0.9999997190971769
,,egauge24121,egauge3167,egauge19696,egauge17311,egauge18544,egauge26086,egauge4183,egauge7692,egauge22785,egauge27467
,,1,1,1,1,1,1,1,1,1,1
,,1,1,1,1,1,1,1,1,1,1
0.9997904563060798,1.0000824872977934
0.9988653278948758,1.0008330355203474
0.9979889118863855,1.0012359316783965
0.9976816416877107,1.0014474304210086
0.9987485539885353,1.0002000936956368
0.9992981842401719,1.0002906066092954
0.9967151937026137,1.000904841151173
0.9979898194178387,1.0009646709279962
0.9988148273858467,1.0011892792432049
0.9961192523715512,1.0014127962985857
0.9979477373298218,1.0013268784433398
0.9969446653699846,1.0013323309664475
0.9970946286541664,1.0014619996563954
0.9975266868178828,1.0017796476221252
,,egauge27467,egauge14018,egauge22084,egauge28684,egauge16133,egauge30039,egauge19696,egauge28351,egauge18158,egauge13836
,,1,1,1,1,1,1,1,1,1,1
,,1,1,1,1,1,1,1,1,1,1
0.9998074458299364,1.0001112388696376
0.9981332437109351,1.0010014391749298
0.9965935478317066,1.0016473342201246
0.9964980160795569,1.0020899003512684
0.998775600070231,1.0004812823084392
0.9975947545222813,1.0008312932762482
0.9987169314950686,1.0000043234613585
0.9980626059639445,1.0011837506891967
0.9979350865631507,1.0011352553699355
0.9975753447995688,1.0016367965283708
0.9960225268151345,1.0017507344860344
0.9955829035776377,1.0017330629908454
0.9964400845220475,1.002315950918498
0.9964234732671335,1.0024974790355912
,,egauge2474,egauge33764,egauge26086,egauge16133,egauge20670,egauge2850,egauge15601,egauge16616,egauge14795,egauge18158
,,1,1,1,1,1,1,1,1,1,1
,,1,1,1,1,1,1,1,1,1,1
0.999807169678334,1.000037931449623
0.998270250056344,0.9999997190971771
0.9976319848252436,1.0005941026314946
0.9974981227681636,1.0010104666407695
0.9987694248315897,1.0003176905545115
0.9991162460298719,1.000588724488306
0.997617730009445,1.0008489454803096
0.9976575107668836,1.0001071698538366
0.9981693261831005,1.0002261066215878
0.9943906304623895,0.9999997190971773
0.9971013676467767,1.0007139002262
0.9975466793380645,1.0006476144642913
0.997247464299146,1.0012435141166967
0.997231643970847,1.0013639435855335
,,egauge2850,egauge21932,egauge19810,egauge5198,egauge8816,egauge7729,egauge30378,egauge30039,egauge28684,egauge17311
,,1,1,1,1,1,1,1,1,1,1
,,1,1,1,1,1,1,1,1,1,1
0.9929821912010495,1.0000207865755228
0.9235379518609458,1.0006483697847852
0.9233171136173386,1.0010838495583028
0.9230962756651719,1.0012696326254276
0.9929821885314809,1.00002078656314
0.9929821909823273,1.000020786574477
0.9929821907045213,1.000020786574082
0.9235379518609457,1.000779976467053
0.7945421913401937,1.0010230498723565
0.9235379543435531,1.0007446202001016
0.9233171136490519,1.0011871811123523
0.9233171136173386,1.0013258912592145
0.9230962761266398,1.0014080315186198
0.9227270181010693,1.0013767485641643
,,egauge26944,egauge3166,egauge16608,egauge18350,egauge16133,egauge5198,egauge3608,egauge4183,egauge28684,egauge2850
,,1,1,1,1,1,1,1,1,1,1
,,1,1,1,1,1,1,1,1,1,1
0.9997838023712972,1.000013640892095
0.9978585173901415,0.9999997190971776
0.9958278735312088,0.9999997190971769
0.9944524955839726,0.9999997190971771
0.9985582943005997,1.0003203681295876
0.9992800043433498,1.000207882961902
0.9958730165628039,1.0005631447805294
0.9978181645940946,1.000080546502191
0.9975681632427977,1.0000192948782622
0.9961045159842944,1.0002474365063774
0.9954255706111789,0.9999997190971769
0.9957214725163236,0.9999997190971769
0.99437303562258,0.9999997190971773
0.9922696357151299,0.9999997190971771
,,egauge7692,egauge2850,egauge22785,egauge14795,egauge30039,egauge26086,egauge22271,egauge27467,egauge5198,egauge16133
,,1,1,1,1,1,1,1,1,1,1
,,1,1,1,1,1,1,1,1,1,1
0.9997710316717838,1.0000290837650598
0.9985106446695441,1.0009298370855138
0.9974627071470055,1.0014583573950937
0.9965715645813731,1.0016185786332659
0.9987669817298057,1.0001491962021969
0.9957038486520617,1.0000122220595045
0.9976264635443834,1.00012897681236
0.9982280381071511,1.001224272346145
0.9983995981578834,1.0011931787845119
0.9981646750202466,1.0014516452713766
0.9974297877181219,1.0015824130725444
0.9972814901647645,1.001769137304433
0.9959563947863759,1.0017060191607599
0.9959861747203417,1.0017578919501815
,,egauge26086,egauge19810,egauge20407,egauge20925,egauge7729,egauge20358,egauge22271,egauge33764,egauge21932,egauge13830
,,1,1,1,1,1,1,1,1,1,1
,,1,1,1,1,1,1,1,1,1,1
0.9998066616715545,1.000049875448367
0.9988865366744877,1.0007222955160195
0.9979992877691674,1.001148435648383
0.9977779290838871,1.0012701665381722
0.999258195957029,1.0004179402803752
0.9976365254283164,1.0000008461970982
0.9979503764677145,0.9999893762460877
0.9988259352757518,1.0009450579037347
0.9975467420519855,1.0008842929305122
0.998677741205944,1.0010120389730102
0.9974067556925467,1.00126831171526
0.9979992877691674,1.0013626639117859
0.9977057517039737,1.0012701665281842
0.9966488341249031,1.0014737100614515
,,egauge13836,egauge15601,egauge3167,egauge3611,egauge8617,egauge7731,egauge18544,egauge26944,egauge3166,egauge8253
,,1,1,1,1,1,1,1,1,1,1
,,1,1,1,1,1,1,1,1,1,1
0.9998043759489874,1.0001189817970937
0.9986833619378358,1.0007805610136133
0.9980679581341112,1.0012540813997235
0.997643669735555,1.001324548840749
0.9995564047245815,1.0006028366759192
0.9972349678262518,1.0010593012868245
0.999176502389987,1.0003478394701142
0.9976531529035271,1.0008478095360682
0.998642969462325,1.0008615575456388
0.9959185533428414,1.0013602857930937
0.9980514863131613,1.0014235924020618
0.9968001647770356,1.001546206836155
0.997629166404194,1.0013682517029472
0.9967807362140149,1.0013781068920216
,,egauge20358,egauge8617,egauge27467,egauge19696,egauge16616,egauge3611,egauge13974,egauge7692,egauge2850,egauge32290
,,1,1,1,1,1,1,1,1,1,1
,,1,1,1,1,1,1,1,1,1,1
0.9997671659885641,1.000000841738438
0.9977343392704144,0.9999997190971761
0.9962103220518654,0.9999997190971757
0.9948269077408339,0.9999997190971757
0.999641525623143,1.000108421541714
0.99891274867638,1.000197349895166
0.999176502389987,1.0007593882670522
0.9964360262655885,1.0001491248774212
0.9976233948339738,0.9999997190971761
0.9957762530282783,1.0001125858783801
0.9961363669632368,0.9999997190971757
0.995695165660537,0.9999997190971757
0.9933334551122113,0.9999997190971757
0.9947100073793038,0.9999997190971757
,,egauge17073,egauge14795,egauge24121,egauge14018,egauge18158,egauge13974,egauge5198,egauge28351,egauge3608,egauge3166
,,1,1,1,1,1,1,1,1,1,1
,,1,1,1,1,1,1,1,1,1,1
0.999823879374921,1.000087458429004
0.998573581793601,1.0005911526912445
0.997773382475607,1.0007536953572715
0.9972806989907169,1.0007600986431815
0.9994135310201757,1.0003748039466551
0.9978549238550498,1.0006874033963418
0.9980968409460247,1.0003656274386794
0.9976531529035271,1.0009556773712007
0.9983414095456604,1.0007531250058135
0.9959185533428414,1.0008615319204759
0.9977610328423561,1.0008032720260394
0.9967613229441833,1.0008992148777416
0.9965709265776388,1.0007382634553719
0.9972380619073301,1.000802916002252
,,egauge16133,egauge19810,egauge28351,egauge5198,egauge4183,egauge22084,egauge17073,egauge8253,egauge18350,egauge21932
,,1,1,1,1,1,1,1,1,1,1
,,1,1,1,1,1,1,1,1,1,1
0.9998212109332237,1.000018197682095
0.9986833619378358,1.000318832729674
0.9984362093968991,1.0005603929789846
0.9983688033869564,1.0006223699216068
0.9986787181225799,1.0001989867850323
0.9976637146216103,0.9999997190971766
0.9978419734038987,1.000333242270498
0.9976531529035271,1.0005114475865782
0.998642969462325,1.000505578522991
0.9959185533428414,0.9999997191469403
0.9983908935995133,1.0007008431955544
0.9975094627093145,1.0005831600127943
0.9981873917394622,1.000698288082564
0.9983688033869564,1.0006223699216068
,,egauge19696,egauge32290,egauge14018,egauge4183,egauge16608,egauge19810,egauge16616,egauge26086,egauge28351,egauge19821
,,1,1,1,1,1,1,1,1,1,1
,,1,1,1,1,1,1,1,1,1,1
0.9928173561103112,1.0000984443335406
0.9291995734249003,1.000691305126465
0.8598056510254534,1.0013690009777718
0.7905057972038116,1.0018371962649
0.9927961498550494,1.000445572273906
0.9925796716623733,0.9999997191066303
0.9908497445160382,1.0008692163439223
0.9289864702368199,1.0008330442765785
0.9289772113470426,1.0008735498353567
0.9290935186697998,0.9999997192180717
0.8598056510254534,1.0013938065959564
0.8596896864415446,1.0016583099066183
0.7905057972038118,1.0019392382990961
0.674700446769729,1.0024699949619782
,,egauge8816,egauge28351,egauge5198,egauge30378,egauge7731,egauge19810,egauge27467,egauge18158,egauge20407,egauge16608
,,1,1,1,1,1,1,1,1,1,1
,,1,1,1,1,1,1,1,1,1,1
0.9997599974711453,1.0000597462509184
0.9985170346352668,1.0003870630938314
0.9977576183616409,1.0007602094405255
0.9971453814922216,1.0007327580903422
0.9977654619601694,1.0004556432888796
0.9979512234873518,1.0003543215754578
0.997019014282021,1.0004612182252124
0.9978108665483343,1.0005659105700109
0.9984665549465052,1.0006400784766076
0.9960754680633392,0.9999997192542699
0.997691759051842,1.000907089408215
0.9976509734298955,1.0011135820956722
0.996515319117639,1.0006235969305397
0.9970175036742734,1.0008505123995741
,,egauge14795,egauge28351,egauge18158,egauge7692,egauge13836,egauge26944,egauge15623,egauge20358,egauge3608,egauge16616
,,1,1,1,1,1,1,1,1,1,1
,,1,1,1,1,1,1,1,1,1,1
0.9998558206994254,1.000098882184224
0.9988106427090051,1.0006840065939084
0.9980876988973127,1.000865781845037
0.9973423220392068,1.0008849925802092
0.9988147621057698,1.0004412746024665
0.9979620063061595,1.0003888547495512
0.9970307957618003,1.0008053698608195
0.9978512658492846,1.0008156188305777
0.9987389575668137,1.0011291690752686
0.9960754683807969,1.001321674682541
0.9980671087055394,1.000915365075774
0.997949011495747,1.0010156802172938
0.9966107872032761,1.0008631541720674
0.9971617606843803,1.000949229713105
,,egauge20925,egauge22271,egauge17073,egauge32290,egauge23534,egauge19696,egauge4183,egauge3166,egauge18350,egauge18158
,,1,1,1,1,1,1,1,1,1,1
,,1,1,1,1,1,1,1,1,1,1
0.9998562055446397,1.0001024477275604
0.9986719774284487,1.0006815060844396
0.9984269535836195,1.0010859913268164
0.9982929281181526,1.001355127363668
0.9989993767361153,1.000384719821809
0.9992347394259548,1.0008474714394318
0.9970307957618003,1.0008170419496358
0.9982238974084992,1.000620775916911
0.9983404908246041,1.0008941300994796
0.9959645995288515,1.0011644984406967
0.9983775189502362,1.0011562542169488
0.9983629126176926,1.0011395342899498
0.9982058486236283,1.001435255616831
0.9981968855767993,1.0016941395238508
,,egauge7729,egauge13974,egauge13830,egauge17073,egauge8617,egauge28351,egauge16608,egauge30378,egauge14018,egauge5198
,,1,1,1,1,1,1,1,1,1,1
,,1,1,1,1,1,1,1,1,1,1
0.9998216023036751,1.000102092608783
0.9988133048993771,1.0007771242915113
0.9981052689952388,1.0013210614486834
0.9975049647275143,1.001622319102804
0.9984235160863827,1.0002732548784534
0.9984139345306181,1.0003976262893626
0.9970307957618003,1.0005861216911325
0.9985177033262393,1.0009771052691532
0.9987022185679859,1.0008176204744128
0.9960754683807969,1.0010668865753998
0.9980846783791119,1.0013954784633639
0.9977746211965631,1.0015460498104376
0.9966880161604151,1.0018846960588046
0.9966265291652013,1.0017401971747268
,,egauge13830,egauge16616,egauge20407,egauge17073,egauge32290,egauge23534,egauge7729,egauge26086,egauge22785,egauge22271
,,1,1,1,1,1,1,1,1,1,1
,,1,1,1,1,1,1,1,1,1,1
0.9997782854936981,1.000076808720576
0.9984701547075546,1.0007662476952428
0.997155091227638,1.0012102231706466
0.9966457356912561,1.0014713854847788
0.9994256167134653,1.0003335703936769
0.9993240086920606,1.0001773112118004
0.9970339185618927,1.0000234234368797
0.9983288347970123,1.0010976243999994
0.9977004691092385,1.0007055114456298
0.9978673381408888,1.0013913476411722
0.9966288818004456,1.0012639604483193
0.9969301939955854,1.0015880451128474
0.9961390169099827,1.001485955128264
0.9965392316539194,1.0018893902069759
,,egauge28351,egauge22271,egauge8816,egauge18350,egauge18158,egauge8617,egauge30378,egauge30039,egauge20407,egauge20670
,,1,1,1,1,1,1,1,1,1,1
,,1,1,1,1,1,1,1,1,1,1
0.999793551147894,1.0000806014340489
0.9986972718242283,1.000572074923819
0.9976049130976498,1.0008813675317483
0.9970062395206417,1.0009389991691708
0.9988319684200101,1.000241059958726
0.9992378327521156,1.0008446457243731
0.9958137021056622,1.0008646559341792
0.9976518417775474,1.0006834217410665
0.9985962969245541,1.000897271847327
0.9959355525355116,1.0005870713288145
0.9973169066018881,1.000967654749129
0.9974876263890298,1.0012240766039104
0.9963907524271716,1.0008079772631355
0.9968648522528739,1.0012495885660277
,,egauge19810,egauge20925,egauge32290,egauge9102,egauge19696,egauge27467,egauge26086,egauge8617,egauge7692,egauge15623
,,1,1,1,1,1,1,1,1,1,1
,,1,1,1,1,1,1,1,1,1,1
0.9997582677245231,1.000053355645319
0.9981777307218441,1.0007315841034188
0.9973283864519351,1.0010818014747789
0.9966600099551448,1.0012483588143326
0.9985732129435946,0.9999997191022435
0.9980544154649552,1.0006357908898573
0.9979618137042926,0.9999997191026334
0.9976518417775474,1.0008935832350019
0.9967874992932736,1.0010118785559596
0.9959355525355116,1.0012919394029056
0.9972790161360078,1.0011934003715373
0.9971471983250559,1.0011246351021699
0.995950759981785,1.0013503300092157
0.996585452806364,1.0013768979597089
,,egauge7692,egauge8617,egauge14018,egauge13974,egauge18544,egauge13830,egauge28351,egauge20407,egauge30039,egauge20925
,,1,1,1,1,1,1,1,1,1,1
,,1,1,1,1,1,1,1,1,1,1
0.9998518019482513,1.0000973478364785
0.9985919513910552,1.0007116521733777
0.9976665197959317,1.0009951247078865
0.9974497677739451,1.0013029400666795
0.9988164548953918,1.0002471101995143
0.9989643535239268,1.000251875492073
0.9974187381543178,1.000868118867931
0.9976518417775474,1.0008331429138126
0.9985111795720092,1.001066097392705
0.9959355525355116,1.0010786894140171
0.99727567330933,1.0010571141241889
0.9970584322312009,1.0008024466236674
0.9972395667726817,1.001557273509233
0.9973761340033614,1.0015493568746345
,,egauge19821,egauge13830,egauge28684,egauge4183,egauge26944,egauge28351,egauge2850,egauge19696,egauge3167,egauge22271
,,1,1,1,1,1,1,1,1,1,1
,,1,1,1,1,1,1,1,1,1,1
0.9997854753970438,1.0000772267495108
0.9979441227753763,1.000340047623652
0.9966037070841475,1.0003543410718505
0.9965400148941109,1.000635700596642
0.9992504912182731,1.000695093823579
0.999149355386304,1.000550654046556
0.9979870463163429,1.000449103123352
0.9976518417775474,1.0005627094283454
0.997490433884083,1.0005222167693197
0.9959355525355116,1.0005137914976459
0.9962477432274954,1.0000984080686846
0.995125777271426,1.0006382240651275
0.9965110466772227,1.0007065270043793
0.9964016048274323,1.0010119188107174
,,egauge32290,egauge15601,egauge22271,egauge24121,egauge20925,egauge3608,egauge33764,egauge22084,egauge14795,egauge27467
,,1,1,1,1,1,1,1,1,1,1
,,1,1,1,1,1,1,1,1,1,1
0.9998629664319577,1.0000960443107154
0.99870041697332,1.0006217202989272
0.9981574102176018,1.0010321321804374
0.9975904496040682,1.001442305000509
0.9989230305563,1.0000301701034768
0.9973075989899077,1.0010065707828424
0.9979870463163429,1.000873104876247
0.9976518417775474,1.0007496176758386
0.997819530969153,1.000854582994335
0.9959355525355116,1.0005831072810218
0.9982109536378155,1.0011106569928359
0.9979227162276203,1.0008394457495797
0.996822513153438,1.0016463183263558
0.9977717709363441,1.0018281270828284
,,egauge20670,egauge13974,egauge7692,egauge21932,egauge15601,egauge30039,egauge26086,egauge33764,egauge26944,egauge20925
,,1,1,1,1,1,1,1,1,1,1
,,1,1,1,1,1,1,1,1,1,1
0.9998357231149361,1.000131039838829
0.9986677471542122,1.001106976765219
0.9977266860350646,1.0017457519628603
0.997291717548942,1.0020934309297318
0.9995804158328688,1.0004018614906411
0.9984336269433687,1.0004217591361049
0.9977809265196805,1.0004306294593317
0.9977138025173776,1.0011069767620013
0.9977401097366323,1.0015832365005601
0.9985882797961356,1.0016095528993862
0.9977102206256689,1.0018574383425056
0.9961936595062407,1.001960131314348
0.9964299980879923,1.0023340706046129
0.9971373230951212,1.002340077560266
,,egauge15623,egauge20407,egauge13836,egauge2850,egauge7729,egauge8617,egauge26086,egauge8253,egauge9102,egauge19821
,,1,1,1,1,1,1,1,1,1,1
,,1,1,1,1,1,1,1,1,1,1
0.9997230235946888,1.0000391497344983
0.9972393944656065,1.000259921458259
0.9959299849270611,1.0008297166688693
0.9951356201816938,1.0011619405521557
0.9987542412739674,1.0001855925533432
0.9980793414308399,0.9999997190971778
0.9970304112342497,1.0009552028282005
0.9951577141748923,0.9999997190971773
0.9969862850974007,1.0003766439822763
0.9970663579665995,1.0003714248939477
0.9959299849270611,1.000995009620631
0.9950688055627123,1.0008832434427943
0.9946225874887421,1.0012420505399402
0.9945618471785895,1.0016333932022472
,,egauge30378,egauge17073,egauge15623,egauge13830,egauge18544,egauge3167,egauge8816,egauge16133,egauge4183,egauge2474
,,1,1,1,1,1,1,1,1,1,1
,,1,1,1,1,1,1,1,1,1,1
0.9998345022152875,1.0001020993944527
0.9985054284788913,1.000789495235665
0.9971521786174222,1.0011699776379324
0.9970565847395297,1.0013971874479646
0.9987542412739674,1.0003479543233988
0.9990127204329124,1.0007557361794992
0.9970304112342497,1.0004173499919846
0.9984173655597367,1.0009818893248315
0.9984246650062478,1.0011439730533436
0.9983898896929969,1.0009633313822857
0.9963836415558226,1.0012195786852431
0.9960505770020094,1.0013092172542604
0.9969696328246439,1.0014991765187875
0.9968799299298572,1.001643631579628
,,egauge20925,egauge15623,egauge8816,egauge8617,egauge17073,egauge13830,egauge32290,egauge14795,egauge13836,egauge14018
,,1,1,1,1,1,1,1,1,1,1
,,1,1,1,1,1,1,1,1,1,1
0.9998342696628257,1.0001097246875337
0.9986759111398174,1.0008419754181956
0.9976894860073575,1.001415541125748
0.9971927042449893,1.001845148349458
0.9987542412739674,1.0003710182035062
0.9993179990071457,1.00034960884104
0.99585422838977,1.0007911612676985
0.9983152107821388,1.0008824747005471
0.9985547473927131,1.0009938676577947
0.9982908271125956,1.0012090691349333
0.9974302463182045,1.0013783333642257
0.9972000717161179,1.0017477458275743
0.9971564662932214,1.0020729541924989
0.996349093380824,1.0022311544466207
,,egauge23534,egauge3166,egauge22084,egauge7729,egauge22271,egauge8253,egauge5198,egauge20925,egauge24121,egauge18350
,,1,1,1,1,1,1,1,1,1,1
,,1,1,1,1,1,1,1,1,1,1
0.9998671615753233,1.0000620204421133
0.9988083734084463,1.0006505238185304
0.9982068317392675,1.001011687724017
0.99771084858858,1.0011526018114412
0.9987578752349511,1.0003616427016382
0.9993116966544348,1.0001849080177303
0.9970345703547003,0.9999997190971781
0.9975858123848808,1.0008125075053684
0.9986181097520609,1.0009607671470806
0.9972123146268764,1.0006891415831827
0.9978568855098922,1.0010612794979277
0.9972883822887217,1.0012580198051741
0.9968487008945414,1.0012472778314123
0.9977108484957543,1.0012489916175362
,,egauge13830,egauge18158,egauge17311,egauge30039,egauge5198,egauge24121,egauge3166,egauge19821,egauge13974,egauge28351
,,1,1,1,1,1,1,1,1,1,1
,,1,1,1,1,1,1,1,1,1,1
0.9998484618229666,1.0000846209596743
0.9985854723694596,1.0008633094438089
0.9974288693130057,1.0014389414760068
0.9964235489957005,1.0016119809451303
0.9987609231385979,1.0003388140429827
0.9991278324381272,1.0007446039879035
0.998636089825454,1.000435956787119
0.997687509853003,1.0011574251556212
0.9981654737937015,1.000974694574313
0.9983003766199066,1.0011144508494902
0.9974082951955663,1.0014554797622164
0.9972000716679505,1.0020714431395397
0.9959675936619115,1.0017067083033577
0.9954131087249828,1.0017620114282826
,,egauge22785,egauge17073,egauge13836,egauge15601,egauge7731,egauge3611,egauge8253,egauge14795,egauge20407,egauge30378
,,1,1,1,1,1,1,1,1,1,1
,,1,1,1,1,1,1,1,1,1,1
0.9998028314986896,1.0001005499127624
0.9979835358298579,1.0007317626017422
0.9973322991153067,1.000955671827391
0.9963460236319945,1.0009749345511383
0.9987609231385979,1.000175424729467
0.9990053323067384,1.0007099374056412
0.9991674835729053,1.0010848827363952
0.9966839116835694,1.001207811330043
0.9979532664279441,1.0010051721712387
0.9960631969963726,1.0008678427210749
0.9970151049446286,1.0009598039805538
0.9970232590304475,1.0012876962156965
0.9957310189637338,1.000843907053684
0.9956013230291328,1.0011998310066792
,,egauge22785,egauge13974,egauge30378,egauge14795,egauge26944,egauge33764,egauge8617,egauge19821,egauge20358,egauge18350
,,1,1,1,1,1,1,1,1,1,1
,,1,1,1,1,1,1,1,1,1,1
0.9997918994811982,1.0001191115378256
0.9987534636440585,1.001060164951946
0.9984684662361324,1.001603848662233
0.9983609728403882,1.0017448613631323
0.9987609231385979,1.0001749042113455
0.9984110352355785,1.0004125392973575
0.998336740102205,1.0005685691088804
0.997687509853003,1.001364082036621
0.9975533440473842,1.0013944857241663
0.9984403140324667,1.0014329755741955
0.9983673662318022,1.0016203901657919
0.9972000716679505,1.0022364733516635
0.9982683039927412,1.0018468922998827
0.9982239145278881,1.0018306000052217
,,egauge26086,egauge14795,egauge19810,egauge15601,egauge13830,egauge13836,egauge5198,egauge3608,egauge2474,egauge16608
,,1,1,1,1,1,1,1,1,1,1
,,1,1,1,1,1,1,1,1,1,1
0.9998251654335883,1.0000937365701534
0.9986640105707475,1.0008894526624141
0.9974422520164007,1.0011870054666128
0.9968564106047004,1.0014452818455648
0.9987801780238582,1.0004413958114906
0.9978585249569464,1.0007136986809493
0.9974900774902984,0.9999997190972143
0.9976354708806816,1.0013655900879739
0.9986148262143723,1.0010818694692105
0.9985677080564994,1.0015688306923578
0.9974299072165076,1.0012324737859455
0.9964093177493698,1.0011655876136274
0.9962555021399192,1.0016128578240453
0.9967605315044445,1.0016381499677527
,,egauge13830,egauge30039,egauge28684,egauge22084,egauge16608,egauge16616,egauge28351,egauge21932,egauge2474,egauge19821
,,1,1,1,1,1,1,1,1,1,1
,,1,1,1,1,1,1,1,1,1,1
0.9998818776137118,1.0001016129547127
0.9989098247578044,1.000696888997097
0.9980710527492419,1.0013078999699634
0.9972746749759092,1.0018337980437393
0.9987825650558958,1.0003227108422086
0.9992916147927823,1.0007924247621893
0.9990859921248525,1.0004820153743126
0.998728041572888,1.000524839642707
0.9988189234064595,1.0008791349421047
0.9986802381498249,1.00081275908284
0.9979523315456337,1.001365777828778
0.9972000719106703,1.0013078999699634
0.9966734683416179,1.0020014508106705
0.996827203653893,1.0024665942005024
,,egauge17073,egauge30039,egauge8816,egauge16616,egauge3167,egauge20358,egauge18158,egauge19821,egauge7729,egauge3608
,,1,1,1,1,1,1,1,1,1,1
,,1,1,1,1,1,1,1,1,1,1
0.9997534235575544,1.0001037120988114
0.998180869152908,1.0007585343390273
0.996607687023699,1.0013109122755017
0.995260857569524,1.0013878002971333
0.9987701023900771,1.000421761888584
0.9991431568177583,1.0007983144766908
0.9957737637975838,1.0008528909874876
0.9980295088911724,1.0008192787247459
0.9981405010253739,1.000839528783317
0.997949911743882,1.0010289669835892
0.99657069060684,1.0013770592923763
0.9963202016527231,1.0019433183595199
0.9944156514045239,1.0014970740488278
0.9942518221760127,1.0013556663112104
,,egauge7731,egauge7692,egauge9102,egauge17311,egauge30378,egauge19696,egauge17073,egauge16616,egauge8617,egauge24121
,,1,1,1,1,1,1,1,1,1,1
,,1,1,1,1,1,1,1,1,1,1
0.9997949042284417,1.000075198671644
0.998393424947275,1.0005200656978757
0.997969677800749,1.0007258062013744
0.9977146011079634,1.0007834246920382
0.9987701023900771,1.0004575540156082
0.9978289649316386,1.000308706385471
0.9983255207946717,1.0005179481597026
0.9983631408536849,1.0006434316992519
0.9977245625564164,1.0007731533641402
0.995744344247841,1.001218358767293
0.9979243870443385,1.0008621515056035
0.997200071353799,1.0006993017141073
0.9976058291007888,1.0008074413723103
0.9974480529060384,1.0008476541226499
,,egauge8253,egauge19810,egauge17311,egauge22271,egauge18350,egauge13830,egauge7731,egauge3611,egauge5198,egauge17073
,,1,1,1,1,1,1,1,1,1,1
,,1,1,1,1,1,1,1,1,1,1
0.9998368790576564,1.0000745840428433
0.9990865339251688,1.0009780328655336
0.9983594808673223,1.0015688602318056
0.9977533466939984,1.0018958740692976
0.9987701023900771,1.0001376601069873
0.9976769205030989,1.000014853602019
0.9986120077285743,1.0004367608946028
0.9990057148849114,1.0013325896166851
0.9990057148711586,1.0010691763298545
0.9985567715459787,1.001441857519635
0.9983430033288545,1.0017177508575057
0.997200071353799,1.0016438650304136
0.9971373139057784,1.0020416660526816
0.9976040520894808,1.0022282670920324
,,egauge20407,egauge19821,egauge14795,egauge14018,egauge16608,egauge22785,egauge13836,egauge18350,egauge33764,egauge19696
,,1,1,1,1,1,1,1,1,1,1
,,1,1,1,1,1,1,1,1,1,1
0.9997413653767259,1.0001226782901567
0.9982319614356401,1.0008871480713135
0.9970572912687392,1.001408616323342
0.9959958421811941,1.001677833121724
0.9987701023900771,1.000014853598226
0.9988112715979469,1.0013034132943568
0.9977358726797374,1.0007851489056154
0.9979712648437035,1.0012518002179722
0.9981108612488108,1.001069434998199
0.9967886686512782,1.000910758651065
0.9970285004800133,1.0015409359318874
0.9969294268376138,1.0015050352583614
0.9957932374226504,1.0018162986700514
0.9945189792162769,1.002026135533416
,,egauge26944,egauge17311,egauge13974,egauge7692,egauge3611,egauge15601,egauge30378,egauge30039,egauge18158,egauge3608
,,1,1,1,1,1,1,1,1,1,1
,,1,1,1,1,1,1,1,1,1,1
0.9998023242575054,1.0000995284105807
0.9980545801525645,1.0008033484587486
0.9974459370190283,1.0012729557720457
0.9966695266995339,1.0014523977525727
0.9985770598601696,1.0004131303693158
0.9987489835986422,1.0004236745684791
0.9983093678045947,1.000374592832018
0.9971007212858669,1.0009156257998024
0.9971538587924305,1.0009147257013793
0.9955978908674136,1.0016824527834376
0.9973471884027186,1.00133083124378
0.9972662688441839,1.0016158233358998
0.9964957205988976,1.0016782784476355
0.9956269132641741,1.0014202612960845
,,egauge23534,egauge14795,egauge7692,egauge20670,egauge3608,egauge26086,egauge20407,egauge21932,egauge19696,egauge16608
,,1,1,1,1,1,1,1,1,1,1
,,1,1,1,1,1,1,1,1,1,1
0.9997754653614936,1.0000796447065314
0.99796839573112,1.00046141791459
0.9965021355226744,1.0006734843259397
0.9955615462370264,1.0010385991184751
0.9987164317913968,1.0003822423875273
0.9978639115381087,1.0006995964878174
0.9976088310521831,1.0003792159952154
0.9977767295867827,1.0007196835348642
0.9971952358973241,1.0004400510174232
0.9971992227218215,1.001111853792552
0.9961446821634948,1.0006014538204164
0.9965021355226744,1.0007793898375734
0.9945788847486133,1.0013226523355916
0.9954339086958576,1.0012313746758552
,,egauge15601,egauge30378,egauge28351,egauge26086,egauge5198,egauge13830,egauge33764,egauge3166,egauge8816,egauge24121
,,1,1,1,1,1,1,1,1,1,1
,,1,1,1,1,1,1,1,1,1,1
0.9998066853197508,1.000110882781346
0.9984051436278011,1.0008511591195839
0.9969969555933644,1.0012976452431017
0.9956690261685379,1.0015604310542516
0.9985278704586964,1.0005751825742286
0.998464762527454,1.0006107927727308
0.9978334264027533,1.0004077206892732
0.9979135025097147,1.0011752648710153
0.997973319698031,1.0009827973211125
0.9980580961804055,1.001179599886112
0.9969640543875238,1.0014051376798037
0.9969436779126174,1.0013404897771134
0.9943182880277298,1.0018300787532888
0.9954350240980138,1.0016032888741593
,,egauge2474,egauge13974,egauge33764,egauge22271,egauge4183,egauge22785,egauge26086,egauge20358,egauge3167,egauge3608
,,1,1,1,1,1,1,1,1,1,1
,,1,1,1,1,1,1,1,1,1,1
0.9998352974994766,1.0000851168587468
0.998869596849163,1.0006037003704717
0.9980538609523768,1.0008923055474301
0.9973915553552107,1.0009371301889909
0.998727397926291,1.0003649129556225
0.998447466616021,1.0003763231256462
0.9990992202662633,1.0006562328112905
0.9979135025097147,1.000998621977185
0.9986839222204807,1.000826431553067
0.9973584640383168,1.0006423159747353
0.9980003306938409,1.0010038794688938
0.9972000711891548,1.0010529180220185
0.9973625578553083,1.0010026561959728
0.9963267789988568,1.000915718655679
,,egauge13830,egauge14018,egauge13836,egauge13974,egauge17311,egauge7731,egauge7729,egauge18350,egauge5198,egauge19696
,,1,1,1,1,1,1,1,1,1,1
,,1,1,1,1,1,1,1,1,1,1
0.9997888096459021,1.0001107465941157
0.9979786683564258,1.0007075618935326
0.9961440805745967,1.0010343134028015
0.9947349475646007,1.00130339283443
0.998727397926291,1.0003675185606213
0.9975671156912337,1.000802468167953
0.9992054936539441,1.0010163703322297
0.9975391547669479,1.0007683025592482
0.9979383098846754,1.0008391777913888
0.9978824437552317,1.0014032666594974
0.9958853147889192,1.0010798689126932
0.9960589256601939,1.001184241633538
0.9941211189109779,1.0014490829272282
0.9932814775049564,1.0016147170037644
,,egauge14795,egauge19696,egauge20407,egauge9102,egauge19821,egauge3166,egauge22785,egauge3608,egauge27467,egauge26944
,,1,1,1,1,1,1,1,1,1,1
,,1,1,1,1,1,1,1,1,1,1
0.9997365357062252,1.0001000433399034
0.9984349093020788,1.000889995870127
0.9972711005157839,1.0012868085049458
0.996431568328166,1.0016906796626062
0.998781489412227,1.0004308169631422
0.9968897509592544,1.0007873129174096
0.9978637812624818,0.9999997190971938
0.9977341297527081,1.0010418967116992
0.998047283777395,1.0014979255024998
0.9983771408297583,1.0009672567529344
0.9971805988671386,1.001295076067912
0.9966119764078656,1.0012546783512484
0.9963374414044186,1.001923914383854
0.9951662370025011,1.002022992153201
,,egauge16133,egauge22084,egauge15601,egauge22271,egauge22785,egauge14018,egauge18350,egauge21932,egauge20358,egauge4183
,,1,1,1,1,1,1,1,1,1,1
,,1,1,1,1,1,1,1,1,1,1
0.9998439582364838,1.0000854203969631
0.9987586670513604,1.0006545573475343
0.997868024209411,1.0008936856411166
0.9969773864442469,1.0010651567140332
0.9987412909267044,1.0002244817193835
0.9987699538727995,1.0000240754139396
0.9971036724279895,1.0010919702938625
0.9984154257174086,1.0010495027830022
0.9983833567550041,1.0006748020211427
0.996826543259862,1.0013429646239813
0.997868024209411,1.0009474028399434
0.9972000719109336,1.0008936856411166
0.9969773864442469,1.0011743888737066
0.9954881829622295,1.0012894489022728
,,egauge19810,egauge24121,egauge16608,egauge30378,egauge15623,egauge2474,egauge14018,egauge14795,egauge18544,egauge13830
,,1,1,1,1,1,1,1,1,1,1
,,1,1,1,1,1,1,1,1,1,1
0.9998553137190525,1.0000972890644888
0.9988999475613528,1.0010710121104958
0.9982257502311219,1.0018094797828156
0.9978303661744901,1.0021537062450103
0.9986701228831408,1.0000240754139385
0.9982101352908621,1.0003571657634103
0.9987110169907563,1.0005971488804262
0.9983951873841734,1.001283733964369
0.9988292456862488,1.0011925544038303
0.9973223320458492,1.0015155492491672
0.997911469058396,1.001958412656267
0.9972000714778302,1.0021397183559126
0.997627320055756,1.002408952686316
0.9974678525708459,1.0023574620655258
,,egauge16608,egauge33764,egauge13974,egauge30378,egauge8253,egauge13830,egauge32290,egauge8617,egauge7731,egauge3166
,,1,1,1,1,1,1,1,1,1,1
,,1,1,1,1,1,1,1,1,1,1
0.9998657977743636,1.0000717121279852
0.9989383543505146,1.000460357173619
0.9981508648987871,1.0006669089875615
0.997710847976175,1.000953576987858
0.9987637766802163,1.000358324827832
0.9991746885649005,1.0006455703909167
0.9983682134501084,1.000391636469372
0.9984436663892179,1.0007134269975775
0.9981007533693586,1.0005413230981826
0.998518816973141,1.0008387827890592
0.9977844822465927,1.0006379949036919
0.9976989364503203,1.0007525386076273
0.9968487001699992,1.0012230316290456
0.9977108476973857,1.0010606528778367
,,egauge19821,egauge19696,egauge24121,egauge5198,egauge18544,egauge17073,egauge19810,egauge15623,egauge30039,egauge20925
,,1,1,1,1,1,1,1,1,1,1
,,1,1,1,1,1,1,1,1,1,1
0.9997833610828881,1.000113767869433
0.9987803687276301,1.0006338821100937
0.9979452335963902,1.000838643040975
0.9977360839216844,1.0011910033121967
0.9987307790709136,1.0007452803025396
0.9969020670321662,1.0007752563042707
0.9979678495346544,1.0003919455266526
0.9980004771535252,1.0007452370531282
0.9984472102449256,1.0009402961379417
0.9984866619291962,1.0011234469571122
0.9975084559750635,1.000681672757404
0.997200071396732,1.0009778281795592
0.9975258113757435,1.0014241005411415
0.9970692043932239,1.0014373875260862
,,egauge24121,egauge2850,egauge13830,egauge32290,egauge4183,egauge7692,egauge30039,egauge17073,egauge28351,egauge23534
,,1,1,1,1,1,1,1,1,1,1
,,1,1,1,1,1,1,1,1,1,1
0.9998067143358267,1.000043698888258
0.9988421167834619,1.0006743720840874
0.9978893214856323,1.0012749681528754
0.9971886355726803,1.0015133659395716
0.9987307790709136,1.0001119641718053
0.9956920050216096,1.000024075413939
0.9979678495346544,1.0005573578462257
0.9980674785284828,1.0006136424231513
0.9987310266779281,1.000828891232974
0.9969616986631262,1.0008696463820823
0.9977699404106039,1.0013783230201019
0.997200071396732,1.0016392750377974
0.996500648263959,1.001571650406501
0.9970287861639128,1.0018777753262489
,,egauge22084,egauge24121,egauge20358,egauge20670,egauge18544,egauge13974,egauge7731,egauge8253,egauge3167,egauge18158
,,1,1,1,1,1,1,1,1,1,1
,,1,1,1,1,1,1,1,1,1,1
0.9998199514210807,1.0000714946764875
0.9988718631293865,1.0007582600964031
0.9981644320862356,1.0011872457905635
0.9979858319783965,1.0014628319612977
0.9987307790709136,1.0000240754139387
0.998265000300537,1.0003313634583288
0.9979678495346544,1.0003710632053728
0.9987405733524082,1.000963842257506
0.9985790419514272,1.0011735198857852
0.9978340215656623,1.0010206955736167
0.9981603135987125,1.0012953045552166
0.997200071396732,1.001230084747715
0.9979713226742108,1.001535684433719
0.9977085366129032,1.0018164978087276
,,egauge22084,egauge30378,egauge15623,egauge24121,egauge28351,egauge19810,egauge32290,egauge15601,egauge26086,egauge20670
,,1,1,1,1,1,1,1,1,1,1
,,1,1,1,1,1,1,1,1,1,1
0.9998199514210807,1.0000589770312573
0.9987856267659805,1.0004786171196078
0.9979236737133945,1.000994137366444
0.9979173012717266,1.0013169295638091
0.9987307790709136,1.0000240754139387
0.9984737399291017,1.000539160675559
0.9979678495346544,1.0003157332904364
0.9985130213203469,1.000610197427564
0.9979179383973575,1.0006203206815367
0.9967255853138864,1.0002410126562882
0.9977664269105735,1.0009569481110585
0.9965497592943068,1.0014547780679537
0.9979372858478841,1.0016083644549716
0.9978319674259595,1.0015740676145717
,,egauge21932,egauge30039,egauge14795,egauge14018,egauge3166,egauge16616,egauge20925,egauge19810,egauge18544,egauge20358
,,1,1,1,1,1,1,1,1,1,1
,,1,1,1,1,1,1,1,1,1,1
0.9998199514210807,1.0000798905543866
0.9988330015762912,1.0005178311940122
0.997884310091375,1.0007282870191119
0.9975910160323637,1.0010357380696482
0.9987307790709136,1.000079890545632
0.9992670498981714,1.000731516507767
0.9976395972833072,1.000736604473482
0.9976909137149865,1.00088232428703
0.9987825030051348,1.000558314970621
0.9984866619291962,1.0006336768304696
0.9978678418296801,1.0008233112070901
0.9968189114896404,1.0004016848937076
0.9973517896729251,1.0012833627303173
0.9974524102774899,1.0011856665373413
,,egauge26944,egauge19810,egauge15601,egauge27467,egauge8617,egauge19821,egauge28351,egauge22785,egauge23534,egauge18158
,,1,1,1,1,1,1,1,1,1,1
,,1,1,1,1,1,1,1,1,1,1
0.9998194199831795,1.0000999735572598
0.9988141118976824,1.000886154668045
0.9978978945658696,1.0012739676804134
0.9975982213708543,1.0016201115717538
0.9985651589986743,1.0004525292943374
0.9976424495465025,1.0000003767160512
0.9971025454819131,1.0011065407878057
0.9982342112870153,1.0012204066941988
0.998662100395435,1.0009064048744745
0.9980283326450644,1.0020302638910752
0.997543962792073,1.0013125099071727
0.9972000713497674,1.0013489463630072
0.9974242236614578,1.0017731446046196
0.9973530247536748,1.0019738430181258
,,egauge2474,egauge13836,egauge30039,egauge26086,egauge23534,egauge20925,egauge7731,egauge17073,egauge24121,egauge7729
,,1,1,1,1,1,1,1,1,1,1
,,1,1,1,1,1,1,1,1,1,1
0.9998519721142664,1.0001289016314334
0.9987820186714593,1.0009269997402879
0.9977467516646901,1.001391720850748
0.9968303973682667,1.0014920175587891
0.9990017044225789,1.0003749769442964
0.9993102438456231,1.0009612254829134
0.9987333651313606,1.000809375012194
0.9982342112870153,1.001268349735533
0.9985235681456675,1.0012195983032417
0.997859996352394,1.0013180642537363
0.9977179373323011,1.0015116313605112
0.9972000713497674,1.0017453570994188
0.9966565580542318,1.001586731443652
0.9954824725983571,1.001663460969208
,,egauge20358,egauge18544,egauge19696,egauge8816,egauge30378,egauge8617,egauge16616,egauge27467,egauge13830,egauge19810
,,1,1,1,1,1,1,1,1,1,1
,,1,1,1,1,1,1,1,1,1,1
0.9996884941286706,1.0000730039779175
0.997655136821687,1.0003866438808497
0.9967948615686358,1.0004349865351303
0.9961081011258064,1.0003071510333756
0.9995495436702881,1.0002282585618743
0.9991115650174083,1.0008762491527476
0.9966433326536945,1.0008762504929154
0.9957732093630945,1.0007612080882056
0.9972921883589175,1.0006396916230194
0.997482015076592,1.0004243583331043
0.9967331886364655,1.0004597648136577
0.9966563866520262,1.0007480037350105
0.9960501963802818,1.0004308388022534
0.9950087552805131,1.0001531618659372
,,egauge16616,egauge16608,egauge4183,egauge27467,egauge3166,egauge2474,egauge30039,egauge28684,egauge19810,egauge23534
,,1,1,1,1,1,1,1,1,1,1
,,1,1,1,1,1,1,1,1,1,1
0.9998681458622736,1.000067823337471
0.9988461904528487,1.0005452836553468
0.9978490519059589,1.0007444416435936
0.9970721213141147,1.000638544383201
0.9996840536428572,1.00012913230149
0.9993473375958395,1.0005831613062395
0.9987333651313606,1.0005138818643
0.9982342112870153,1.0008895300510992
0.9987715479642504,1.0005958906169052
0.99739686698029,1.0009188819060215
0.9977296765972717,1.0008766575425152
0.9972000713497674,1.0009442594993425
0.9962901843804277,1.0003693609894293
0.9969229473900586,1.0008812299452343
,,egauge3166,egauge23534,egauge3167,egauge15623,egauge22785,egauge7731,egauge13830,egauge22271,egauge16616,egauge8816
,,1,1,1,1,1,1,1,1,1,1
,,1,1,1,1,1,1,1,1,1,1
0.9997914007096556,1.0000914724385543
0.9980105981855051,1.000710349047882
0.9966292377869481,1.0011125017196243
0.9953472080002146,1.0011599416465946
0.9996139561266651,1.0001906077398375
0.9990810749222955,1.0007714763386617
0.9987333651313606,1.0003103014834158
0.9979702380901629,1.000811588742687
0.9971739170005771,1.0007204719293765
0.9978374033829555,1.0014060560518714
0.996596350943623,1.0012117028728147
0.9965440339387008,1.001487456294559
0.9952387413178442,1.0011825912087566
0.993363086678955,1.0015563542284802
,,egauge2850,egauge28684,egauge18544,egauge17311,egauge26086,egauge19821,egauge26944,egauge24121,egauge3608,egauge22084
,,1,1,1,1,1,1,1,1,1,1
,,1,1,1,1,1,1,1,1,1,1
0.9997350521643246,1.000010456448936
0.9986409396627277,1.0003490063045897
0.9975184720429052,1.000383669563779
0.9969220550502177,1.0002557395097544
0.9975384535453368,1.0000003767160512
0.9990125876522729,1.000360006007894
0.9987333651313606,1.0007969602686522
0.9982342112870153,1.0004805664223642
0.9985098979712752,1.0007445456453823
0.9978519277358362,1.0013681108381633
0.997029028788904,1.0005199597583028
0.9972000713497674,1.0005227799113476
0.9962125889675499,1.0002339173232777
0.996666407442283,1.0001531618659372
,,egauge20670,egauge18350,egauge3608,egauge14018,egauge18544,egauge3166,egauge19696,egauge9102,egauge8253,egauge13836
,,1,1,1,1,1,1,1,1,1,1
,,1,1,1,1,1,1,1,1,1,1
0.9997884755506035,1.0000992780325553
0.9983994334785798,1.000912246988409
0.9968864348106176,1.00137256048017
0.9962882636604963,1.0015905077491554
0.9995485634227509,1.000389862343025
0.9993650392880822,1.0003752639850698
0.9976597336075838,1.000056222679112
0.9979581125146922,1.0012769099370753
0.9983590548836934,1.0012740860254807
0.9983416674401888,1.000989509906665
0.9962946824409004,1.0014676569660608
0.9964985704321303,1.001543979774688
0.9956805306794673,1.0016050794428657
0.9961818044711397,1.0019872783622743
,,egauge2474,egauge18158,egauge22785,egauge20407,egauge26944,egauge14018,egauge30378,egauge14795,egauge22084,egauge17311
,,1,1,1,1,1,1,1,1,1,1
,,1,1,1,1,1,1,1,1,1,1
0.9998242567003862,1.000038541363792
0.998634874237787,1.000189505498756
0.9979305331231577,1.0002749828658533
0.997681329496045,1.0003331380894762
0.9989604262649612,1.0003129132987372
0.9991048637587302,1.0006981456574195
0.9981097720118168,1.0001879506718137
0.9977774179980867,1.000118906988491
0.9974735062150228,1.0004887901852353
0.996727729554229,1.0008602058261893
0.9976424154292753,1.0003327901538188
0.9976212736857848,1.0006174464978475
0.9968192118652839,1.000573278242628
0.9976813292163179,1.0003543084727915
,,egauge8617,egauge3611,egauge2850,egauge3167,egauge27467,egauge4183,egauge19696,egauge7729,egauge9102,egauge13830
,,1,1,1,1,1,1,1,1,1,1
,,1,1,1,1,1,1,1,1,1,1
0.999714920414935,1.0000316390921113
0.9982484476877176,1.000708522772405
0.9967581753957823,1.0011242508204243
0.9964823608903567,1.0013420928125507
0.9993797638197671,1.0001017535378176
0.9976822301395446,1.000319536589145
0.995312036272251,0.9999920601775091
0.9981695805824521,1.0008198875453518
0.9980869852698571,1.0010224438315753
0.9980174721637178,1.0011335407254223
0.9961993612328759,1.0012641747547932
0.9960745032622034,1.0012956198767906
0.995990208311589,1.001451360677033
0.9961394618661076,1.0015456535865226
,,egauge22271,egauge2474,egauge30378,egauge19696,egauge8816,egauge18544,egauge19810,egauge7729,egauge32290,egauge3167
,,1,1,1,1,1,1,1,1,1,1
,,1,1,1,1,1,1,1,1,1,1
0.9996938293637211,1.0000742167140217
0.9969237754225759,1.0003466228371896
0.9958303688815268,1.000224411412757
0.9957412854721488,1.0002319221458285
0.9995104342745076,1.000466000789574
0.9982224454235439,1.0006265476942962
0.9982890336168256,1.000586492205254
0.9955454121781481,1.0006576931692173
0.9950434799224116,1.00065950344638
0.9967700193262733,1.001022698738639
0.9954181724843087,1.0002063785691666
0.9951539657146854,1.0003955984237163
0.9956834059510132,1.0002063785691668
0.9956774482446961,1.0003282071805306
,,egauge2474,egauge16133,egauge22785,egauge13836,egauge8617,egauge21932,egauge3167,egauge20407,egauge13830,egauge26944
,,1,1,1,1,1,1,1,1,1,1
,,1,1,1,1,1,1,1,1,1,1
0.999830639831119,1.0000661581139036
0.9986373263802553,1.0004978108386273
0.9975853021736022,1.0007639950872484
0.9966690704901804,1.0010907012171135
0.9990092973309873,1.0003504232541143
0.9977504896926168,1.0003875782576277
0.9981201865509369,1.0002143097887406
0.9986373263802555,1.0009570263414314
0.997699256372346,1.000573064276984
0.9981269111737727,1.0004978108365017
0.9975853021736022,1.000801177496942
0.9970851139352673,1.000571369599726
0.9956273104930917,1.0012290707995497
0.9958424151112082,1.0014334950348918
,,egauge23534,egauge13974,egauge20358,egauge16616,egauge27467,egauge2850,egauge19696,egauge20407,egauge15601,egauge14795
,,1,1,1,1,1,1,1,1,1,1
,,1,1,1,1,1,1,1,1,1,1
0.9997334052811365,1.0000160231626671
0.9976724814129002,0.9999997190971771
0.9960630397642694,1.0003093827244207
0.9958212699079874,1.0007647160977409
0.9993788379453509,1.0003583820496003
0.9984295270114341,1.0003147014479137
0.9994555352255057,1.0003281299584195
0.9974708007801533,0.9999997190971771
0.9975111291981524,1.000188270229368
0.9944673956514206,0.9999997190971771
0.9955005840219142,1.0004043598765047
0.9951592348743673,1.000116860685854
0.9957489149124907,1.0011069494662965
0.9955234173062426,1.0010966655928606
,,egauge30378,egauge4183,egauge23534,egauge7731,egauge3611,egauge17073,egauge24121,egauge8816,egauge26086,egauge27467
,,1,1,1,1,1,1,1,1,1,1
,,1,1,1,1,1,1,1,1,1,1
0.9997937914127163,1.0001146292368082
0.9982904599691544,1.000913722172938
0.9968158619301788,1.0015150338544694
0.9966629896189135,1.0018612595667253
0.99910168384341,1.000382104643388
0.9993790812534282,1.0005139843491482
0.999034346110741,1.0008335876632468
0.9981996253055908,1.001217414704462
0.9980005590849226,1.0009738463845728
0.9977416823707921,1.0014586976985378
0.9967254092070581,1.0015315736246373
0.9948282732636492,1.0019045545683112
0.996583320269571,1.0021018333466059
0.9965245364973343,1.0020863913631184
,,egauge22271,egauge19810,egauge13836,egauge2850,egauge16133,egauge4183,egauge27467,egauge20358,egauge7692,egauge8816
,,1,1,1,1,1,1,1,1,1,1
,,1,1,1,1,1,1,1,1,1,1
0.999708568244056,1.0000302650145994
0.997721878599086,1.000053316683458
0.9962569779317457,1.0003386941840995
0.9949107863388065,1.0006147109871801
0.9994516757816851,1.0004475588328339
0.9975144696624468,0.9999997190971778
0.9992252948535335,1.0009863191566544
0.9963867119182703,0.9999997191054854
0.9970620038637817,1.0001241269520567
0.9975102782368881,1.0004780057155347
0.9962282145012602,1.0004489836363695
0.9961292349205727,1.000413590109083
0.9941957939014131,1.0006802120277403
0.9934408853632675,1.0010108684335286
,,egauge13830,egauge7731,egauge19810,egauge17073,egauge3166,egauge22785,egauge7692,egauge20670,egauge32290,egauge24121
,,1,1,1,1,1,1,1,1,1,1
,,1,1,1,1,1,1,1,1,1,1
0.9998266058922367,1.0000490732938978
0.9987616094615195,1.0004185156627743
0.9979190427978689,1.0006444378378767
0.9971991938434973,1.0006828569305337
0.999529179191496,1.0002960809436676
0.9993790812534282,1.000770654567517
0.9974600778453617,0.9999997190971776
0.9985596685052123,1.0007424560615963
0.9985534431368356,1.0004708468429215
0.9974495898669893,1.0004812046868317
0.9976753343079,1.00069483198046
0.9978657067209813,1.00092341825903
0.996554618587455,1.0006391916620967
0.996943461131565,1.0008113102701037
,,egauge28684,egauge28351,egauge21932,egauge24121,egauge7731,egauge17073,egauge15623,egauge22084,egauge33764,egauge22271
,,1,1,1,1,1,1,1,1,1,1
,,1,1,1,1,1,1,1,1,1,1
0.9998726041683564,1.0000725240359565
0.9992585708793968,1.000680245163386
0.9988324862676652,1.0009326840876267
0.9985639640765515,1.0012352389705153
0.9994909069225603,1.0002711087904252
0.9979968663442582,1.0003522527970738
0.9998726041683564,1.0000725240359567
0.9989757139904198,1.0007435261309128
0.9991024550688569,1.0010395367107465
0.9976885370171301,1.0012985731934048
0.9988045433012459,1.000982271236275
0.9985429188287182,1.0007293192351032
0.9982954405675195,1.001395487786006
0.9982079664320084,1.0015981144889048
,,egauge20925,egauge13830,egauge4183,egauge19696,egauge14018,egauge2850,egauge22785,egauge33764,egauge3167,egauge15601
,,1,1,1,1,1,1,1,1,1,1
,,1,1,1,1,1,1,1,1,1,1
0.9997928451054188,1.0000505885737323
0.9979843530534884,1.0002260667878877
0.9972888851670558,1.0006031968611038
0.9966118479657536,1.0008465440343124
0.9989495566129718,1.0003635909964723
0.9991349535071846,1.0004969826427252
0.9994353089199955,1.0005132715152936
0.9965841408006387,1.0005029835892212
0.9976164306233032,1.00045882100653
0.994221065379085,0.9999997190971771
0.9970009866340966,1.0006114577675613
0.9969905131633549,1.0008065801331212
0.996582877549554,1.0009266241870678
0.9952400771780465,1.001303074039536
,,egauge30039,egauge24121,egauge16133,egauge22785,egauge19821,egauge2474,egauge7692,egauge28684,egauge8253,egauge4183
,,1,1,1,1,1,1,1,1,1,1
,,1,1,1,1,1,1,1,1,1,1
0.9998318629989843,1.000101626493776
0.9984734701194398,1.0007749944078799
0.9975898326440902,1.0010397506996385
0.9970611645577229,1.001142236952831
0.9995629109189658,1.0004573516314572
0.9982743172678781,1.0003615045265108
0.9975845358326493,1.0004356922056241
0.9982514163237696,1.0008067127611129
0.9980496502673549,1.0013727035397275
0.9969547959908439,1.0012193762144421
0.9971949106901303,1.0010934771603446
0.9975791688417683,1.0011789688705914
0.9964962961638023,1.0011568009384262
0.9970078829428753,1.001304779229303
,,egauge16616,egauge21932,egauge22084,egauge16133,egauge15601,egauge20407,egauge23534,egauge20670,egauge9102,egauge28351
,,1,1,1,1,1,1,1,1,1,1
,,1,1,1,1,1,1,1,1,1,1
0.9998406943838353,1.0000518007557588
0.9983721113917756,1.0006471186156352
0.9968759144949662,1.001058580113474
0.9968759137644627,1.0012507668095578
0.9996508093336167,1.0001159746860635
0.9993828833792957,1.0000518007554207
0.9986875339625356,0.9999976311402025
0.99788765547484,1.0007787251020188
0.997640060057449,1.0011231197311572
0.9970059817972117,1.0002997182471751
0.9964813274861469,1.0011205741673388
0.9953444334061724,1.0012753289665348
0.9968759137644627,1.0013600228944537
0.9963536039977714,1.0014114471982625
,,egauge3608,egauge22271,egauge30039,egauge14795,egauge30378,egauge23534,egauge32290,egauge33764,egauge15601,egauge21932
,,1,1,1,1,1,1,1,1,1,1
,,1,1,1,1,1,1,1,1,1,1
0.999859174058628,1.0001090483425934
0.9989296578620286,1.0008160477109724
0.9981282667224153,1.0011907229849828
0.9973067555271786,1.0014919746005775
0.9987806162411229,1.0000876577458222
0.9992274851179135,1.0008456965816466
0.9992147279848915,1.00084971849368
0.9983909871569066,1.001130008615676
0.9982231448062938,1.0010287055206588
0.9983045198252662,1.0011480142708213
0.9980799227555346,1.0011535251011974
0.9981175959831521,1.0014049619097678
0.996372692620504,1.001834501891692
0.9973067555271786,1.0014919746005775
,,egauge19810,egauge8253,egauge16133,egauge28351,egauge22084,egauge32290,egauge16616,egauge8816,egauge16608,egauge23534
,,1,1,1,1,1,1,1,1,1,1
,,1,1,1,1,1,1,1,1,1,1
0.9997546361512296,1.000011102953451
0.9982906409160555,1.0002757119990047
0.9968837283388108,1.0006730578091567
0.9967563232543746,1.0009164074839136
0.998617713346452,0.9999997591728264
0.9979767258605039,1.0001904412914868
0.9974914669992407,1.0003698743055445
0.997895997281841,1.0003783643110529
0.9981897147199927,1.0000936348798242
0.997211607240721,1.0001599310725684
0.9968220489625933,1.0006689270758533
0.9948959799581379,1.0010417096252284
0.996720104018076,1.00109844469777
0.9965965560075283,1.0011693432642752
,,egauge30378,egauge20407,egauge17073,egauge3166,egauge16133,egauge3167,egauge7729,egauge16608,egauge4183,egauge19696
,,1,1,1,1,1,1,1,1,1,1
,,1,1,1,1,1,1,1,1,1,1
0.9997387790626557,1.0000690788196298
0.9981410826816376,1.0006130601536127
0.9967558918439828,1.001056250458916
0.9957964421413436,1.0012933084901063
0.998991077914779,1.000324664601218
0.9979911917575179,0.9999997190975621
0.99892829839101,1.0007784808739644
0.9980906254801918,1.000653548488397
0.9973424754146959,1.0007446613673228
0.9980448397923439,1.000790054305481
0.9965010472049434,1.0011223775969351
0.9966706750529835,1.0012383177778612
0.9956951515889741,1.0014119565845316
0.9943411370105439,1.0016898800893368
,,egauge18158,egauge8253,egauge20358,egauge14018,egauge17073,egauge2850,egauge16608,egauge3167,egauge5198,egauge9102
,,1,1,1,1,1,1,1,1,1,1
,,1,1,1,1,1,1,1,1,1,1
0.9997327430478624,1.0000292571752174
0.9977778948252293,1.0002509803062578
0.9971413229402898,1.0005761053534152
0.9966575950009249,1.0008066198391923
0.9994586371215957,1.0003229426326432
0.997971123303852,1.0001973693600168
0.9994976515592656,1.000319659259014
0.997213361573906,1.000453374003784
0.9976770300557589,1.000595107060244
0.9938492575431616,0.9999997190971776
0.9970590607252692,1.00067937495777
0.9970880360090816,1.0006341937354781
0.9966358656300808,1.000915818650853
0.9958807230209759,1.0010314715916626
,,egauge21932,egauge32290,egauge22785,egauge8617,egauge3608,egauge20670,egauge22271,egauge9102,egauge15601,egauge30039
,,1,1,1,1,1,1,1,1,1,1
,,1,1,1,1,1,1,1,1,1,1
0.9998568882005111,1.0000793778986694
0.9986497800317791,1.0008707052009966
0.9976189726932133,1.0016114388969282
0.9968677734368134,1.0020796520497544
0.9998568882005111,1.0000793778986694
0.9980937185715787,1.0000102467698415
0.9981105101818102,1.0002249140790695
0.9981994179248334,1.0009112057975222
0.997709071819195,1.0008504563264757
0.9983409947098394,1.0012976270327982
0.9971817471468368,1.001731380475559
0.9973591791188562,1.0017721877513242
0.9959414170682052,1.0024224168723574
0.9966121410100849,1.002358476044286
,,egauge30039,egauge7731,egauge8816,egauge22271,egauge18544,egauge4183,egauge20407,egauge9102,egauge26944,egauge18158
,,1,1,1,1,1,1,1,1,1,1
,,1,1,1,1,1,1,1,1,1,1
0.9998104079786819,1.0001153374881515
0.9985683409837791,1.0008484086072968
0.997341320154696,1.0011362636492622
0.9965140817198194,1.001488763367991
0.9994986421532605,1.0004814157997743
0.9995105936282138,1.0008215782319263
0.9958304801011111,1.0008600381595434
0.9984774764941343,1.0012029110316287
0.9985279543576195,1.001263712608115
0.9982987800751119,1.0012134386665348
0.9972384704913639,1.0010660082285272
0.9969257635395388,1.001271962505495
0.9956531580722605,1.0016640533214218
0.9957543520417478,1.001842440084916
,,egauge9102,egauge14018,egauge23534,egauge30378,egauge30039,egauge19821,egauge21932,egauge26086,egauge19810,egauge8617
,,1,1,1,1,1,1,1,1,1,1
,,1,1,1,1,1,1,1,1,1,1
0.9998167635058876,1.0000946350771924
0.998616718091043,1.0006333111350731
0.9977950306079265,1.000595097050632
0.9970218240534842,1.0003840174573788
0.999068834068666,1.000287129750977
0.9975878814798712,1.0008146753596585
0.9990041886277734,1.000784285247571
0.9980935654997632,1.0008459230702453
0.9983239852386884,1.000896560660926
0.9981262221001245,1.0017739914231274
0.9974274994453945,1.0005950970493882
0.9975043746444703,1.000932422397573
0.9962182348478593,1.0001149149839916
0.9968726589485218,1.0004268157968403
,,egauge18350,egauge20670,egauge3608,egauge22271,egauge14018,egauge15601,egauge20358,egauge14795,egauge2474,egauge13836
,,1,1,1,1,1,1,1,1,1,1
,,1,1,1,1,1,1,1,1,1,1
0.9998257753852481,1.000137959538802
0.9988726395697041,1.0013132278706025
0.9982194007086763,1.001936862606138
0.997680309623621,1.0022784547532029
0.9996047379951577,1.0002415186378963
0.999238678794177,1.000657926390789
0.9977240111981691,1.0000951779634395
0.9987716439574491,1.0016070987086854
0.9980399259089188,1.0016780635141707
0.9963944375559036,1.002222386710661
0.9981782149719447,1.001998920954579
0.03326242180190377,0.033408975723488346
0.9970788137257312,1.0024461954913102
0.9976269886961368,1.002621729231455
,,egauge24121,egauge3608,egauge30378,egauge22271,egauge13836,egauge16616,egauge14795,egauge33764,egauge3166,egauge28351
,,1,1,1,1,1,1,1,1,1,1
,,1,1,1,1,1,1,1,1,1,1
0.9998481975221737,1.0000951718885185
0.9988063836918054,1.0008677341939232
0.9978346674403653,1.001280128322901
0.997197936814402,1.0013718842207915
0.9990396458082512,1.0002342348259659
0.9978416126329739,1.0000378403449213
0.9983726175382038,1.0005690166481593
0.9987457880951794,1.0011918465233627
0.9987356896722362,1.0012729132882763
0.9984982411231461,1.0009643099678613
0.9977152942791381,1.0014124278513747
0.03325226939242418,0.03338424030812138
0.9971616986673493,1.0014024396835155
0.9961865712725245,1.0015218722059887
,,egauge7731,egauge20407,egauge3608,egauge9102,egauge22084,egauge3611,egauge26086,egauge28351,egauge20358,egauge15601
,,1,1,1,1,1,1,1,1,1,1
,,1,1,1,1,1,1,1,1,1,1
0.9998034491519183,1.0000718188660673
0.9984009765083883,1.0006971143044563
0.9975594090314615,1.001354938886086
0.9967006628699548,1.0017524874184063
0.9996832388785472,1.0004427510407963
0.9981198737038259,0.9999965872582551
0.99771305764606,1.000029040635715
0.9978835651649601,1.0008489805449443
0.998178941443901,1.0005351835191363
0.9964909348128533,1.000816959818951
0.9975841031204828,1.0014665737456292
0.03323706453641205,0.033383854636286306
0.9966499601269466,1.0018618081971027
0.9953393461015404,1.0022564545879225
,,egauge17073,egauge3608,egauge9102,egauge23534,egauge30378,egauge28351,egauge8617,egauge7692,egauge28684,egauge22271
,,1,1,1,1,1,1,1,1,1,1
,,1,1,1,1,1,1,1,1,1,1
0.9998450124948557,1.0000831007097593
0.9987482586464708,1.0007033123508282
0.9979368063804781,1.0010800109889875
0.9978475002609385,1.0013954171878732
0.9994418919390652,1.0004320715616755
0.9978513650778777,1.0000431342486693
0.9982868200327439,1.0005056005557225
0.9986121570835708,1.0009574394190845
0.9983444791426722,1.0009159418829794
0.9971571393353966,1.000993049373321
0.9978668163437976,1.0011039027558342
0.033229754147031304,0.033374331577098265
0.9977967285133305,1.001497657216993
0.9977728380380121,1.0018133844499773
,,egauge13830,egauge7692,egauge7731,egauge24121,egauge2474,egauge17311,egauge14018,egauge4183,egauge3166,egauge22271
,,1,1,1,1,1,1,1,1,1,1
,,1,1,1,1,1,1,1,1,1,1
0.9998764344639904,1.0001066889532122
0.9989022303989653,1.0006994772946995
0.998460896593946,1.0012761955009082
0.9982503271997512,1.0015646611619013
0.9995623582905623,1.000363459695765
0.9979207349109386,1.0003331977795134
0.9994808877017133,1.0008774684580075
0.998539701312455,1.0007399697623078
0.9980646645298045,1.0008986122440562
0.9980851862992669,1.0009505701399848
0.9980312330451403,1.0013878199392543
0.03327711765776831,0.033383372394354204
0.9982430702561029,1.0016083763877046
0.997887632631442,1.0019827115578883
,,egauge5198,egauge26086,egauge28684,egauge20358,egauge20925,egauge7729,egauge32290,egauge30378,egauge14795,egauge7731
,,1,1,1,1,1,1,1,1,1,1
,,1,1,1,1,1,1,1,1,1,1
0.999839604439373,1.000107660133294
0.9986460322263893,1.0008093652205279
0.9977732135436621,1.0012609841898041
0.9972952762641205,1.001632765194492
0.9989317451114285,1.0002543084066613
0.998689671444787,1.000780685589814
0.9990455188395377,1.0004487335521175
0.9985319356962045,1.00096125160775
0.9983120183780437,1.0010321505233175
0.9961202161643063,1.0011184637837336
0.9975057192752159,1.0012237832156865
0.033243761158465626,0.03338286522017621
0.9968678145299443,1.0018586939785945
0.9971247510443845,1.0019221643068126
,,egauge8253,egauge14795,egauge15623,egauge30039,egauge4183,egauge16616,egauge3608,egauge3611,egauge3167,egauge7729
,,1,1,1,1,1,1,1,1,1,1
,,1,1,1,1,1,1,1,1,1,1
0.9997934489321708,1.000077440976391
0.9983697602629882,1.000517008197941
0.996975244938758,1.0006817384253233
0.9962148376907787,1.0008133452916053
0.9988577067501614,1.000120223812865
0.9978389701106439,1.000717404331237
0.9992153400296879,1.0003984176303282
0.998278917162134,1.0008544308514253
0.9982374607550147,1.0007167552276053
0.9980900217528684,1.0006301437485605
0.9965723931472545,1.000669346215865
0.033196324704252045,0.03335985962903527
0.9961858808756097,1.0008761809411217
0.9949710675908557,1.0009811312319459
,,egauge15601,egauge3611,egauge19821,egauge15623,egauge20358,egauge5198,egauge22271,egauge23534,egauge33764,egauge18544
,,1,1,1,1,1,1,1,1,1,1
,,1,1,1,1,1,1,1,1,1,1
0.9998148211126833,1.00015197239358
0.9988784022885646,1.0009523152567752
0.9983815744933292,1.0016403499147786
0.998151878347672,1.0019930541138815
0.9984378184274267,1.0006549881333298
0.9978199495555293,1.0004183802098479
0.9987175468223237,1.0014317864158393
0.9988380007791133,1.0011042272849642
0.9987572093217563,1.0010774732481127
0.9972438193047451,1.0012503833785051
0.9983486192039775,1.0017768424928746
0.03326693864313227,0.03339551410221227
0.9979487548371491,1.0021680305489231
0.9980665204359019,1.0024196105109981
,,egauge24121,egauge18350,egauge22084,egauge2850,egauge20358,egauge19696,egauge18544,egauge30378,egauge4183,egauge9102
,,1,1,1,1,1,1,1,1,1,1
,,1,1,1,1,1,1,1,1,1,1
0.9997833931484481,1.0000088370170075
0.9979612046600328,1.0001616029415206
0.9972623543726995,1.0006310015956907
0.9967339685483705,1.0008359018171662
0.9990332742795178,1.0001309655614856
0.9994249431553388,1.000285481250595
0.9986412575240742,0.9999965872582551
0.9958978277140481,0.9999641714281643
0.9978804933267665,1.0001919526352325
0.9954614017491425,1.0008874316055176
0.9972417843176505,1.000767331626502
0.03322475236460324,0.03335793455930675
0.9966470500105673,1.0009887933159747
0.9959782917809263,1.000953670502501
,,egauge20407,egauge14018,egauge19810,egauge30039,egauge13974,egauge18544,egauge33764,egauge20925,egauge22785,egauge32290
,,1,1,1,1,1,1,1,1,1,1
,,1,1,1,1,1,1,1,1,1,1
0.9997995263453481,1.0000483806220113
0.9986946604550122,1.000662942432686
0.9980159824770242,1.0009413645214114
0.9972529689188164,1.0009477730300913
0.998880139920677,0.9999965872582551
0.9975357866488664,1.0007683804202672
0.9975018813950577,0.9999965872582551
0.9984321767282134,1.0010086983997302
0.9980586321942635,1.0008076128178145
0.9985405814138735,1.001352535020493
0.9979007001358251,1.0010364125909996
0.033262461996954935,0.03337256546226034
0.9968667965659462,1.0009987374555203
0.9963053449535975,1.0008835408828007
,,egauge20358,egauge27467,egauge3166,egauge14795,egauge23534,egauge3608,egauge19810,egauge18350,egauge16608,egauge18544
,,1,1,1,1,1,1,1,1,1,1
,,1,1,1,1,1,1,1,1,1,1
0.9998270402121927,1.0000739499406295
0.9982553273879077,1.0004629880181881
0.9973430847307995,1.0006225572169785
0.9970882251591976,1.0009556265693131
0.9996880669837477,1.000233613594437
0.9995334661116365,1.0008118989783807
0.9992501931436283,1.0002159505464183
0.9979828930644582,1.0007768180345606
0.9981039533283438,1.0006490672349477
0.9963292566163424,1.0004243823209285
0.9969318347886008,1.0004697559854487
0.03324157167604994,0.03335693941170486
0.997037499117563,1.0010794091356776
0.9967366783969923,1.0013305117461737
,,egauge28351,egauge2474,egauge2850,egauge13974,egauge18544,egauge21932,egauge7692,egauge17311,egauge24121,egauge22785
,,1,1,1,1,1,1,1,1,1,1
,,1,1,1,1,1,1,1,1,1,1
0.9997728572948485,1.0000045707103857
0.9988328779189928,1.0002680138043547
0.9980200455996792,1.000432098554057
0.997458261350588,1.0004860518321104
0.9988215836550827,1.0000901609219273
0.9981299148939171,1.0005664800522625
0.995398480416097,0.9999997190971771
0.9982373785712532,1.0003550863925443
0.9987520831361789,1.0005944474079613
0.998832877918993,1.0002680138043547
0.9974274990195978,1.0004733963491246
0.9976818136473384,1.0005712168720302
0.9972579503741525,1.000522434529467
0.9965848784356782,1.0005288553328044
,,egauge22084,egauge13836,egauge3166,egauge7731,egauge20925,egauge26086,egauge15601,egauge22271,egauge28351,egauge8816
,,1,1,1,1,1,1,1,1,1,1
,,1,1,1,1,1,1,1,1,1,1
0.9998289654409939,1.0001134425745692
0.9984297804017984,1.0011081039712026
0.9970537720597271,1.0017530730715412
0.9957710962514567,1.001926175552842
0.9993645516008889,0.9999997190974017
0.9993176587126661,1.0009812718013613
0.9992836800522086,1.0003028975879875
0.9983389307659559,1.0013816350641702
0.9983692118110424,1.0013309678673168
0.9982180026997691,1.001630022488089
0.9970249813993912,1.0019475107025178
0.9969685252710021,1.0020639611054774
0.9956625750830856,1.0020355187424344
0.9937859748741623,1.0020548175232802
,,egauge16616,egauge28684,egauge8253,egauge8617,egauge2850,egauge28351,egauge20407,egauge8816,egauge23534,egauge14018
,,1,1,1,1,1,1,1,1,1,1
,,1,1,1,1,1,1,1,1,1,1
0.9997601621890339,1.000007821725578
0.9980731304510206,0.9999997190971766
0.9966367256267318,1.00026777927267
0.9965157205003641,1.0006134957818729
0.9996175507170236,1.0000553894407203
0.9990250743350806,1.0003821432112734
0.9978333751903397,1.000192766930615
0.9979823191822316,0.9999997190971766
0.9959897419954821,0.9999997190971766
0.9966140480608321,1.0001355121429643
0.9965504023134091,1.0002058521536357
0.9946495601867414,1.0005242535247314
0.9964071032181001,1.0008609969978313
0.9957543520417478,1.000827588745061
,,egauge21932,egauge4183,egauge3166,egauge7692,egauge32290,egauge18350,egauge17311,egauge17073,egauge13974,egauge15601
,,1,1,1,1,1,1,1,1,1,1
,,1,1,1,1,1,1,1,1,1,1
0.9997658699508067,1.0000671559076668
0.9981479252197328,1.0005587478887132
0.9968273674336381,1.0010032411659153
0.9961698526794276,1.0012274870863915
0.9997658699508067,1.0000671559076668
0.9992492989791577,1.0004994949448585
0.9979948382189585,1.000275560599997
0.9972427183122832,1.0006700929444368
0.9966738993254455,1.0004980263373495
0.9968122210488121,1.0007711660566172
0.9968026962264247,1.0010528324424812
0.9948397518185298,1.0013228573430828
0.9959310296104604,1.001271184917892
0.9948093999898899,1.0015381823665457
,,egauge19821,egauge7731,egauge26944,egauge16608,egauge18350,egauge13836,egauge2474,egauge24121,egauge27467,egauge16133
,,1,1,1,1,1,1,1,1,1,1
,,1,1,1,1,1,1,1,1,1,1
0.9998459381449981,1.000155296654191
0.9988983280649834,1.000910603732613
0.9979478508610227,1.0013965476272808
0.9971269506420537,1.0016593444704265
0.9993443376891796,1.0007868401742417
0.999525128519547,1.000835898863359
0.9973088163089728,1.0008618315535003
0.9988333385745827,1.0010928957186025
0.9987973291323817,1.0009924288302434
0.9987827356091589,1.001529100062811
0.9976843550140608,1.0014916468265709
0.9977184803703688,1.0015358244855064
0.9971119039462071,1.001866197259072
0.9957543520417478,1.0017986645279056
,,egauge18544,egauge22785,egauge8253,egauge14795,egauge8617,egauge22084,egauge3611,egauge16608,egauge30039,egauge26086
,,1,1,1,1,1,1,1,1,1,1
,,1,1,1,1,1,1,1,1,1,1
0.9998381288706556,1.0000819330206763
0.9989685386824568,1.0006338870785654
0.9979478508610227,1.0011374789247278
0.9971269506420537,1.0014771414996366
0.9995464510803829,1.0004643940211946
0.9982289703363203,1.0001757345740772
0.9978587098363414,1.0002377135772067
0.9985466956366394,1.000941886915858
0.9987081632877703,1.000674376409792
0.9983250823262341,1.0003191882697329
0.9976843550140608,1.001170544375648
0.9979478508610223,1.0013302770161225
0.9971269506420537,1.0016665872432953
0.9957543520417478,1.001766487497324
,,egauge20407,egauge8617,egauge8816,egauge16616,egauge2850,egauge15601,egauge21932,egauge22084,egauge7692,egauge22271
,,1,1,1,1,1,1,1,1,1,1
,,1,1,1,1,1,1,1,1,1,1
0.999784384514331,0.9999997190972584
0.9981162182059358,0.9999997190971766
0.9974030529261372,1.0001227816657219
0.996798261287916,1.0004300607638814
0.9989114977798985,0.9999997190972584
0.9989336244425275,1.0001846121233549
0.9958240459691079,1.0007673140955395
0.9980455820379346,0.9999997190971766
0.9963969320769448,0.9999997190971766
0.9956593582442778,1.0005091831484398
0.9974030528534098,1.0001227816644067
0.997221848912811,0.9999997190971757
0.9961033642359708,1.000495547528732
0.9968089150781299,1.0008475517553623
,,egauge18350,egauge22271,egauge14795,egauge2474,egauge22084,egauge3167,egauge20670,egauge18158,egauge3166,egauge15601
,,1,1,1,1,1,1,1,1,1,1
,,1,1,1,1,1,1,1,1,1,1
0.999873579039345,1.0001081051633096
0.9988029757266957,1.000683686258472
0.9977680237277106,1.0012347374103705
0.9969409258236133,1.001561701997524
0.9996090389394614,1.0002257726299713
0.9992418923151949,1.0008555345127432
0.9977308624571152,1.0007929230452415
0.9982190738386152,1.0008963108448223
0.9986232034683121,1.0005217580379702
0.998725919548631,1.0008575006885083
0.9976843550140608,1.0013174153499895
0.9975014604540441,1.0015448585072784
0.9969336802050534,1.001590844892897
0.9955686196000029,1.002065555771171
,,egauge16133,egauge19696,egauge20670,egauge17073,egauge8816,egauge7729,egauge22271,egauge14795,egauge22084,egauge19810
,,1,1,1,1,1,1,1,1,1,1
,,1,1,1,1,1,1,1,1,1,1
0.999667632596013,1.000059730088689
0.997481949266,1.0003203924769564
0.9965561114382719,1.0003560866144385
0.9958314626204277,1.0000172285578313
0.9985768151225514,1.0002299219929773
0.9968340705820304,1.0007944672276057
0.9991632149772597,1.0006563023112705
0.9973710384440315,1.000542882022775
0.9956261042764438,1.0004418270709463
0.9955105603269936,1.0006293125371104
0.9965232274543969,1.00048606729438
0.9963005745216229,1.0006964079898315
0.9957591070976234,0.9999997190996367
0.9947262061180584,0.9999997190996367
,,egauge4183,egauge32290,egauge3611,egauge22785,egauge19810,egauge28684,egauge13830,egauge16608,egauge28351,egauge26944
,,1,1,1,1,1,1,1,1,1,1
,,1,1,1,1,1,1,1,1,1,1
0.9998022036748905,1.000048092527631
0.9985066357438019,1.0003832775567356
0.9975030212992408,1.0009087309779094
0.9966823473662882,1.0012098561400096
0.9996309390144689,1.000266099448038
0.9980601609417016,0.999999719097349
0.9976459414388096,1.0003425354811197
0.9977764609062273,1.0003767439689542
0.9975113761660499,1.0000090451025445
0.9983718436736868,1.0006480866937546
0.9974783303187372,1.0009872444263859
0.9972578529135729,1.0010917003626154
0.996609918599207,1.00131910696603
0.9954166392406495,1.0015536381051837
,,egauge14795,egauge23534,egauge8816,egauge18350,egauge2474,egauge24121,egauge7692,egauge22271,egauge18158,egauge20407
,,1,1,1,1,1,1,1,1,1,1
,,1,1,1,1,1,1,1,1,1,1
0.9998051048636472,1.0000841166364889
0.9988757516055127,1.0005507731675736
0.9979478508610227,1.0008440965662462
0.9971269506420537,1.000946626079597
0.9988485546212222,1.000425074030898
0.9990818591645606,1.0006836632938627
0.995835142646926,1.0008152001577306
0.9987266302825878,1.0006358706005454
0.998142104969687,1.000783616723199
0.9980996307498189,1.0008018219152315
0.9975674392750504,1.00087301865071
0.9979239807725253,1.0011867903680252
0.9971269506420537,1.001186940179355
0.9957543520417478,1.0007646605357274
,,egauge21932,egauge5198,egauge3167,egauge20407,egauge2850,egauge7729,egauge28684,egauge20670,egauge15623,egauge14795
,,1,1,1,1,1,1,1,1,1,1
,,1,1,1,1,1,1,1,1,1,1
0.9997952454921739,1.000014870539154
0.9977691158135568,1.0001717010870508
0.9972591956909298,1.0002021887694503
0.9970616752258628,1.0005010728808903
0.9997952454921739,1.000014870539154
0.9981035350116961,1.000377762292242
0.9958585000781354,1.0002219590631714
0.9974598196887502,1.0001717010864284
0.9958869342454172,1.0001717010870508
0.9958097944253995,1.0007316860082276
0.9970987764613046,1.0002786476388694
0.9960496006166749,1.0004268800147267
0.9970326890117628,1.0006102321804675
0.9967740332166736,1.0008436278516855
,,egauge26086,egauge22271,egauge32290,egauge28351,egauge5198,egauge26944,egauge30039,egauge8816,egauge16608,egauge22084
,,1,1,1,1,1,1,1,1,1,1
,,1,1,1,1,1,1,1,1,1,1
0.9998217701549514,1.0000833707636414
0.9983546526558864,1.0006137667346404
0.9969069891511354,1.0009443195686734
0.9968114239480782,1.000982169233
0.999297378121444,1.0004928158260886
0.9992591009812096,1.0008413330621162
0.997961647952916,0.9999976311402025
0.9966923200735285,1.000765618039499
0.9980802292671658,1.0007261168650738
0.9964893862886139,1.0012448596824537
0.9967959696891456,1.0010447332940315
0.994919186442167,1.0013299154091964
0.9967752023691112,1.0011642205916313
0.9967048987716698,1.0007894941206081
,,egauge20407,egauge15601,egauge5198,egauge2850,egauge8617,egauge3608,egauge30378,egauge26944,egauge32290,egauge3611
,,1,1,1,1,1,1,1,1,1,1
,,1,1,1,1,1,1,1,1,1,1
0.9997397895188198,0.9999977464602926
0.9973236528206245,0.9999801766515495
0.9965140461419054,1.0000409778628685
0.9957957584673318,1.0000857743209899
0.998862610193253,0.9999977464602926
0.9972099040570734,1.0009165680635936
0.9979780836096577,1.0004114996232158
0.9952518018372387,0.9999801766515495
0.9966923200668474,0.9999801766515495
0.9954431109228148,0.9999801766515495
0.9964606136425064,1.0000905127972604
0.9955086985751943,1.0002335263570041
0.9957161712836802,1.0000275960261475
0.994711772939495,1.000246233822444
,,egauge13830,egauge14795,egauge30039,egauge20925,egauge16616,egauge23534,egauge20358,egauge15623,egauge14018,egauge3167
,,1,1,1,1,1,1,1,1,1,1
,,1,1,1,1,1,1,1,1,1,1
0.9998807966331871,1.0001149540584016
0.998777800524617,1.0007573565389825
0.9982927867619411,1.0012013122520853
0.9975473860233716,1.0014832950244568
0.9995463307291085,1.0003124922042104
0.9978191494186478,1.0007292010690185
0.9992397214795249,1.0008156840519666
0.9986336490802882,1.0009902569243465
0.9966923200668474,1.0008181008432637
0.9984480147477832,1.0010471120579711
0.9982310041960023,1.001259182844954
0.998282114265503,1.0013298442562437
0.9967071115566166,1.0017456289526068
0.9975367229796699,1.0015738601022268
,,egauge27467,egauge15601,egauge16608,egauge33764,egauge2850,egauge20925,egauge3167,egauge19821,egauge4183,egauge20358
,,1,1,1,1,1,1,1,1,1,1
,,1,1,1,1,1,1,1,1,1,1
0.9998232125525205,1.0000682492917918
0.9981969051756892,1.0002331788652956
0.9977009592227126,1.0007139815351571
0.9975734245713487,1.0008740678176582
0.9997123599863498,1.0004532746088879
0.9972883550632653,1.0010010402569212
0.9992938033820977,1.0005938912560466
0.9981464446470226,1.0003975224330357
0.9961128599014973,0.9999801766515495
0.9977456937971929,1.0005562175576477
0.9976844945370607,1.000759424456802
0.9971254352458461,1.0013245301578542
0.99750091895649,1.0010342484541033
0.997466802976016,1.0009490099420673
,,egauge14018,egauge24121,egauge16608,egauge22084,egauge22785,egauge15601,egauge3611,egauge28684,egauge19810,egauge22271
,,1,1,1,1,1,1,1,1,1,1
,,1,1,1,1,1,1,1,1,1,1
0.9997945183351684,1.000065812828758
0.998099059623583,1.0002860396009938
0.9971822395589539,1.0004022048031602
0.996882830692791,1.0003703695676684
0.9986238811987553,1.0004510087180625
0.9982487548704848,1.0003243638054078
0.9992846912126813,1.000597120943281
0.9979275387717301,1.0001039602541646
0.9966923200668474,1.0003064350328936
0.99562312996434,1.0011496891732734
0.9967710696325586,1.0004476309869
0.9971609224880318,1.000595514389442
0.9962230604904109,1.0001012714543547
0.9967762968408391,1.000754846357635
,,egauge18544,egauge9102,egauge33764,egauge30378,egauge18350,egauge13830,egauge2850,egauge20407,egauge8253,egauge14018
,,1,1,1,1,1,1,1,1,1,1
,,1,1,1,1,1,1,1,1,1,1
0.9994804894575157,1.0000308034580552
0.9941309561697222,0.999960637486525
0.9881248259529508,0.9999222693749908
0.9881248268235674,0.9999222693749908
0.9994804894575157,1.0004206045152608
0.9982779620722917,1.0004354846936039
0.9990589157930457,1.0006374680341263
0.9941309561697222,1.0000861411926443
0.9941309561697222,1.0000653438670564
0.9941309561697222,1.0003301554218167
0.9840750152576118,0.9999455200189128
0.988040482130137,0.9998836119627071
0.9881248268235676,0.9999222693749908
0.9881248282600533,1.0000366408492467
,,egauge28684,egauge17311,egauge30378,egauge14018,egauge22084,egauge7731,egauge15623,egauge3608,egauge20670,egauge22785
,,1,1,1,1,1,1,1,1,1,1
,,1,1,1,1,1,1,1,1,1,1
0.9998430485011345,1.0000538889167891
0.9985562028527095,1.0004442139998269
0.9975961116441036,1.0006425135807568
0.9972965697088463,1.0008025879251732
0.9994535567401746,1.0002532918729732
0.9986664070039059,1.000389536409076
0.998365909225164,1.0005851204280778
0.9977784825858736,1.000808675398675
0.9983732934882947,1.000282331580604
0.9948115112093819,1.0010920211080585
0.9975714179282799,1.000692083693492
0.9962670533689117,1.0006104077826015
0.9971950986142792,1.0009700365997583
0.9966947955024777,1.0008239966240067
,,egauge18158,egauge33764,egauge18350,egauge22271,egauge16133,egauge16608,egauge23534,egauge2850,egauge17311,egauge3608
,,1,1,1,1,1,1,1,1,1,1
,,1,1,1,1,1,1,1,1,1,1
0.9997561403915611,1.0000257983847427
0.9977561466048428,1.0000997665599234
0.9957046187541633,0.9999222693749902
0.9950631890717583,0.9999222693749906
0.999454486396962,1.000347637589839
0.9990861495711693,1.0005670630869525
0.9993595531922341,1.0003229509265767
0.9976973479014244,1.000452716932635
0.9966923200559887,1.000150346893066
0.9975637711096891,1.0003313751152
0.9956348142761878,1.0000050571669483
0.9935185069091178,0.9998581149927663
0.995041500966675,1.000014099739464
0.9940225694351973,0.9999222693749906
,,egauge20925,egauge7692,egauge4183,egauge20358,egauge7731,egauge20670,egauge19810,egauge17073,egauge9102,egauge13830
,,1,1,1,1,1,1,1,1,1,1
,,1,1,1,1,1,1,1,1,1,1
0.9994804894575157,1.0000779327031093
0.9941309561697222,1.000577501662105
0.9881248259529508,1.0007440744658067
0.9881248268235674,1.0009618263815345
0.9989710984129629,1.0003693035967272
0.997871497350633,1.0003578000058047
0.9994427904313329,1.000517129264222
0.9941309561697222,1.0006523513188323
0.9941309561697222,1.0009318906532436
0.9941309561697222,1.001041106782394
0.9840750152576118,1.000582992182975
0.988040482130137,1.0010545923455205
0.9881248268235676,1.0010564799468207
0.9881248282600533,1.0012081436834062
,,egauge3167,egauge22785,egauge15623,egauge20670,egauge27467,egauge17311,egauge20358,egauge30039,egauge14795,egauge22271
,,1,1,1,1,1,1,1,1,1,1
,,1,1,1,1,1,1,1,1,1,1
0.9998746846668279,1.0001232630983146
0.998716901281766,1.0010930221713674
0.9977999739170699,1.0017695470149541
0.9977999733043997,1.0021800704555504
0.9995918511833604,1.0002302340874614
0.9982322327458677,1.000263181539259
0.9993518124175281,1.000444257140572
0.998716901281766,1.0013057495667321
0.9966923200559887,1.0014172207453165
0.998716901281766,1.0013249026377602
0.9977999739170699,1.0018109100705055
0.9962668138689423,1.0021126155359974
0.9977740282723924,1.0024061451241393
0.9977999722834188,1.0025340356141412
,,egauge22271,egauge30039,egauge18158,egauge13836,egauge26944,egauge3166,egauge2474,egauge14018,egauge9102,egauge22084
,,1,1,1,1,1,1,1,1,1,1
,,1,1,1,1,1,1,1,1,1,1
0.9998335067933071,1.0001169079478842
0.9984819707716305,1.000814222527208
0.9970569051872471,1.001171934514528
0.9964903446253585,1.0011591611122053
0.9995233047133668,1.0005124169862294
0.9992964564358549,1.000767456886634
0.9990572480709646,1.0007737959260137
0.9984314931894849,1.0011383143921377
0.9976059737301018,1.0011484462469373
0.9948115112093819,1.0008914765093
0.9967156552409933,1.0012670084995072
0.9962670533689117,1.0015576340291226
0.9959764847808337,1.001268405392011
0.9962986914456391,1.000977149805411
,,egauge17073,egauge7731,egauge2850,egauge16616,egauge8816,egauge19696,egauge14018,egauge7692,egauge28351,egauge20358
,,1,1,1,1,1,1,1,1,1,1
,,1,1,1,1,1,1,1,1,1,1
0.9994804894575157,1.0000413455870474
0.9941309561697222,1.0006376686983436
0.9881248259529508,1.0011191600163774
0.9881248268235674,1.001298542493806
0.9994081863336212,1.0003961945924627
0.9994058829755913,1.0007791301261186
0.9954024012312465,0.9999957741529548
0.9941309561697222,1.000698404411422
0.9941309561697222,1.0009016456401738
0.9941309561697222,1.0011722365061444
0.9840750152576118,1.001267971615591
0.988040482130137,1.0012583912507464
0.9881248268235676,1.001400519717293
0.9881248282600533,1.0014485174212808
,,egauge13830,egauge14018,egauge30378,egauge20925,egauge13974,egauge27467,egauge24121,egauge15623,egauge14795,egauge17311
,,1,1,1,1,1,1,1,1,1,1
,,1,1,1,1,1,1,1,1,1,1
0.9998720093466793,1.000076183569589
0.9987171415089444,1.0005291929087337
0.9978002138738779,1.000833853345157
0.9978002132640988,1.0011092958786696
0.9995356827195498,1.0002635490394398
0.9975820367930569,1.0007962081510433
0.9983932489021022,1.0005386942802126
0.9979326517807163,1.0007673326707247
0.9983420725557569,1.0005797988738625
0.9948115112093819,1.0011860783555628
0.9978002138738776,1.0007884089235084
0.9962670533689117,1.000994454219945
0.9972592062173875,1.001342370056512
0.9978002122479319,1.0012271012951366
,,egauge16133,egauge14018,egauge8617,egauge8816,egauge15601,egauge18158,egauge33764,egauge26086,egauge17311,egauge28684
,,1,1,1,1,1,1,1,1,1,1
,,1,1,1,1,1,1,1,1,1,1
0.9998450884294616,1.0000985010653465
0.9985962247068172,1.0009697649543148
0.9977999739170699,1.0015060504088515
0.9977999733043997,1.0016853917152095
0.9987076251057624,1.000210822243744
0.9976071148618209,1.0007917839696125
0.998924012000778,1.000267783821299
0.9967121980196684,1.0013445873167484
0.9966923200559887,1.001202723743375
0.9984036571034356,1.0011822862664033
0.9977999739170699,1.0016153005666966
0.9962668138689423,1.0018490122706454
0.9977999733043997,1.0017582633553386
0.9977999722834188,1.001889035003753
,,egauge16616,egauge3167,egauge7731,egauge28351,egauge24121,egauge13974,egauge15601,egauge22785,egauge7729,egauge18158
,,1,1,1,1,1,1,1,1,1,1
,,1,1,1,1,1,1,1,1,1,1
0.9994611072655034,1.00008850951241
0.994059098695941,1.000714119959597
0.9880659990310853,1.0011684063829474
0.988028170119503,1.0013734373401217
0.9994611072655034,1.0001526862278798
0.9984621852158589,1.0002719023743636
0.9989436658599866,1.000825251612697
0.9939385969368759,1.0008494630336235
0.994059098695941,1.000845736872474
0.9940590986959412,1.0009845384504596
0.9840164725873154,1.00133790023735
0.9880659991132146,1.001168406379488
0.9879851582047985,1.0014899949705343
0.988028170119503,1.001616054113577
,,egauge20358,egauge16616,egauge20407,egauge32290,egauge8253,egauge13836,egauge2474,egauge23534,egauge7729,egauge15601
,,1,1,1,1,1,1,1,1,1,1
,,1,1,1,1,1,1,1,1,1,1
0.9928452945428095,1.0000742520097292
0.9289589643313358,1.0007626511986178
0.8596175976486377,1.0013895281789462
0.7903329240189502,1.0017935070188337
0.9928452945428095,1.0002260552783298
0.9927066251936466,1.0001941723632952
0.992484921950976,0.999974697117021
0.9286996306853322,1.0006772991376887
0.9289589643313358,1.0007828984598701
0.9273892258500781,1.0015878874612987
0.859617597931875,1.0014763563099949
0.8595640939237879,1.0015502349293333
0.7903329240189502,1.0019101225108729
0.6745529409428372,1.0022974986657258
,,egauge22271,egauge30378,egauge18158,egauge13830,egauge16133,egauge28351,egauge14018,egauge24121,egauge26944,egauge15623
,,1,1,1,1,1,1,1,1,1,1
,,1,1,1,1,1,1,1,1,1,1
0.9928452945428095,1.000123174104982
0.9289589643313358,1.0008965823471005
0.8596175976486377,1.0014873065449656
0.7903329240189502,1.0017757908770304
0.9928452945428095,1.000481327116779
0.9927066251936466,1.0005512953274165
0.992484921950976,1.0007653594812735
0.9286996306853322,1.001068742085821
0.9289589643313358,1.001028227633072
0.9273892258500781,1.0011670591302777
0.859617597931875,1.0016361828320104
0.8595640939237879,1.001626598273302
0.7903329240189502,1.0020163404213693
0.6745529409428372,1.001904410038309
,,egauge13830,egauge18544,egauge33764,egauge26944,egauge20358,egauge17311,egauge19810,egauge28351,egauge7729,egauge20670
,,1,1,1,1,1,1,1,1,1,1
,,1,1,1,1,1,1,1,1,1,1
0.9928452945428095,1.0000744802206585
0.9289589643313358,1.0003154877616498
0.8596175976486377,1.00035817399398
0.7903329240189502,1.000607848647913
0.9928452945428095,1.0002979427199072
0.9927066251936466,1.0008946015572733
0.992484921950976,1.0006713436792496
0.9286996306853322,1.0005451501100213
0.9289589643313358,1.0004166802551842
0.9273892258500781,1.0005572014438642
0.859617597931875,1.0001889098940389
0.8595640939237879,1.0004437723788842
0.7903329240189502,1.000709742742015
0.6745529409428372,1.000875479994528
,,egauge7729,egauge26086,egauge30039,egauge32290,egauge13836,egauge17073,egauge28684,egauge3608,egauge28351,egauge17311
,,1,1,1,1,1,1,1,1,1,1
,,1,1,1,1,1,1,1,1,1,1
0.9928452945428095,1.0000747505323513
0.9289589643313358,1.0005794219579527
0.8596175976486377,1.0007848435200548
0.7903329240189502,1.000900102005544
0.9928452945428095,1.0002230737853919
0.9927066251936466,1.0008607995323502
0.992484921950976,1.0007368637597405
0.9286996306853322,1.0005186991133452
0.9289589643313358,1.0010452525731046
0.9273892258500781,1.0010870558438507
0.859617597931875,1.0008592134236487
0.8595640939237879,1.0007527323509287
0.7903329240189502,1.0009510635705474
0.6745529409428372,1.0010178796075746
,,egauge22785,egauge30378,egauge2850,egauge3167,egauge16608,egauge15623,egauge7692,egauge22084,egauge18544,egauge17311
,,1,1,1,1,1,1,1,1,1,1
,,1,1,1,1,1,1,1,1,1,1
0.9928452945428095,0.9999945889446935
0.9289589643313358,1.0003684204036194
0.8596175976486377,1.0006278104318043
0.7903329240189502,1.0009641980009731
0.9928452945428095,1.0000371716733198
0.9927066251936466,1.0004731125294604
0.992484921950976,0.999974697117021
0.9286996306853322,1.0004775120291587
0.9289589643313358,1.000518062962379
0.9273892258500781,1.0006473338213788
0.859617597931875,1.000669117774318
0.8595640939237879,1.0004352159099534
0.7903329240189502,1.0012627968816108
0.6745529409428372,1.0010960569691625
,,egauge19810,egauge18158,egauge18544,egauge30039,egauge20407,egauge8816,egauge26086,egauge5198,egauge13974,egauge17311
,,1,1,1,1,1,1,1,1,1,1
,,1,1,1,1,1,1,1,1,1,1
0.9928452945428095,1.0000461907732079
0.9289589643313358,1.000610385690082
0.8596175976486377,1.0010455232373392
0.7903329240189502,1.0011800385475484
0.9928452945428095,0.9999834030706293
0.9927066251936466,1.0006804744458409
0.992484921950976,1.0008957793166926
0.9286996306853322,1.0008357849048852
0.9289589643313358,1.0004585893156417
0.9273892258500781,1.0013060106338825
0.859617597931875,1.0012025900289407
0.8595640939237879,1.0012383003363599
0.7903329240189502,1.0012383000950091
0.6745529409428372,1.0013192798021306
,,egauge32290,egauge22084,egauge22785,egauge30378,egauge18544,egauge18350,egauge5198,egauge15623,egauge2474,egauge28684
,,1,1,1,1,1,1,1,1,1,1
,,1,1,1,1,1,1,1,1,1,1
0.9928452945428095,1.000057277500109
0.9289589643313358,1.0007335241706128
0.8596175976486377,1.0011123961836343
0.7903329240189502,1.0013430527210638
0.9928452945428095,0.9999931128783295
0.9927066251936466,0.9999746971170207
0.992484921950976,1.0002070327549675
0.9286996306853322,1.0009461612809087
0.9289589643313358,1.0010778471727722
0.9273892258500781,1.0009312585022674
0.859617597931875,1.0011578604979596
0.8595640939237879,1.001273050412189
0.7903329240189502,1.001506106844805
0.6745529409428372,1.0015413295996292
,,egauge21932,egauge13974,egauge20925,egauge7729,egauge32290,egauge18158,egauge18544,egauge2850,egauge20358,egauge23534
,,1,1,1,1,1,1,1,1,1,1
,,1,1,1,1,1,1,1,1,1,1
0.9993503197251089,0.9999997190971766
0.9936045881790694,1.000020786718309
0.9873862277613648,0.9999997190971766
0.981209961564414,1.0001223801422594
0.9993503197251089,0.9999997190971766
0.998383865965416,1.000279326670672
0.9979069983583074,1.0006179594172713
0.9936045890689026,1.0001284971275572
0.9936045884020951,0.9999997190971766
0.9934131584486772,1.0003682144857615
0.9873577668872765,1.0000750142109522
0.9873862277613648,0.9999997190971766
0.9812099615644142,1.0001442000058227
0.9708832888151722,1.0004495905821822
,,egauge15601,egauge9102,egauge32290,egauge15623,egauge22785,egauge8253,egauge20358,egauge8816,egauge16608,egauge7729
,,1,1,1,1,1,1,1,1,1,1
,,1,1,1,1,1,1,1,1,1,1
0.9997619207511891,1.0000783333584475
0.9976917351894367,1.0004882879601324
0.9959933461240912,1.0008676396936425
0.9955610362331443,1.0010790052049137
0.9984367060273929,1.000581305311837
0.998402298401082,1.0004873379594754
0.997951485281107,0.9999997191272767
0.9969309486379943,1.0006097466451758
0.9968553699819002,1.0005005614902445
0.9970733340558616,1.0006177719565628
0.9959399463497864,1.000929619752411
0.9940076975285538,1.0011824355141197
0.995524868395049,1.0012028057982967
0.9948913714988311,1.0012503651148301
,,egauge32290,egauge14795,egauge30039,egauge15601,egauge18158,egauge23534,egauge28684,egauge3611,egauge17311,egauge20407
,,1,1,1,1,1,1,1,1,1,1
,,1,1,1,1,1,1,1,1,1,1
0.9998252756901819,1.000092507808103
0.9982713480017821,1.0006736235280123
0.9975076152666781,1.0008211236935116
0.9973928757763152,1.0007827435842451
0.9989398199143704,1.0000283405137549
0.9978593894578447,1.0007324824770767
0.9989454601180073,1.0007889930057183
0.9969309486379943,1.0009672724872187
0.9980190836755198,1.0010077917319058
0.9981558415632109,1.0010792965081812
0.9974993842750695,1.000899628979777
0.996442694928531,1.0009388903078051
0.9974001254577756,1.0008628177012202
0.9968032810284589,1.0006009454057216
,,egauge22271,egauge3608,egauge7731,egauge18544,egauge16133,egauge32290,egauge15601,egauge2850,egauge18158,egauge30378
,,1,1,1,1,1,1,1,1,1,1
,,1,1,1,1,1,1,1,1,1,1
0.9997562751100476,1.0000407120974848
0.9981719210650779,1.00009738864031
0.99655252809102,0.9999997190971759
0.9962724190367734,1.000128667904878
0.9994321374425599,1.0004580110759753
0.9978030265679645,0.9999997190971769
0.9989454601180073,1.000819005957021
0.9969309486379943,1.0004617007103183
0.9976997762327886,1.0001682025979115
0.9970196864448159,0.9999997190971766
0.996536085756443,1.0000712143207016
0.994353601794004,0.9999997190971759
0.9961059319140874,1.0002014056877377
0.9960488900714045,1.000342638212686
,,egauge20407,egauge22084,egauge3167,egauge16608,egauge21932,egauge30039,egauge3611,egauge23534,egauge33764,egauge13974
,,1,1,1,1,1,1,1,1,1,1
,,1,1,1,1,1,1,1,1,1,1
0.9998537154068867,1.0000457389362019
0.9987268495832622,1.0006641594608976
0.9979544477944601,1.0010577183286942
0.9977815800782246,1.001256315282315
0.998930279057836,1.000021445719216
0.9984299274211286,1.000021445716703
0.9989100784528451,1.0002598446292348
0.9968425315215812,1.000850240689196
0.9987268495832622,1.0006641594608976
0.9975159490531555,1.0013404891177349
0.9973619471866668,1.001103179706575
0.9978702511195315,1.0012861086151519
0.9975930447702992,1.0014238539064262
0.9971314461758387,1.0013740779463425
,,egauge23534,egauge32290,egauge17311,egauge30378,egauge19821,egauge2850,egauge30039,egauge20670,egauge21932,egauge19696
,,1,1,1,1,1,1,1,1,1,1
,,1,1,1,1,1,1,1,1,1,1
0.9997913988682237,1.0000518591180987
0.9979730415158022,1.0003745594680042
0.996933979105659,1.0008156051839256
0.9960570014290503,1.0010462415483112
0.9994220035033669,1.0004011280049925
0.998093700922378,1.0000033736217333
0.9985742263881969,1.0004169356345238
0.9969309486379943,1.0005769827481885
0.9976099562350241,1.0007187365045829
0.9942317763548171,1.0000412012992597
0.9968188445411421,1.000898724612202
0.9968593977081693,1.0010725910416824
0.9960570014290503,1.0010462415483115
0.9945749911256887,1.00143188381072
,,egauge8617,egauge13830,egauge26086,egauge18158,egauge26944,egauge15601,egauge15623,egauge20925,egauge23534,egauge16608
,,1,1,1,1,1,1,1,1,1,1
,,1,1,1,1,1,1,1,1,1,1
0.999881205998716,1.0001241342308305
0.9988127307418678,1.0010202920100149
0.9985281970298815,1.0014460695084737
0.9983678201432611,1.0016575813829458
0.9994295875954062,1.0001743818454256
0.9984663318969228,1.0005389081884586
0.9986174125296803,1.000897346682429
0.9969309486379943,1.0011823464546699
0.997682211418452,1.0013484977542912
0.9963347040629952,1.0019291365217986
0.9983638165274763,1.0014956866931972
0.998311723908431,1.0016925279120952
0.9982807329654046,1.0017668899433576
0.998122399831923,1.0018504978450544
,,egauge22785,egauge14018,egauge7731,egauge21932,egauge23534,egauge17073,egauge32290,egauge16616,egauge26944,egauge2850
,,1,1,1,1,1,1,1,1,1,1
,,1,1,1,1,1,1,1,1,1,1
0.999784701836288,1.000036549024594
0.9982756128034825,1.0002214876068884
0.9967325688227723,1.00043920492259
0.9955349702980685,1.0006569225451378
0.9989733618246524,1.0000516623486975
0.9975510828820842,1.0007058395650112
0.9989407703353245,1.0008247770618592
0.9968661062484242,1.0002214876060038
0.9981201937162072,1.0004189895267976
0.9980519907236697,1.0006876390731547
0.9964571871702685,1.000439204920678
0.9966260537602174,1.00043920492259
0.99479815702282,1.0006569225381279
0.9933492814986292,1.0010209636208507
,,egauge18350,egauge5198,egauge7731,egauge32290,egauge20670,egauge16616,egauge2850,egauge8253,egauge21932,egauge22271
,,1,1,1,1,1,1,1,1,1,1
,,1,1,1,1,1,1,1,1,1,1
0.9998120810746699,1.0000404579773856
0.9980243433659044,1.0000192688161804
0.996238487117142,0.9999277567476975
0.9962254305673683,1.000098790107232
0.9996238540738325,1.000189301573504
0.9981767005971482,1.0004311811785587
0.9989454601180073,1.0008286769096741
0.9969309486379943,0.9999641714281637
0.9978941859543996,1.0002620863106013
0.997816798438195,1.0000947114379057
0.9953947959384368,0.9999029947671586
0.9953026234638711,0.9999277567476975
0.9962254305673683,1.0000987901072325
0.9961568289437467,1.0004996580555279
,,egauge18350,egauge8816,egauge3166,egauge20407,egauge22271,egauge20925,egauge16133,egauge20670,egauge5198,egauge8253
,,1,1,1,1,1,1,1,1,1,1
,,1,1,1,1,1,1,1,1,1,1
0.9998213025354356,1.000067177302147
0.9983914353252343,1.0005718460560706
0.9974091668087596,1.0009188466026693
0.9968106320905508,1.0010149059413709
0.9996516230340501,1.0001972979687133
0.9961092168345596,1.000763636895076
0.9989454601180073,1.0002596910667316
0.9969309486379943,1.0003897052055575
0.9983106827406197,1.0008755879686113
0.9979209725636488,1.0010161214097928
0.9971829119250591,1.000987513428551
0.9973238839484879,1.00117586384919
0.9961952877555456,1.0010950020244505
0.9967147581912698,1.0010577361891164
,,egauge7731,egauge3167,egauge13974,egauge20358,egauge18158,egauge3608,egauge3166,egauge20925,egauge19696,egauge15623
,,1,1,1,1,1,1,1,1,1,1
,,1,1,1,1,1,1,1,1,1,1
0.999791646535217,1.0000860718432785
0.9982463824129542,1.0006113502419212
0.9972809807059528,1.0010196901531783
0.9963777090490619,1.0012567295353252
0.9997060882484171,1.0004461300966652
0.9984663318969228,1.000274063255713
0.9983495473042133,1.0004019356225031
0.9969309486379943,1.0007507655570393
0.9981555524491155,1.000855232458551
0.9963062715799519,1.0005603050216965
0.9972604101785467,1.0010403526475307
0.9972276849984542,1.0012553110808717
0.9953796465790552,1.0014315538775331
0.9963351176306547,1.0013959832842738
,,egauge16608,egauge17311,egauge22084,egauge17073,egauge27467,egauge3608,egauge21932,egauge9102,egauge18350,egauge7692
,,1,1,1,1,1,1,1,1,1,1
,,1,1,1,1,1,1,1,1,1,1
0.9998136403200819,1.000053335652584
0.9981944228313597,1.0005438611848911
0.9968798461668639,1.0007724627584087
0.9959642749918918,1.0009261482740355
0.9996317925418018,1.0003345576190177
0.9984245687426151,1.0004079573778355
0.9987073664746036,0.9999965872582539
0.9969763166893626,1.000776702843546
0.9981944228313597,1.0009083655275268
0.996891648267699,1.0004905306834486
0.9966085252830834,1.0007724627345123
0.9968798461668639,1.0009223446241382
0.9949739227064118,1.0010135172897527
0.9958897794124039,1.0010546385088201
,,egauge13830,egauge7692,egauge2474,egauge22084,egauge17073,egauge3166,egauge20407,egauge23534,egauge19810,egauge20670
,,1,1,1,1,1,1,1,1,1,1
,,1,1,1,1,1,1,1,1,1,1
0.9998176143415616,1.0000322506328365
0.9987297689325614,1.0001253994373296
0.997642485703075,1.000124439065692
0.9970900669816737,1.0000286291595215
0.9995097983678211,1.0002875531179518
0.9978540291269277,1.0003059701485464
0.998099632499854,1.000643596538298
0.9969698338289852,0.9999641714281627
0.9985884053989821,1.000420093551523
0.9986052348967192,1.0002557192311914
0.9972845484219405,1.0000583949378457
0.9972800522992425,1.0004454334504576
0.9962864124837827,0.9999277567476961
0.9969954937516071,1.000285376124631
,,egauge30039,egauge4183,egauge22785,egauge18350,egauge22271,egauge2474,egauge14795,egauge13836,egauge3167,egauge28351
,,1,1,1,1,1,1,1,1,1,1
,,1,1,1,1,1,1,1,1,1,1
0.9998684576584371,1.0001222002470287
0.9988544366134827,1.000954083707555
0.9981177723549169,1.0015133500053757
0.9974871972543263,1.0016222957667333
0.99955848791309,1.000494485562177
0.9984658111152491,1.0005328411865833
0.9981123303555742,1.0002719670112628
0.9969698338289852,1.0010654807897488
0.9988544366134827,1.0012883626625595
0.9975750996559484,1.0013557760368141
0.9979901247869225,1.0016456859154756
0.9980430862041954,1.0019571736046124
0.997458196467209,1.0016951619730825
0.9964754810010668,1.0017681550210746
,,egauge32290,egauge13830,egauge8253,egauge17311,egauge18158,egauge19810,egauge14795,egauge16608,egauge3166,egauge3608
,,1,1,1,1,1,1,1,1,1,1
,,1,1,1,1,1,1,1,1,1,1
0.9998231142110494,1.0000345911907418
0.9984357739775378,1.0003102034961162
0.9975598097932598,1.0005750114262437
0.9968851739846392,1.000581414236731
0.998909051221871,0.9999965872582545
0.9984658111152491,1.000463730975247
0.9978378287806698,1.0001976538152326
0.9969698338289852,1.0004215158610175
0.9983449236321009,1.000644228230474
0.9965314331709347,0.9999641714281629
0.997444589746572,1.0007072007727449
0.9975064964624257,1.0006820394956548
0.9968489491914524,1.0006178010296694
0.9958104091052329,1.0005447644078627
,,egauge2474,egauge5198,egauge14795,egauge15623,egauge18350,egauge19696,egauge33764,egauge16616,egauge3608,egauge23534
,,1,1,1,1,1,1,1,1,1,1
,,1,1,1,1,1,1,1,1,1,1
0.9997738792203589,1.000093528376408
0.9981662358716723,1.0006341385954516
0.9972654632396494,1.0009273078402852
0.9965247782286788,1.0010426093320695
0.9989630367143764,1.0003316071993382
0.9980791859355156,1.0004462189155754
0.997712690110473,1.000771122795197
0.9969698338289852,1.000785993522637
0.9980754145282258,1.0007454935668498
0.9955178674599662,1.0011171039370128
0.9972243239699135,1.001026487199704
0.9970882569569702,1.0009808407447864
0.9957939526415641,1.0010207668636502
0.9963544085992208,1.0012675236956552
,,egauge23534,egauge26086,egauge15601,egauge2850,egauge22084,egauge30378,egauge28684,egauge7729,egauge8253,egauge4183
,,1,1,1,1,1,1,1,1,1,1
,,1,1,1,1,1,1,1,1,1,1
0.9997688478152156,1.0000442398140967
0.9976362861930413,0.9999641714281627
0.9967497299941814,1.000210643625627
0.9961643492156022,1.0003531054784605
0.9993862322289958,1.0003846266435925
0.9984658111152491,1.0008375937614593
0.9970422889775744,1.0010132779640624
0.9955737041790903,0.9999641714281627
0.9974395942057428,0.9999641714281627
0.997134660205554,1.0002640260016558
0.9966921710761881,1.0002560595195273
0.9958706848215012,1.0003604260332442
0.9955856221761393,1.0003749312943804
0.9960366204749034,1.0005885412636348
,,egauge30378,egauge16616,egauge8617,egauge2474,egauge8816,egauge20925,egauge7692,egauge3166,egauge21932,egauge16608
,,1,1,1,1,1,1,1,1,1,1
,,1,1,1,1,1,1,1,1,1,1
0.9998365993899164,1.0000711631027173
0.9986162270688973,1.0005787903034724
0.9979660102422269,1.0007986597526906
0.9979341115723944,1.0009139338190713
0.9991525838189301,1.0002958195532277
0.9984563632674198,1.0001910830190848
0.9989203426577162,1.0002577391462795
0.9968920737527464,1.000811641556938
0.9968241139605505,1.0006901380100646
0.9974366875608742,1.0010230692817252
0.9975585698802336,1.000852370908367
0.9978605958928196,1.0008414790562463
0.9979341115723944,1.0009139338190713
0.9978807745829333,1.0011336055048854
,,egauge26086,egauge27467,egauge8253,egauge28684,egauge20925,egauge24121,egauge7692,egauge20407,egauge15623,egauge30378
,,1,1,1,1,1,1,1,1,1,1
,,1,1,1,1,1,1,1,1,1,1
0.9998399388535218,1.0000794933531796
0.9987656656216864,1.0005028130719968
0.997728842237458,1.0006779240350012
0.9972574844621481,1.0008892491656018
0.9992763152614581,1.000442083015589
0.9984658111152491,1.0007528898470117
0.9978624165644511,1.0002189271638326
0.9969698338289852,1.000638050071195
0.9980369700108928,1.0007356434314074
0.9973799859292612,1.0007538475893005
0.9973359992895834,1.000731627532996
0.996823249127938,1.0004853181233972
0.9972284915865262,1.000976614491048
0.9965119777727811,1.0011141228604714
,,egauge2850,egauge13974,egauge22084,egauge2474,egauge4183,egauge14795,egauge22785,egauge15623,egauge20358,egauge7729
,,1,1,1,1,1,1,1,1,1,1
,,1,1,1,1,1,1,1,1,1,1
0.9997519274982641,0.9999965872582545
0.9984381081236942,1.0005614394026838
0.9971372721145988,1.0008307418238647
0.9962598832186267,1.0010292843531254
0.9975777360544557,0.9999965872582545
0.9983761612604256,1.0002620467383359
0.9985965503253326,0.9999965872582545
0.9969698338289852,1.0007812114212038
0.9983068858429595,1.000742864280837
0.9974758182091265,1.0011788881469619
0.9968494253746862,1.0008498138687312
0.9971052991167869,1.0009814915080555
0.9961874909273765,1.0011385118796252
0.9948992909569377,1.0012006341995385
,,egauge8253,egauge33764,egauge2850,egauge7731,egauge30039,egauge17073,egauge19810,egauge3611,egauge28684,egauge7692
,,1,1,1,1,1,1,1,1,1,1
,,1,1,1,1,1,1,1,1,1,1
0.9996973300715899,1.0000068820672932
0.9982956761915672,1.0004239060030156
0.9967432118763632,1.000449216717675
0.996088250025038,1.0006348602263644
0.9987801709259883,1.000094232380604
0.9984658111152491,1.000577845959055
0.9952945372987733,0.9999965872582545
0.9969698338289852,1.0007719218894908
0.9980683250386853,1.0007478484550953
0.9981384925122453,1.001038664015734
0.9965789563081695,1.0002923186126746
0.9956367518198337,1.000566931609847
0.9960448217627804,1.0007658755883717
0.9950569744392003,1.0007526009455785
,,egauge27467,egauge22084,egauge7729,egauge8617,egauge22271,egauge28351,egauge20670,egauge26944,egauge17073,egauge26086
,,1,1,1,1,1,1,1,1,1,1
,,1,1,1,1,1,1,1,1,1,1
0.9998196772702356,1.0001017951186315
0.9982389095452697,1.0009057830016606
0.9976019482993648,1.0015904121159227
0.9976019482373004,1.002026530940949
0.9996901948779973,1.0004533025261877
0.9984020683037604,0.9999997192938578
0.9970004869810255,1.0004441887187325
0.9963556798639116,1.0009563481447379
0.9982389095452697,1.0012906518070501
0.9971664433475408,1.0011939894108794
0.997601948299365,1.0016896692563533
0.9965253005627714,1.00184817301526
0.9976019482373004,1.0022452714267676
0.9969654458524325,1.0024425126276906
,,egauge19696,egauge3611,egauge18350,egauge22785,egauge30039,egauge14018,egauge27467,egauge20407,egauge2474,egauge7692
,,1,1,1,1,1,1,1,1,1,1
,,1,1,1,1,1,1,1,1,1,1
0.9997786212542975,1.0000834706756467
0.9982389095452697,1.0006643589560733
0.9976019482993648,1.0009499116838154
0.9972427498332626,1.001180522657422
0.9982656358843774,1.0004737659567873
0.9977322669819206,1.0003567955768926
0.9988799875965018,1.0003577132002066
0.9963556798639116,1.0006805421109928
0.9982389095452697,1.0009539413046658
0.996807018559619,1.0013600283480155
0.997601948299365,1.001065626409783
0.9965253005627714,1.0007572438767505
0.9968559586176171,1.001348046283273
0.996210059705027,1.0013197639375024
,,egauge20670,egauge19696,egauge16133,egauge18158,egauge21932,egauge8253,egauge8816,egauge20358,egauge9102,egauge13974
,,1,1,1,1,1,1,1,1,1,1
,,1,1,1,1,1,1,1,1,1,1
0.999739995583858,1.0000793640370271
0.9982467367338028,1.0004883736317522
0.996698862582269,1.0008461985589407
0.9962788845969046,1.0010227192400747
0.9995589997626958,1.0003875331943188
0.9969171649528629,1.0008326912249044
0.9975659028030267,1.0004360356714823
0.9968696163022349,1.0007800996244238
0.9982467367338028,1.0004883736317522
0.9969590598089544,1.0006603038182167
0.9959882025403302,1.0009949622052974
0.9965604045164644,1.0009849731956741
0.9962282076754179,1.0011455391757904
0.9956511763871713,1.001172645418141
,,egauge28351,egauge20925,egauge24121,egauge14795,egauge17073,egauge18544,egauge26944,egauge20670,egauge32290,egauge3608
,,1,1,1,1,1,1,1,1,1,1
,,1,1,1,1,1,1,1,1,1,1
0.9963724359714472,1.000522317580728
0.9640614599973317,1.005204728495968
0.9287314360381201,1.0103166491798783
0.8934755715574796,1.0154801973223946
0.9963724359714472,1.0005223175807283
0.9962530731864233,1.0006246132504604
0.9963724355355853,1.0005223173127102
0.9640614595206706,1.0052047282073528
0.9640614599973317,1.005204728495968
0.964061459997332,1.005204728495968
0.92868608409953,1.0103124714864489
0.9287314315858436,1.0102408826132194
0.8533988627615969,1.02135140691557
0.029782519051915993,0.03384933991074649
,,egauge3608,egauge33764,egauge21932,egauge14795,egauge23534,egauge15601,egauge5198,egauge20407,egauge28351,egauge13830
,,1,1,1,1,1,1,1,1,1,1
,,1,1,1,1,1,1,1,1,1,1
0.9998063486271317,1.0000764638444324
0.9983187317794887,1.000733170631842
0.9970979668085601,1.0009025777762781
0.9969446710433167,1.00112036268861
0.9987983733622006,1.0000550740716965
0.9984458025409615,1.0006115949446737
0.9989262319985801,1.0000764638414572
0.9966760249675573,1.0010471007886081
0.9979655834918832,1.0008850433363865
0.9965869165100056,1.001641706802797
0.9967484803097453,1.0009480308088445
0.9961717818508481,1.0007099207807248
0.996642815405313,1.0012296019444464
0.99651383314682,1.0013238700931089
,,egauge17311,egauge4183,egauge20670,egauge19810,egauge20407,egauge19696,egauge13830,egauge22785,egauge30039,egauge14795
,,1,1,1,1,1,1,1,1,1,1
,,1,1,1,1,1,1,1,1,1,1
0.9997552162851162,1.0000698773446022
0.9975053774985038,1.0003889740207028
0.9965620667049467,1.0009225693418722
0.9962056179020028,1.0013262668377636
0.9993039784259058,1.0002077885016025
0.9994398310294769,1.0004533577952601
0.9991946543308278,1.0006643706311755
0.9964950934063048,1.000004629199822
0.9966474489562924,1.0002068725386803
0.9947252944171646,1.0008717995188543
0.9964857173513295,1.0009804208808886
0.9957002397334789,1.0009975169147975
0.9960101986974674,1.0015594012619127
0.03319656635607443,0.03338861454821736
,,egauge17073,egauge20670,egauge13830,egauge4183,egauge22785,egauge18158,egauge20358,egauge30039,egauge22084,egauge22271
,,1,1,1,1,1,1,1,1,1,1
,,1,1,1,1,1,1,1,1,1,1
0.999884640105844,1.0001028082343566
0.9987959834055204,1.0007324787558993
0.9983293041785019,1.0010922730709741
0.9982313357295316,1.0011884498250048
0.9993992749880409,1.0004425367513707
0.9992526900451685,1.0006737990835175
0.9991836051755575,1.0005898887953881
0.9969115111110806,1.0009147323738967
0.9981531939736987,1.000803345866134
0.9985406909692439,1.0013701833002733
0.998246925956379,1.0011336030816178
0.9973165796133066,1.0014350675398291
0.9980208759667626,1.0010573892912773
0.03326228831349956,0.033384733374507966
,,egauge3167,egauge30378,egauge30039,egauge14795,egauge2850,egauge15601,egauge13974,egauge19821,egauge7731,egauge16616
,,1,1,1,1,1,1,1,1,1,1
,,1,1,1,1,1,1,1,1,1,1
0.9998156478767096,1.0000599976089266
0.9981539954359678,1.000233521797082
0.9976052553374596,1.000884831686379
0.9975096120671473,1.0010897993497405
0.9995549631381785,1.000155765277749
0.998456226557321,1.000509415153803
0.9991759033840277,1.000792410766953
0.9969115111110806,1.0005264615119973
0.9960700560240033,0.9999238031945921
0.9961035579822429,1.0010534822073052
0.9975015051543765,1.0009385483146478
0.9970297967217175,1.0015169196059093
0.997469256951498,1.0012791584457506
0.033245572079698374,0.03337180173361707
,,egauge4183,egauge20670,egauge15601,egauge3608,egauge22271,egauge24121,egauge5198,egauge19810,egauge9102,egauge20407
,,1,1,1,1,1,1,1,1,1,1
,,1,1,1,1,1,1,1,1,1,1
0.9998197903375479,1.000049948398431
0.9982877470295368,1.00009690722071
0.9968830221960013,0.9999140938272373
0.9962850699282597,0.9999013439261133
0.9996453846555584,1.000258773700788
0.9992284469829023,1.000622892955203
0.9970953302850029,1.0010270059040434
0.9969115111110806,1.0000626094885738
0.9982070043769592,1.0004207245253238
0.9977690823526469,1.0003438675085614
0.9965336249627972,0.9999636213323667
0.9959452953114852,0.999821285165507
0.9960550279809394,1.0000176991249785
0.033178659289058145,0.033329514558464036
,,egauge3611,egauge18158,egauge8816,egauge28351,egauge33764,egauge17073,egauge20407,egauge21932,egauge13974,egauge28684
,,1,1,1,1,1,1,1,1,1,1
,,1,1,1,1,1,1,1,1,1,1
0.999802019756248,1.0000672266945565
0.9986142650570212,1.0004059360188255
0.9977006469967442,1.0004542243693266
0.9972355179393353,1.000639869582503
0.9987642384571199,1.000198090983506
0.9984322734676451,1.0007271961839812
0.9958430574276353,1.0008534894894918
0.9967301981881913,1.000520133609087
0.9983627328539162,1.0006674440403587
0.9983840245328574,1.0009643146895344
0.9973509107565827,1.000382847369631
0.9969700322948875,1.0004542243663477
0.996764642599597,1.0007490468777767
0.9965998292009359,1.0008100688152206
,,egauge3166,egauge16133,egauge8816,egauge18158,egauge7729,egauge3167,egauge13830,egauge24121,egauge20407,egauge19696
,,1,1,1,1,1,1,1,1,1,1
,,1,1,1,1,1,1,1,1,1,1
0.9996979341872475,1.0000597629549852
0.9977884162267873,1.0004735697767402
0.9961163269194843,1.0006860652505383
0.9947008927228235,1.0007532894913371
0.9995798278427247,1.0001053022936472
0.9976371205556219,1.000359380124755
0.9957185346514046,1.0008487298515012
0.9976774646965236,1.0006364588111905
0.9971525117141704,1.000635519592636
0.9976537386317249,1.0006473410691306
0.995980767622965,1.00075216348039
0.9960205320314596,1.000825225305774
0.9940726574916213,1.0006208900431601
0.033108602427426394,0.033372364665770336
,,egauge28684,egauge26944,egauge2474,egauge19696,egauge3167,egauge7731,egauge16608,egauge30378,egauge20407,egauge13830
,,1,1,1,1,1,1,1,1,1,1
,,1,1,1,1,1,1,1,1,1,1
0.999785729180484,1.000096959536981
0.9979092842455731,1.0006393522306045
0.9967285689505595,1.0009149703964744
0.995975039517977,1.0009150095515167
0.9994998972518577,1.0002892691380127
0.9974863783644375,1.000756952294205
0.998018515488687,1.0007073372426147
0.996539365474418,1.0009895548537575
0.9978386652499112,1.0007279752345506
0.9977775943396678,1.0012787935181986
0.9966826844482894,1.0009934844180868
0.9959835297629236,1.0011826988269157
0.9953458520791425,1.0007912690556604
0.03318748422833222,0.03336990154996405
,,egauge3611,egauge9102,egauge22084,egauge26944,egauge28351,egauge13836,egauge18350,egauge26086,egauge19696,egauge17311
,,1,1,1,1,1,1,1,1,1,1
,,1,1,1,1,1,1,1,1,1,1
0.9998157204719774,1.0000853171338542
0.9982380693642711,1.0008798806644552
0.9971724507841889,1.0013881316615287
0.9962756710748641,1.001612449685399
0.998765718638348,1.0002457765527126
0.9983989499347156,1.00048091882507
0.9987317705135137,1.0000145896845574
0.9977291653532857,1.0010621660245411
0.9972803011699674,1.0009710135616228
0.9981033200437234,1.0016337657739707
0.9971313160893712,1.0014460150171316
0.9969059532482014,1.0017310458821516
0.9952705075338394,1.0018663144673967
0.03320847924745813,0.033392082675431686
,,egauge28351,egauge7692,egauge14795,egauge15623,egauge30378,egauge9102,egauge20407,egauge18544,egauge2474,egauge22084
,,1,1,1,1,1,1,1,1,1,1
,,1,1,1,1,1,1,1,1,1,1
0.9998554622380272,1.0000812069090181
0.9986365874963663,1.0004780410765521
0.9978656785241288,1.0006248770812414
0.9972222294848185,1.0006613627727177
0.9988537352006545,1.000241665548725
0.9978997241591867,1.0003610752967953
0.9977000591034991,1.0007457368537764
0.9985861006777038,1.0005994982967044
0.9981385008915398,1.0006906140299634
0.9972711870034046,1.0007677010052063
0.9977833454708278,1.0005505342593575
0.9978550114566811,1.000999615848604
0.9966210603065088,1.0008287837183043
0.033234346996877585,0.03334952400581893
,,egauge14018,egauge2474,egauge7729,egauge20358,egauge22271,egauge13836,egauge26944,egauge4183,egauge26086,egauge27467
,,1,1,1,1,1,1,1,1,1,1
,,1,1,1,1,1,1,1,1,1,1
0.9998398572451416,1.0001503579604336
0.9988796107875171,1.0011758806754507
0.9979107550475691,1.0018112899358262
0.9977513078075715,1.002196153238039
0.9986300238465764,1.000535592344062
0.9982192867663576,1.000673510866172
0.9970119648602486,1.0004909261234696
0.9987988115653331,1.0012820859379583
0.9987887127468374,1.001571069333365
0.9987640209867085,1.0019880962452827
0.9974210841836529,1.0019200478282793
0.997761432822122,1.0020471313995714
0.9970444656788509,1.0024149374561233
0.033253755864027616,0.03341726445863447
,,egauge26086,egauge17073,egauge33764,egauge20358,egauge20407,egauge28351,egauge30378,egauge16133,egauge26944,egauge30039
,,1,1,1,1,1,1,1,1,1,1
,,1,1,1,1,1,1,1,1,1,1
0.9998285620096088,1.0001045464395926
0.9985840706365683,1.0006999013296451
0.9977845160763525,1.0012830717640162
0.9969950351464938,1.001661276279894
0.9993240115228939,1.0005006536411252
0.9990021317840994,1.000757538117228
0.9991225321511952,1.0006972245447403
0.9984528255711798,1.0008517680870719
0.9976964363059199,1.0005177329222785
0.9968717099505447,1.0009896371874514
0.9976646184143692,1.0013698889832987
0.9968492877486511,1.0014223299526197
0.9961336191474004,1.0019017933037337
0.033231391922816204,0.03339799875784569
,,egauge16616,egauge5198,egauge19821,egauge17073,egauge9102,egauge15601,egauge18158,egauge4183,egauge24121,egauge3166
,,1,1,1,1,1,1,1,1,1,1
,,1,1,1,1,1,1,1,1,1,1
0.999877086797311,1.000116690631349
0.998992242304328,1.0007801477283265
0.9984632106156749,1.0010759565922231
0.9977993171269536,1.0011848472407059
0.9996689275068207,1.0001808694839054
0.9981878183366523,1.0004828869016993
0.9987238552414331,1.0013806622713837
0.9989223082127655,1.0009473767115165
0.9982965669737558,1.0009320288688601
0.9965136893168864,1.0016113322128652
0.9984632106156749,1.0011420852631605
0.9982711097049685,1.001225892178283
0.9970444656788509,1.001279526850247
0.03325997723756513,0.033374256202578466
,,egauge3611,egauge21932,egauge13830,egauge17311,egauge8816,egauge26086,egauge3608,egauge7731,egauge4183,egauge15601
,,1,1,1,1,1,1,1,1,1,1
,,1,1,1,1,1,1,1,1,1,1
0.9994803110014375,1.0001698322730954
0.9942513264485747,1.0020705038356335
0.9884569501731444,1.0042844887674682
0.9883686470112722,1.004194510671607
0.9987671847100875,1.000246000814083
0.9994803110014375,1.0001698322730954
0.9991598038269323,1.0005913701701488
0.9942011018810212,1.002019811694676
0.9941810135834733,1.0019995365653318
0.9942513264485747,1.0020705038356335
0.9846497794292876,1.0059211187593486
0.988277668083068,1.0041125498299905
0.9883041034029003,1.0041287427925254
0.9883159145474582,1.004140777987129
,,egauge2850,egauge18544,egauge14795,egauge26944,egauge23534,egauge14018,egauge24121,egauge32290,egauge15601,egauge2474
,,1,1,1,1,1,1,1,1,1,1
,,1,1,1,1,1,1,1,1,1,1
0.9968322500697899,1.0000337887589537
0.9647378132597233,1.0008880520788976
0.9646887910202131,1.00133258165304
0.9646397687966705,1.0017557212392136
0.9968322500697899,1.0000337887589537
0.9968322500697899,1.0007595052971792
0.9968322500697899,1.0006705595009207
0.9647378132597233,1.0012223049202105
0.9048786915406901,1.0010399525719949
0.9647378132597233,1.001583905226461
0.9646887910202131,1.0013863266894323
0.9646887910202133,1.0012361932864475
0.9646397687966707,1.0020691840478915
0.9645577999405515,1.0020022696530202
,,egauge18158,egauge21932,egauge16608,egauge8816,egauge7729,egauge20358,egauge17311,egauge13836,egauge19810,egauge19696
,,1,1,1,1,1,1,1,1,1,1
,,1,1,1,1,1,1,1,1,1,1
0.996786965825647,1.000060405109938
0.9643381200830682,1.0003855993723827
0.9280825192270612,1.0006218489353877
0.9280825192270612,1.0005964400741456
0.9967869658256467,1.0004111005165803
0.996786965825647,1.0000604051099378
0.9964248998947578,1.0006088543963285
0.9641831439613731,1.0007502852032613
0.96429937130489,1.0004564374420766
0.9643381200830682,1.0005786629149054
0.9036972004225746,1.000671417881667
0.9274274685800995,1.001025631136148
0.9280825192270614,1.0003054529619768
0.9280825192270614,1.0009818775353807
,,egauge19696,egauge20925,egauge18158,egauge7692,egauge5198,egauge14795,egauge16133,egauge3166,egauge16616,egauge27467
,,1,1,1,1,1,1,1,1,1,1
,,1,1,1,1,1,1,1,1,1,1
0.9968279178054344,1.0001072741062695
0.9646958325533959,1.0007494439995397
0.9646039323633039,1.0011539893510948
0.9645120322293169,1.0014231746312303
0.9968279178054344,1.0004122299002403
0.9968279178054344,1.0006092037843788
0.9968279178054344,1.0007979900987556
0.9646958325533959,1.0008709401579792
0.9048398099175093,1.0008608141500372
0.9646958325533956,1.001301246557358
0.9646039323633038,1.001224257878224
0.9646039323633038,1.001207536621857
0.9644075407760231,1.0014595976020033
0.9645120322293169,1.0018197105542759
,,egauge20925,egauge8816,egauge22084,egauge18350,egauge14018,egauge20407,egauge18158,egauge13974,egauge7729,egauge4183
,,1,1,1,1,1,1,1,1,1,1
,,1,1,1,1,1,1,1,1,1,1
0.9968223473472716,1.0000611725518496
0.9646418570350979,1.0005347587323312
0.9644948275677102,1.00090097923219
0.9644151889782477,1.0010931295958176
0.9968223473472716,1.000330484844443
0.9960680601595211,1.0007193104166618
0.9968223473472716,1.0000291059808712
0.9646418570350979,1.0006173356441568
0.9047898209594424,1.000899259147869
0.9646418570350979,1.0003390626130473
0.96449482756771,1.0009670942490092
0.9643821450752698,1.0011475778403198
0.9643246390260145,1.001209648752606
0.9644151889782475,1.0012430682428888
,,egauge14018,egauge19696,egauge23534,egauge7731,egauge5198,egauge8617,egauge13830,egauge3166,egauge33764,egauge7729
,,1,1,1,1,1,1,1,1,1,1
,,1,1,1,1,1,1,1,1,1,1
0.9968279178054344,1.0001066220084733
0.9646958325533959,1.0006712571345333
0.9646039323633039,1.0010429882370457
0.9645120322293169,1.0012736245205291
0.9968279178054344,1.0004918364789253
0.9968279178054344,1.0008559584462673
0.9968279178054344,1.0008304994129265
0.9646958325533959,1.0009990966678566
0.9048398099175093,1.0008370387354415
0.9646958325533956,1.0008086201914939
0.9646039323633038,1.0011215141270793
0.9646039323633038,1.0010858199010735
0.9644075407760231,1.0014193094858148
0.9645120322293169,1.0014450237985415
,,egauge33764,egauge13830,egauge30378,egauge17311,egauge23534,egauge3611,egauge19696,egauge8617,egauge22084,egauge9102
,,1,1,1,1,1,1,1,1,1,1
,,1,1,1,1,1,1,1,1,1,1
0.9968279178054344,1.0000681531796944
0.9646958325533959,1.0004206199867516
0.9646039323633039,1.0005781745118474
0.9645120322293169,1.0005334115324636
0.9968279178054344,1.0003692688149843
0.9968279178054344,1.0005370544676007
0.9968279178054344,1.0006016982454016
0.9646958325533959,1.0005521912834112
0.9048398099175093,1.000753753982948
0.9646958325533956,1.0006788196901113
0.9646039323633038,1.0007351546439223
0.9646039323633038,1.0006102802259835
0.9644075407760231,1.000396603113609
0.9645120322293169,1.0006725465045285
,,egauge7731,egauge15601,egauge19821,egauge2474,egauge23534,egauge22785,egauge14795,egauge16608,egauge28684,egauge16616
,,1,1,1,1,1,1,1,1,1,1
,,1,1,1,1,1,1,1,1,1,1
0.9968223473472716,1.0001428493633733
0.9646418570350979,1.0007343104432653
0.9644948275677102,1.001146645872188
0.9644151889782477,1.0013004016840346
0.9968223473472716,1.0004809563045536
0.9968223473472716,1.001071978299492
0.9968223473472716,1.0014117487711194
0.9646418570350979,1.000949855593292
0.9047898209594424,1.0009469477310635
0.9646418570350979,1.0008695013665418
0.96449482756771,1.0012789245523726
0.9643821450752698,1.0013291461451574
0.9643246390260145,1.0014388055608319
0.9644151889782475,1.0013539582042272
,,egauge3166,egauge13836,egauge18158,egauge24121,egauge3611,egauge8253,egauge15601,egauge26086,egauge7729,egauge32290
,,1,1,1,1,1,1,1,1,1,1
,,1,1,1,1,1,1,1,1,1,1
0.9968279178054344,1.0000910922556876
0.9646958325533959,1.0006485543632135
0.9646039323633039,1.0011284330822432
0.9645120322293169,1.0011860935368362
0.9968279178054344,1.0001437230263635
0.9968279178054344,1.0009413129444549
0.9968279178054344,1.0007464751020367
0.9646958325533959,1.0007801610674356
0.9048398099175093,1.000729538275654
0.9646958325533956,1.0006871720318182
0.9646039323633038,1.0012979188967825
0.9646039323633038,1.0014176598547644
0.9644075407760231,1.001302625409029
0.9645120322293169,1.0011111358954978
,,egauge24121,egauge13836,egauge22084,egauge5198,egauge20670,egauge7729,egauge18544,egauge2474,egauge9102,egauge13830
,,1,1,1,1,1,1,1,1,1,1
,,1,1,1,1,1,1,1,1,1,1
0.9968279178054344,1.0000956797878269
0.9646958325533959,1.0008459566131336
0.9646039323633039,1.0014051856156145
0.9645120322293169,1.0016102749341185
0.9968279178054344,1.0002347428087064
0.9968279178054344,1.0009648352210776
0.9968279178054344,1.0000036074264893
0.9646958325533959,1.000981618154675
0.9048398099175093,1.0011234329030234
0.9646958325533956,1.0011413776246234
0.9646039323633038,1.0015457760054358
0.9646039323633038,1.0016516321382203
0.9644075407760231,1.0017195773902456
0.9645120322293169,1.0018091764726527
,,egauge20925,egauge4183,egauge22271,egauge19821,egauge18544,egauge26086,egauge28684,egauge9102,egauge13836,egauge17311
,,1,1,1,1,1,1,1,1,1,1
,,1,1,1,1,1,1,1,1,1,1
0.9968223473472716,1.0001396643962535
0.9646418570350979,1.0011714396403362
0.9644948275677102,1.0016615569290088
0.9644151889782477,1.0020142712056435
0.9968223473472716,1.0004126435037985
0.9968223473472716,1.0005795695634954
0.9968223473472716,1.0009747713709785
0.9646418570350979,1.0016173177688643
0.9047898209594424,1.001515940724549
0.9646418570350979,1.0017514320884686
0.96449482756771,1.0017070507145769
0.9643821450752698,1.001779440420102
0.9643246390260145,1.00232053494332
0.9644151889782475,1.0021536495821821
,,egauge19810,egauge26944,egauge22271,egauge20670,egauge8816,egauge26086,egauge16608,egauge18350,egauge2850,egauge30378
,,1,1,1,1,1,1,1,1,1,1
,,1,1,1,1,1,1,1,1,1,1
0.9968279178054344,1.000023191997311
0.9646958325533959,1.0002750033351322
0.9646039323633039,1.0001355017015063
0.9645120322293169,1.0001202899065205
0.9968279178054344,1.0000036074264893
0.9968279178054344,1.0006327360256844
0.9968279178054344,1.0008488904763915
0.9646958325533959,1.0005326512094124
0.9048398099175093,1.0006136510191734
0.9646958325533956,1.0010241883500741
0.9646039323633038,1.0002056857627482
0.9646039323633038,1.0002103796584403
0.9644075407760231,1.0001202899065205
0.9645120322293169,1.0001202899065205
,,egauge30039,egauge3608,egauge2850,egauge3167,egauge18158,egauge20925,egauge14795,egauge8816,egauge8617,egauge18350
,,1,1,1,1,1,1,1,1,1,1
,,1,1,1,1,1,1,1,1,1,1
0.9968279178054344,1.0000036074264893
0.9646958325533959,1.0005331761695302
0.9646039323633039,1.000875244901054
0.9645120322293169,1.0009520863705974
0.9968279178054344,1.0003564917151913
0.9968279178054344,1.0000036074264895
0.9953808205505245,1.0000036074264893
0.9646958325533959,1.000624271757668
0.9048398099175093,1.0008076895749056
0.9646958325533956,1.0009701758322784
0.9646039323633038,1.0010033482143486
0.9646039323633038,1.0010037274299652
0.9644075407760231,1.0009812083056144
0.9645120322293169,1.0010377448358276
,,egauge20358,egauge13836,egauge19821,egauge5198,egauge26086,egauge22271,egauge19696,egauge3167,egauge17311,egauge18158
,,1,1,1,1,1,1,1,1,1,1
,,1,1,1,1,1,1,1,1,1,1
0.9968223473472716,1.0001270589491476
0.9646418570350979,1.0008288560047478
0.9644948275677102,1.001166376061527
0.9644151889782477,1.0012880936820892
0.9968223473472716,1.0002520081097497
0.9968223473472716,1.0009991825292315
0.9968223473472716,1.001354970593242
0.9646418570350979,1.0010311749416219
0.9047898209594424,1.0012105478341018
0.9646418570350979,1.0015246605031933
0.96449482756771,1.001315195970715
0.9643821450752698,1.0012734789273956
0.9643246390260145,1.001378557127963
0.9644151889782475,1.0015861138866142
,,egauge2850,egauge3166,egauge4183,egauge26086,egauge14795,egauge18158,egauge3167,egauge3611,egauge28684,egauge28351
,,1,1,1,1,1,1,1,1,1,1
,,1,1,1,1,1,1,1,1,1,1
0.9968279178054344,1.0000123862638057
0.9646958325533959,1.000621212910606
0.9646039323633039,1.0009000558325352
0.9645120322293169,1.00107298452883
0.9968279178054344,1.0000036074264893
0.9968279178054344,1.0001800111958772
0.9968279178054344,1.000483199074253
0.9646958325533959,1.0008945867380903
0.9048398099175093,1.0009313118755625
0.9646958325533956,1.0009798753453638
0.9646039323633038,1.000937244214025
0.9646039323633038,1.0009857090228684
0.9644075407760231,1.001174934586115
0.9645120322293169,1.0012170272912917
,,egauge3166,egauge20407,egauge30039,egauge2850,egauge9102,egauge13830,egauge15623,egauge19821,egauge7731,egauge28684
,,1,1,1,1,1,1,1,1,1,1
,,1,1,1,1,1,1,1,1,1,1
0.9968279178054344,1.0000456850937811
0.9646958325533959,1.000388755216457
0.9646039323633039,1.0009599138288718
0.9645120322293169,1.001254631676459
0.9968279178054344,1.000148332172385
0.9968279178054344,1.0000036074264895
0.9968279178054344,1.0007663286405646
0.9646958325533959,1.000049549338886
0.9048398099175093,1.0004813718260692
0.9646958325533956,1.000852257118185
0.9646039323633038,1.0010177679308767
0.9646039323633038,1.0014117849104853
0.9644075407760231,1.0015197552544874
0.9645120322293169,1.0013724586140185
,,egauge32290,egauge3611,egauge13830,egauge18158,egauge3167,egauge8816,egauge13974,egauge14018,egauge15601,egauge13836
,,1,1,1,1,1,1,1,1,1,1
,,1,1,1,1,1,1,1,1,1,1
0.9968223473472716,1.0001110425961204
0.9646418570350979,1.00104595004913
0.9644948275677102,1.0018502579533308
0.9644151889782477,1.0023507113996437
0.9968223473472716,1.0000442146975819
0.9968223473472716,1.0003706292270527
0.9968223473472716,1.0005879776885533
0.9646418570350979,1.0012080093923463
0.9047898209594424,1.0011371008193548
0.9646418570350979,1.0014378982845464
0.96449482756771,1.0018998988295174
0.9643821450752698,1.0022362662919542
0.9643246390260145,1.002693585823426
0.9644151889782475,1.0026832827006311
,,egauge2850,egauge30039,egauge33764,egauge7692,egauge3166,egauge26944,egauge13830,egauge3608,egauge8253,egauge9102
,,1,1,1,1,1,1,1,1,1,1
,,1,1,1,1,1,1,1,1,1,1
0.9968279178054344,1.0000036074264893
0.9646958325533959,1.0004288097695981
0.9646039323633039,1.0006338717537648
0.9645120322293169,1.0007363110841452
0.9968279178054344,1.0000036074264893
0.9968279178054344,1.00068071641273
0.9968279178054344,1.0006235510678043
0.9646958325533959,1.0005705049955156
0.9048398099175093,1.0004692892919032
0.9646958325533956,1.0010537567661195
0.9646039323633038,1.0007123597166814
0.9646039323633038,1.000612467887
0.9644075407760231,1.0007569336875963
0.9645120322293169,1.0009055393750153
,,egauge8816,egauge14018,egauge24121,egauge13836,egauge19696,egauge3608,egauge13830,egauge22271,egauge15601,egauge18158
,,1,1,1,1,1,1,1,1,1,1
,,1,1,1,1,1,1,1,1,1,1
0.9968279178054344,1.0001327588647753
0.9646958325533959,1.0010208366041424
0.9646039323633039,1.0017264198553837
0.9645120322293169,1.0021305087199455
0.9968279178054344,1.0004913755769829
0.9968279178054344,1.0008528316007415
0.9968279178054344,1.0004109427694725
0.9646958325533959,1.0013623518071777
0.9048398099175093,1.0012538094380365
0.9646958325533956,1.0009822054659838
0.9646039323633038,1.0018050091033106
0.9646039323633038,1.0020372981063976
0.9644075407760231,1.0024732941074943
0.9645120322293169,1.0023848062599532
,,egauge28351,egauge19696,egauge26086,egauge32290,egauge8816,egauge3611,egauge18544,egauge2474,egauge18158,egauge30378
,,1,1,1,1,1,1,1,1,1,1
,,1,1,1,1,1,1,1,1,1,1
0.9968223473472716,1.0001036992183512
0.9646418570350979,1.000693918624142
0.9644948275677102,1.0012851262119258
0.9644151889782477,1.0015387602959098
0.9968223473472716,1.0002641597993764
0.9968223473472716,1.0008723447925414
0.9968223473472716,1.0009330102930913
0.9646418570350979,1.0006028252975625
0.9047898209594424,1.0009903261089843
0.9646418570350979,1.0008574584734822
0.96449482756771,1.0014256966667272
0.9643821450752698,1.0015315377524174
0.9643246390260145,1.001779242407032
0.9644151889782475,1.001747286210249
,,egauge15601,egauge26086,egauge2474,egauge16616,egauge9102,egauge21932,egauge24121,egauge3166,egauge16133,egauge22271
,,1,1,1,1,1,1,1,1,1,1
,,1,1,1,1,1,1,1,1,1,1
0.9968234628090179,1.0001089763736106
0.9646499802156031,1.0005627346663595
0.9645103221452853,1.0009401538344935
0.9644184326258928,1.0012156482328491
0.9968234628090179,1.0005719858241733
0.9968234628090179,1.0008790125179419
0.9968234628090179,1.0006924055653008
0.9646499802156031,1.0006234650078467
0.9047973436342935,1.000722013292438
0.9646499802156031,1.0005627346663595
0.9644945051982693,1.0009938739850348
0.9644693424458319,1.0009829803006811
0.9643139532415024,1.0013103313032157
0.9644184326258928,1.0015546412502567
,,egauge8253,egauge24121,egauge18158,egauge3611,egauge16133,egauge23534,egauge14795,egauge20358,egauge2474,egauge8816
,,1,1,1,1,1,1,1,1,1,1
,,1,1,1,1,1,1,1,1,1,1
0.9997908373111126,1.0000862179795873
0.9983228071412203,1.0007249372626346
0.9969550561903954,1.0012148670102075
0.9957487650684516,1.0014327296350904
0.9988847646242935,1.0001212002339046
0.9982219754629587,1.000346091282163
0.9990355550653396,1.0007848879579413
0.9976876691606359,1.0008059284944555
0.9973716877427947,1.0008565558627502
0.9980340821530168,1.0010892882290872
0.9968977044168384,1.0013388870661397
0.033227218501750165,0.033378827572971594
0.9957270591571619,1.0016003031287333
0.9937636941436426,1.0015505813253438
,,egauge20358,egauge20407,egauge28351,egauge16616,egauge3166,egauge16133,egauge18350,egauge16608,egauge20670,egauge22785
,,1,1,1,1,1,1,1,1,1,1
,,1,1,1,1,1,1,1,1,1,1
0.9998224092332672,1.0000480231946214
0.9988411580014095,1.0004885644644967
0.9982317731388223,1.0008536937281662
0.9977218990126727,1.0010778816519392
0.9996834367670862,1.0001996060942246
0.9980679243713984,1.0000075528474561
0.997840971984031,1.000360117560538
0.9986456019985325,1.0005391680434959
0.9987906589458118,1.0005391680434959
0.9969261754569958,1.000797545926551
0.9981988236915946,1.0008784842663132
0.033271546903106575,0.033370608729215614
0.9976566318860246,1.0012963774023416
0.9969306015837317,1.001131424117822
,,egauge18158,egauge26944,egauge13974,egauge7731,egauge16133,egauge28351,egauge8816,egauge27467,egauge14018,egauge30039
,,1,1,1,1,1,1,1,1,1,1
,,1,1,1,1,1,1,1,1,1,1
0.9998067212093935,1.0001332945853079
0.9983285669028834,1.0010181176918969
0.9969184078766385,1.0016618124810166
0.9967209674596753,1.0020609357349695
0.9994888574824143,1.0004254155458039
0.9974717185338671,1.0007933157240672
0.9983133199092443,1.0004506314490806
0.9982377281251189,1.0012916197491764
0.9974278384260049,1.0011497818794521
0.9969104862693406,1.0013079624532466
0.9961500838853368,1.0017114423290783
0.03322599709129712,0.03339885440346377
0.9966919930442499,1.0023234472416265
0.9964334419436306,1.0023719352938605
,,egauge13830,egauge13836,egauge17311,egauge30378,egauge3167,egauge19696,egauge13974,egauge27467,egauge16608,egauge3611
,,1,1,1,1,1,1,1,1,1,1
,,1,1,1,1,1,1,1,1,1,1
0.999824663653921,1.0001054818297004
0.9982478786383583,1.000734961989685
0.9977065476352165,1.0011977597548767
0.9972448498475023,1.001383567811596
0.9994820860242828,1.0003446661147408
0.9993112572673543,1.0010064768826838
0.998655401693252,1.0004704900939554
0.9976225551923185,1.000936608332398
0.9981974150495183,1.000826079295934
0.995618387382998,1.0013696130758762
0.9974555292603371,1.00125976400375
0.033251502861388484,0.033383614805722106
0.9971000921991652,1.0015219853218191
0.996140701575411,1.0014906981571627
,,egauge15623,egauge5198,egauge19810,egauge20925,egauge27467,egauge28684,egauge17073,egauge18350,egauge20670,egauge23534
,,1,1,1,1,1,1,1,1,1,1
,,1,1,1,1,1,1,1,1,1,1
0.9998553468717822,1.0000752433651772
0.9993236498738949,1.0009153804906803
0.9989131963903156,1.0014013305608855
0.998581293037404,1.0016859412125738
0.9996399706154119,1.0002261461404454
0.9981604903728143,1.0004653390595541
0.9975148719290117,1.0000250539709326
0.9992072810051453,1.0011483243292874
0.9991518795874894,1.0012901788124087
0.9986337163873644,1.001185863274158
0.9988555123464695,1.0014964302892366
0.03329425945930368,0.0333843297634719
0.9984067961800492,1.0018608540537695
0.9981971229090751,1.0020075277062732
,,egauge15623,egauge3167,egauge20407,egauge16616,egauge16608,egauge26944,egauge19810,egauge17073,egauge14795,egauge3166
,,1,1,1,1,1,1,1,1,1,1
,,1,1,1,1,1,1,1,1,1,1
0.9968229666714646,1.000114003470549
0.9646478591032723,1.0013274411187645
0.9645069597359454,1.0011225756046411
0.9644212009918874,1.0009817446352391
0.9968229666714646,1.000205603893429
0.9968229666714646,1.0002450310264583
0.9968229666714646,1.000114003470549
0.9646478591032723,1.0013274411187645
0.9047953807465737,1.0013274411187645
0.9646478591032723,1.0063297607670052
0.9645069597359454,1.0011225756046411
0.964414760605804,1.0010155053366903
0.9644212009918874,1.0010386936924858
0.9642778059198496,1.000859227688916
,,egauge17311,egauge20358,egauge22785,egauge9102,egauge28684,egauge19821,egauge17073,egauge7729,egauge8816,egauge3167
,,1,1,1,1,1,1,1,1,1,1
,,1,1,1,1,1,1,1,1,1,1
0.9968372032783936,1.0001350816070986
0.9647858095836191,1.0015364662268242
0.9647858095836189,1.001536466226824
0.9647858095836189,1.001536466226824
0.9968372032783936,1.0002173514999488
0.9968372032783936,1.0003457482888065
0.9968372032783936,1.0002287704921198
0.9647858095836191,1.0015364662268242
0.904923143530165,1.0015364662268242
0.9647858095836191,1.0065400200448587
0.9647858095836187,1.001536466226824
0.9647858095836189,1.0015364662268242
0.9647858095836189,1.0016801757671876
0.9647858095836189,1.0015364662268242
,,egauge16616,egauge3611,egauge17073,egauge27467,egauge18350,egauge19696,egauge4183,egauge21932,egauge8253,egauge9102
,,1,1,1,1,1,1,1,1,1,1
,,1,1,1,1,1,1,1,1,1,1
0.9967847825898244,1.0000786141396456
0.9642570998085713,1.0006208723055439
0.9638203276058911,1.0008442052467172
0.9638203276058911,1.0009587834166511
0.9967847825898246,1.000132093434838
0.9967847825898244,1.0003720682239412
0.9967847825898246,1.0007844904968535
0.9642570998085713,1.000990190399469
0.9044334808875728,1.0007625996833667
0.859561242350597,1.0012875962796903
0.9637729192107894,1.0009351099468429
0.9632065870781481,1.0008442051634927
0.9638203276058913,1.0010243111002628
0.9638203276058911,1.0011622521268455
,,egauge19696,egauge3611,egauge27467,egauge2850,egauge14018,egauge30378,egauge20925,egauge3166,egauge24121,egauge4183
,,1,1,1,1,1,1,1,1,1,1
,,1,1,1,1,1,1,1,1,1,1
0.9970666739202061,1.0000401155418481
0.9668527015830392,1.00002084229747
0.9666195318190284,1.000299348940075
0.9666195318190284,1.000395345935025
0.9970666739202061,1.0004243935490102
0.9970666739202063,1.0002597968643416
0.9970666739202061,1.00074436312356
0.9668527015830392,0.9999997190971773
0.9668527010468668,1.000231902195428
0.8595612407687911,1.0002524292372148
0.966460980783956,1.0004191048490463
0.9666195213481218,1.0003100470131023
0.9666195318190285,1.000440206170786
0.9666195318190284,1.0005452593021087
,,egauge28351,egauge2474,egauge8816,egauge27467,egauge21932,egauge19696,egauge4183,egauge19821,egauge15623,egauge13974
,,1,1,1,1,1,1,1,1,1,1
,,1,1,1,1,1,1,1,1,1,1
0.9997377247330905,1.0001201175378047
0.9983121814558071,1.0009597044892113
0.9975720315977783,1.001586664685453
0.9971198194870409,1.0017469091964277
0.9987586424023074,1.0002772792558021
0.9982278570871669,1.0006760824901486
0.9957773304382739,1.000872888527513
0.03327173779212784,0.033376472644258456
0.9983121814543594,1.0009597044828988
0.9956250884359233,1.0013848484489694
0.997522647023176,1.0016486973792333
0.9971995684238658,1.0022300067124255
0.9968467498456361,1.0018416513129396
0.9964276322942673,1.001883005795654
,,egauge19810,egauge7692,egauge13974,egauge15601,egauge3611,egauge19696,egauge33764,egauge24121,egauge18350,egauge22084
,,1,1,1,1,1,1,1,1,1,1
,,1,1,1,1,1,1,1,1,1,1
0.9997436744962016,1.0000433421749222
0.9983599877215402,1.0005649121580993
0.9980702231415544,1.000712396284409
0.9973744855782835,1.0006612178403247
0.9985586401727238,0.9999997190971776
0.9977765870953791,1.0003032023038279
0.9983364148435702,1.000361418506963
0.9970698404196204,1.0009997510805884
0.03324550059880482,0.03335486293594882
0.9958513263541867,1.0011419010690321
0.9980372360096567,1.0007908915072423
0.9979578829541648,1.0008515606367683
0.9967442518742545,1.0007267223647978
0.9970760832023167,1.0004793135330394
,,egauge17311,egauge7692,egauge2850,egauge18350,egauge7729,egauge27467,egauge7731,egauge3611,egauge5198,egauge8617
,,1,1,1,1,1,1,1,1,1,1
,,1,1,1,1,1,1,1,1,1,1
0.9997682222230798,1.0000339625715253
0.9987455394929753,1.0006625289962865
0.9980715717968571,1.0010296300059776
0.9974739124516901,1.0011064859918588
0.9992334188067038,1.0002106514859617
0.997857244367227,1.0002407741141746
0.9953650604713395,0.9999997192996779
0.033287366481370435,0.033360142111332244
0.99742428906151,1.0008042633337708
0.9984181687129232,1.001295619470867
0.9980509820006256,1.0011660242241127
0.9970139377817019,1.0011795573633755
0.9968467498456361,1.001230565934787
0.9971786215390538,1.0011798301862262
,,egauge20670,egauge19821,egauge18544,egauge20358,egauge28351,egauge14018,egauge26086,egauge18350,egauge18158,egauge20925
,,1,1,1,1,1,1,1,1,1,1
,,1,1,1,1,1,1,1,1,1,1
0.9998725025237454,1.0001519934463063
0.9988562891470084,1.0009243694853094
0.9986459596412038,1.001385760672891
0.9984736160021356,1.0016357340555233
0.9995558081364156,1.0003995887683874
0.9988208739439792,1.0013327693684277
0.9992183700334186,1.0009743976101242
0.03329150657308615,0.033369209217023445
0.997988528113716,1.0010762765106491
0.9968840094769642,1.001620252573727
0.9986418387923736,1.0014973996219976
0.9985925776653474,1.0014806009875499
0.9983066936873922,1.0017523278600298
0.9980745399797126,1.001882247660825
,,egauge20670,egauge21932,egauge19821,egauge3608,egauge17311,egauge18544,egauge20358,egauge22271,egauge19810,egauge26944
,,1,1,1,1,1,1,1,1,1,1
,,1,1,1,1,1,1,1,1,1,1
0.9950833156848414,1.0000777503415648
0.9511775446881853,1.0004651195487189
0.9031344074320637,1.00062406072124
0.8553079243464552,1.0005345890922832
0.9950833156848414,1.0003552215902574
0.9950833156848414,1.0000777503415645
0.9950833156848414,1.0013414606050943
0.031705918156272855,0.033347040007894
0.9511775451858121,1.0005865748807636
0.9511775480272175,1.001257312966675
0.9031344074320636,1.0006526339471347
0.9027936527429422,1.0010020330739617
0.855247649435505,1.0002581668216117
0.7754593152690578,1.0007914896144816
,,egauge4183,egauge24121,egauge20925,egauge13836,egauge19810,egauge3166,egauge16616,egauge13974,egauge26086,egauge27467
,,1,1,1,1,1,1,1,1,1,1
,,1,1,1,1,1,1,1,1,1,1
0.999364311391551,1.0000800352442631
0.9937028597978113,1.0005062275851448
0.9875191378212862,1.0009783661888634
0.9813356574733012,1.0013307890676786
0.999364311391551,1.0002586157377817
0.998252246367384,1.0003399066493996
0.9979004927007243,1.0006856791273617
0.03312342865992704,0.033361006719112046
0.9937028601880814,1.0001319407553337
0.9937028623990151,1.000583453468383
0.9875191378212862,1.0010031603777763
0.9875191378212862,1.0011209186392753
0.9813285457364017,1.0015274889032466
0.9710073810479255,1.0016405670121626
,,egauge18158,egauge13830,egauge5198,egauge30378,egauge13836,egauge3608,egauge16133,egauge20358,egauge23534,egauge7729
,,1,1,1,1,1,1,1,1,1,1
,,1,1,1,1,1,1,1,1,1,1
0.999364311391551,1.0000954295025448
0.9937028597978113,1.0007038567744058
0.9875191378212862,1.0010775465961288
0.9813356574733012,1.0012761470080442
0.999364311391551,1.0004485247068218
0.9991935830240848,1.0005460178196224
0.9979819297198853,1.0004941579441395
0.03312342865992704,0.033363882881291954
0.9937028601880814,1.001140595793915
0.9937028623990151,1.0006652400808582
0.9875191378212862,1.001131275460632
0.9875191378212862,1.0012381942122817
0.9813285457364017,1.0013854063785004
0.9710073810479255,1.0014475468093937
,,egauge24121,egauge19810,egauge19696,egauge20670,egauge20358,egauge16608,egauge28351,egauge7692,egauge28684,egauge14795
,,1,1,1,1,1,1,1,1,1,1
,,1,1,1,1,1,1,1,1,1,1
0.999364311391551,1.0000692944626708
0.9937028597978113,1.0007495609995078
0.9875191378212862,1.0011935160704624
0.9813356574733012,1.0014690928827787
0.9989957997528999,1.0002083531467691
0.9975036809394829,1.000001034381813
0.9966887826608649,1.0008568415593788
0.03312342865992704,0.03336555783827261
0.9937028601880814,1.0008913099259933
0.9937028623990151,1.0011008880956611
0.9875191378212862,1.0012513861301346
0.9875191378212862,1.001333586880683
0.9813285457364017,1.001563804279093
0.9710073810479255,1.001791431205541
,,egauge3167,egauge8617,egauge5198,egauge13836,egauge20925,egauge14018,egauge26944,egauge23534,egauge2474,egauge30378
,,1,1,1,1,1,1,1,1,1,1
,,1,1,1,1,1,1,1,1,1,1
0.999364311391551,1.0001185592681223
0.9937028597978113,1.0011362827396972
0.9875191378212862,1.0017153155057106
0.9813356574733012,1.0019974576164488
0.999364311391551,1.000212597673882
0.9989915975379399,1.0002771610222325
0.9980598288144457,1.0005199943330474
0.03312342865992704,0.03338201659506737
0.9937028601880814,1.0013692873292306
0.9937028623990151,1.0018323397895625
0.9875191378212862,1.0018518201454139
0.9875191378212862,1.001876084062176
0.9813285457364017,1.0021651427748757
0.9710073810479255,1.002222625562971
,,egauge32290,egauge13830,egauge18158,egauge3167,egauge3608,egauge14795,egauge2474,egauge7729,egauge30378,egauge18544
,,1,1,1,1,1,1,1,1,1,1
,,1,1,1,1,1,1,1,1,1,1
0.999364311391551,1.0000951221205827
0.9937028597978113,1.0008371338891138
0.9875191378212862,1.0014263933219372
0.9813356574733012,1.001785434338571
0.9988723258693532,1.0000248809699983
0.9991917296394253,1.0004960947041919
0.9990535937600353,1.000795527520816
0.03312342865992704,0.033364275406302525
0.9937028601880814,1.0008168858104693
0.9937028623990151,1.0014362365189076
0.9875191378212862,1.0015132252360253
0.9875191378212862,1.0015978235210108
0.9813285457364017,1.0019384972982424
0.9710073810479255,1.002160686842925
,,egauge26086,egauge20358,egauge16608,egauge20925,egauge16133,egauge14018,egauge18158,egauge18544,egauge27467,egauge13974
,,1,1,1,1,1,1,1,1,1,1
,,1,1,1,1,1,1,1,1,1,1
0.999364311391551,1.0001339684470467
0.9937028597978113,1.0010565314044388
0.9875191378212862,1.0016411033189099
0.9813356574733012,1.0019168057720669
0.9993112488797715,1.000463673459756
0.999364311391551,1.000432666427899
0.9993174048282283,1.0006308305083975
0.03312342865992704,0.0333763171361568
0.9937028601880814,1.0011882015591265
0.9937028623990151,1.0017525230369353
0.9875191378212862,1.0017256917574577
0.9875191378212862,1.0020742387072465
0.9813285457364017,1.0021600513823374
0.9710073810479255,1.0020668902264043
,,egauge18544,egauge15623,egauge19810,egauge3611,egauge2850,egauge22084,egauge9102,egauge17073,egauge24121,egauge30039
,,1,1,1,1,1,1,1,1,1,1
,,1,1,1,1,1,1,1,1,1,1
0.999364311391551,1.000001034381813
0.9937028597978113,1.0000127493108328
0.9875191378212862,1.0004449766140993
0.9813356574733012,1.000630642971519
0.999364311391551,1.0003611135021122
0.9992876389971823,1.0002610957820897
0.9974866345806541,1.000001034381813
0.03312342865992704,0.033334678252642046
0.9937028601880814,1.0000127493108326
0.9937028623990151,1.0000127493108328
0.9875191378212862,1.0004821450145642
0.9875191378212862,1.00080892658379
0.9813285457364017,1.000664130422912
0.9710073810479255,1.0008982815215595
,,egauge18350,egauge17311,egauge13974,egauge27467,egauge18158,egauge20407,egauge28684,egauge2850,egauge24121,egauge21932
,,1,1,1,1,1,1,1,1,1,1
,,1,1,1,1,1,1,1,1,1,1
0.999364311391551,1.000001034381813
0.9937028597978113,1.0000127493108328
0.9875191378212862,1.0000255416191193
0.9813356574733012,1.000038333928455
0.999364311391551,1.0001278861961567
0.9985672148518234,1.0003649110085506
0.9983263658390563,1.0002327220532297
0.03312342865992704,0.03333526370465516
0.9937028601880814,1.0000127493108326
0.9937028623990151,1.0000127493108328
0.9875191378212862,1.000025541619119
0.9875191378212862,1.0000255416191193
0.9813285457364017,1.0000528789355734
0.9710073810479255,1.000038333928455
,,egauge17311,egauge4183,egauge27467,egauge22271,egauge30039,egauge16608,egauge22785,egauge20670,egauge18350,egauge17073
,,1,1,1,1,1,1,1,1,1,1
,,1,1,1,1,1,1,1,1,1,1
0.9993329177783983,1.0001193662631371
0.9933668032284784,1.0008853811535794
0.9870612246605637,1.0012803748563628
0.9808629377867581,1.00149826488377
0.9993329177783983,1.0002534839726331
0.9993329177783985,1.0005486349307526
0.03331109725927994,0.03336353593573311
0.993366803535026,1.0012196329453882
0.9933668042668716,1.0012265433622543
0.9926782635502217,1.0013265001938547
0.9870612246605637,1.0013093118637997
0.9868822399844749,1.0015728062614888
0.973815698128339,1.0015784066720141
0.9808629377867581,1.0017936229189415
,,egauge30039,egauge19821,egauge4183,egauge23534,egauge13974,egauge18350,egauge24121,egauge3611,egauge32290,egauge27467
,,1,1,1,1,1,1,1,1,1,1
,,1,1,1,1,1,1,1,1,1,1
0.9993483405158904,1.000121448452683
0.9935448485650853,1.0006270177062115
0.9872060119808624,1.0009383077722709
0.9810248522048013,1.0011305429355606
0.9993483405158904,1.000471719484134
0.9987661983864974,1.0012889873773336
0.9993483405158904,1.0005254662794556
0.03311816161883618,0.03336167974388728
0.9935448489612961,1.0007383716481937
0.9935448512065546,1.0008587700854965
0.9872060119808624,1.0009713654105332
0.9869427788743195,1.0010560905576131
0.9810177431374054,1.0010868546342442
0.9707004518156541,1.001516222894405
,,egauge7731,egauge28351,egauge19821,egauge33764,egauge30039,egauge15623,egauge16133,egauge3608,egauge16616,egauge8816
,,1,1,1,1,1,1,1,1,1,1
,,1,1,1,1,1,1,1,1,1,1
0.9997866706875147,1.0001106763575052
0.998096829455394,1.0006088365335486
0.9964776826720644,1.0007605675732623
0.9951958834538017,1.0008673412937308
0.9996794513329421,1.0004640253742547
0.9979368154746068,1.0004005317680054
0.03329191618881475,0.0333796759256186
0.9979939771338472,1.0008416960529205
0.9978244463943426,1.0009632386936749
0.9980198374948108,1.0008675348320053
0.9963954851657235,1.0008308034718156
0.9961157501752257,1.0007391605019365
0.9950874364668006,1.0008925044587191
0.9932121186921491,1.0012636168645528
,,egauge13974,egauge22271,egauge32290,egauge26086,egauge20407,egauge27467,egauge3167,egauge14795,egauge19821,egauge17311
,,1,1,1,1,1,1,1,1,1,1
,,1,1,1,1,1,1,1,1,1,1
0.9998397094774034,1.0000811706310089
0.9987473168451537,1.0006722695289874
0.998366707832935,1.001053511673475
0.9981537872499828,1.001418799972682
0.9991266270566374,1.0002161699911107
0.9992378831338277,1.0008612560054329
0.9979682857953825,1.0000109036013618
0.0332781179259664,0.03336586824198377
0.9978695891010639,1.0005204621048929
0.9984391955069291,1.0012519193693015
0.998337872315373,1.0010948397515371
0.9978265766511831,1.00130009504628
0.9978926456020795,1.0017394272754436
0.9981431165362659,1.0015580802724426
,,egauge30378,egauge14795,egauge2850,egauge16133,egauge32290,egauge20407,egauge16616,egauge19821,egauge18544,egauge20670
,,1,1,1,1,1,1,1,1,1,1
,,1,1,1,1,1,1,1,1,1,1
0.996464142753017,1.0007944354207898
0.9649112167730514,1.0078695982315777
0.9304052869484544,1.015592966494648
0.8959063178145841,1.0233167236554936
0.996464142753017,1.00079443542079
0.996464142753017,1.0007944354207898
0.03317916474276346,0.03335981451402634
0.9649112170827323,1.0078695981541381
0.9649112178253398,1.0078695979675805
0.9649112167730513,1.0078695982315777
0.9304052867449819,1.015592966545267
0.9304052869484544,1.015592966494648
0.8959063178145842,1.0233167236554939
0.838237984875241,1.0362322245010946
,,egauge4183,egauge13836,egauge20925,egauge22785,egauge8617,egauge7729,egauge16608,egauge7731,egauge27467,egauge5198
,,1,1,1,1,1,1,1,1,1,1
,,1,1,1,1,1,1,1,1,1,1
0.996464142753017,1.0007944354207898
0.9649112167730514,1.0078695982315777
0.9304052869484544,1.015592966494648
0.8959063178145841,1.0233167236554936
0.996464142753017,1.00079443542079
0.996464142753017,1.0010232790003488
0.03321547142510057,0.03335981451402634
0.9649112170827323,1.0078695981541381
0.9649112178253398,1.0078695979675805
0.9649112167730513,1.0078695982315777
0.9304052867449819,1.015592966545267
0.9304052869484544,1.015592966494648
0.8959063178145842,1.0233167236554939
0.838237984875241,1.0362322245010946
,,egauge23534,egauge15601,egauge21932,egauge22785,egauge24121,egauge20670,egauge7729,egauge18350,egauge3608,egauge5198
,,1,1,1,1,1,1,1,1,1,1
,,1,1,1,1,1,1,1,1,1,1
0.996464142753017,1.0007944354207898
0.9649112167730514,1.0078695982315777
0.9304052869484544,1.015592966494648
0.8959063178145841,1.0233167236554936
0.996464142753017,1.00079443542079
0.996464142753017,1.0009841467103184
0.03321547142510057,0.03335981451402634
0.9649112170827323,1.0078695981541381
0.9649112178253398,1.0078695979675805
0.9649112167730513,1.0078695982315777
0.9304052867449819,1.015592966545267
0.9304052869484544,1.015592966494648
0.8959063178145842,1.0233167236554939
0.838237984875241,1.0362322245010946
,,egauge28684,egauge18158,egauge17311,egauge19810,egauge15623,egauge19821,egauge19696,egauge32290,egauge17073,egauge16133
,,1,1,1,1,1,1,1,1,1,1
,,1,1,1,1,1,1,1,1,1,1
0.996464142753017,1.0007944354207898
0.9649112167730514,1.0078695982315777
0.9304052869484544,1.015592966494648
0.8959063178145841,1.0233167236554936
0.996464142753017,1.00079443542079
0.996464142753017,1.0007944354207898
0.03321547142510057,0.03335981451402634
0.9649112170827323,1.0078695981541381
0.9649112178253398,1.0078695979675805
0.9649112167730513,1.0078695982315777
0.9304052867449819,1.015592966545267
0.9304052869484544,1.015592966494648
0.8959063178145842,1.0233167236554939
0.838237984875241,1.0362322245010946
,,egauge22084,egauge9102,egauge13974,egauge17311,egauge18350,egauge3166,egauge22785,egauge8617,egauge30039,egauge4183
,,1,1,1,1,1,1,1,1,1,1
,,1,1,1,1,1,1,1,1,1,1
0.9962708498173329,1.0000463312461594
0.9961542778311379,1.0005054679521046
0.9960269848358185,1.0008426939053945
0.9959442479483744,1.001156593618701
0.9962708498173329,0.9999957741537862
0.9962708498173329,1.0004584420195985
0.8747734378590983,1.0003314546799404
0.03320514259437126,0.03335423097019727
0.9961542777985346,1.0006168060146152
0.9961542775830223,1.0006020024091344
0.9960269848358185,1.0008716159647555
0.9959524837716672,1.00085222592999
0.9958501751844382,1.0013896814111454
0.9959442479483743,1.0013409166023004
,,egauge2850,egauge8253,egauge15601,egauge16616,egauge7692,egauge3611,egauge15623,egauge18350,egauge20358,egauge7729
,,1,1,1,1,1,1,1,1,1,1
,,1,1,1,1,1,1,1,1,1,1
0.9962708498173329,1.0000093702546096
0.9961542778311379,1.0004001914714706
0.9960269848358185,1.0007156599256115
0.9959442479483744,1.0009013642662716
0.9962708498173329,0.9999957741547704
0.9962708498173329,1.0001498859119866
0.8747734378590983,1.0009731817559058
0.03320514259437126,0.033348697004982976
0.9961542777985346,1.0005317595905372
0.9961542775830223,1.0005898252583694
0.9960269848358185,1.0007652343651863
0.9959524837716672,1.0008120000055587
0.9958501751844382,1.0009976414577486
0.9953029340544657,1.0010726882265588
,,egauge4183,egauge19810,egauge13830,egauge7729,egauge5198,egauge33764,egauge22271,egauge3167,egauge28684,egauge20670
,,1,1,1,1,1,1,1,1,1,1
,,1,1,1,1,1,1,1,1,1,1
0.9962708498173329,1.0000672998003952
0.9961542778311379,1.0007599983156095
0.9960269848358185,1.0012746349283552
0.9959442479483744,1.001524572117655
0.9962708498173329,1.000296976480394
0.9962708498173329,0.9999957741561475
0.8747734378590983,1.000564747040986
0.03320514259437126,0.033363131051135364
0.9961542777985346,1.0008713698533065
0.9961542775830223,1.0012285627241717
0.9960269848358185,1.001434461220498
0.9959524837716672,1.0013817514909513
0.9958501751844382,1.0016557251800944
0.9959442479483743,1.0017547105137088
,,egauge4183,egauge2474,egauge32290,egauge7729,egauge23534,egauge26944,egauge28684,egauge2850,egauge3608,egauge20407
,,1,1,1,1,1,1,1,1,1,1
,,1,1,1,1,1,1,1,1,1,1
0.9997107136621525,0.9999965872582555
0.9975900308049206,0.9999641714281647
0.9954671220210167,0.9999277567476986
0.9947176957649685,0.9999277567476986
0.9995866736875045,1.0002246703100284
0.9980668006478676,1.0005393583629911
0.03326207160464911,0.033333219575275186
0.996710610744561,0.9999641714281647
0.9973285214691909,1.0000948935137275
0.9960099996177494,1.0001691239184975
0.99542196587162,0.9999029947671598
0.9932816292144774,0.9999277567476986
0.9940100878781262,0.9999277567476987
0.994505203134498,0.9999277567476986
,,egauge32290,egauge3166,egauge19810,egauge8816,egauge23534,egauge9102,egauge17311,egauge18544,egauge14795,egauge15601
,,1,1,1,1,1,1,1,1,1,1
,,1,1,1,1,1,1,1,1,1,1
0.9962708498173329,1.000059295958675
0.9961542778311379,1.0008478749290466
0.9960269848358185,1.0014981844344364
0.9959442479483744,1.001889320504543
0.9962708498173329,1.0000122201222432
0.9962708498173329,1.0001928453465636
0.8747734378590983,1.0000122201222432
0.03320514259437126,0.03336366931425054
0.9961542777985346,1.0010605407469146
0.9961542775830223,1.0010217230438825
0.9960269848358185,1.0015472919349189
0.9959524837716672,1.0018299086156681
0.9958501751844382,1.0021226098797775
0.9959442479483743,1.0022002584903624
,,egauge23534,egauge21932,egauge4183,egauge8816,egauge22084,egauge22785,egauge22271,egauge19821,egauge17311,egauge18350
,,1,1,1,1,1,1,1,1,1,1
,,1,1,1,1,1,1,1,1,1,1
0.9962708498173329,1.0000852362726143
0.9961542778311379,1.0006314798053795
0.9960269848358185,1.0013172275400073
0.9959442479483744,1.0014838317064152
0.9962708498173329,1.0004416370932996
0.9962708498173329,1.0000852362726145
0.8747734378590983,1.0005560896445695
0.03320514259437126,0.03335948637524835
0.9961542777985346,1.0004493261254008
0.9961542775830223,1.0006856301539728
0.9960269848358185,1.0014784801782877
0.9959524837716672,1.0017887665913803
0.9958501751844382,1.001578544747673
0.9959442479483743,1.0016231229076067
,,egauge20925,egauge18544,egauge23534,egauge20670,egauge16616,egauge18158,egauge4183,egauge17311,egauge28684,egauge21932
,,1,1,1,1,1,1,1,1,1,1
,,1,1,1,1,1,1,1,1,1,1
0.9964641431012613,1.0007944353688376
0.9649112208797113,1.0078695975832574
0.9304052953233911,1.0155929651670859
0.8959063292659601,1.0233167219485821
0.9964641431012613,1.0007944353688376
0.9964641431012613,1.0009196602800183
0.033215471436708714,0.03335981451229459
0.9649112211884818,1.0078695975052487
0.9649112219289072,1.0078695973173213
0.9649112208797115,1.0078695975832574
0.9304052959317474,1.0155929650138344
0.9304052953233911,1.0155929651670859
0.8959063292659601,1.0233167219485821
0.8382380014503183,1.0362322221633122
,,egauge7729,egauge30039,egauge9102,egauge8816,egauge17073,egauge3167,egauge23534,egauge16616,egauge18544,egauge7692
,,1,1,1,1,1,1,1,1,1,1
,,1,1,1,1,1,1,1,1,1,1
0.9997868734509029,1.0000970780574612
0.9983470591412431,1.0006991853558977
0.9975171998778544,1.0011343935115826
0.9968616511443066,1.0014221931682539
0.998431135873751,1.000268099963148
0.9991838316964825,1.0007929991120037
0.03327766368030515,0.033351011842553645
0.9965773046959906,1.0009594314268624
0.9982360341400753,1.0009443328182575
0.998222457355457,1.0008923204324351
0.9974604939745847,1.001221195496204
0.99735728816883,1.00119864956256
0.9968254273594603,1.0017209535795448
0.9958083135181822,1.0015443552493146
,,egauge7692,egauge16133,egauge15623,egauge28351,egauge28684,egauge23534,egauge18350,egauge16608,egauge17311,egauge13836
,,1,1,1,1,1,1,1,1,1,1
,,1,1,1,1,1,1,1,1,1,1
0.9929163897066214,1.0000973442236492
0.9295779163244242,1.0008049499043252
0.8602012220709632,1.0013077517896412
0.790869489074767,1.0016732080575128
0.9929163897066214,1.0002150101929845
0.9929163897066214,1.0003868727221708
0.03309721299022072,0.03334720661373252
0.9295779171926263,1.0008758230827783
0.9295779192752767,1.000987219123491
0.9295779163244242,1.0013869282982588
0.8601874403908787,1.0013532265870768
0.8602012220709631,1.00142558610536
0.790869489074767,1.0017533663924967
0.6750108659895494,1.0021664002807553
,,egauge4183,egauge7692,egauge8617,egauge14795,egauge3611,egauge14018,egauge2474,egauge27467,egauge15623,egauge26086
,,1,1,1,1,1,1,1,1,1,1
,,1,1,1,1,1,1,1,1,1,1
0.9929163897066214,1.0001149730877192
0.9295779163244242,1.0010333909687907
0.8602012220709632,1.0016028073814895
0.790869489074767,1.0018528547901773
0.9929163897066214,1.0003168009278003
0.9929163897066214,1.0003932800223578
0.03309721299022072,0.03334181149942032
0.9295779171926263,1.0013372984883013
0.9295779192752767,1.001114411705262
0.9295779163244242,1.001729363605423
0.8601874403908787,1.0016979297294542
0.8602012220709631,1.0019029181753307
0.790869489074767,1.0019403195353325
0.6750108659895494,1.0021423290659137
,,egauge7692,egauge20925,egauge7729,egauge18350,egauge3611,egauge27467,egauge19810,egauge16608,egauge19696,egauge18158
,,1,1,1,1,1,1,1,1,1,1
,,1,1,1,1,1,1,1,1,1,1
0.9997238853272351,1.0000756432769176
0.9981286025070593,1.00053718383061
0.9964856101885008,1.0007291285181372
0.9955450524910436,1.0010878627774025
0.9986703057176954,1.0002226506674288
0.9980861775978749,1.000650770717323
0.033232071771516124,0.03334726754299172
0.9980394331890466,1.0006485260537645
0.9975907275910126,1.0006485260431812
0.9978799141413128,1.0011731612936101
0.9960296113240747,1.0005721785491228
0.9964227678060641,1.0008361760983646
0.9945470365503307,1.0012699368472961
0.9954280522430524,1.0014199389154883
,,egauge19696,egauge17073,egauge33764,egauge22084,egauge20358,egauge28351,egauge22271,egauge4183,egauge3167,egauge13974
,,1,1,1,1,1,1,1,1,1,1
,,1,1,1,1,1,1,1,1,1,1
0.99976980204033,1.0000860658039281
0.9986571058370118,1.0005212967685169
0.9981299262114387,1.0009282503357249
0.9977028932586759,1.0010819673172826
0.9982863181107342,1.0004651963312268
0.9989786289527729,1.00074227275411
0.03330377380287202,0.03335570162908467
0.9985561357470747,1.0003593995996396
0.9985258494139206,1.0006731314776467
0.996831112178534,1.000810971491568
0.9981052168656298,1.0010604949311381
0.9980232342191216,1.0010715946158197
0.9976738850540892,1.0011475045346003
0.9970315230714804,1.0012426157648067
,,egauge17311,egauge23534,egauge3167,egauge30039,egauge3611,egauge28351,egauge13836,egauge2850,egauge18158,egauge3608
,,1,1,1,1,1,1,1,1,1,1
,,1,1,1,1,1,1,1,1,1,1
0.9997058300668792,1.0000225383009433
0.9971384498329976,0.999992663631182
0.9950274022751833,0.9999757298496379
0.9942468837153191,0.9999757298496379
0.999240465171753,1.000204386662149
0.9990274756641022,1.0006961964085048
0.033306778748368814,0.03334185528894955
0.9970477392722974,1.000161886748546
0.9961115372704284,1.0001276236653802
0.9966382179652551,1.000160811205832
0.9950109898936292,0.9999810071415288
0.9928430534930983,0.9999757298496379
0.9940663595217392,1.0000096955072713
0.033106909352080424,0.03333252432832127
,,egauge9102,egauge19810,egauge15623,egauge13974,egauge17311,egauge18158,egauge8253,egauge22271,egauge27467,egauge3167
,,1,1,1,1,1,1,1,1,1,1
,,1,1,1,1,1,1,1,1,1,1
0.9998285705866777,1.0000689767109974
0.9988578470052991,1.0008018325962083
0.9981951480425635,1.0013132288235227
0.9981058147436914,1.0016014493277086
0.999063605370002,1.0002555933052215
0.997675090624817,1.0000319821310923
0.9992857197192757,1.0003899501533662
0.033279446145574446,0.03336174849676249
0.9988477465026412,1.000913209637588
0.9984341826043066,1.0014395893463623
0.9978616681909239,1.001333688020055
0.9980564430681461,1.0016880613808912
0.9980332633567112,1.0018638197158876
0.9980631359565092,1.0017024011591171
,,egauge14018,egauge16133,egauge20358,egauge2474,egauge13830,egauge5198,egauge8617,egauge17073,egauge20407,egauge19696
,,1,1,1,1,1,1,1,1,1,1
,,1,1,1,1,1,1,1,1,1,1
0.999740349368657,1.0000837223647776
0.9977701879344392,1.0006404256173933
0.9962047634336572,1.0008960064540657
0.9947828562615971,1.0009344712904202
0.9986618359268707,1.0004689264098523
0.9977467002093161,1.000362482251432
0.03331591673427199,0.033346823380109684
0.9977197529019275,1.0008125332872684
0.9976656442660798,1.0008834214365234
0.9961377494385246,1.0010267569220772
0.9961677845022048,1.0009042702186837
0.9960557428895062,1.0012421800597946
0.9941545596260629,1.0008252841113194
0.9933293035430293,1.0012832152710454
,,egauge21932,egauge15623,egauge3608,egauge16608,egauge2474,egauge26944,egauge19696,egauge28351,egauge23534,egauge2850
,,1,1,1,1,1,1,1,1,1,1
,,1,1,1,1,1,1,1,1,1,1
0.9997475819207462,1.0000160896196442
0.9978922814248631,1.0002236177703803
0.9959406872542733,1.000223285002792
0.9953757982904081,1.0001159423302401
0.9997475819207462,1.0000160896196446
0.9993422745082216,1.0002959364623123
0.9976275823305089,1.0000056389858523
0.03326004965208067,0.03334552901105667
0.997224646580411,1.000451259854883
0.9963069997900442,1.0005321599545494
0.9953701087956925,1.0003141230494719
0.9949308262896909,1.0003088697492726
0.995253213782408,1.0002855154782428
0.993190870369974,1.0001159423302401
,,egauge26944,egauge17073,egauge7731,egauge19821,egauge3167,egauge16608,egauge4183,egauge8253,egauge3608,egauge9102
,,1,1,1,1,1,1,1,1,1,1
,,1,1,1,1,1,1,1,1,1,1
0.9997917981846367,1.0001093588207082
0.997976395908915,1.0007382771342308
0.9963368856371185,1.0009254981326692
0.9952503083895909,1.0010023567687192
0.998553182775601,1.000462459841712
0.9990066950719865,1.0007546050538385
0.03331557433477697,0.03336267388705167
0.99755282497989,1.0013460978901771
0.9978956830171288,1.0008192696373144
0.9977940515500594,1.0010748434268975
0.9962957919198439,1.0009874824509795
0.9954965468760907,1.000957617018674
0.9945422519145252,1.000980515332878
0.9944747382717178,1.0011629901227113
,,egauge7692,egauge13830,egauge7729,egauge3608,egauge16608,egauge13836,egauge16616,egauge32290,egauge18350,egauge4183
,,1,1,1,1,1,1,1,1,1,1
,,1,1,1,1,1,1,1,1,1,1
0.9998277717045059,1.0000705671856567
0.9988613140893506,1.0005418835329154
0.998112224634187,1.0007384567229705
0.9979910110807678,1.000957674872619
0.9987851880899371,1.0002090793471732
0.9992188843962613,1.0005236015647054
0.03323328959216625,0.03334685290687601
0.9979839757708785,1.0005115223686467
0.9986637539751188,1.0006532263729548
0.9987175174079252,1.0014308681883761
0.9980710440544388,1.0007632438819654
0.9971636336563858,1.0006742404364415
0.9979547387911271,1.0010596110720837
0.9978416745467387,1.001193278846997
,,egauge26086,egauge28684,egauge15601,egauge13830,egauge16616,egauge23534,egauge27467,egauge2850,egauge30378,egauge7729
,,1,1,1,1,1,1,1,1,1,1
,,1,1,1,1,1,1,1,1,1,1
0.9997641325059649,1.0000541151876083
0.9978400519609275,1.0001774030516672
0.9960077236863831,1.000092261558596
0.9954230699514938,1.0002586256266208
0.9992223320260234,1.0004748146536913
0.9989878987329972,1.0004090891629982
0.03323647909571778,0.03336707012369469
0.9977694388530431,1.0003410014944865
0.9977290935423696,1.0002224157527873
0.9973015678244451,1.0007547130239856
0.9959625382375389,1.0002088448695556
0.9940326539471636,0.9999997190971781
0.9953652127606555,1.000345925884104
0.994376849582361,1.0004084165205067
,,egauge17073,egauge20925,egauge22785,egauge2850,egauge17311,egauge14018,egauge26086,egauge13830,egauge28684,egauge19696
,,1,1,1,1,1,1,1,1,1,1
,,1,1,1,1,1,1,1,1,1,1
0.999764920249278,1.0000628131447042
0.9981052865412445,1.0003619325942752
0.9967510250126683,1.0009404533687665
0.9958487435637403,1.001228784538268
0.999421800010604,1.0004265987784102
0.9980765542472508,1.0006431981035488
0.03326736240476964,0.03333740709675741
0.9962242581814162,0.9999997190971773
0.9978816132302385,1.000493494755996
0.9967870164998378,1.0007481367735918
0.9965865924174205,1.001076833237343
0.9963996187123307,1.0011332066046645
0.9957980920888426,1.001305170897944
0.9944070655431225,1.0016037906227264
,,egauge26086,egauge4183,egauge27467,egauge18158,egauge15601,egauge13830,egauge16616,egauge22271,egauge5198,egauge13836
,,1,1,1,1,1,1,1,1,1,1
,,1,1,1,1,1,1,1,1,1,1
0.9963839625764507,1.0001391015574614
0.9641562995285098,1.0010519403089462
0.9289211365393456,1.0016527684305743
0.8936566339807254,1.0020183734700754
0.9963839625764507,1.0005392187827298
0.9963839625764507,1.0005790064254292
0.03321279875254836,0.03336342894577499
0.9641562987351657,1.0013554902471689
0.9641562968329107,1.0014375303215273
0.9641562995285096,1.0013546457518165
0.9289740668035328,1.001677582359782
0.9288525753214201,1.0019850660699063
0.8535701063840916,1.0020985644382876
0.8936566339807255,1.0025117664618495
,,egauge30039,egauge19821,egauge22271,egauge17311,egauge26086,egauge7731,egauge16133,egauge30378,egauge19810,egauge32290
,,1,1,1,1,1,1,1,1,1,1
,,1,1,1,1,1,1,1,1,1,1
0.9963839625764507,1.0000797043748224
0.9641562995285098,1.000372048576389
0.9289211365393456,1.0002610521471698
0.8936566339807254,1.000203700312738
0.9963839625764507,1.0003824563239854
0.9963839625764507,1.0012416534150945
0.03321279875254836,0.03336376020975352
0.9641562987351657,1.0005036123206286
0.9641562968329107,1.0007769904928172
0.9641562995285096,1.001057803328359
0.9289740668035328,1.0002899543381352
0.9288525753214201,1.0004936031117624
0.8535701063840916,1.000203700312738
0.8936566339807255,1.000203700312738
,,egauge3167,egauge15601,egauge20358,egauge28684,egauge7731,egauge13830,egauge20407,egauge13836,egauge19810,egauge17311
,,1,1,1,1,1,1,1,1,1,1
,,1,1,1,1,1,1,1,1,1,1
0.9963839625764507,1.0000656385672058
0.9641562995285098,1.0004097943429298
0.9289211365393456,1.0004405835344596
0.8936566339807254,1.0002679321978296
0.9963839625764507,1.0001758054514729
0.9963839625764507,1.0009656065864727
0.03321279875254836,0.03334487826715372
0.9641562987351657,1.0005919785121946
0.9641562968329107,1.0007435498183008
0.9641562995285096,1.0008426131076624
0.9289740668035328,1.0003786437665516
0.9288525753214201,1.0009330585158294
0.8535701063840916,1.000203700312738
0.8936566339807255,1.0003856218925087
,,egauge27467,egauge4183,egauge5198,egauge28351,egauge20407,egauge26944,egauge3608,egauge32290,egauge13974,egauge16616
,,1,1,1,1,1,1,1,1,1,1
,,1,1,1,1,1,1,1,1,1,1
0.9983288673282167,1.0007695908387229
0.9834074791581071,1.0075871815916746
0.9670967445856974,1.015021309825378
0.9510092298173769,1.0227399419844065
0.9983288673282167,1.0007695908387229
0.9983288673282165,1.0007695908387229
0.03326686865537081,0.03335898636129076
0.9834074783506778,1.007587181514791
0.9834074764163436,1.007587181329572
0.9834074791581071,1.0075871815916746
0.9669460301680625,1.0148281180038636
0.9670967445856974,1.015021309825378
0.9510092298173771,1.0227399419844068
0.9241132124918046,1.0356468728295045
,,egauge20358,egauge14018,egauge18544,egauge20407,egauge30378,egauge28351,egauge16616,egauge21932,egauge17073,egauge8253
,,1,1,1,1,1,1,1,1,1,1
,,1,1,1,1,1,1,1,1,1,1
0.9983014519807976,1.000736359286365
0.9831362424150202,1.0072578888344952
0.9665590758613128,1.014368846904142
0.9502050366717285,1.0217640615753272
0.9983014519807976,1.000736359286365
0.9975707087469806,1.000798235723815
0.033276715066026585,0.03336454501775182
0.98313624158397,1.0072578887621806
0.9831362395930252,1.0072578885879573
0.9831362424150202,1.0072578888344952
0.9664084611361367,1.0141758014915212
0.9665590758613128,1.014368846904142
0.9498835215094281,1.0214061713273725
0.9233362323692876,1.0346564970235586
,,egauge20407,egauge3167,egauge32290,egauge3166,egauge22271,egauge18350,egauge28684,egauge8253,egauge22084,egauge9102
,,1,1,1,1,1,1,1,1,1,1
,,1,1,1,1,1,1,1,1,1,1
0.9993606863087989,1.0000260385704178
0.9986697240868811,1.0003761907682156
0.99748954533664,1.0004522229003807
0.9968911600798067,1.00042777074948
0.9989612240561615,1.0000016920867265
0.9992982527803486,1.000245905526983
0.9785145655577329,1.0000016920867265
0.033288317594672136,0.03334789692415847
0.9985384657027663,1.0007710063689088
0.998592679802137,1.0006334495748508
0.9974319361855697,1.000530694021731
0.9965619985491821,1.0005176263232822
0.9967245506035944,1.0002951442248837
0.9961226947728897,1.000641816752658
,,egauge27467,egauge5198,egauge33764,egauge4183,egauge20925,egauge30378,egauge13974,egauge22271,egauge13836,egauge3167
,,1,1,1,1,1,1,1,1,1,1
,,1,1,1,1,1,1,1,1,1,1
0.999867346821829,1.0001226964007284
0.9989651147666523,1.0009187069644314
0.9984041917568781,1.0014714331138204
0.9983275991267087,1.0017658589348555
0.9996856131177424,1.000517501046584
0.9981724662770378,1.000487172088519
0.033304364122000565,0.03335548439274105
0.9988439093709841,1.0010585656958522
0.9988484368672187,1.0011516517185473
0.997808077426447,1.0013154286486623
0.9981529658512688,1.001533457391198
0.9982121031665147,1.001814381005925
0.9982767984959693,1.0021012039335992
0.9982742372813621,1.0018730376063107
,,egauge2474,egauge17073,egauge33764,egauge5198,egauge20670,egauge16616,egauge20925,egauge7729,egauge13974,egauge30378
,,1,1,1,1,1,1,1,1,1,1
,,1,1,1,1,1,1,1,1,1,1
0.9998271170758173,1.0001003200688852
0.9985065468857212,1.0007069888718587
0.9971889031675496,1.001160742313674
0.9965213921697478,1.0013785971096738
0.9989862984653243,1.0003563484002103
0.9989870262507597,1.000745589173046
0.03330280304447939,0.033354894964232024
0.9976932530668998,1.0008240479136834
0.9984358778654644,1.000935443762238
0.9981522913033344,1.0008228604448217
0.9971025232148594,1.0012558150444102
0.9959985664271653,1.0013241902016774
0.9960791418265633,1.0014732983905141
0.9958615958638722,1.0016036007530054
,,egauge9102,egauge13974,egauge19810,egauge24121,egauge23534,egauge16616,egauge18158,egauge26944,egauge7731,egauge3167
,,1,1,1,1,1,1,1,1,1,1
,,1,1,1,1,1,1,1,1,1,1
0.999323928610413,1.0000640933863159
0.9986884181754347,1.0007277521217144
0.9977363726230942,1.0012543571014714
0.9976088343132306,1.001472233344089
0.9990802409387901,1.0002578642443865
0.9983900304880834,1.000360015660599
0.9784787143785267,0.9999786912022859
0.03328153738924179,0.03336197903869573
0.9985672525442971,1.0009618524056052
0.9984958294087709,1.0008436265051257
0.997691094470412,1.001320499703432
0.9964690783243093,1.0016079359932135
0.9974928265169578,1.0016616779652343
0.997566180404995,1.0015579443957936
,,egauge9102,egauge3608,egauge18158,egauge20925,egauge20670,egauge7729,egauge15623,egauge2850,egauge16616,egauge8816
,,1,1,1,1,1,1,1,1,1,1
,,1,1,1,1,1,1,1,1,1,1
0.999344267712641,0.9999872320498828
0.9978399097553572,0.9998762047625407
0.9962034746645739,0.9997545647269769
0.9949220920677926,0.9997673530411003
0.9989238949937117,1.000206554579093
0.9977504533663072,0.9999872320498828
0.9784985518505227,1.0006679597852868
0.0332593127826455,0.033337888112096134
0.9977491235594148,1.0001189812002909
0.9958735047615886,1.0000112586596666
0.996187039230239,0.9997545647269769
0.9945617270729936,0.9995598744394779
0.99481368029192,0.9997673530410499
0.9929389721427714,0.9998245302347311
,,egauge20358,egauge3166,egauge24121,egauge13836,egauge19821,egauge28351,egauge17311,egauge8253,egauge21932,egauge13830
,,1,1,1,1,1,1,1,1,1,1
,,1,1,1,1,1,1,1,1,1,1
0.9993370457608439,1.0000660000684352
0.9990405516811388,1.0007105170104362
0.9981081012755363,1.0009047903244255
0.9977192148945953,1.0010096769824395
0.9993370457608439,1.0002053852750017
0.9993200521599933,1.0002065189392662
0.9784915080167151,1.0003337888401722
0.03329698970312187,0.033370704952485446
0.9984953517847016,1.0011561524868107
0.9973058186423174,1.0008843368997322
0.9981081012755363,1.000958508224735
0.996848481241034,1.0009369084235953
0.9972482323747508,1.0010096769687973
0.9977192148945953,1.001262281159849
,,egauge20358,egauge24121,egauge28351,egauge22084,egauge14795,egauge23534,egauge16616,egauge8617,egauge3608,egauge2850
,,1,1,1,1,1,1,1,1,1,1
,,1,1,1,1,1,1,1,1,1,1
0.9997398471635489,0.9999997190971771
0.997622804947993,0.9999997190971769
0.9955796730988635,0.9999997190971763
0.9936538738196933,0.9999997190971763
0.9996329516988491,1.0000934395890901
0.9981476125008509,1.0002058591937835
0.0332596018207977,0.033341440923501796
0.9973808147328093,0.9999997190971769
0.997514565995526,0.9999997190971769
0.9972958707500328,1.0001346304828196
0.9955345104688561,0.9999997190971763
0.995494575946731,0.9999997190971763
0.9929471640182949,0.9999997190971766
0.9914731057311474,0.9999997190971763
,,egauge16616,egauge18544,egauge26086,egauge3611,egauge28351,egauge30378,egauge20407,egauge16608,egauge13830,egauge17311
,,1,1,1,1,1,1,1,1,1,1
,,1,1,1,1,1,1,1,1,1,1
0.9993331116753962,1.00007575066198
0.9986519335252111,1.0004552281863426
0.997806636322571,1.0007044770246987
0.9975643587477272,1.0008901765281133
0.9993331116753962,1.0001292297762425
0.9992606505582948,1.0008520934935659
0.9784876710076476,1.00092355677569
0.03326359257346733,0.03335095083733176
0.9979951390919527,1.0005159508108357
0.9973341549153069,1.0009222549068155
0.9974486294482531,1.0006301272149754
0.9976786582292344,1.0009935591727541
0.9973251399354968,1.0010212314032254
0.9975110451437128,1.0010079527674591
,,egauge30039,egauge16608,egauge32290,egauge18544,egauge33764,egauge7729,egauge28351,egauge20407,egauge13836,egauge9102
,,1,1,1,1,1,1,1,1,1,1
,,1,1,1,1,1,1,1,1,1,1
0.999850842739596,1.0000861541744288
0.9986226696724225,1.000715079616261
0.9978245632044218,1.0009857282737744
0.9976163949161374,1.0013441891620238
0.9995362105729906,1.0004573957443375
0.9993515702256451,1.0006043646808276
0.03326563820791706,0.033333532817103724
0.998541894986984,1.001069526276324
0.9983663443493935,1.0009175843226898
0.9962739128315352,1.001024143765133
0.9974336434579996,1.0010477170021488
0.9969524713282677,1.0008247646262862
0.997587389689113,1.0016793673571052
0.9968918615022098,1.0014513145220654
,,egauge23534,egauge7692,egauge28351,egauge32290,egauge9102,egauge5198,egauge3167,egauge18544,egauge7729,egauge22084
,,1,1,1,1,1,1,1,1,1,1
,,1,1,1,1,1,1,1,1,1,1
0.999837796624898,1.0000652930622203
0.9987893543749974,1.000413353180349
0.9978467134600705,1.0006900286755935
0.9969341214160823,1.0006900633474929
0.9994020858066451,1.000408913615225
0.9978826010163928,1.0003451561840073
0.0332610239607689,0.03334620883689987
0.9981119773280503,1.0003425246022448
0.9982015819011087,1.0005752914737636
0.9971839848325293,1.0006450475783777
0.9977191069113865,1.0007272078370577
0.9977718299755566,1.0010808483430076
0.9959643151770038,1.0008065270463304
0.9967521460395312,1.0005188513174827
,,egauge2850,egauge7731,egauge16616,egauge17311,egauge7692,egauge28684,egauge20407,egauge22271,egauge20925,egauge22785
,,1,1,1,1,1,1,1,1,1,1
,,1,1,1,1,1,1,1,1,1,1
0.9993528020971728,1.0000106636106307
0.9987527522348731,1.000405435969328
0.9976523588264742,1.00066715877279
0.9971810330966088,1.0008208276033557
0.9975982677460911,1.0000069549198745
0.9993528020971728,1.0007482669667904
0.9785068757989709,1.0001136581355448
0.033290755067508684,0.033350896092481645
0.997960090962781,1.000516760880515
0.99843372464718,1.0006710165351627
0.9973026426347641,1.0005969422557788
0.9974604413783884,1.0010204926307302
0.9971447955855028,1.000959153186026
0.9964462338205844,1.0008743538216027
,,egauge3166,egauge26086,egauge13974,egauge20407,egauge28684,egauge16616,egauge19810,egauge26944,egauge32290,egauge22084
,,1,1,1,1,1,1,1,1,1,1
,,1,1,1,1,1,1,1,1,1,1
0.9993468910339105,1.0000145077839377
0.9982096547657702,1.0000714028118654
0.9967147813396536,1.000141777649843
0.9962247592166074,1.0001417776498431
0.9993468910339105,1.000104280440216
0.9986030215816755,1.000796973983077
0.9785011105211525,1.0003265115208175
0.03326475065799203,0.03333571342706219
0.998139010659192,1.0000714028118654
0.9980171751550563,1.0000714028118654
0.9965462464241603,1.000141777649843
0.9954490222321847,1.0002594498000723
0.9957399864705546,1.0001417776498431
0.9961183083518904,1.0001417776498431
,,egauge16133,egauge30039,egauge3166,egauge20670,egauge14018,egauge22271,egauge13830,egauge26944,egauge13974,egauge18544
,,1,1,1,1,1,1,1,1,1,1
,,1,1,1,1,1,1,1,1,1,1
0.9998589309630386,1.0001347056671936
0.9986959498617725,1.0011661289046767
0.9975958021188999,1.0017836122792763
0.997118030568856,1.002085060343326
0.9987466373789573,1.0002743363221303
0.9992595673996002,1.0007899957657123
0.03330865195110009,0.03334317414865046
0.9986151681518969,1.0013991417278676
0.9980189481389743,1.0015309011864582
0.9984539097244698,1.0017848118483181
0.9975711084148748,1.0018622068445335
0.996507619212372,1.002126686563714
0.9966037879209853,1.0021725490493563
0.9970754017207454,1.0024604455044717
,,egauge18350,egauge5198,egauge13974,egauge19696,egauge21932,egauge33764,egauge15601,egauge28684,egauge14795,egauge13830
,,1,1,1,1,1,1,1,1,1,1
,,1,1,1,1,1,1,1,1,1,1
0.9993587147558924,1.0001080252872023
0.9985159181174368,1.000959245089372
0.9980352620887317,1.0016426662227744
0.9976399645973303,1.0019632777418417
0.9993587147558924,1.000221701320634
0.9981119620331169,1.0004601650024774
0.9785126426319708,1.0004233755995127
0.03323781665605538,0.03337307336611442
0.9985159181033075,1.0009592450842777
0.9979770007191775,1.0013561430180118
0.9979051382978791,1.001837078522573
0.9972000719395293,1.001771265171846
0.9974297159728525,1.0021892945895725
0.9972881876484754,1.0021669877650705
,,egauge4183,egauge20670,egauge16133,egauge22785,egauge32290,egauge7731,egauge15601,egauge3167,egauge3608,egauge16616
,,1,1,1,1,1,1,1,1,1,1
,,1,1,1,1,1,1,1,1,1,1
0.9998626130655355,1.000070176247547
0.9988102497204292,1.000445803791639
0.9977811152235622,1.0007775270537307
0.9973588749620214,1.000796735767208
0.999640826239917,1.0003022433395006
0.9992519504860697,1.00063895423096
0.033252724540988134,0.03334752462085597
0.9981448373188804,1.0004967042203783
0.9979230513038662,1.0003733138522688
0.9985128650422666,1.0010420475492967
0.9972504033881995,1.000955208617699
0.9977384529427663,1.000863167859165
0.9966273257612278,1.0007748996170567
0.9971776802859409,1.0008609661992494
,,egauge24121,egauge14018,egauge20670,egauge16608,egauge8816,egauge16133,egauge22785,egauge30039,egauge28351,egauge26944
,,1,1,1,1,1,1,1,1,1,1
,,1,1,1,1,1,1,1,1,1,1
0.9997891239509961,1.000113462527827
0.9978984868117655,1.0007582476105004
0.9970653270515489,1.0012139098119133
0.9968225542528797,1.001515147125771
0.9990733961203556,1.0002525284719712
0.9975930052525287,1.0008335188391515
0.03330646869347296,0.03335796618233354
0.9978480441125993,1.0009405067932202
0.9960160169221997,1.0009771760679649
0.9964805942049277,1.0010093578875596
0.9967240738386758,1.0012142244153488
0.9967776838343255,1.0015166449152355
0.9963781474069042,1.001617150424752
0.9955566351828851,1.0018688348726612
,,egauge18350,egauge22271,egauge15601,egauge16133,egauge23534,egauge20358,egauge21932,egauge28684,egauge3166,egauge7731
,,1,1,1,1,1,1,1,1,1,1
,,1,1,1,1,1,1,1,1,1,1
0.9993357336780471,1.0001057917892469
0.9990879846802669,1.000628512718342
0.9986345127676909,1.0009754244284839
0.9982517568058235,1.0012765942898518
0.9993357336780471,1.000250715472426
0.999239003256309,1.0008775265783942
0.9784902283546439,1.001112365986877
0.033266943409934406,0.03335874881900758
0.9989090358158582,1.0009727929813352
0.9989338338196346,1.0008802633691982
0.9986345127676911,1.0009754244284839
0.998045061099352,1.001113241162885
0.9978165598618725,1.0013494307758684
0.9982517568058237,1.0016730616931473
,,egauge8816,egauge23534,egauge9102,egauge24121,egauge22785,egauge27467,egauge18544,egauge19696,egauge3608,egauge8617
,,1,1,1,1,1,1,1,1,1,1
,,1,1,1,1,1,1,1,1,1,1
0.9989355768652458,1.0000816840678899
0.989455066016043,1.0006223440291004
0.9790988779236907,1.000970224622807
0.978967924677796,1.00097022583723
0.9976848585670345,1.000456872143286
0.9989355768652458,1.0007350668628783
0.03327585171607806,0.033350272678771116
0.9894550671245949,1.000753946675425
0.9894550697754774,1.0006223440196167
0.989455066016043,1.0011826272061104
0.9790707026017327,1.0011066092694285
0.9620721923229439,1.0012165446167522
0.9788190271520671,1.0009483852316419
0.9789679280447708,1.0010130016863534
,,egauge22084,egauge18544,egauge30378,egauge27467,egauge13830,egauge22785,egauge23534,egauge17311,egauge14795,egauge26086
,,1,1,1,1,1,1,1,1,1,1
,,1,1,1,1,1,1,1,1,1,1
0.9993350805145499,1.0000686274632677
0.9986548778380756,1.0006426654018878
0.9980142151024015,1.001049597589123
0.9975807151916721,1.0012967577837248
0.9993350805145499,0.9999951167903944
0.9992481866568748,1.0008627025488588
0.9784895912878323,1.0005695252588587
0.0332831112568492,0.03336361680055263
0.9983316720454714,1.0008461338199486
0.9972801398447672,1.000662675119361
0.9978906997962145,1.0011694593492622
0.9966376727550089,1.0011995280978407
0.9973704813074294,1.00134774322181
0.9971650395240936,1.001650354394833
,,egauge2850,egauge7731,egauge23534,egauge22785,egauge8617,egauge15601,egauge21932,egauge13836,egauge20407,egauge19696
,,1,1,1,1,1,1,1,1,1,1
,,1,1,1,1,1,1,1,1,1,1
0.9993547731726202,1.0000402556785233
0.997886996540382,1.000460351335525
0.9964285777052637,1.000729370652155
0.9949999547952673,1.0008045125532843
0.9976015415276721,0.9999997190971769
0.99935477317262,1.0007743568102578
0.9785087982580483,1.0007681201205383
0.033238707045746975,0.03334999248378424
0.9977155182228665,1.0005109532193663
0.9964251183677622,1.0013654633377318
0.9964285777052637,1.0007293706521547
0.9963540410359125,1.0011470092496657
0.9943642776611921,1.0006743447118174
0.9935460266682403,1.001222188326597
,,egauge13836,egauge8253,egauge7729,egauge15601,egauge28351,egauge20670,egauge17311,egauge19696,egauge28684,egauge2474
,,1,1,1,1,1,1,1,1,1,1
,,1,1,1,1,1,1,1,1,1,1
0.9997770841986806,1.0001080639732955
0.9983121755382415,1.0008941591980929
0.9973456009040526,1.0014235219914767
0.997281852260327,1.0016863290343114
0.9995406678976966,1.000568830673642
0.997952982374751,1.0002484993171084
0.033233884178715284,0.03334743676367031
0.9977363445096438,1.0011385005978142
0.9973543223183152,1.0009549132128448
0.9981581662237674,1.0014352833274511
0.9973332575325474,1.001456598580513
0.995866369715678,1.0017878921253
0.9972311145450623,1.001824795788201
0.9969115954001904,1.001922135439435
,,egauge13974,egauge16608,egauge28351,egauge16616,egauge3611,egauge8816,egauge13836,egauge16133,egauge22785,egauge22084
,,1,1,1,1,1,1,1,1,1,1
,,1,1,1,1,1,1,1,1,1,1
0.9993350805145499,1.0000554213804747
0.9979429106187728,1.0004044491228177
0.997162951407999,1.0006711822165075
0.9965709402187841,1.0005944038322092
0.9991166871020786,1.0002152166422784
0.9993350805145499,1.0005748422658594
0.9784895912878323,1.0003673731234484
0.03325971975557222,0.03334883893666557
0.9977122541275538,1.000505652239455
0.9943591191421817,1.0009099923992024
0.9971218171732217,1.0008612390528262
0.9964715028180896,1.0008075362861446
0.9959702354110309,1.000630791138798
0.9964644453282412,1.0004125139190212
,,egauge18158,egauge5198,egauge22785,egauge16133,egauge2850,egauge33764,egauge26944,egauge24121,egauge22084,egauge4183
,,1,1,1,1,1,1,1,1,1,1
,,1,1,1,1,1,1,1,1,1,1
0.9997890121452433,1.000002376145792
0.9982544884321964,0.9999997190971773
0.9975160579369864,0.9999997190971769
0.9973630593906688,0.9999997190971769
0.9994602522841387,1.0003355141871821
0.9980942895348519,1.000402206497239
0.03326947399062486,0.03333774027220709
0.9975678389329669,0.9999997190971771
0.9961703002810726,0.9999997190971773
0.9979550334344685,1.0002469507905782
0.9970266158940623,1.0000296266771396
0.9972602289458578,1.0000104897530437
0.9972282912805847,0.9999997190971769
0.9972061244819517,1.000160288146904
,,egauge30378,egauge20407,egauge16133,egauge17311,egauge19810,egauge18544,egauge16608,egauge7729,egauge8816,egauge20358
,,1,1,1,1,1,1,1,1,1,1
,,1,1,1,1,1,1,1,1,1,1
0.9993363894701814,1.0000309111203844
0.9975636607040949,1.0002737312720158
0.9958637374534661,1.0006190453800043
0.9945946717695936,1.0008367873966966
0.9990391773784317,1.0002949746796332
0.9980290000762129,0.9999957741529543
0.9784908679607857,1.0003444582613508
0.033251113546281005,0.03334628066209543
0.9965563486812791,0.999960637486525
0.9974097878697717,1.0010590011215452
0.995843201543869,1.0007057945544346
0.9951938317955069,1.000644402489415
0.9932456573734185,1.0010989211188142
0.9944565585089065,1.0008153783942098
,,egauge7731,egauge19821,egauge18350,egauge17311,egauge30039,egauge33764,egauge16608,egauge20358,egauge27467,egauge15601
,,1,1,1,1,1,1,1,1,1,1
,,1,1,1,1,1,1,1,1,1,1
0.9993489691856825,1.0001302107767054
0.9935510739305631,1.000969030506797
0.9872183504678317,1.001489587488369
0.9810433056558693,1.0018935529504995
0.9993489691856825,1.0005103664915191
0.9988560027629637,1.0013116982279946
0.999335952375577,1.000424068638783
0.033118369131018774,0.03336968527286317
0.9935510743265453,1.0012931816333401
0.993551076570495,1.0014328502284473
0.9872183504678316,1.0015309368856444
0.9869551134657045,1.0016074470967375
0.9810433056558695,1.0021414284558923
0.970718675038735,1.0023227997941315
,,egauge15623,egauge3611,egauge30039,egauge32290,egauge13836,egauge28351,egauge13830,egauge17073,egauge4183,egauge17311
,,1,1,1,1,1,1,1,1,1,1
,,1,1,1,1,1,1,1,1,1,1
0.9993489691856825,1.0001012432765994
0.9935510739305631,1.0007535666235083
0.9872183504678317,1.0012770144694745
0.9810433056558693,1.0014628397069505
0.9993489691856825,1.0002608104277133
0.9978307256113848,1.0003662949226513
0.9992491471238962,1.0008007019134173
0.033118369131018774,0.03335642770952009
0.9935510743265453,1.0012194931037643
0.993551076570495,1.0009011416068971
0.9872183504678316,1.0013762348981239
0.9869551134657045,1.001609164848082
0.9810433056558695,1.0015875117902384
0.970718675038735,1.001602127455852
,,egauge8816,egauge17073,egauge20407,egauge17311,egauge20670,egauge18544,egauge28684,egauge2850,egauge3167,egauge22785
,,1,1,1,1,1,1,1,1,1,1
,,1,1,1,1,1,1,1,1,1,1
0.9993489691856825,1.0000095298987588
0.9935510739305631,1.000110479590906
0.9872183504678317,0.9999222693749902
0.9810433056558693,0.9999222693749902
0.997755588413458,1.000388820911988
0.9989561428091991,1.00068150324606
0.9979290201913154,0.9999957741529548
0.033118369131018774,0.033341400088957626
0.9935510743265453,1.0003533232813335
0.993551076570495,1.0007978113209608
0.9872183504678316,0.9999222693749902
0.9869551134657045,0.9998694237855693
0.9810433056558695,0.99997346464045
0.970718675038735,0.9999222693749902
,,egauge14018,egauge24121,egauge7729,egauge28684,egauge30039,egauge22084,egauge28351,egauge16608,egauge19696,egauge15601
,,1,1,1,1,1,1,1,1,1,1
,,1,1,1,1,1,1,1,1,1,1
0.9993489691856825,1.0001153537539775
0.9935510739305631,1.0007975289511166
0.9872183504678317,1.0014379641617315
0.9810433056558693,1.0018868724768877
0.9985993558239431,1.0005005722021774
0.998284586661921,1.0003752360084226
0.9970145828877849,1.0004577488399033
0.033118369131018774,0.03336444606758833
0.9935510743265453,1.0010608295571946
0.993551076570495,1.0004800466260622
0.9872183504678316,1.0014999859823872
0.9869551134657045,1.0016201135135026
0.9810433056558695,1.0020545357738408
0.970718675038735,1.0023909195899443
,,egauge15601,egauge26086,egauge3608,egauge30378,egauge5198,egauge17311,egauge3611,egauge22785,egauge15623,egauge20358
,,1,1,1,1,1,1,1,1,1,1
,,1,1,1,1,1,1,1,1,1,1
0.9993489691856825,1.0000599873190623
0.9935510739305631,1.0004805496832223
0.9872183504678317,1.0007586887570519
0.9810433056558693,1.0009251822658722
0.9984342886027936,1.000556775054553
0.9986375466278208,1.000852260761154
0.9977252005735169,1.0000110403552103
0.033118369131018774,0.03335407511871735
0.9935510743265453,1.0005918844576893
0.993551076570495,1.0007064181763317
0.9872183504678316,1.0008041340798746
0.9869551134657045,1.000833621843252
0.9810433056558695,1.0010343963589499
0.970718675038735,1.001042963359471
,,egauge30378,egauge26944,egauge14795,egauge15601,egauge22785,egauge20670,egauge22271,egauge28351,egauge9102,egauge13830
,,1,1,1,1,1,1,1,1,1,1
,,1,1,1,1,1,1,1,1,1,1
0.9993489691856825,1.0001369370191886
0.9935510739305631,1.0009386936936413
0.9872183504678317,1.0014290770747638
0.9810433056558693,1.001646997468584
0.999098880574384,1.000361610937517
0.9974628952901624,1.0007918384293335
0.9977400051772782,1.0008006036808295
0.033118369131018774,0.03338049529168462
0.9935510743265453,1.000928568316218
0.993551076570495,1.001338626659006
0.9872183504678316,1.0015489928549983
0.9869551134657045,1.0015897913461154
0.9810433056558695,1.0017563046517286
0.970718675038735,1.0018506315150966
,,egauge13974,egauge30039,egauge14018,egauge22785,egauge3167,egauge21932,egauge14795,egauge5198,egauge16133,egauge20358
,,1,1,1,1,1,1,1,1,1,1
,,1,1,1,1,1,1,1,1,1,1
0.9992977286996072,1.0000946112889615
0.9983774856286325,1.0005342116433815
0.9972400945885828,1.0009724165320104
0.9968133693256166,1.0011517688300748
0.9991352783566485,1.0002550698038195
0.999255747891408,1.0007465849523847
0.978453160696285,1.0008653798282978
0.033255378541679155,0.033352564117974305
0.9983270142898414,1.0006253073391744
0.9983774856214581,1.0005342116307032
0.9971249182335578,1.0011005345413413
0.9963350258505379,1.0010902041997296
0.996415101506626,1.001246444744805
0.9966855418820342,1.001312430517338
,,egauge22785,egauge16133,egauge19810,egauge7692,egauge20358,egauge8617,egauge16616,egauge33764,egauge28351,egauge19696
,,1,1,1,1,1,1,1,1,1,1
,,1,1,1,1,1,1,1,1,1,1
0.9993541159292513,1.000038196494606
0.9979984691895738,1.000560919905952
0.996257317673715,1.0009496832044225
0.9947719964693046,1.0011803013094396
0.9988528903396089,1.0001123309545252
0.9976825426668584,1.000363991905788
0.9785081572280108,0.9999970890288365
0.03323449745092518,0.0333564171003754
0.9978673152599403,1.0007026372460313
0.9976965362571905,1.0006381507619342
0.996191575669547,1.0009744765521948
0.995991230664376,1.0011766501300448
0.9940859845432002,1.0012822643083679
0.9932972875742686,1.0015019115470571
,,egauge3166,egauge19821,egauge16608,egauge20358,egauge23534,egauge13836,egauge9102,egauge8816,egauge7729,egauge15601
,,1,1,1,1,1,1,1,1,1,1
,,1,1,1,1,1,1,1,1,1,1
0.9993593719008658,1.0001389298988084
0.9980509531890187,1.000990716415049
0.9963752307150191,1.001562901246996
0.9959299022397285,1.0019669626862615
0.9993593719008658,1.0002044631850635
0.9988062208101165,1.0013237451448758
0.9785132835695177,1.0006693669671274
0.03326399303519191,0.03337142117747642
0.9978996158493665,1.0011426353194885
0.9978585098151087,1.0017109180152117
0.9963464632529001,1.0016249322120707
0.9943886818826171,1.0016914880953196
0.9954742147282262,1.0020836020248873
0.9954139354842133,1.0024710573784736
,,egauge16608,egauge3611,egauge28351,egauge8816,egauge3167,egauge7731,egauge2474,egauge19810,egauge24121,egauge9102
,,1,1,1,1,1,1,1,1,1,1
,,1,1,1,1,1,1,1,1,1,1
0.9993593719008658,1.0000558406379907
0.9979345660050774,1.0004448889885649
0.9970950710097183,1.0005258715784993
0.9965012756509525,1.0006795259432713
0.9993593719008658,1.000336985116034
0.9977887812889671,1.0002805318219226
0.9785132835695177,1.0003552106655142
0.0332017338458347,0.03335791396988301
0.9978740329000754,1.0005056108359405
0.997761386929812,1.0009277459364414
0.996782903571921,1.0006373971517173
0.9960184270037247,1.000130125474938
0.9963202660165034,1.0007269066414908
0.9957351790593135,1.0008936354330693
,,egauge13836,egauge20358,egauge18544,egauge27467,egauge19810,egauge22785,egauge23534,egauge17311,egauge24121,egauge16616
,,1,1,1,1,1,1,1,1,1,1
,,1,1,1,1,1,1,1,1,1,1
0.9993541159292513,1.0000693802931182
0.9984553370581057,1.0002754028627552
0.9981093525530665,1.0005786173790185
0.9978733489707362,1.000604219550366
0.9993541159292513,1.000543584205637
0.9993541159292513,1.0003067387723117
0.9785081572280108,1.0009128468897786
0.03327747040079503,0.0333526044798843
0.9974066746249444,0.9999736636063636
0.9968775895311279,1.0003691255266933
0.998047583418095,1.000712779514478
0.9977546628012602,1.0007177597865806
0.9974199684870622,1.000633329524618
0.9977133697749508,1.000604219550366
,,egauge16133,egauge7731,egauge13836,egauge9102,egauge3166,egauge26086,egauge3167,egauge30378,egauge33764,egauge28684
,,1,1,1,1,1,1,1,1,1,1
,,1,1,1,1,1,1,1,1,1,1
0.9993593719008658,1.0001100889009704
0.9989508390306544,1.0008397015217811
0.9982451514917227,1.0013369628900501
0.9980282447131027,1.0016253909112975
0.9987486773407757,1.0002491542909866
0.9993593719008658,1.000844460423523
0.9785132835695177,1.0010663796053543
0.03328208912010717,0.03336706165685755
0.9989003334164012,1.00088120534663
0.9982000052024493,1.0014683594359743
0.9982163201347207,1.00137003612856
0.997498771330964,1.0016048247613636
0.9978396543454131,1.0018148697970062
0.9979428992743885,1.0018290198047612
,,egauge7692,egauge22084,egauge32290,egauge21932,egauge19810,egauge14795,egauge16133,egauge5198,egauge2850,egauge30039
,,1,1,1,1,1,1,1,1,1,1
,,1,1,1,1,1,1,1,1,1,1
0.9993114864754237,0.9999997190971773
0.9981539330636243,0.9999997190971773
0.9967418672568172,0.9999997190971769
0.9954257827169616,0.9999997190971766
0.9987387455383512,1.0000701093494815
0.9986637981412275,0.9999997190971771
0.9784665791589,0.9999997190971776
0.03327179776878748,0.03333332396990591
0.9972613558817472,0.9999997190971771
0.996727538339958,0.9999997190971771
0.9965954896343298,0.9999997190971766
0.9959169674873832,0.9999997190971766
0.9939312660637882,0.9999997190971761
0.9953378518371896,0.9999997190971766
,,egauge17073,egauge14018,egauge20358,egauge20925,egauge8253,egauge24121,egauge30039,egauge28684,egauge8617,egauge21932
,,1,1,1,1,1,1,1,1,1,1
,,1,1,1,1,1,1,1,1,1,1
0.9993626582387694,1.0000871170635202
0.9990227214583642,1.000532933012485
0.9987125833593622,1.0008051881660696
0.9986168162343376,1.000825372031767
0.9993626582387694,1.0004286170609404
0.9975864244203122,1.000807150954072
0.9785164888551653,1.0003866911338513
0.033271449484467,0.03335885905546152
0.9981681870132195,1.0005531747811882
0.997486416912307,1.000783976470037
0.9985972059019064,1.0009167506144394
0.9985420784809573,1.0009550758350627
0.9984638635490052,1.0008544896116136
0.9986168162343376,1.000825372031767
,,egauge28351,egauge24121,egauge20407,egauge27467,egauge23534,egauge16133,egauge26086,egauge17073,egauge33764,egauge19810
,,1,1,1,1,1,1,1,1,1,1
,,1,1,1,1,1,1,1,1,1,1
0.9993541159292513,1.0000470460449042
0.9983802761981743,1.0005352894544848
0.9975730349611927,1.0007975897030519
0.99687927417477,1.0006591575850117
0.9988215525560703,1.0001967995032819
0.9982664052435978,1.000306907316342
0.9785081572280108,0.9999970890288365
0.033274988088740555,0.033359727987397385
0.9982692468297728,1.0008795318427102
0.996344028129076,1.000729485663596
0.9975565727727673,1.000954610525365
0.99742377226599,1.0011233543129723
0.996814072237135,1.0008646484772932
0.9958150810713696,1.000263349142703
,,egauge18350,egauge30039,egauge20925,egauge15601,egauge7729,egauge22271,egauge5198,egauge3608,egauge2474,egauge7731
,,1,1,1,1,1,1,1,1,1,1
,,1,1,1,1,1,1,1,1,1,1
0.9993593719008658,1.0001207122454863
0.9984013080824765,1.000948169057067
0.9974287072362688,1.001309898507848
0.996881076116213,1.00161756458983
0.9993593719008658,1.0002305762637418
0.9992613124946303,1.0008092509401822
0.9785132835695177,1.0006987008722807
0.03324885898059656,0.03338081131596078
0.9972218238572258,1.0011102096920268
0.9981702906804828,1.0015276758667215
0.9974163626504614,1.0013553734215355
0.996395789644926,1.00128847754871
0.9962801501138502,1.0017705972388478
0.9968491130647421,1.0019069585221088
,,egauge16616,egauge17311,egauge18350,egauge3167,egauge9102,egauge7729,egauge5198,egauge3166,egauge4183,egauge19821
,,1,1,1,1,1,1,1,1,1,1
,,1,1,1,1,1,1,1,1,1,1
0.9993626582387694,1.000092397103155
0.9988050874158362,1.000764420498942
0.998066959421918,1.0013232164269361
0.9978692257294233,1.0017913864548702
0.9993626582387694,1.0001458772694152
0.998739498796978,1.0004066385237245
0.9785164888551653,1.0003919730437059
0.03328763698846519,0.03336252642069443
0.9981288992897986,1.0009144254846278
0.9963058601816651,1.0010523047404167
0.9977192930294897,1.0013686920475569
0.9980136140698614,1.0013681949292759
0.9977749378231695,1.0018952662100225
0.9975638748512478,1.00242943464275
,,egauge18544,egauge8816,egauge2850,egauge8253,egauge7731,egauge22271,egauge32290,egauge19821,egauge30039,egauge20670
,,1,1,1,1,1,1,1,1,1,1
,,1,1,1,1,1,1,1,1,1,1
0.9993541159292513,1.0000626916992374
0.9987851561139584,1.0009743780891776
0.998240118199487,1.0016689669123575
0.9980278043431333,1.0020280902414687
0.9993541159292513,1.0004533319734168
0.9960645728902093,1.0007740201575464
0.9785081572280108,0.9999970890288365
0.03326396033223975,0.03336716279008915
0.9987447590635329,1.0011972067898443
0.9985528681799271,1.0016257187570297
0.9978969956689167,1.0016441539601095
0.9976642264989481,1.002300715526455
0.9978102076362834,1.0022614178112597
0.9979317919759674,1.0022854441042985
,,egauge26944,egauge23534,egauge20670,egauge7729,egauge20407,egauge22785,egauge30039,egauge22084,egauge33764,egauge3608
,,1,1,1,1,1,1,1,1,1,1
,,1,1,1,1,1,1,1,1,1,1
0.9993593719008658,1.0000588236691732
0.9981394997543331,1.0002328655129518
0.9974457642697334,1.000458333637595
0.9967902286730713,1.0005863670993835
0.9985664629189243,1.000407196336737
0.9990081999515048,1.0006995470913642
0.9785132835695177,1.0006738656304053
0.03323425557305674,0.033345173060146234
0.9972529885625561,1.0000507976052273
0.996761517451314,1.0003679763822095
0.9974210749986911,1.0006028980211747
0.9973284999223161,1.0002657776813344
0.9967322771544326,1.0007554583755185
0.9957793513297256,1.0005542635058782
,,egauge28351,egauge17311,egauge33764,egauge17073,egauge15601,egauge26944,egauge14795,egauge4183,egauge27467,egauge2474
,,1,1,1,1,1,1,1,1,1,1
,,1,1,1,1,1,1,1,1,1,1
0.9993626582387694,1.0001277157070905
0.9988152305229333,1.0011316558614087
0.9981532083790897,1.00174896605055
0.99760523730547,1.002076036487777
0.9988576767099202,1.0002513415010923
0.9987732578641547,1.0004485989788707
0.9785164888551653,1.0006852863167983
0.03329013813474046,0.033378499128997416
0.9979236180374009,1.0016079294914508
0.9965287573695529,1.0017622288235615
0.9980420250586359,1.0018813387796377
0.9980145107537334,1.0019419032629977
0.9975544804004556,1.0023239652488356
0.996763634137784,1.0022972127485332
,,egauge18158,egauge20407,egauge19821,egauge15623,egauge5198,egauge13836,egauge7692,egauge18544,egauge16133,egauge30039
,,1,1,1,1,1,1,1,1,1,1
,,1,1,1,1,1,1,1,1,1,1
0.9993541159292513,1.0001257886958748
0.9988476509125128,1.0009915582656137
0.997865327048344,1.0015842042130618
0.9974892590708525,1.0019112373904888
0.9993541159292513,1.0004693648993737
0.998083783361248,0.9999970890288365
0.9785081572280108,1.0014083328308487
0.03329357502914197,0.033370773943973725
0.9979899785488673,1.0011029602676091
0.9986797657617493,1.0018481674188007
0.997457935917727,1.0016296938504876
0.997811994481207,1.0019164750306122
0.996753009999302,1.0020282692006186
0.9974359502950103,1.0022865455810952
,,egauge20925,egauge28351,egauge20407,egauge2474,egauge15601,egauge8816,egauge20670,egauge17073,egauge9102,egauge30039
,,1,1,1,1,1,1,1,1,1,1
,,1,1,1,1,1,1,1,1,1,1
0.9993593719008658,1.000101390989015
0.9984660398286977,1.0009959537387179
0.9981244906572888,1.0016143780109055
0.9976019586946078,1.0019029086103928
0.9989331844268633,1.000372983712687
0.9979686423238475,1.0004012640819653
0.9785132835695177,0.9999997190997741
0.03326514236780769,0.03337497278983978
0.997776181404137,1.0014474759323557
0.9948800272482067,1.0015248510559327
0.9980874274408325,1.001738456564543
0.998007131774426,1.0018608853842998
0.9971091491462583,1.0020441667639848
0.9972821637674585,1.002181674553323
,,egauge24121,egauge13836,egauge3611,egauge7729,egauge22785,egauge30378,egauge21932,egauge16133,egauge32290,egauge17073
,,1,1,1,1,1,1,1,1,1,1
,,1,1,1,1,1,1,1,1,1,1
0.9993114864754237,1.0000666973830536
0.9983334916154893,1.000387127874276
0.9975309293047077,1.0005728040232127
0.9970886782768477,1.0006880696320892
0.9990719066098832,1.0002057556397983
0.9992856055874891,1.0009481422785214
0.9784665791589,1.0003393672085124
0.03323880560622244,0.03335136651291092
0.9977607562104208,1.0004579660782296
0.9971918971165405,1.0008470348534442
0.9975309293047075,1.0005728040232127
0.9963915326204057,1.0007305236198598
0.9964441874866791,1.000644404092609
0.9968755848947132,1.001036152138573
,,egauge19821,egauge20358,egauge7731,egauge32290,egauge28684,egauge5198,egauge22084,egauge18158,egauge16616,egauge30378
,,1,1,1,1,1,1,1,1,1,1
,,1,1,1,1,1,1,1,1,1,1
0.9993541159292513,1.0000921300229366
0.9989373665422792,1.0004244724630473
0.9984652981824785,1.0006541727916904
0.9979042766419609,1.0007758207184816
0.9993235356022292,1.0007268157148108
0.9993541159292513,1.0003801443967089
0.9785081572280108,1.0008495433590299
0.033271553426798384,0.0333454586911273
0.9988536770760822,1.0006167835956605
0.9973026697425804,1.0006368569199615
0.9984199808324316,1.0005839573608561
0.9983585638267801,1.00100750116129
0.9977737243086132,1.000812215871573
0.9971581980236985,1.0009257031737366
,,egauge22271,egauge3166,egauge4183,egauge5198,egauge14018,egauge13836,egauge18544,egauge33764,egauge3167,egauge7729
,,1,1,1,1,1,1,1,1,1,1
,,1,1,1,1,1,1,1,1,1,1
0.9993541159292513,1.000127905024611
0.9986648517642286,1.0009950888479402
0.997901579603846,1.0014963497782927
0.9970107772257166,1.0016565818234038
0.9993541159292513,1.000545247009093
0.9992978290836472,1.0002981232574741
0.9785081572280108,1.0005987821441802
0.033262720327319036,0.03337024788106779
0.997495070346789,1.0013597874810183
0.9986043426618265,1.001780442459262
0.9978686430537396,1.0016410914564702
0.9977800797824358,1.0017106660403166
0.9969673013837556,1.0017221635032023
0.9955852330377504,1.0018280585881048
,,egauge2474,egauge19821,egauge30039,egauge20407,egauge21932,egauge8253,egauge9102,egauge17311,egauge28684,egauge28351
,,1,1,1,1,1,1,1,1,1,1
,,1,1,1,1,1,1,1,1,1,1
0.9993108309275754,1.0000795838934946
0.9987721384205334,1.0003063838105073
0.9982079237683126,1.000635403871698
0.9976868263380514,1.000795470741416
0.9989530291626438,1.0003898581921833
0.9987709099211609,1.0012373377292683
0.9784659397789779,1.0007892686075957
0.033276099609403094,0.0333381148403617
0.9987721384163293,1.0003063838083155
0.9970801928652797,1.0004696346385362
0.9979197113523928,1.0007138919761556
0.9977238931518628,1.0007424396148534
0.9976212968570761,1.000933792172454
0.9966748706211577,1.0008597010875473
,,egauge19810,egauge18544,egauge3167,egauge17073,egauge2474,egauge20670,egauge9102,egauge4183,egauge16616,egauge7729
,,1,1,1,1,1,1,1,1,1,1
,,1,1,1,1,1,1,1,1,1,1
0.9993574005987486,1.0000637037588775
0.9985788028822097,1.0006742060312
0.997554403282692,1.0009737736633257
0.9967102628091625,1.0011082805568519
0.9986638050305159,0.9999990615174731
0.9991933036908348,1.0008754439517902
0.9785113608864052,1.0002935570575624
0.03328225825005859,0.03336356945071326
0.9977818702446067,1.0009273397604044
0.9982796526625346,1.0012538579207175
0.9972746396018428,1.0010357615102106
0.9973838254696027,1.001126911979172
0.9966016203609239,1.0011519722642819
0.9953170781371756,1.001268933985721
,,egauge20407,egauge26944,egauge9102,egauge2850,egauge5198,egauge17073,egauge3167,egauge19810,egauge3608,egauge30039
,,1,1,1,1,1,1,1,1,1,1
,,1,1,1,1,1,1,1,1,1,1
0.9993541159292513,1.000001692086726
0.9976943919737757,1.0000192650348592
0.9964746993789403,1.0000384540984861
0.995651992655934,1.0000576431644739
0.9988545486897193,1.000001692086726
0.9974236009530139,1.0006071811986263
0.9785081572280108,1.0004157317308309
0.033187387704278065,0.033333975501161975
0.9974962675845328,1.0000192650348592
0.9975020297585951,1.0003759167759092
0.9964582586505868,1.000038454098486
0.9954217052119174,1.0000384540984861
0.9949219242835579,1.0000794613605175
0.9953435682639938,1.0000576431644739
,,egauge22084,egauge8617,egauge21932,egauge22271,egauge7731,egauge16616,egauge19810,egauge30378,egauge13830,egauge2474
,,1,1,1,1,1,1,1,1,1,1
,,1,1,1,1,1,1,1,1,1,1
0.9992977286974407,1.0000438768773678
0.9987351479018647,1.0005314658045277
0.9977568816392858,1.000697371007967
0.9972409713901583,1.0009535478574019
0.9992977286974407,0.9999997191162114
0.9989648123194488,1.0002084947653784
0.9784531606921968,1.0000438768773678
0.033285113421823526,0.03336083551456904
0.9985735926296976,1.000795329325337
0.9985355469431246,1.000647313287792
0.9974086096614205,1.0005445562976196
0.9973284327123493,1.0009221936010089
0.9971525647768171,1.0010773300756755
0.9964127778195837,1.0011998629589338
,,egauge8617,egauge33764,egauge14795,egauge19821,egauge26944,egauge26086,egauge21932,egauge15623,egauge22785,egauge3608
,,1,1,1,1,1,1,1,1,1,1
,,1,1,1,1,1,1,1,1,1,1
0.9992977286974407,1.0001014119616323
0.9987166910299282,1.000786396572119
0.9980554372779484,1.0008312246000306
0.9972402569752508,1.0008094798248253
0.9992977286974407,1.0001441960106452
0.9991493339514612,1.0006208104870493
0.9784531606921968,1.000765050765201
0.03328363232320902,0.033379470460774774
0.9975166235254705,1.0011206093071965
0.9980808305552047,1.001308116867624
0.9980554372779484,1.0008312246000304
0.9974669116300457,1.0009597004341482
0.9968398547797025,1.0008068479221839
0.9962075705184941,1.0007880715166917
,,egauge3608,egauge9102,egauge2850,egauge8816,egauge7729,egauge20925,egauge20670,egauge30039,egauge19810,egauge20407
,,1,1,1,1,1,1,1,1,1,1
,,1,1,1,1,1,1,1,1,1,1
0.9964494522980383,1.001256976401668
0.9647661140753784,1.012446720512272
0.9301175676872545,1.0246593057582867
0.8954760422508761,1.036872873463678
0.9964494522980383,1.0012569764016683
0.9964494522980383,1.0012569764016679
0.9784985523493197,1.0012569764016683
0.032158870469179285,0.03374822401707574
0.9647661143876464,1.012446720059199
0.9647661161716587,1.0124467174582832
0.9301175676872543,1.0246593057582867
0.9301175676872545,1.0246593057582867
0.8952912536154409,1.0366756084271447
0.8378411421447877,1.057586985544867
,,egauge7692,egauge7731,egauge18544,egauge15623,egauge20670,egauge28351,egauge30039,egauge2850,egauge4183,egauge13830
,,1,1,1,1,1,1,1,1,1,1
,,1,1,1,1,1,1,1,1,1,1
0.9964570477758969,1.0012727284306693
0.9648411375404975,1.0126028770467737
0.9302663294649642,1.0249686928777584
0.8956985109996172,1.0373355156431217
0.9964570477758969,1.0012727284306695
0.9964570477758969,1.0012727284306693
0.9785113608864052,1.0012727284306695
0.03216137125134992,0.03375342923489246
0.9648411378513053,1.012602876585433
0.9648411396269085,1.012602873936828
0.9302663294649642,1.0249686928777584
0.9302663294649645,1.0249686928777584
0.8956092644433761,1.0373051455548459
0.8380463256638978,1.0580604684216834
,,egauge2474,egauge4183,egauge8816,egauge2850,egauge22785,egauge30039,egauge13830,egauge27467,egauge16616,egauge7692
,,1,1,1,1,1,1,1,1,1,1
,,1,1,1,1,1,1,1,1,1,1
0.9964585676627981,1.0012662816709923
0.964856149993088,1.0125389677146952
0.9302960971448836,1.0248420719068911
0.895743027643064,1.037146172979755
0.9964585676627981,1.0012662816709923
0.9964585676627981,1.001266281670992
0.9785081572280108,1.0012662816709923
0.03216187166643627,0.03375129892382317
0.9648561503036047,1.0125389672566798
0.964856152077533,1.0125389646272596
0.9302960971448834,1.0248420719068911
0.9302960971448838,1.024842071906891
0.8956728993351413,1.037047498951612
0.8380873834742532,1.057866688912467
,,egauge19810,egauge22271,egauge28351,egauge15623,egauge14795,egauge3611,egauge16608,egauge17311,egauge18350,egauge20358
,,1,1,1,1,1,1,1,1,1,1
,,1,1,1,1,1,1,1,1,1,1
0.9964494522980383,1.001256976401668
0.9647661140753784,1.012446720512272
0.9301175676872545,1.0246593057582867
0.8954760422508761,1.036872873463678
0.9964494522980383,1.0012569764016683
0.9964494522980383,1.0012569764016679
0.9784985523493197,1.0012569764016683
0.032158870469179285,0.03374822401707574
0.9647661143876464,1.012446720059199
0.9647661161716587,1.0124467174582832
0.9301175676872543,1.0246593057582867
0.9301175676872545,1.0246593057582867
0.8952912536154409,1.0366756084271447
0.8378411421447877,1.057586985544867
,,egauge32290,egauge7692,egauge22785,egauge13974,egauge15623,egauge14795,egauge16133,egauge5198,egauge26086,egauge19810
,,1,1,1,1,1,1,1,1,1,1
,,1,1,1,1,1,1,1,1,1,1
0.9964570477758969,1.0012727284306693
0.9648411375404975,1.0126028770467737
0.9302663294649642,1.0249686928777584
0.8956985109996172,1.0373355156431217
0.9964570477758969,1.0012727284306695
0.9964570477758969,1.0012727284306693
0.9785113608864052,1.0012727284306695
0.03216137125134992,0.03375342923489246
0.9648411378513053,1.012602876585433
0.9648411396269085,1.012602873936828
0.9302663294649642,1.0249686928777584
0.9302663294649645,1.0249686928777584
0.8956092644433761,1.0373051455548459
0.8380463256638978,1.0580604684216834
,,egauge13830,egauge17311,egauge14795,egauge13836,egauge3166,egauge27467,egauge17073,egauge2850,egauge26086,egauge16608
,,1,1,1,1,1,1,1,1,1,1
,,1,1,1,1,1,1,1,1,1,1
0.9964585676627981,1.0012662816709923
0.964856149993088,1.0125389677146952
0.9302960971448836,1.0248420719068911
0.895743027643064,1.037146172979755
0.9964585676627981,1.0012662816709923
0.9964585676627981,1.001266281670992
0.9785081572280108,1.0012662816709923
0.03216187166643627,0.03375129892382317
0.9648561503036047,1.0125389672566798
0.964856152077533,1.0125389646272596
0.9302960971448834,1.0248420719068911
0.9302960971448838,1.024842071906891
0.8956728993351413,1.037047498951612
0.8380873834742532,1.057866688912467
,,egauge30378,egauge22271,egauge20407,egauge22785,egauge33764,egauge3166,egauge3608,egauge15601,egauge18158,egauge9102
,,1,1,1,1,1,1,1,1,1,1
,,1,1,1,1,1,1,1,1,1,1
0.9964494522980383,1.001256976401668
0.9647661140753784,1.012446720512272
0.9301175676872545,1.0246593057582867
0.8954760422508761,1.036872873463678
0.9964494522980383,1.0012569764016683
0.9964494522980383,1.0012569764016679
0.9784985523493197,1.0012569764016683
0.032158870469179285,0.03374822401707574
0.9647661143876464,1.012446720059199
0.9647661161716587,1.0124467174582832
0.9301175676872543,1.0246593057582867
0.9301175676872545,1.0246593057582867
0.8952912536154409,1.0366756084271447
0.8378411421447877,1.057586985544867
,,egauge8816,egauge33764,egauge18544,egauge16608,egauge22271,egauge16133,egauge3167,egauge13830,egauge23534,egauge3611
,,1,1,1,1,1,1,1,1,1,1
,,1,1,1,1,1,1,1,1,1,1
0.9964570477758969,1.0012727284306693
0.9648411375404975,1.0126028770467737
0.9302663294649642,1.0249686928777584
0.8956985109996172,1.0373355156431217
0.9964570477758969,1.0012727284306695
0.9964570477758969,1.0012727284306693
0.9785113608864052,1.0012727284306695
0.03216137125134992,0.03375342923489246
0.9648411378513053,1.012602876585433
0.9648411396269085,1.012602873936828
0.9302663294649642,1.0249686928777584
0.9302663294649645,1.0249686928777584
0.8956092644433761,1.0373051455548459
0.8380463256638978,1.0580604684216834
,,egauge13836,egauge26086,egauge7692,egauge33764,egauge20358,egauge3611,egauge22271,egauge18544,egauge22084,egauge16133
,,1,1,1,1,1,1,1,1,1,1
,,1,1,1,1,1,1,1,1,1,1
0.9964585676627981,1.0012662816709923
0.964856149993088,1.0125389677146952
0.9302960971448836,1.0248420719068911
0.895743027643064,1.037146172979755
0.9964585676627981,1.0012662816709923
0.9964585676627981,1.001266281670992
0.9785081572280108,1.0012662816709923
0.03216187166643627,0.03375129892382317
0.9648561503036047,1.0125389672566798
0.964856152077533,1.0125389646272596
0.9302960971448834,1.0248420719068911
0.9302960971448838,1.024842071906891
0.8956728993351413,1.037047498951612
0.8380873834742532,1.057866688912467
,,egauge26944,egauge26086,egauge19810,egauge18158,egauge7692,egauge21932,egauge2850,egauge14018,egauge16608,egauge30039
,,1,1,1,1,1,1,1,1,1,1
,,1,1,1,1,1,1,1,1,1,1
0.9992977286992646,1.0000240683456523
0.9980961839141863,1.0001105708021694
0.9963657283156003,1.0000936787557273
0.9961811170920895,1.000362481603584
0.998551890671259,1.0003548762718462
0.9985510609023458,1.0008129189078236
0.9784531606956328,0.9999997190987255
0.03326247430468069,0.03334139915043292
0.9973263095116114,1.0001960594580885
0.9980961837688228,1.000110570804926
0.9955568880170033,0.9999997190971778
0.9957698488319533,1.0002852135633464
0.9960363576391805,1.0005103672656328
0.9960853149253142,1.0006300353850115
,,egauge15601,egauge18544,egauge3167,egauge2850,egauge19821,egauge22785,egauge20925,egauge30039,egauge5198,egauge26086
,,1,1,1,1,1,1,1,1,1,1
,,1,1,1,1,1,1,1,1,1,1
0.9993626582387694,1.000065406686693
0.9981561978032945,1.0004090705384916
0.997562856107397,1.00097532216709
0.9969132804551674,1.0013085201701852
0.998490355853125,1.0005636239930529
0.9992223833884989,1.0007966932221821
0.9785164888551653,1.0003007624362195
0.03320240842911712,0.033334627155851046
0.9976115686242361,1.0007562505654506
0.9969479597588384,1.0003897684747616
0.9975422787434598,1.0010249118141774
0.9974455753854651,1.001243069690634
0.9962978758253099,1.001454211153371
0.9967215313974798,1.0016514021598706
,,egauge4183,egauge33764,egauge30378,egauge20358,egauge9102,egauge14795,egauge3611,egauge22271,egauge18350,egauge13830
,,1,1,1,1,1,1,1,1,1,1
,,1,1,1,1,1,1,1,1,1,1
0.9993626582387694,1.0001078046515974
0.998793173030254,1.0007989069578656
0.9981119305457761,1.0012222207928752
0.9980672641462178,1.001382401011463
0.9993626582387694,1.0003136525843974
0.9991646267400484,1.0006411619803242
0.9785164888551653,1.0005898877868002
0.03328973955578114,0.033365026382355126
0.9980565260153151,1.000958221267233
0.9975898120915384,1.0013979825551147
0.9976920770585993,1.0012635571445774
0.998079920801413,1.0015684342822222
0.9980382434113593,1.0014623204430735
0.9980352560959359,1.0015707454159453
,,egauge20925,egauge23534,egauge20670,egauge28684,egauge4183,egauge14795,egauge8617,egauge20358,egauge8253,egauge22271
,,1,1,1,1,1,1,1,1,1,1
,,1,1,1,1,1,1,1,1,1,1
0.9998893936710133,1.000102814322417
0.9990409304348551,1.0007355365071637
0.9983006880975985,1.0010305814317215
0.9977206240879879,1.0012612552455846
0.9989724708543006,1.000365573887095
0.9990861360664308,1.0006555913518766
0.03330716995825501,0.03335454046544871
0.9988323483427395,1.000927918312899
0.9988793164283477,1.0009177907701776
0.9975410549040056,1.0013539048262803
0.9982389050150439,1.0010264489537892
0.9981726349908759,1.001165968098795
0.9971191004443526,1.0012903878008448
0.997613128372017,1.0016041180475022
,,egauge20358,egauge32290,egauge15601,egauge2850,egauge27467,egauge3167,egauge14018,egauge30378,egauge13974,egauge20925
,,1,1,1,1,1,1,1,1,1,1
,,1,1,1,1,1,1,1,1,1,1
0.9998053883118445,1.000032927587576
0.9980015980043241,1.0000262655522894
0.9972156522136749,1.0005941860531529
0.9968780514712788,1.0008375201421968
0.9996952800704968,1.0001880988553105
0.9980853395309249,0.999999719134257
0.03323610026321622,0.033367804386761075
0.9960257290055637,0.9999997194643093
0.997900706260955,1.0003307486583577
0.9979246147211608,1.0002385500971185
0.9970017846152768,1.0007429054122092
0.9969918730743259,1.0007868604574215
0.996537664180516,1.0009467228905367
0.9968141280007118,1.001083801519315
,,egauge20670,egauge16133,egauge8253,egauge7692,egauge28684,egauge3608,egauge18544,egauge8816,egauge3167,egauge22084
,,1,1,1,1,1,1,1,1,1,1
,,1,1,1,1,1,1,1,1,1,1
0.9997941245298929,1.0000561968817974
0.9982656651061853,1.0004045891744504
0.9970073021210918,1.0006492740690718
0.996905354453375,1.00060449685448
0.999569644715649,1.0003682357056787
0.9976946529266598,1.000392774996471
0.03326190742476718,0.03334154238791321
0.9972675838274818,1.0005462803377483
0.9981950162707219,1.0005370597386651
0.9969355566363114,1.000365986142222
0.9969744004196792,1.0007938710482178
0.9950192624316361,1.0009362531506782
0.996861884079569,1.0006699971253652
0.9967988173123298,1.000433302129687
,,egauge18350,egauge8617,egauge2474,egauge22084,egauge19696,egauge17073,egauge13830,egauge30378,egauge27467,egauge4183
,,1,1,1,1,1,1,1,1,1,1
,,1,1,1,1,1,1,1,1,1,1
0.9998242894953284,1.0000836994668598
0.9982664653975364,1.0006891409573138
0.9975024883632341,1.0011821223630195
0.9973176271024007,1.0014919707975611
0.9996975506386762,1.0002216543559654
0.9989800976981126,1.0002543191637803
0.998122326858816,1.0006877899370892
0.03327184836729931,0.03335024785214794
0.9968959668098697,1.001037174889157
0.9980162422580628,1.0012261571173926
0.9974119618713033,1.0012606611587376
0.9967567649080303,1.0014070738452496
0.9972016592415958,1.0017330041329544
0.9971790662754645,1.001679593850932
,,egauge20670,egauge20358,egauge22271,egauge16616,egauge15623,egauge27467,egauge26086,egauge19810,egauge28351,egauge7731
,,1,1,1,1,1,1,1,1,1,1
,,1,1,1,1,1,1,1,1,1,1
0.9998591194698704,1.000080651206101
0.9987720232617011,1.0004932917386617
0.9977644428884601,1.0006949582944529
0.9971147968033977,1.0009704034879672
0.999549153135572,1.0003694428666983
0.9995533761867461,1.0003742689599116
0.033306075973495705,0.03336347367081312
0.9986104607627797,1.0005540170922047
0.998618825429004,1.000614751133388
0.9985216504190265,1.0010341600402977
0.9976944671914907,1.0008312986360597
0.996757432026326,1.0002809677838078
0.9964268707033983,1.0010348950314132
0.9970401994301027,1.0013667276159628
,,egauge13836,egauge3611,egauge16608,egauge30039,egauge3166,egauge2850,egauge15601,egauge9102,egauge20407,egauge17073
,,1,1,1,1,1,1,1,1,1,1
,,1,1,1,1,1,1,1,1,1,1
0.9997420262336978,1.000040656932009
0.9979605202180538,1.000083618476776
0.9972862194193916,1.0003658141892415
0.9970950354541233,1.0004811033712209
0.9995652911128904,1.000504835276283
0.9977092703312374,1.0003388066739411
0.03330975130505867,0.03335348345693149
0.9978697210083631,1.0003340678517854
0.9979403409306613,1.0001509131658066
0.9940015413502443,0.9999345927067199
0.9971426543162432,1.0004493673987673
0.9965087648943386,1.000513161877034
0.9966867063376106,1.0003719746491067
0.9969884742836659,1.0008343595503464
,,egauge19696,egauge9102,egauge20925,egauge7731,egauge28351,egauge13830,egauge2850,egauge32290,egauge3166,egauge17073
,,1,1,1,1,1,1,1,1,1,1
,,1,1,1,1,1,1,1,1,1,1
0.9997937937749427,1.0000421476232144
0.9984760441082728,1.0002109294689125
0.997087316494024,1.0000477029863886
0.997004476037957,1.0002318424784125
0.9982792870271394,1.000413920484172
0.9983523143357167,1.0004410991441155
0.03326442181341197,0.03335563633937968
0.9982842626920513,1.000565165057361
0.9977524454572758,1.000281752927213
0.9983412567687655,1.0006550153691556
0.9962438194022388,1.0000642141191574
0.9968214061649456,1.0000477029863888
0.9969899836885522,1.0002959132330382
0.9968872728477886,1.0005784067947698
,,egauge28351,egauge33764,egauge20358,egauge20670,egauge7729,egauge3167,egauge30039,egauge3611,egauge22271,egauge14795
,,1,1,1,1,1,1,1,1,1,1
,,1,1,1,1,1,1,1,1,1,1
0.9998308243440486,1.0001133825482014
0.9987211838307422,1.0009326625221848
0.9980790294313053,1.0016082339165757
0.9978175629898667,1.0020186759686307
0.9988162969932847,1.0002736846037348
0.9991304836315918,1.0006356123500717
0.033316683867599964,0.03334780700407789
0.9985703989447855,1.0011505488522041
0.9974341718322486,1.0010469535272575
0.9983466373851609,1.001125850866088
0.9980543216189227,1.001740584696836
0.9970878465523138,1.001726109991731
0.9977450364173972,1.0022592944259132
0.9974870286281463,1.0023511171012867
,,egauge3608,egauge7729,egauge22084,egauge3167,egauge18158,egauge20407,egauge27467,egauge22785,egauge20670,egauge8253
,,1,1,1,1,1,1,1,1,1,1
,,1,1,1,1,1,1,1,1,1,1
0.9998016240491306,1.0000437373705675
0.9986258226408559,1.0005447769301508
0.9979424200119438,1.0009621331747114
0.9973185757107826,1.0011286723876027
0.9987551354059984,1.0000227575707092
0.997173911766936,1.00034957872222
0.9986594744615795,1.0000227575707092
0.03328517145655376,0.03335486656122217
0.9985248563150855,1.0008704471283147
0.996951795934183,1.0002552918497996
0.9978765463222223,1.001110917183715
0.9971750100182044,1.0010156683152673
0.9968097507114555,1.001288901141246
0.9963670815620425,1.0011715083663895
,,egauge17311,egauge3611,egauge26944,egauge20407,egauge15623,egauge18158,egauge20358,egauge27467,egauge13830,egauge15601
,,1,1,1,1,1,1,1,1,1,1
,,1,1,1,1,1,1,1,1,1,1
0.9998110638406337,1.0001007027989908
0.9986505010578169,1.000774128666277
0.9978061493512173,1.0014298708557432
0.9969917460980631,1.0018531129888626
0.9993544102649926,1.000247849075385
0.9978179124484242,1.000359674890869
0.03324443145907118,0.033358787347092335
0.9980528735854183,1.000606187719716
0.9983678481179316,1.0009260087283065
0.998169216830717,1.0014118646651178
0.9977814493207613,1.0014918920639353
0.9978168158781517,1.0017192006349
0.9969989922853225,1.0019916071601331
0.9956193547067306,1.002357139909692
,,egauge3167,egauge17073,egauge20670,egauge3611,egauge3608,egauge9102,egauge19810,egauge18544,egauge19696,egauge20407
,,1,1,1,1,1,1,1,1,1,1
,,1,1,1,1,1,1,1,1,1,1
0.9997464377954491,1.0000492981985294
0.9974748335391012,1.0001828659020713
0.9956709506261757,1.000214316073976
0.9946805458341761,1.0002463592419517
0.9995644352400658,1.000159218076188
0.9989967155845468,1.0006974163641587
0.03330628950505982,0.033355717321916854
0.9969158364385392,1.000293833502452
0.9964676271340349,1.0001626334675764
0.9963629806744727,1.0004914076426872
0.9952605161350726,1.0000615885363546
0.9953199948344612,1.0005888730685868
0.9936844945989737,1.000413698106698
0.9938171639379865,1.0000538515212167
,,egauge3608,egauge3611,egauge15623,egauge19821,egauge24121,egauge16608,egauge7692,egauge30378,egauge22084,egauge18350
,,1,1,1,1,1,1,1,1,1,1
,,1,1,1,1,1,1,1,1,1,1
0.9992671123758134,1.0000726281119732
0.9984454384292736,1.000700312768568
0.9975481701587836,1.000856192364081
0.9966764144997576,1.0007985972140463
0.9987513895279126,1.0000405440032076
0.9977344494728445,1.0003038816794354
0.9784232994610724,1.0003607945096848
0.03328151461430912,0.03337659897463132
0.9984454384503456,1.0008319275408313
0.9984454385894025,1.0010480196716869
0.9974006754692126,1.000909907185549
0.9973774831740185,1.0010810572807445
0.9956852236669442,1.0006748737275997
0.9966764145390375,1.0008842401477371
