,,egauge22084,egauge28684,egauge19821,egauge18544,egauge14018,egauge26086,egauge19810,egauge15623,egauge15601,egauge8253
0.9997874592748369,1.0001054054701013
0.998055548801893,1.0007929596016092
0.996334675719836,1.000950807351008
0.9950141592245798,1.0012633572562513
0.9993297013348345,0.9999997190971771
0.9990889574275815,1.000443772765504
0.9986915984305225,1.0013608248561177
0.9980744220936539,1.0011513482144345
0.9976606638662622,1.0011612250727357
0.9981838209944957,1.0013248940194144
0.9961860719121488,1.0007956268526277
0.9960306757382367,1.0010737146080855
0.9940855754095993,1.0016072580304423
0.9941717346275426,1.001280229070083
,,egauge9102,egauge14795,egauge18544,egauge17311,egauge26086,egauge16133,egauge14018,egauge20925,egauge21932,egauge4183
0.999883464359952,1.0000880150972602
0.9989891353531773,1.0006302411947592
0.9982267118612835,1.0009575360601737
0.9982267118609227,1.0010523769660644
0.9991016554740404,1.0002537118008525
0.997835818123492,1.0007134655090473
0.9992159961006615,1.000944696255215
0.9987274707660249,1.0007515121357755
0.9986789500225612,1.000955905882289
0.9970656618883013,1.0007631987362915
0.9980341545813336,1.0010317472404915
0.9969975478340896,1.0012606503871464
0.9982267118605154,1.0010523769556903
0.9982267118609227,1.0012726843301238
,,egauge24121,egauge20407,egauge16616,egauge15623,egauge22271,egauge8816,egauge7692,egauge3608,egauge9102,egauge17311
0.999816142104994,1.0000326661118422
0.998345611843576,1.000463574733317
0.9974685821426469,1.0006411961561803
0.997127181202745,1.0008019301095394
0.9990262392748451,1.0001413792487053
0.9981101880102264,0.9999997190971771
0.9994306275913818,1.000137625707389
0.998277936560253,1.0005957724159151
0.03327574973513609,0.03335919825120997
0.9948898723691266,1.001161201722783
0.9970641078786322,1.0006882210405206
0.9965664241744346,1.0005917128171165
0.9965997749844038,1.0009461545423404
0.9970861829645887,1.0009074833236498
,,egauge3611,egauge16608,egauge3166,egauge18544,egauge7729,egauge20407,egauge3167,egauge21932,egauge30378,egauge7731
0.9998521865808211,1.0000717150328498
0.9985569637205516,1.0005852031334652
0.9980380362219358,1.0009484210686386
0.9975585955778081,1.0012617688314867
0.9987505528178195,1.0002302728719987
0.9993460264795251,1.000580369246836
0.9991807028963934,1.0002650786490936
0.9985067486116478,1.0009435038145589
0.9974271096982947,1.0007490980983593
0.9969153180818785,1.000239462512797
0.9980111861105502,1.0009823331723327
0.9980380362219358,1.0009484210686386
0.9970503005428178,1.0014168115849456
0.997504429373042,1.0015577069629942
,,egauge18350,egauge9102,egauge18544,egauge15623,egauge7731,egauge19810,egauge26944,egauge30039,egauge3166,egauge23534
0.9998515174649943,1.0000873411439193
0.9986241076674057,1.0005557070512352
0.9978884927519489,1.001087166749408
0.9977884152320862,1.00123094434184
0.9996700761121,1.0002179295615024
0.9984383595097583,1.000489434664608
0.9991638390507256,1.0009620912677086
0.9985608187836919,1.0006908315370078
0.998536352797628,1.0008778651578811
0.9966982854248183,1.0001843559502657
0.9973969293377448,1.0012113162598346
0.03326109334430981,0.0333810041959197
0.9977619443648283,1.001264931318513
0.9976308692015804,1.0015465992982635
,,egauge23534,egauge16616,egauge24121,egauge18158,egauge16133,egauge8816,egauge13836,egauge22271,egauge19696,egauge18544
0.9997477422515055,1.0001159195796654
0.9976413852382269,1.0010714883867577
0.9966093826927025,1.001875814756329
0.995687476129027,1.0022396834438916
0.9994301897431261,1.0004530047030271
0.9994146431707743,1.000239649614054
0.9982053572493627,1.0003957116787114
0.997538248231029,1.0013836718906153
0.9973368482585668,1.001211824833081
0.9940613882335501,1.001482371874895
0.9965686910982784,1.0020313721761076
0.9965253610762184,1.0022297899742987
0.9946954395005645,1.0024246148636302
0.9956048643425945,1.002576142782859
,,egauge18158,egauge13836,egauge8617,egauge19810,egauge28351,egauge33764,egauge20407,egauge4183,egauge26086,egauge13974
0.9962824593913956,1.0013989726094952
0.9631769551171486,1.0138464498467858
0.9271982330375103,1.0275484200759792
0.8959063170454091,1.0275484200759792
0.9962824593913956,1.0013989726094952
0.9962824593913956,1.0013989726094952
0.9962824593913956,1.0013989726094952
0.9631769551171486,1.0138464498467858
0.9630361682170522,1.0137028910395924
0.9627561619337329,1.013743395823259
0.9271786184262678,1.0275284857671325
0.8671022625836006,1.050510694796472
0.8959063170454091,1.0275484200759792
0.838237983733741,1.027548420075979
,,egauge27467,egauge16133,egauge8617,egauge20925,egauge5198,egauge16616,egauge15623,egauge19810,egauge17311,egauge28684
0.9949717408750941,1.0010926640858786
0.9501283134566697,1.0125939084633013
0.9010713086998654,1.0253881672354257
0.8520283099041401,1.0253881672354257
0.9949717408750941,1.0013555437513793
0.9949717408750941,1.0011351998631908
0.9949717408750941,1.0007466213051135
0.9501283134566697,1.012767365105076
0.9501283134566697,1.0126447823282807
0.9501283134566697,1.0125939084633013
0.9010713086998654,1.0340885309346282
0.9010713086998654,1.0253881672354257
0.7962848361879616,1.0253881672354257
0.8520283099041401,1.0253881672354257
,,egauge28684,egauge5198,egauge23534,egauge3167,egauge21932,egauge27467,egauge26086,egauge19821,egauge18350,egauge7692
0.9963470516199903,1.0007789293586842
0.9640565112023158,1.007850581958791
0.9287904880332549,1.01553674087102
0.8935319382985244,1.0232232828912016
0.9963207045983553,1.000958691212351
0.9961682583257079,1.0007695680723006
0.9955254860389331,1.0010398405513903
0.9639547741403663,1.0079204764841148
0.96407250135373,1.0078385705625443
0.9640565112023161,1.0078505819587913
0.9287904880332549,1.01553674087102
0.9287904880332547,1.01553674087102
0.8534521771845471,1.0319634011760046
0.8935319382985244,1.0232232828912016
,,egauge18158,egauge16133,egauge15623,egauge3167,egauge8617,egauge18350,egauge26944,egauge4183,egauge7692,egauge27467
0.9964654808449266,1.0014565344400144
0.9649156161400488,1.0142588573563658
0.9304095047639249,1.0281362865787103
0.8958821001321896,1.0420149879943108
0.9964654808449266,1.0014565344400144
0.9964393920449655,1.0016699418443398
0.9965172336531439,1.0018698550648188
0.9649383667875346,1.0143609110803216
0.9648989006077621,1.0143185158641677
0.9649156161400491,1.014258857356366
0.9304095047639249,1.02813628657871
0.9304095047639251,1.0281362865787105
0.8958318516384833,1.0419245525113938
0.8382156526269924,1.065356779211468
,,egauge14018,egauge17311,egauge9102,egauge27467,egauge13830,egauge22084,egauge8617,egauge17073,egauge18544,egauge14795
0.9963768832456903,1.0014394309768677
0.9641187909304693,1.0142310990921934
0.9288500580601275,1.0281901737384658
0.8935887992819578,1.0421505355065581
0.9963768832456903,1.0014394309768677
0.9961595590553582,1.001515070461884
0.9961829091812752,1.0015415205211076
0.964115948677547,1.0142579657345945
0.9641044040179672,1.0142058807564631
0.9641187909304695,1.0142310990921937
0.9288500580601275,1.0281901737384658
0.9288500580601275,1.0281901737384658
0.8535059588032545,1.0511966415609977
0.8380135005382234,1.0654958878943814
,,egauge2474,egauge5198,egauge13830,egauge4183,egauge15623,egauge3166,egauge18350,egauge22084,egauge26944,egauge9102
0.9957624073185949,1.001382208409077
0.9580909698623316,1.0138718057875
0.9169186265608251,1.0276039633045562
0.8959903275436256,1.0276039624724986
0.9957624073185949,1.001382208409077
0.9957624073185949,1.0010454900583723
0.9957624073185949,1.0013394710478187
0.9580909698623316,1.0137454336501615
0.9580909698623316,1.013829119890593
0.9580909698623313,1.0138718057875
0.9169186265608251,1.0276039633045562
0.857622878060306,1.0505676950121716
0.8959903291720945,1.027603961529225
0.8383154741802137,1.0276039624724989
,,egauge13836,egauge22084,egauge8816,egauge7729,egauge27467,egauge19696,egauge16608,egauge32290,egauge3166,egauge9102
0.9997377094758513,1.0000699758866192
0.9984386221607336,1.0006129693414403
0.9979019221832186,1.0008111443375998
0.9974395740079302,1.000939142843286
0.9995962393635661,1.0005305172222654
0.9987509538507197,1.0003838713063622
0.9957609121743407,1.0008583375244606
0.9975749127524713,1.0007686062145857
0.9983096259327328,1.000909973491146
0.9957341610818842,1.0012986785674995
0.997810760340879,1.000886990368222
0.9970555631548662,1.0007419844002738
0.997402860292332,1.0009683573640364
0.9967204860710897,1.0011640893414646
,,egauge19821,egauge5198,egauge23534,egauge28684,egauge17311,egauge28351,egauge20670,egauge7692,egauge22271,egauge13974
0.9926220759069768,1.0001097764594367
0.9268461886012475,1.0007142913755982
0.854824421163405,1.001162771644399
0.7828309646484145,1.0014127260889458
0.9926220759069768,1.0007287656627606
0.99249456496939,1.0005224710023783
0.9925311239318044,1.0008181577242565
0.9268461886012475,1.00089168289037
0.9268461886012475,1.0008261181713762
0.9268461886012475,1.0008831271617848
0.8548244211634048,1.0012494272489127
0.854824421163405,1.0012816420921604
0.7010158471654514,1.0016532657052784
0.7828309646484145,1.0014769348001056
,,egauge8816,egauge20925,egauge16608,egauge19696,egauge3611,egauge27467,egauge18350,egauge26944,egauge8253,egauge22785
0.9923425238944447,1.0009736294089737
0.9242679780232232,1.0111172434098386
0.8497852584183031,1.0225191136333052
0.7828364924133603,1.0225191136333052
0.9923425238944444,1.0009736294089737
0.9923425238944449,1.0009736294089737
0.9923425238944444,1.0009736294089737
0.9242679780232232,1.0111172434098386
0.9242679780232232,1.0111172434098386
0.9242679780232232,1.0111172434098383
0.849785258418303,1.0302725981361682
0.725318914809593,1.0225191136333052
0.7010207971832286,1.0225191136333052
0.7828364924133602,1.0225191136333052
,,egauge17311,egauge17073,egauge13830,egauge14795,egauge33764,egauge19821,egauge8816,egauge15601,egauge26944,egauge22785
0.9998026015865459,1.000116812604687
0.998005976013645,1.0011970960644154
0.9962445553081364,1.001766397217623
0.9956563304438464,1.001962175965151
0.9993841780480772,1.0002517667386175
0.9961477759739622,1.0007360518387993
0.9978199200935175,1.0006114954430192
0.9977773705208037,1.0015139800844974
0.9969914037362824,1.0013994176862901
0.9976487776641457,1.0023026349649615
0.9954773855314547,1.0018145589582341
0.9961693075766528,1.002272530528962
0.9955857215951681,1.0021919848055554
0.9947766143623561,1.0019515791791813
,,egauge22785,egauge16608,egauge17073,egauge3611,egauge33764,egauge9102,egauge24121,egauge8816,egauge7731,egauge15601
0.9926283459527181,1.0001054336650657
0.9267838923664736,1.0008810228181642
0.8547669566313731,1.0014697575763927
0.7827783298511579,1.0019130010653852
0.9926283459527181,1.0001608892417158
0.9927716320757021,1.000656591287302
0.9926714646212057,1.0007927325367605
0.9266476350805134,1.0009599138207699
0.9267838923664736,1.0011668606916104
0.9267838923664736,1.0012719315058172
0.8547669566313731,1.0015235216538976
0.8547669566313731,1.0018357493624912
0.023365623370263912,0.03340339957359577
0.7827783298511579,1.0023762189251155
,,egauge19821,egauge4183,egauge23534,egauge19810,egauge28684,egauge20670,egauge24121,egauge33764,egauge14018,egauge20358
0.9998034352930967,1.0001073712437467
0.9985125150153055,1.0005598961769835
0.9971915155651826,1.0010869804097515
0.9971392247731875,1.0014095284200581
0.9992880589654871,1.0007350407191076
0.9960915595968346,1.000632284559526
0.9988997689324739,1.0007803862175648
0.9975729397286088,1.0003371877401566
0.9983491133651914,1.0006925887216769
0.9978691943239175,1.0009899077411422
0.997101348122982,1.0011407202054619
0.9952044378249136,1.0012968393804402
0.9963040816200616,1.0016744678715097
0.9970340697778658,1.001559237313342
,,egauge20407,egauge20670,egauge24121,egauge28351,egauge16616,egauge32290,egauge17073,egauge2474,egauge19821,egauge22084
0.9922760438821153,1.0000657482162287
0.9241847986128485,1.0005898692059656
0.8497087810251563,1.001093242668759
0.7827830065532281,1.0013612499694489
0.9922760438821153,1.0000565098962304
0.9904133124281687,1.0006679726753334
0.9921807094011524,1.0007628786580993
0.9240954082233114,1.000737154380149
0.9241847986128485,1.0006525276316636
0.9241847986128485,1.0004240955113528
0.8497087810251563,1.001154882178503
0.725253637012334,1.0013352264577722
0.023365763366023185,0.03339295321315454
0.7827830065532281,1.0011809291920108
,,egauge26944,egauge22084,egauge18544,egauge15623,egauge22785,egauge3167,egauge3166,egauge13836,egauge19696,egauge9102
0.9923409972563788,1.0010914908946706
0.9237470208331175,1.0124713697793035
0.8465626747808699,1.025263802480478
0.8465626747808699,1.025263802480478
0.9923409972563787,1.0010914908946709
0.9923409972563788,1.0010914908946709
0.8743457534788545,1.017724929712658
0.7947220686027819,1.0124713697793035
0.9237470208331175,1.0124713697793035
0.9237470208331177,1.0124713697793035
0.7939766816633858,1.0339629244075217
0.024175023795326094,0.03417546008268261
0.8465626747808699,1.025263802480478
0.8465626747808699,1.025263802480478
,,egauge30378,egauge22785,egauge18544,egauge3611,egauge8253,egauge7729,egauge8617,egauge22084,egauge4183,egauge16133
0.9929951957926477,1.0004033579944964
0.9238159594831546,1.0047215578178579
0.9238664418714028,1.0047215578178574
0.9238664418714028,1.0047215578178574
0.9929951957926477,1.0004033579944964
0.9927017628755103,1.0004086781448467
0.9927604054090052,1.0009347026716415
0.9049127042337906,1.0128071970197992
0.7947813769576973,1.0047215578178579
0.9239510737013915,1.0047215578178579
0.9239007698999493,1.0047215578178574
0.9238664418714028,1.0047215578178574
0.923866441871403,1.0047215578178574
0.030795548062380104,0.03349071859392858
,,egauge14795,egauge8617,egauge19810,egauge22271,egauge3611,egauge30039,egauge2850,egauge13836,egauge22785,egauge26086
0.9997746710829793,1.0000126076939113
0.9978362503673751,1.0003587142741812
0.9963532679269766,1.0003994709944308
0.9961461489638166,1.0006044823807376
0.9987942034049498,1.0003213148788588
0.9989322291465682,1.0001987378583002
0.9974604412097906,0.9999637092466039
0.9978081467045004,1.0007465446761243
0.9968068152089962,1.0004405560103624
0.9976679699132625,1.0007995113108137
0.9955055975788085,1.0001189875127727
0.9963042984654441,1.0008393755515577
0.9959068259956328,1.0006215316917
0.03320505921039191,0.033364638275187354
,,egauge13830,egauge20358,egauge30039,egauge22785,egauge18544,egauge17311,egauge16133,egauge13974,egauge33764,egauge8816
0.9997530136200835,1.0000911081758894
0.997750958677087,1.000630191961808
0.9961082878071312,1.0010757598599118
0.9949591112490772,1.0014899280339966
0.9995017874720898,1.0003204921761146
0.9978021868466613,1.0003700286036477
0.999105155182449,1.000817048636326
0.9969209515968538,1.0007080864030036
0.9976721562253307,1.0009825406077533
0.9976964814368271,1.0008435080833236
0.9960280033375223,1.0010901201522138
0.9954805614852473,1.0011217582569714
0.9949024673249736,1.0016955706823238
0.9931209172874246,1.0018800346096093
,,egauge26944,egauge22785,egauge13830,egauge30039,egauge8816,egauge2850,egauge18544,egauge21932,egauge7692,egauge4183
0.9997796243953423,1.000033438367292
0.9981065393396723,1.0001641866875257
0.997394701049741,1.0004973456606072
0.9967076612434908,1.000685393695673
0.9985687262087469,1.0003540722470343
0.9978021868466613,1.0001632804056586
0.999136101139078,1.0005394930951181
0.9978357505501859,1.0002933583828775
0.9963216526600278,1.0003772098484949
0.9945935003287827,1.0001641866875257
0.9973778400905287,1.0006465013409833
0.997394701049741,1.0004973456606072
0.9959963290100123,1.0007494626206104
0.9966049599061199,1.0009056056576473
,,egauge30378,egauge20925,egauge19696,egauge7731,egauge16133,egauge21932,egauge18544,egauge22271,egauge16616,egauge2474
0.9998246276678209,1.0001195528256117
0.9990940797934018,1.0008567638802766
0.9984077340102366,1.0014381950378812
0.9978513235544291,1.0016226753956465
0.9990785487369903,1.0003464813111878
0.9981258657454772,1.000674058373827
0.9967630990570701,1.0008744835653989
0.9989305815968538,1.001119309010998
0.9980187081654754,1.0009875224302844
0.9990940797934016,1.0008567638802766
0.9983911044812581,1.0015804096259402
0.9982289932613199,1.0017522313161658
0.9974819256483046,1.0016677801448866
0.9970299769338704,1.0018648104364716
,,egauge3167,egauge16133,egauge3611,egauge16616,egauge26944,egauge30378,egauge13836,egauge5198,egauge23534,egauge16608
0.9998378535425454,1.0000960969905732
0.9987359285338835,1.0008538488745424
0.99789968332504,1.0013618939650115
0.9976463163958063,1.001570612071585
0.9995836161873235,1.000194014653361
0.9977615269049508,1.000425394750893
0.9976937032105399,1.0004070870351853
0.9985389230261129,1.0009165268439615
0.9976408329995998,1.0011845953715235
0.9977099108817108,1.0012636892453566
0.9978698848435884,1.0015497874608401
0.99699834483559,1.0014985701592287
0.9973972981011668,1.00181308982712
0.9975795626659328,1.001730605231462
,,egauge7729,egauge18350,egauge22785,egauge30039,egauge21932,egauge19810,egauge7731,egauge22084,egauge18158,egauge32290
0.9967689828274544,1.0009745914528687
0.9646063516646565,1.0110987047686266
0.9286317628726409,1.022500328331206
0.9285464978920339,1.022500328331206
0.9967689828274544,1.0009745914528687
0.9966020326221838,1.0009917573799636
0.9949479625929267,1.001048341933933
0.964465244027563,1.0109572287533932
0.9646061901457064,1.0112040622053755
0.9646063516646565,1.0110987047686266
0.9042291499878247,1.0302536450993423
0.9286317628726409,1.0225003283312062
0.928449550700758,1.0225003283312062
0.9285464978920341,1.0225003283312062
,,egauge3166,egauge22271,egauge20358,egauge13830,egauge18544,egauge13836,egauge16133,egauge3167,egauge22785,egauge17311
0.9998886912296197,1.0000988129710535
0.9989835269994763,1.0007974040304422
0.9981218189668077,1.0010335281949942
0.9976629012938626,1.0011535647089693
0.9996034668256668,1.0001782332950206
0.9979311671174429,1.0008719307303815
0.9995737172808749,1.0003784790933952
0.9979462865878932,1.000959384837143
0.9988819831167419,1.001203450469905
0.9988240719307939,1.0016758094671496
0.9976843128324299,1.0010867399310268
0.9980775805164699,1.0011313948887082
0.9971438776017404,1.0012096031415434
0.9976235742963695,1.0012718655648591
,,egauge3611,egauge21932,egauge26086,egauge13974,egauge20925,egauge23534,egauge18350,egauge20670,egauge32290,egauge8816
0.9962783518592309,1.0005220102559034
0.9962783518314287,1.000543952624209
0.9962783518314282,1.0007865077195863
0.9958647674093817,1.0008617814584928
0.9962783518592309,1.0005220102559034
0.9961084774927242,1.0003150668001723
0.8747798574847769,1.017717981856175
0.9962783518314287,1.0006877116448354
0.9962783518314287,1.0007722177819558
0.9962783516824165,1.0009768966868748
0.996278351831428,1.0008111952860599
0.9962783518314282,1.0010978861585909
0.9958090460746264,1.000817783484308
0.9938808150808931,1.001052725293919
,,egauge7731,egauge19696,egauge30378,egauge5198,egauge2474,egauge16608,egauge16133,egauge13830,egauge3166,egauge3611
0.9997932111133192,1.0000987006271638
0.9987424158821864,1.0006198315480965
0.9979931872967158,1.0008887023510527
0.9971361253416855,1.0009869879169242
0.9997209391433709,1.0004806705145743
0.9969704125613296,1.0008705198562184
0.9983224181411288,1.0006147505313683
0.997997289960695,1.0007760528778746
0.9979365739060401,1.0008739527888701
0.9985559820807656,1.0010851694818117
0.9979527079594935,1.0009570410502686
0.9979669902784282,1.0010796323648747
0.996908404796951,1.001020787122042
0.996037943320565,1.0011016242425002
,,egauge14795,egauge30039,egauge30378,egauge7729,egauge16133,egauge20670,egauge32290,egauge20407,egauge15623,egauge8816
0.999759768336269,1.000076109082845
0.9978565972770851,1.0003274019170199
0.9966014369015436,1.0003908919476723
0.9953916883467397,1.0006669728322177
0.9988489485550864,1.0004107261623134
0.9991516748970859,1.0007727412093257
0.9983002722435285,1.000552698853915
0.9966922211282284,1.0004912469695864
0.9967810585753677,1.000462152572012
0.9976838351755974,1.0008594512393405
0.9965697820263365,1.0003596474833791
0.9963749643186951,1.0002137571040697
0.9953645294936083,1.0007113069444304
0.9934088553831552,1.001063404722219
,,egauge13836,egauge21932,egauge30378,egauge8816,egauge3167,egauge2474,egauge17073,egauge19810,egauge3608,egauge14018
0.9997716362063211,1.0000613442832451
0.9978527990753927,1.0003447757637742
0.9968316348045114,1.0004783359925273
0.9958567122188733,1.0007154387443382
0.9995624901210061,1.000488234830067
0.9997716362063211,1.0000613442832451
0.9983715786135425,1.0005687517438373
0.9959717528843919,1.0005757052333033
0.9977933534116011,1.0004278221703833
0.9965372377195965,1.000781017870427
0.9967895506158357,1.0004795677141398
0.9958161898011979,1.0004783359925273
0.9951526669149752,1.0007154387443382
0.9952619363911209,1.0011118933388616
,,egauge16608,egauge7731,egauge14018,egauge3611,egauge20670,egauge17073,egauge7729,egauge22271,egauge5198,egauge19810
0.9998281808058823,1.0000874228965897
0.9982939280021281,1.0005119783956296
0.9967850728705812,1.0006180231193942
0.9961303319146626,1.0004723436153067
0.9996111779685598,1.0003465292341929
0.9994519297520518,1.0008089140575804
0.9973786575902185,1.0008659126857293
0.9975416861966473,1.0006603383302997
0.9976953617842123,1.0007568303761831
0.996756043828886,1.0010997417959837
0.9962333005264516,1.0006645346942744
0.9966996282828845,1.0009984270136503
0.9958363732359053,1.0006225531770838
0.9950688706726794,1.0000728245671733
,,egauge24121,egauge8816,egauge13830,egauge7729,egauge2474,egauge9102,egauge3166,egauge33764,egauge13974,egauge8253
0.9963103326869613,1.0005200924110567
0.963358993807045,1.0051292478773832
0.9279934222146498,1.0101557978531284
0.8927711554245167,1.0153183773004197
0.9963103326869613,1.0005200924110567
0.9960794366305188,1.0008125111208506
0.9961733621558279,1.000560871084156
0.9633019411387048,1.0051292473678812
0.9632319746770277,1.0051292467323683
0.9615365671060031,1.0051292272416927
0.9279018055732832,1.0100212313036037
0.9279877195997307,1.0102595357621924
0.85273263690715,1.0211884854553337
0.8927711554245167,1.0153183773004195
,,egauge33764,egauge8816,egauge15623,egauge8617,egauge17073,egauge8253,egauge28684,egauge21932,egauge18158,egauge7692
0.9998220407892161,1.0000803162975362
0.9983781154647402,1.000556074953109
0.9974074322150531,1.0009243421865783
0.9971829488546499,1.0011878298959367
0.9995296829053715,1.0003862169160567
0.996124463729717,1.0008193481787582
0.9992962723040129,1.0003952982419797
0.9983781154069371,1.0005558434753625
0.9982693965378381,1.000796720230369
0.9964542830333823,1.0006338417535148
0.9970583047713251,1.0010009583155586
0.9966329909305665,1.0009243421865783
0.9968942337641178,1.0014181598363436
0.9961470896014163,1.0013067038797139
,,egauge15623,egauge3611,egauge22785,egauge14795,egauge19821,egauge8617,egauge3167,egauge27467,egauge8253,egauge20358
0.9929020107643575,1.0000990475321998
0.9294598636918452,1.000896233080282
0.8600787679704853,1.0012567817214568
0.7907568952209165,1.001346452267827
0.9929020107643575,1.000246991332224
0.9929020107643575,1.000326103857501
0.9927577449978073,1.000251455620608
0.9294598636918452,1.0011987544891736
0.9293545611138926,1.001504696795477
0.9293047287520714,1.0009614064811168
0.8600552831934243,1.0012858074916513
0.8600787679704854,1.0016411203731808
0.7907568952209167,1.0013763485532714
0.6749147495360145,1.0014843693005597
,,egauge22271,egauge13836,egauge16616,egauge20925,egauge26086,egauge28684,egauge19696,egauge19810,egauge13974,egauge20670
0.9929296275251874,1.000790368887282
0.9297233786679241,1.0078309448654093
0.8603545834192283,1.0155169270254971
0.7910104922755983,1.0232032922833387
0.9929296275251874,1.000790368887282
0.9929296275251874,1.000934796932757
0.9929296275251874,1.000790368887282
0.9297884578593351,1.0078309448654093
0.9298925195963007,1.0078309448654093
0.9297233786679241,1.0078309448654093
0.8603545834192282,1.015516927025497
0.8603545834192283,1.0155169270254973
0.7910104922755984,1.0319432095754817
0.675131217769982,1.0232032922833387
,,egauge17073,egauge24121,egauge20925,egauge8617,egauge17311,egauge26086,egauge3167,egauge28351,egauge13830,egauge18350
0.9963939903517978,1.001275594972444
0.9642626161513161,1.0126312949253222
0.928987617993488,1.0250249949937795
0.893720095434888,1.0374197064827118
0.9963939903517978,1.001275594972444
0.9963939903517978,1.001275594972444
0.9963593916500416,1.001275594972444
0.9643305905575625,1.0126312949253222
0.9644392817508471,1.0126312949253222
0.9642626161513161,1.0126312949253222
0.928987617993488,1.0250249949937795
0.928987617993488,1.0250249949937795
0.853630134994713,1.0374197064827118
0.8382354449079266,1.0581466331675424
,,egauge23534,egauge15601,egauge13830,egauge20670,egauge4183,egauge7692,egauge16616,egauge18544,egauge26086,egauge8617
0.996381669964968,1.001275594972444
0.9641249313348496,1.0126312949253222
0.9288559295297135,1.0250249949937795
0.8935944018782366,1.0374197064827118
0.996381669964968,1.001275594972444
0.996381669964968,1.001275594972444
0.9963593916500416,1.001275594972444
0.9641249313348496,1.0126312949253222
0.9641249313348496,1.0126312949253222
0.9641249313348496,1.0126312949253222
0.9288559295297134,1.0250249949937795
0.9288559295297135,1.0250249949937795
0.8535112557894762,1.0374197064827118
0.8382354449079266,1.0581466331675424
,,egauge21932,egauge22785,egauge20358,egauge28351,egauge4183,egauge23534,egauge5198,egauge22271,egauge15601,egauge22084
0.9998507735898006,1.0000774501984582
0.9988800506229385,1.0007278518725453
0.9978820702016992,1.001178088438965
0.9969555630464224,1.0013722326694368
0.9998507735898006,1.0000774501984582
0.998246839462163,1.0002245607365068
0.9995559838080528,1.0004060678726236
0.99809381030921,1.000879940230026
0.9987686061763991,1.000894185150484
0.9982327025639355,1.001330915520236
0.9978710067980255,1.0012256965980058
0.9977722197338682,1.0014892300053888
0.996024822830466,1.0017161776392678
0.9967592954346217,1.0011910559639683
,,egauge2850,egauge3167,egauge7729,egauge3166,egauge17311,egauge21932,egauge15623,egauge26944,egauge20925,egauge19821
0.9997944070105195,1.0000210137888557
0.9989332427262511,1.000570733766407
0.9980147556700625,1.0012078508906503
0.9977599653583972,1.0017393185851766
0.9976015269167815,0.9999997191099095
0.9992389046551358,1.00023278794624
0.9969704288764945,1.0003165144496704
0.9989017552354043,1.0006258832573525
0.9988964787043682,1.0006944118800942
0.9989332427262511,1.0005707337664071
0.9979848742138222,1.0012650191480503
0.9967421138994164,1.001545050192906
0.9975831823293232,1.0019056729025997
0.9975633148375446,1.0023833371267845
,,egauge14795,egauge3166,egauge9102,egauge26086,egauge8253,egauge28351,egauge22084,egauge19810,egauge23534,egauge3167
0.998137185839686,1.0000379820509397
0.9981371858396859,1.000103770829204
0.9976439729843608,0.9999997190971769
0.9975231509947616,1.000210639430101
0.998137185839686,1.000372584049526
0.9981371858396859,1.0001871332586671
0.9373977552109657,1.0004476414257772
0.9981371858396859,1.0004769167378105
0.9976327410173762,1.0001381330394221
0.9970010927634347,1.0003937156543845
0.997597096939233,0.9999997190971766
0.996564251447807,0.9999997190971769
0.9973715298255705,1.0004448780209867
0.9973248266315039,1.0002902953033113
,,egauge20407,egauge20925,egauge26086,egauge13836,egauge16616,egauge3608,egauge27467,egauge20358,egauge17073,egauge22785
0.9963816693277566,1.0007903688556514
0.9641249218933107,1.0078309443725382
0.9288559097276764,1.0155169259893546
0.8935943766636839,1.0232032910456532
0.9963816692371966,1.0007903688494177
0.9963816693277566,1.0007903688556514
0.9963816693277566,1.0008243981177405
0.9641249218933107,1.0078309443725382
0.9641249218933107,1.0078309443725382
0.9641249218933107,1.0078309443725382
0.9288559059667905,1.0155169257306034
0.9288559106765831,1.0155169260543067
0.8535112244828296,1.0319432081118496
0.893594376663684,1.023203291045653
,,egauge20670,egauge15601,egauge8253,egauge13830,egauge33764,egauge3166,egauge15623,egauge16616,egauge7692,egauge8617
0.9997926916590615,1.0000844756521374
0.9989641827308806,1.000500365157531
0.9981435442384338,1.0007157587051543
0.9974094909416102,1.0008213782985054
0.9995726280869774,1.0003846988747018
0.9972288596530902,1.0010227216127041
0.9978249179099473,1.000252496854282
0.9987694968470923,1.0006751554352558
0.9988755563900631,1.0007061083329787
0.998364625518518,1.000575718695209
0.998115331776552,1.0007634579395925
0.9979845750398524,1.0007820199042061
0.9966974488710344,1.0009165087447085
0.9972292237961234,1.0008580846820692
,,egauge8253,egauge16616,egauge9102,egauge20407,egauge30378,egauge14018,egauge14795,egauge20670,egauge13830,egauge27467
0.9964595317930887,1.0012755949427743
0.9649067784752207,1.0126312943200566
0.9304010380012174,1.0250249941317002
0.895902257874834,1.0374197053640362
0.9963845842059235,1.0012755948842924
0.996459531928969,1.0012755947395662
0.9964595319073487,1.0012755947718783
0.9649067789546492,1.0126312936041666
0.9649067784752207,1.0126312943200566
0.9649067784752207,1.0126312943200566
0.9304010380012172,1.0250249941317002
0.9304010380012174,1.0250249941317002
0.8959022578748341,1.0374197053640364
0.8382342408686103,1.0581466316257377
,,egauge24121,egauge18350,egauge33764,egauge16608,egauge7731,egauge5198,egauge15601,egauge8617,egauge13830,egauge30378
0.9998831135826937,1.0001057196095138
0.9990236142742381,1.0008851655377324
0.9982128836293227,1.0014528674649559
0.9978297728109242,1.0017111120492455
0.9991088791808438,1.0002448110275828
0.9993954458216873,1.0003471042472734
0.9991401394499158,1.0007006220141674
0.9989491627652715,1.0010613164587792
0.9989719538774993,1.001164925832489
0.9973967544769318,1.0011255036762052
0.9976835688011269,1.0016480681207105
0.9982102037103013,1.0014903184187476
0.9976171567966441,1.0018496012624338
0.9970822513807651,1.0019392566228191
,,egauge19696,egauge4183,egauge27467,egauge16133,egauge14795,egauge3167,egauge15601,egauge3611,egauge15623,egauge30039
0.996464142734153,1.001275594972444
0.9649112161592212,1.0126312949253222
0.9304052864071573,1.0250249949937795
0.8959063170454091,1.0374197064827118
0.996464142734153,1.001275594972444
0.9964641427341531,1.001275594972444
0.996464142734153,1.001275594972444
0.9649112161592212,1.0126312949253222
0.9649112161592212,1.0126312949253222
0.9649112161592212,1.0126312949253222
0.9304052864071573,1.0250249949937795
0.9304052864071573,1.0250249949937795
0.8959063170454091,1.0374197064827118
0.838237983733741,1.0581466331675424
,,egauge3611,egauge16133,egauge2850,egauge3166,egauge18350,egauge16616,egauge7692,egauge26944,egauge9102,egauge23534
0.9997207383600453,1.000024903943179
0.9986474305733479,1.0005231683049671
0.9974975260443498,1.0010055754640366
0.9971721998562387,1.0012108489542297
0.9986263415099422,1.0001849893417976
0.9977305157517091,1.0003196431891963
0.9953313708742542,1.0003673115064635
0.9986141502748113,1.0006147924227877
0.998541803755365,1.0006649353344046
0.9984639328218533,1.000633911299381
0.9974540575334476,1.0010578176627025
0.9962256656278418,1.0013510633773748
0.996892120205957,1.0013229509240296
0.9970401125011925,1.0015147014940817
,,egauge15601,egauge8816,egauge2474,egauge22271,egauge26944,egauge32290,egauge22785,egauge18544,egauge3608,egauge5198
0.9968372032783936,1.0010903532220587
0.9647858095836191,1.0124661686111656
0.9647858095836189,1.0124661686111651
0.9647858095836189,1.0124661686111651
0.9968372032783936,1.0010903532220587
0.9960680933076622,1.0010903532220587
0.9957278816022241,1.0010903532220587
0.904923143530165,1.0337775236027704
0.9647858095836191,1.0124661686111658
0.9647858095836191,1.0124661686111656
0.9647858095836187,1.0124661686111651
0.9647858095836189,1.0124661686111651
0.9647858095836189,1.0124661686111653
0.9647858095836189,1.0124661686111651
,,egauge17311,egauge3167,egauge7731,egauge15601,egauge28351,egauge13836,egauge19696,egauge9102,egauge22084,egauge19821
0.9998376375577794,1.0001077404414678
0.9982909346743448,1.0010295295621126
0.9969932071161618,1.0015202090206503
0.9968053738893036,1.001788433084099
0.9993644308413171,1.000252271730268
0.9993106153274081,1.0003176725583385
0.9994914859718725,1.0008804178542732
0.9976291050112303,1.0015077846240634
0.9973307332557109,1.001181672126832
0.9981511028736716,1.0016332704078414
0.9964305579624636,1.0016106026933995
0.9962744993966158,1.0016881273035891
0.9967339144483172,1.0016657447833828
0.9965963901864464,1.0024173496820932
,,egauge20407,egauge22785,egauge26944,egauge30039,egauge8816,egauge28684,egauge20925,egauge14018,egauge23534,egauge19810
0.999729257059629,1.0000566393369565
0.9978172645385647,1.0005377190511506
0.9970205123171307,1.0007655649977225
0.9962879657452073,1.0006225590704927
0.9988605693827138,1.000239306482277
0.9980789823099344,1.0001451160830246
0.9972803610905767,1.0007539750916916
0.9975417231379551,1.000826940407166
0.9959362978992309,1.000648472021235
0.9977060257290796,1.0007947519429745
0.9969950152030674,1.0008593926252447
0.9967375081878435,1.0011549420491055
0.9961779753450859,1.0007347407568397
0.9951781369981054,1.0002184698399967
,,egauge18544,egauge17311,egauge3611,egauge13830,egauge9102,egauge33764,egauge13974,egauge21932,egauge20925,egauge14795
0.9968271118259888,1.0009727258934666
0.9646880243401409,1.0111131156161932
0.9645881487905326,1.0111131154550015
0.9644882733072047,1.0111131152938098
0.9968271118259888,1.0009727258934666
0.9968271118259888,1.0009727258934666
0.9968271118259888,1.0009727258934666
0.904832579584652,1.0301083739624388
0.9646880243401409,1.0111131156161932
0.9646880243401409,1.011113115616193
0.9645881487905326,1.0111131154550015
0.9645881487905326,1.0111131154550013
0.9644492110682299,1.0111131152384853
0.9643787184562645,1.0111131151119446
,,egauge33764,egauge16608,egauge22785,egauge15623,egauge20925,egauge27467,egauge3611,egauge7692,egauge17073,egauge21932
0.9968372032783936,1.000415709526481
0.9647858095836191,1.0047339723759776
0.9647858095836189,1.0047339723759774
0.9647858095836189,1.0047339723759774
0.9968372032783936,1.0004157095264812
0.9968372032783936,1.0005918084610632
0.9968372032783936,1.000481323860876
0.904923143530165,1.0128197295949815
0.9647858095836191,1.0047339723759776
0.9647858095836191,1.0047339723759776
0.9647858095836187,1.0047339723759774
0.9647858095836189,1.0047339723759774
0.9647858095836189,1.0047339723759776
0.9647858095836189,1.0047339723759774
,,egauge17073,egauge21932,egauge3608,egauge15601,egauge4183,egauge19810,egauge3611,egauge14795,egauge18158,egauge22785
0.9998124623154417,1.0000705455345662
0.9981455514607185,1.0005961310231855
0.9973044963272988,1.0011179064262168
0.9970332532280931,1.001373226853985
0.9994056602280137,1.0003349498539436
0.9998124623154416,1.0000705455345662
0.9976768258287282,1.0000116855847452
0.9968497564417641,1.0009629794446817
0.998087293250365,1.000778824994603
0.9963858846163605,0.9999997190993926
0.9968934100773692,1.001161190676887
0.9973047494685711,1.0014570078533316
0.9968573444491728,1.0016115020092797
0.9961568805435698,1.0014497380020342
,,egauge17311,egauge19696,egauge18158,egauge28684,egauge20925,egauge20407,egauge3611,egauge2474,egauge7729,egauge16608
0.9997887306758663,1.00007266058562
0.9985128463899402,1.0005030993841402
0.9972536145508538,1.000911176780287
0.9968464997984692,1.001125009058122
0.9993169467302665,1.0002441629017076
0.9969378272185809,1.0008210213765156
0.9990165069972067,1.0007675824283315
0.9984189904683414,1.0006357830176889
0.9984575998623308,1.000745691665845
0.9970428213812282,1.0001544668262423
0.996881754494791,1.0009448750339158
0.9964015576047932,1.0011531085528282
0.9959218772317513,1.0012402073492304
0.9967738171867433,1.0013131440480518
,,egauge20670,egauge16608,egauge20925,egauge18158,egauge20407,egauge18350,egauge15623,egauge30039,egauge23534,egauge28351
0.9964534662140537,1.0001576123926708
0.9648059791729392,1.0015637572142082
0.9301966909417643,1.0030991115735206
0.8956392378602969,1.0046935153373682
0.9964534662140537,1.0003827356243216
0.9964534662140537,1.0005957881715237
0.9964534662140537,1.000721636969823
0.9648059791729392,1.0015637572142084
0.9648059791729392,1.0015637572142084
0.9648059791729392,1.0015637572142082
0.9301966909417643,1.0030991115735206
0.9301217152457056,1.0030004028709272
0.8955586325892102,1.0046183647355136
0.8379916720765673,1.0074700310531912
,,egauge16133,egauge4183,egauge26086,egauge30378,egauge14795,egauge15601,egauge16616,egauge28684,egauge13830,egauge19696
0.9964530783294135,1.000154186164581
0.9648021859752667,1.00152980925655
0.9301891826358553,1.0030318367551323
0.8956359235367236,1.0046014430399381
0.9964530783294133,1.0002607172557594
0.9964530783294135,1.0005043624008263
0.9964530783294133,1.000876884832671
0.9648021859752667,1.00152980925655
0.9648021859752667,1.00152980925655
0.9648021859752667,1.001834293161174
0.930189182635855,1.0030318367551323
0.9301009823300611,1.0029188653210632
0.8955599202770049,1.0044983011490658
0.8379886011631822,1.007377658742433
,,egauge7729,egauge8816,egauge27467,egauge18350,egauge20925,egauge13974,egauge18158,egauge28351,egauge23534,egauge16133
0.9964534662140537,1.0001576123926708
0.9648059791729392,1.0015637572142082
0.9301966909417643,1.0030991115735206
0.8956392378602969,1.0046935153373682
0.9964534662140537,1.0002682334133295
0.9960593269439205,1.0007637060347134
0.9964534662140537,1.0008910550944545
0.9648059791729392,1.0015637572142084
0.9648059791729392,1.0015637572142084
0.9648059791729392,1.0015637572142082
0.9301966909417643,1.0030991115735206
0.9301217152457056,1.0030004028709272
0.8955586325892102,1.0046183647355136
0.8379916720765673,1.0074700310531912
,,egauge19696,egauge2850,egauge23534,egauge2474,egauge24121,egauge19821,egauge15623,egauge3166,egauge28351,egauge30378
0.9962839451981537,1.000075635740961
0.9962839451981537,1.0008089301997551
0.9962839451981532,1.0011332399156543
0.9962839451981532,1.0013623717691362
0.9962839451981537,1.0004309211327957
0.9956861001074465,1.000075635740961
0.8747846438705469,1.000916210649975
0.9962839451981537,1.001037711363927
0.9962839451981537,1.0009405871672123
0.9962839451981537,1.001942908528262
0.9962839451981532,1.0011809626662356
0.9962839451981532,1.0011750379059166
0.9962839451981532,1.0014683596712903
0.9962839451981532,1.0015896335779495
,,egauge15623,egauge33764,egauge3167,egauge19810,egauge16133,egauge7731,egauge22084,egauge3166,egauge8816,egauge8617
0.9930435763630159,1.000047225196791
0.9239097424382952,1.0004939951501148
0.8465626747808699,1.0007971542910263
0.8465612024668682,1.00100413200067
0.9930435763630159,1.0001837828103166
0.9930435763630159,1.0006065330328815
0.8747341928239796,1.0006031917517328
0.9239097424382952,1.0004939951501148
0.9239097424382952,1.0008106161442032
0.9239097424382952,1.0006849777742381
0.7939766816633858,1.0007971542910263
0.8465626747808698,1.0009579777589237
0.8465497941101351,1.0011425057207104
0.8465612024668682,1.0011467240840506
,,egauge19821,egauge13974,egauge2474,egauge2850,egauge30378,egauge21932,egauge7731,egauge28684,egauge14795,egauge20407
0.9997770584384661,1.0000222546747854
0.9981422099965352,0.9998869461664274
0.9974334544697984,0.9999995642396444
0.9962454947540162,1.0000909719507776
0.99922997159955,1.000657149617989
0.9960394450252371,1.0005812244335566
0.9980230140681424,1.0006866193246207
0.9962255154990423,0.9998869461664274
0.9976408784162167,1.0000417730918525
0.9981422099965351,0.9998869461664274
0.997400815123673,1.0000916670642648
0.9970625765123731,1.00019690277768
0.9948947810078839,1.0003212519209075
0.9958862238660215,0.9999101434653827
,,egauge15601,egauge19696,egauge26944,egauge14018,egauge24121,egauge8617,egauge2850,egauge16616,egauge19821,egauge22084
0.9997903209607693,1.0000419518470984
0.9977760912643018,0.9999997190971769
0.9960013776169514,0.9999997190971769
0.9955450011767948,0.9999997190971769
0.9984561139471975,1.0005042297998052
0.9969190900554927,1.0007789524565975
0.9972902575221603,1.0007410064435822
0.9973173467808236,1.0001688561487996
0.9975374870224758,0.9999997190971769
0.9976035485768853,0.9999997190971769
0.9951540620860516,0.9999997190971766
0.9958805158786801,0.9999997190971769
0.9951559293658537,0.9999997190971769
0.995354071334606,0.9999997190971769
,,egauge22271,egauge16616,egauge22785,egauge20925,egauge18350,egauge26086,egauge19696,egauge7731,egauge16608,egauge28351
0.9923425238944447,1.001275594972444
0.9242679780232232,1.0126312949253222
0.8497852584183031,1.0250249949937795
0.8497852584183031,1.0374197064827118
0.9923425238944444,1.001275594972444
0.9923425238944449,1.001275594972444
0.9923425238944444,1.001275594972444
0.9242679780232232,1.0126312949253222
0.9242679780232232,1.0126312949253222
0.9242679780232232,1.0126312949253222
0.849785258418303,1.0250249949937795
0.725318914809593,1.0250249949937795
0.8497852584183031,1.0374197064827118
0.837746842466397,1.0581466331675424
,,egauge3608,egauge30378,egauge7692,egauge22084,egauge19821,egauge5198,egauge20407,egauge20358,egauge2850,egauge22271
0.9923412398657128,1.0000175811748493
0.9242568093717103,1.0001855955781858
0.8497503229345371,1.0002992806217108
0.8497235257038974,1.000351785724282
0.9923412398657128,1.0000175811748493
0.9923412398657128,1.0004507384650345
0.9923412398657128,1.0007134514787535
0.9242568093717101,1.0005054508364275
0.9242789575313464,1.0003846179414384
0.9242568093717103,1.0003201544956082
0.8497503229345371,1.000299280621711
0.7252890638411281,1.0005125114999414
0.8497235257038975,1.0005458503087152
0.8496787186977582,1.0003180628756363
,,egauge3608,egauge8816,egauge15623,egauge7692,egauge18350,egauge18544,egauge28684,egauge7731,egauge20925,egauge20670
0.9923425238944447,1.0000965642926747
0.9242679780232232,1.000888578756893
0.8497852584183031,1.0014137638562601
0.8497852584183031,1.0017018141149716
0.9923425238944444,1.0000752958142345
0.9923425238944449,1.0007750893528924
0.9923425238944444,1.000711112941987
0.9242679780232232,1.0010297320940873
0.9242679780232232,1.0010120079109688
0.9242679780232232,1.0016837326583612
0.849785258418303,1.0014645576107446
0.725318914809593,1.0017097550992453
0.8497852584183031,1.0018689062789141
0.028326175280610107,0.03339861091257969
,,egauge16133,egauge30378,egauge18158,egauge28351,egauge32290,egauge8253,egauge16616,egauge21932,egauge2474,egauge33764
0.9923169697680685,1.0000704479182514
0.9240192444961828,1.0003906234469668
0.8492926817132666,1.0006984051013135
0.8490057532834803,1.0009938764938322
0.9923169697680687,1.0002401441763493
0.9923169697680685,1.0005399754629891
0.9923169697680687,1.0007688936952612
0.924019244496183,1.0007360656485143
0.924019244496183,1.000367985011215
0.9240192444961828,1.0004350853855595
0.8492926817132666,1.0007239771516243
0.7248985523703461,1.0008600370448346
0.8486796062498111,1.0011969000839562
0.8490056160511543,1.0012864639258159
,,egauge9102,egauge7729,egauge24121,egauge26086,egauge32290,egauge8617,egauge28351,egauge23534,egauge8816,egauge5198
0.9923425238944447,1.000073015682501
0.9242679780232232,1.0005970732726603
0.8497852584183031,1.0010028292400446
0.8497852584183031,1.0013182288310245
0.9923425238944444,1.0002908840034637
0.9923425238944449,1.000438750698808
0.9923425238944444,1.000694975507368
0.9242679780232232,1.000991983491838
0.9242679780232232,1.0005345444361817
0.9242679780232232,1.00067996077524
0.849785258418303,1.0010285562710457
0.725318914809593,1.0013046008941584
0.028326175280610107,0.03338626565115551
0.8497852584183031,1.0014489243294777
,,egauge24121,egauge28684,egauge16133,egauge13974,egauge30039,egauge3611,egauge19810,egauge15623,egauge8617,egauge19821
0.987109315361288,1.000081055016669
0.8679527737431959,1.0005952849895277
0.7361874880549599,1.000828357885746
0.73618748805496,1.001207005241261
0.987109315361288,1.0002189030377946
0.9871093153612878,1.0004173376614367
0.987109315361288,1.0007202496117564
0.8679527737431959,1.0007096805124756
0.8679527737431959,1.000919450572522
0.8679527737431958,1.0008116882935953
0.6904604479621325,1.0006718403893997
0.6283582178340404,1.0009712772863717
0.02453958293516534,0.033374142338165255
0.73618748805496,1.0018506194870056
,,egauge24121,egauge13836,egauge18544,egauge5198,egauge22271,egauge13830,egauge20407,egauge20358,egauge30378,egauge3167
0.9871093174635953,1.0001011957533
0.8679527812639533,1.0005711307130358
0.736187498336743,1.0007377887136055
0.736187498336743,1.000924732394212
0.9871093174635955,1.0002402864285642
0.9871093174635953,1.0009825633630836
0.9871093174635955,1.0009290029366442
0.8679527812639531,1.0006904091174464
0.8679527814328173,1.000867827593108
0.8679527812639533,1.0009333227860915
0.6904604595471515,1.0006631594744626
0.6283582298052811,1.0008930008056982
0.024539583277891436,0.033369305912795265
0.736187498336743,1.0014735669159183
,,egauge20358,egauge3166,egauge30378,egauge3167,egauge17073,egauge19810,egauge28351,egauge3608,egauge19696,egauge20407
0.9923293927450243,1.000028480071765
0.9239097405441131,1.0002452577282204
0.8465626725443337,1.000474546512846
0.8465626725443337,1.0009861574861982
0.9923293927450244,1.0001927475340129
0.9923293927450241,1.000198311934774
0.9923293927450244,1.0005395518669054
0.9239097405441131,1.0002452577282204
0.923909740810324,1.0003139476165106
0.9239097405441133,1.0002452577282204
0.7939766791693647,1.0003036526347058
0.7250644674005605,1.000474546512846
0.8465626725443339,1.0011406125949
0.8465626725443337,1.0016144727326648
,,egauge2474,egauge9102,egauge15623,egauge8253,egauge8617,egauge5198,egauge8816,egauge30378,egauge22084,egauge22271
0.9918877596355161,1.0000692180366901
0.9198216726165309,1.0004285304361356
0.8409723292505363,1.0007363700426049
0.7828364924133603,1.000779503395258
0.9918877596355161,1.0003714807830357
0.9918877596355161,1.000483572352345
0.9918877596355161,1.0004717013067899
0.919821672616531,1.000504608873103
0.919821672616531,1.0004521370249837
0.9198216726165309,1.0007354330657325
0.8408454609798617,1.000889343343781
0.7177993869982421,1.000999502043887
0.7010207971832286,1.0006569611073157
0.7828364924133602,1.0012856700794126
,,egauge23534,egauge16133,egauge9102,egauge30039,egauge7731,egauge8253,egauge2850,egauge15623,egauge20407,egauge33764
0.9919015865374864,1.0001705395574774
0.9199749405296463,1.0016918504221333
0.8412826263083807,1.0033529563710493
0.7828364924133603,1.0050140800760252
0.9919015865374864,1.0003868430603655
0.9919015865374866,1.0003382474319433
0.9919015865374864,1.0004708305734538
0.9199749405296463,1.0016918504221333
0.9199749405296463,1.0016918504221333
0.9199749405296463,1.001691850422133
0.8412826263083806,1.0033529563710493
0.7180641709264965,1.0033529563710495
0.7010207971832286,1.0050140800760254
0.7828364924133602,1.0077916421641444
,,egauge2474,egauge23534,egauge18350,egauge15601,egauge3166,egauge33764,egauge26086,egauge7731,egauge19821,egauge18158
0.9923425238803849,1.0012651649601882
0.9242679761712783,1.0125321923218655
0.8497852548882431,1.0248300740689935
0.7825349537558689,1.0371289430058768
0.9923425238803849,1.0012651649601882
0.9923425238803849,1.0012651649601882
0.9923425238803849,1.0012651649601882
0.9242679761712783,1.0125321923218655
0.9242679749338151,1.0125321918464858
0.9242679761712783,1.0125321923218658
0.8497852548882431,1.0248300740689935
0.7253189085120751,1.0248300740689935
0.7007507182353532,1.051113994438499
0.7825349537558689,1.0371289430058768
,,egauge28351,egauge16133,egauge3611,egauge23534,egauge2850,egauge26944,egauge15601,egauge3608,egauge13974,egauge19810
0.9989221594835946,1.000032527064607
0.989299063252568,1.000349267955319
0.9787818315434245,1.000700654185989
0.9786790396662004,1.0006567101733348
0.9987675347189373,1.0001332736420017
0.9976534394445123,1.000663764420438
0.9975183392387266,1.0003099847463128
0.9892990632525682,1.000349267955319
0.9892990649025414,1.000349267954781
0.9892990632525682,1.000349267955319
0.9786223388591406,1.0008348237383642
0.9617616640369991,1.0010921502471157
0.9785621641783597,1.000543975483728
0.9786790396662004,1.000843218335322
,,egauge3608,egauge30039,egauge8816,egauge15601,egauge33764,egauge16616,egauge13836,egauge14018,egauge28351,egauge20358
0.9989324922373577,1.000117006850163
0.9894011879330625,1.0010433981930038
0.9789842005436883,1.0016527670513793
0.9789842005436883,1.001835614889574
0.9987835077044046,1.0000921679147068
0.9981626754270421,1.0007659045730586
0.9958181938893514,1.0008667886876497
0.9894011879330628,1.0014810343150067
0.9894011879330628,1.0012418640818357
0.9894011879330625,1.0011629924085799
0.9788246687390144,1.001784283629006
0.9619598588277535,1.0020425529949024
0.9789842005436883,1.0019416619963037
0.9789842005436883,1.0019853990514576
,,egauge3166,egauge22785,egauge20358,egauge20925,egauge8617,egauge8253,egauge19821,egauge33764,egauge28351,egauge13836
0.99987199949735,1.0000995759289606
0.9986987308417852,1.0009555485517099
0.9979856724815362,1.0017351513567574
0.997337980250613,1.002032374911488
0.999580791221584,1.0001492294882213
0.9982395346886415,1.0002360622709852
0.033318601560025495,0.033347583277582984
0.9986987308417852,1.0011857145439311
0.9967636146469662,1.0009902698565005
0.9972886469228065,1.0010074887285874
0.9979093098389087,1.0019777588788563
0.9971309120319196,1.00194517092527
0.9966523433852318,1.0021384466195171
0.9972632833197167,1.0023733683587797
,,egauge19696,egauge13836,egauge7729,egauge18350,egauge15623,egauge3608,egauge2850,egauge28684,egauge19810,egauge9102
0.9997118045300558,1.0000587423797278
0.9973739356894855,1.0006480404840319
0.9953675543969122,1.001159925255735
0.994670609369086,1.0013275544817182
0.9981916233984334,1.0004196969455406
0.9992170741597063,1.0008588143513555
0.03323028342425162,0.03334379912564302
0.9973338722784034,1.0008791328490259
0.9968970724667157,1.000676927229943
0.9954984145994393,1.0006480404840319
0.9945256634164632,1.0014082015471957
0.9952482380561459,1.0013697279114182
0.9943988958949165,1.0013860467399511
0.993904847438293,1.0017145458769117
,,egauge7692,egauge32290,egauge19696,egauge13974,egauge22785,egauge7729,egauge24121,egauge23534,egauge3611,egauge9102
0.9928679860937744,1.0000667985338458
0.9291038866050183,1.0005278007424718
0.8592615727035499,1.000880383133808
0.7900057230356977,1.0010143410433596
0.9928679860937744,1.000203233124422
0.9928679860937744,1.0000406175581114
0.03309559953645915,0.03336274059404984
0.9291038866050183,1.0006691666410124
0.9291038866050183,1.000532554631141
0.9291038866050183,1.000824700686036
0.8592280564404418,1.0010637940015392
0.8584049373734717,1.001168357057025
0.7898558519502653,1.001083696044341
0.6742734081299012,1.0011864763570633
,,egauge24121,egauge14795,egauge3608,egauge13830,egauge4183,egauge7731,egauge22785,egauge28351,egauge23534,egauge5198
0.9962941721830032,1.0000813191372988
0.9633746936464522,1.0008153926512935
0.9273939044528168,1.0011990961858568
0.9273939044528168,1.0015262329250116
0.9962941721830032,1.000220406544487
0.996294172183003,1.0007023407299207
0.9960813799475035,1.0008210836137084
0.9633746940352191,1.0010419274224172
0.9633746933182791,1.0009906446810992
0.9633746936464522,1.0014862768482584
0.9273800553594636,1.0012037921238304
0.8672827153519459,1.0012821344994123
0.9273939044528168,1.0017608357377839
0.9273939044528168,1.0017282272317292
,,egauge3166,egauge4183,egauge7731,egauge16133,egauge14018,egauge27467,egauge21932,egauge5198,egauge15601,egauge2850
0.9967812551572353,1.0009495200160718
0.9642436614673162,1.0108815252311716
0.9636899186822436,1.0106568856542009
0.9632280487696133,1.0105262959349346
0.9967812551572353,1.0009495200160718
0.996781255157235,1.0009495200160718
0.9967812551572353,1.0009495200160718
0.9044210216668508,1.0298716511294037
0.9642436614673162,1.0108815252311714
0.964243661467316,1.0108815252311718
0.9636899186822436,1.0106568856542009
0.9635363032315705,1.010499627560632
0.9631606701200828,1.0103882931287014
0.9625548561196695,1.0105108854539235
,,egauge20407,egauge19810,egauge32290,egauge28351,egauge27467,egauge20670,egauge2850,egauge16616,egauge26944,egauge13974
0.9964264793962322,1.0012411840521682
0.9645401213778871,1.0122638941761233
0.9300499835824881,1.0246522941928153
0.8955668025448053,1.0370417051261756
0.9964264793962322,1.0012411840521682
0.9964264793962322,1.0012411840521682
0.9961678800770413,1.0012344038761218
0.9643534929661681,1.012222944519613
0.9640271790693808,1.0116903901541832
0.9645401213778871,1.0122638941761235
0.9300499835824881,1.0246522941928153
0.9300499835824881,1.0246522941928153
0.8955668025448053,1.0370417051261756
0.8379248597750999,1.057759767807086
,,egauge26944,egauge18350,egauge28684,egauge3611,egauge7692,egauge19810,egauge17073,egauge24121,egauge33764,egauge15623
0.9929179285482077,1.001275594972444
0.9295949823999733,1.0126312949253222
0.8602357617718258,1.0250249949937795
0.7909012418025078,1.0374197064827118
0.9929179285482077,1.001275594972444
0.9929179285482079,1.001275594972444
0.9929179285482077,1.001275594972444
0.9295949823999733,1.0126312949253222
0.9295949823999733,1.0126312949253222
0.9295949823999733,1.0126312949253222
0.8602357617718258,1.0250249949937795
0.8602357617718258,1.0250249949937795
0.7909012418025078,1.0374197064827118
0.6750379615423312,1.0581466331675424
,,egauge18544,egauge2474,egauge3166,egauge28351,egauge9102,egauge19696,egauge22084,egauge13830,egauge14018,egauge13836
0.9993599219525138,1.000115054951926
0.9936622307138315,1.0008189723585328
0.9874395693202157,1.0012710313492559
0.9874395693202157,1.0017041785907574
0.9993599219525138,1.0005351755328735
0.9982060897716563,1.000655340660197
0.9992459912060122,1.000283660989071
0.9936622307138315,1.0009710770929494
0.9936622307138315,1.0009758174417007
0.9936622307138318,1.0013027380911481
0.9874395693202157,1.0012011045718459
0.9770353250182942,1.0014746018900487
0.9874395693202159,1.0019692101957063
0.9874395693202157,1.002038682998191
,,egauge8816,egauge26086,egauge33764,egauge22271,egauge26944,egauge13836,egauge19810,egauge9102,egauge30039,egauge3166
0.9993599222292787,1.0000968717694276
0.9936622356950237,1.0006701379451244
0.9874395762653968,1.0009253740043902
0.9874395762653968,1.0013583445150829
0.9977794933255943,1.0004863371106487
0.9986797424225824,1.0008523188526086
0.9991253894870247,1.0007116134283716
0.9936622356950237,1.000978667834233
0.9936622417900708,1.000995674605821
0.9936622356950239,1.001509411563854
0.9874395762653968,1.0008554757586212
0.9770353352046588,1.0011288614844052
0.9874395762653969,1.0016232679829056
0.9874395762653968,1.0016927124395483
,,egauge22271,egauge8253,egauge8816,egauge33764,egauge13830,egauge30378,egauge3611,egauge20670,egauge27467,egauge22785
0.9993599219525138,1.0001023293794427
0.9936622307138315,1.0007947595808016
0.9874395693202157,1.001251876825331
0.9874395693202157,1.0015073985216154
0.9993599219525138,1.0004999536101233
0.9979988556428463,1.0002741498295527
0.9957893471084682,1.0008855687799791
0.9936622307138315,1.0010353995557926
0.9936622307138315,1.000951173817074
0.9936622307138318,1.0011862595009104
0.9874395693202157,1.001297628818667
0.9770353250182942,1.0014904545375882
0.9874395693202159,1.0017644898563849
0.9874395693202157,1.0015898449656908
,,egauge16608,egauge3167,egauge17311,egauge2850,egauge4183,egauge16133,egauge18350,egauge22084,egauge22785,egauge19810
0.9998052826332396,1.0000122079606901
0.9980244541954235,1.0001347289525653
0.9968304318077041,1.0002710571416882
0.9956835620011406,1.0001385727309964
0.9995681769128534,1.0002328340439417
0.9992516231055887,1.0001896732645172
0.9985005338517527,1.0003603981809144
0.9959449788618359,1.0001347289525655
0.9978817826515615,1.0004384866518892
0.9960117281912279,1.0001347289525653
0.996808448017193,1.0003328536149922
0.9967248420453305,1.0005685790880015
0.9950974658841547,1.000080455449197
0.9946124148018717,1.0000025154678178
,,egauge3167,egauge18158,egauge28684,egauge8816,egauge2850,egauge13974,egauge2474,egauge8617,egauge21932,egauge20670
0.9929464879289183,1.0000234757604423
0.9231994829493299,1.0000582197171106
0.9226210775593715,1.00038818561913
0.9220426744862892,1.000556105014272
0.9929464879289183,1.0001323239734925
0.9929464879289183,1.0006467988572305
0.9929464879289183,1.0004378840366344
0.9231994829493299,1.0002961432848583
0.7942510041973783,1.0000068514197358
0.9231994829493297,1.0002143677361965
0.9226210775593715,1.000495936717689
0.9226210775593715,1.0004109307270113
0.9220426744862893,1.000556105014272
0.9210755460479778,1.0008728962692248
,,egauge8816,egauge19810,egauge24121,egauge17073,egauge13830,egauge3608,egauge32290,egauge16133,egauge18350,egauge8617
0.9997432054901256,1.0000274778695077
0.9983831963826155,1.000345431516901
0.997862084865697,1.0004966196717804
0.9977216038501365,1.0005821570299565
0.9977501105680204,1.0004070943576835
0.9975740474726073,1.000607295870931
0.998096420222337,1.0004427676408163
0.9967407745161468,1.0005768271696547
0.9965559035767837,1.000501739005044
0.9969509205768462,1.0003072546948035
0.9975377933874396,1.0004709359566184
0.9967302431411159,1.0006695477698078
0.9976495867450716,1.0006703256851182
0.9972248244183495,1.0006032969506475
,,egauge20925,egauge7692,egauge22271,egauge3611,egauge7731,egauge30378,egauge23534,egauge4183,egauge21932,egauge19821
0.9930025262126917,1.0009817108448085
0.9237307920891799,1.0112027821493865
0.9237136965006001,1.011289757057869
0.9236966009141714,1.0113767320143452
0.9930025262126917,1.0009817108448085
0.9930025262126917,1.0009817108448082
0.9930025262126917,1.0009817108448085
0.7947080897266467,1.0112027821493865
0.896849566766636,1.0302000257505795
0.92373079208918,1.0112027821493863
0.9237136965006,1.011289757057869
0.9237136965006002,1.011289757057869
0.9236966009141716,1.0113767320143452
0.9236680140452936,1.0115221609251515
,,egauge13830,egauge19810,egauge13836,egauge26086,egauge3166,egauge22785,egauge3611,egauge4183,egauge14795,egauge16616
0.9928506832072422,1.0000614877162184
0.9289549236737995,1.0005483732305065
0.8595201730967179,1.0009143265076998
0.7902432799137717,1.001144475871208
0.9928506832072422,1.0002789353012405
0.9926519959309186,1.0002666950751344
0.992556184313037,1.0010158705319374
0.9280407738551864,1.0008219120509925
0.9289253978159352,1.0007773252237204
0.9289549236737995,1.0005176615330045
0.8594656601002792,1.0009480248912106
0.8594315310411176,1.001058539613122
0.7902432799137717,1.0013610783092868
0.6744762989081945,1.001210770616212
,,egauge17073,egauge13974,egauge22785,egauge28351,egauge16608,egauge13830,egauge5198,egauge8617,egauge14795,egauge7692
0.9963050066778824,1.0005308522077614
0.9640253865218206,1.0052608275817867
0.9287607184773529,1.010424856452716
0.8935035235399038,1.0155890576271465
0.9963050066778824,1.0005308522077614
0.9943348149381807,1.0005308522077616
0.9960028692949541,1.0005308522077614
0.9639751973472165,1.0052608275817867
0.9640253865218206,1.0052608275817867
0.9640253865218206,1.0052608275817867
0.9287607184773529,1.010424856452716
0.9287607184773529,1.010424856452716
0.8534253024135675,1.0214610097508325
0.8935035235399039,1.0155890576271462
,,egauge22271,egauge20407,egauge5198,egauge3166,egauge3608,egauge16133,egauge2474,egauge27467,egauge17311,egauge4183
0.9998104808889001,1.0000745227278574
0.9987219231625205,1.0005991519549404
0.9979056478322258,1.0011157477282997
0.9971474253373401,1.0013234524781782
0.9995523820693613,1.0004915172166549
0.9978744862015035,1.0000501817301273
0.9980058774083529,1.0005012561321491
0.9982749593495326,1.0006491829052089
0.9977361988210965,1.000698248156462
0.9968586146633726,1.0008471423279495
0.997767946811717,1.0011884163228646
0.9976274041480699,1.00149057276203
0.9969212907292888,1.0014138332436235
0.996212176343536,1.0015378381311395
,,egauge3611,egauge7729,egauge26086,egauge23534,egauge19810,egauge20358,egauge20925,egauge18158,egauge27467,egauge28684
0.999816732018101,1.000078420641847
0.9988224229105179,1.0005012362990806
0.9979021922244393,1.0010832809144405
0.997114882868758,1.001413545187592
0.9987412053163294,1.0001928038219647
0.9971424129714984,1.0004005325153225
0.9985711997162457,1.000840962883407
0.9983539647259904,1.0007157603061898
0.9978320642766562,1.000669871731322
0.998677460358402,1.0007785507785771
0.9978843375329303,1.0011780716661296
0.9977238487070206,1.0013940541652058
0.9968580824296065,1.0016847396774717
0.996176095564481,1.0015751399937218
,,egauge23534,egauge32290,egauge24121,egauge3608,egauge16133,egauge2850,egauge15623,egauge26944,egauge4183,egauge17073
0.9997848570448987,1.0000581238772948
0.9979661971644309,1.0005956798410058
0.99743390458129,1.0011865677324578
0.9972709727472485,1.001516872295798
0.9994346926348171,1.000381811810411
0.9978724945419502,1.0000581238772948
0.9981495942958488,1.0002663851635185
0.9969812371945201,1.0006261513677195
0.9975205519350043,1.0008486174171616
0.9940331840406527,1.0005956798410058
0.9974040437533254,1.0012813700467122
0.9961621385328888,1.0014475108163168
0.997098340631549,1.0017880998698603
0.9964161593143883,1.0016703035410184
,,egauge14018,egauge16133,egauge18158,egauge20407,egauge15601,egauge21932,egauge15623,egauge19810,egauge22084,egauge22785
0.999812401114025,1.0000274323364458
0.9984388106501174,1.0001597612187116
0.9972349648980079,1.00015976119469
0.9966473076727148,1.0001597611925914
0.9986159617956442,1.000416470843579
0.9976930536630619,1.0003004208724013
0.9981137191119525,1.0006782462453965
0.9976247739115367,1.0001822787485772
0.9971426971140437,1.0004971158953573
0.9984388106501174,1.0001597612187116
0.997218825838483,1.0001597611940625
0.9961238809960562,1.000159761160004
0.9965750928556382,1.000159761190237
0.9957709024245285,1.0001597611925914
,,egauge15623,egauge17311,egauge21932,egauge20358,egauge18158,egauge7731,egauge13830,egauge5198,egauge9102,egauge14795
0.9968335385547812,1.0004127946624584
0.9647453370433268,1.0047007585721108
0.9647453370433264,1.0047007585721106
0.9647453370433264,1.0047007585721106
0.9968335385547812,1.0004127946624584
0.9968335385547812,1.000430723082896
0.9968335385547812,1.0004127946624584
0.9048856767792808,1.012786195595089
0.9646735875529735,1.0046443443673267
0.9647453370433268,1.0047007585721108
0.9647453370433264,1.0047007585721106
0.9647453370433262,1.0047007585721106
0.9647453370433264,1.0047007585721108
0.9647453370433264,1.0047007585721106
,,egauge32290,egauge15601,egauge16616,egauge22271,egauge30378,egauge27467,egauge3608,egauge28351,egauge7692,egauge17073
0.9963902366652797,1.0012663654547607
0.9648400785376242,1.012621941668656
0.9303371770278535,1.0250155066984663
0.8958412352130453,1.0374100831359843
0.9963902366652797,1.0012663654547607
0.9944198388940564,1.0010311961209082
0.9960957471022196,1.0012235923137793
0.9648400785376242,1.0126219416686562
0.9648400785376242,1.0126219416686562
0.9648400785376244,1.012621941668656
0.9303371770278535,1.025015506698466
0.9303371770278537,1.025015506698466
0.8958412352130453,1.0374100831359845
0.8381779625059064,1.058136783979037
,,egauge15623,egauge9102,egauge13974,egauge8253,egauge17073,egauge14795,egauge18350,egauge23534,egauge8816,egauge26944
0.9964313124115397,1.0012678320983361
0.9645417921936024,1.012542961088164
0.9296572234326015,1.0248462031601338
0.8951914935492425,1.0372383707459292
0.9964313124115397,1.0012678320983361
0.9964313124115393,1.0012678320983361
0.9964313124115397,1.0012678320983361
0.9645417921936024,1.012542961088164
0.9645417921936024,1.012542961088164
0.9645417921936024,1.012542961088164
0.9293771006361967,1.0247864246174787
0.9296572234326015,1.0248462031601338
0.8951914935492425,1.0372383707459292
0.8375787207223855,1.057961043347306
,,egauge32290,egauge24121,egauge8253,egauge14795,egauge20407,egauge18158,egauge2850,egauge17073,egauge18350,egauge15601
0.9930435763630159,1.001275594972444
0.9239097424382952,1.0126312949253222
0.8465626747808699,1.0250249949937795
0.8465626747808699,1.0374197064827118
0.9930435763630159,1.001275594972444
0.9930435763630159,1.001275594972444
0.9930435763630159,1.001275594972444
0.9239097424382952,1.0126312949253222
0.9239097424382952,1.0126312949253222
0.9239097424382952,1.0126312949253222
0.7939766816633858,1.0250249949937795
0.8465626747808698,1.0250249949937795
0.8465626747808699,1.0374197064827118
0.838237983733741,1.0581466331675424
,,egauge13836,egauge32290,egauge28684,egauge19821,egauge3611,egauge15601,egauge20358,egauge20925,egauge5198,egauge4183
0.9902820857191323,1.001265164984169
0.8978573199026377,1.01253219274776
0.7951900580769032,1.02483007468831
0.76517229704866,1.0371289438184712
0.9902820857191323,1.001265164984169
0.9902820857191323,1.001265164984169
0.9902820857191323,1.001265164984169
0.8978573199026378,1.01253219274776
0.8978573199026378,1.01253219274776
0.8978573199026377,1.01253219274776
0.7457955442616772,1.02483007468831
0.7951900580769032,1.0248300746883103
0.7310499835642471,1.0511139954681308
0.6750379615423312,1.0573044426342357
,,egauge8253,egauge8816,egauge3611,egauge26944,egauge30378,egauge3167,egauge7729,egauge7731,egauge16133,egauge18158
0.992542811557855,1.0010543271110295
0.9188059421646866,1.0101102422834878
0.8465626747808699,1.0224675716812175
0.8465626747808699,1.0348259090482663
0.992542811557855,1.0010543271110295
0.992542811557855,1.0010543271110293
0.992542811557855,1.0010543271110295
0.9188059421646866,1.0101102422834878
0.7904712609042758,1.0058667186220278
0.9188059421646866,1.0101102422834878
0.7939766816633858,1.0224675716812175
0.8465626747808698,1.0224675716812175
0.8465626747808699,1.0348259090482663
0.8337111912890005,1.055492008220569
,,egauge8253,egauge13830,egauge14018,egauge23534,egauge18544,egauge13836,egauge18158,egauge8816,egauge20407,egauge2474
0.9929068994470737,1.0012676141835102
0.923747020697527,1.0126232071489303
0.8465550728038409,1.0250167904614407
0.7908924568248653,1.0374113851833744
0.9929068994470737,1.0012676141835102
0.9927472669391657,1.0011574837967314
0.9927198711703891,1.0011258704861177
0.9237470206975269,1.01262320714893
0.7947220684727873,1.01262320714893
0.923747020697527,1.0126232071489303
0.7939695523895598,1.0250167904614407
0.8465550728038409,1.0250167904614407
0.7908924568248654,1.0374113851833744
0.6750304636370074,1.0581381166025055
,,egauge27467,egauge5198,egauge22084,egauge3166,egauge19810,egauge28684,egauge30378,egauge15601,egauge3167,egauge8816
0.9875643687965284,1.0012615731864294
0.8719514242211873,1.0125923525427531
0.7439733418680889,1.024670300983584
0.6839855860053617,1.036955045940904
0.9875643687965284,1.0012615731864294
0.9875643687965284,1.0010210185368624
0.9875643687965284,1.001218800286418
0.8719514242211874,1.0127427713586055
0.8719514242211874,1.012929418493561
0.8719514242211873,1.0125923525427531
0.6977516561568426,1.0245654800635706
0.7439733418680889,1.0245839380266333
0.6839855860053619,1.03683740511646
0.5837423029410586,1.0576710866248806
,,egauge17311,egauge16608,egauge7729,egauge19821,egauge24121,egauge21932,egauge8617,egauge33764,egauge30039,egauge3167
0.9998667617247868,1.000076504766459
0.9992678587321822,1.0007747432413558
0.9988171266039109,1.001136922365157
0.9986072515127974,1.0013852284320217
0.9993176773257612,1.0002426326424771
0.9978572328287945,1.00060816581557
0.9970070486833275,1.000394394376352
0.9988021554492202,1.0013688195881447
0.999013621301357,1.0009063949078838
0.9992678587321822,1.000774743241356
0.9987306081982782,1.0011510942536226
0.9985257157466455,1.00134773161669
0.9983868783763231,1.0016184920829876
0.998381644649825,1.0014604489937335
,,egauge4183,egauge24121,egauge8253,egauge3166,egauge9102,egauge7692,egauge22785,egauge20407,egauge22084,egauge7729
0.9968240603985322,1.0004157095465624
0.9646406344841271,1.0047339718467854
0.9644862135318302,1.0047339713749377
0.9644862135318302,1.0047339713749377
0.9968240603985322,1.0004157095465624
0.9968240603985327,1.0004278336086787
0.9968240603985322,1.0004157095465624
0.9047886868435226,1.0128197285924763
0.9646406344841271,1.0047339718467854
0.9646406344841271,1.0047339718467854
0.9643812073248608,1.0047339710540812
0.9644862135318302,1.0047339713749377
0.9644862135318302,1.0047339713749377
0.9644862135318302,1.0047339713749377
,,egauge22084,egauge17073,egauge27467,egauge7692,egauge18544,egauge19810,egauge8253,egauge16608,egauge15601,egauge7729
0.9997718196217416,1.0000761839717838
0.9976515676563146,1.0006210316033817
0.996088165261008,1.001146369073439
0.9950538484072333,1.0015526901838223
0.99933744816141,1.000004014689
0.997847097069762,1.0006978096810955
0.9978596373538198,1.0008576668816407
0.9966833890407287,1.0007623680602296
0.9976733851725934,1.000979347428138
0.9960541090027479,0.9999411619689748
0.995769129239806,1.0011528798260387
0.9959879923447988,1.001329366334694
0.9941242926739368,1.0018967083794572
0.994691395386692,1.0017261823559584
,,egauge13836,egauge19821,egauge3167,egauge26944,egauge28684,egauge7731,egauge15623,egauge14795,egauge13974,egauge2474
0.9998544484390647,1.0001510280734176
0.9986363543619721,1.000984617118235
0.9977261990000029,1.0014732037924123
0.9972616184068104,1.0017009842082063
0.9996053414490903,1.000609249264046
0.9988524255989962,1.001339370857201
0.9992501290065458,1.0003374510032657
0.9974899168759706,1.001315414687992
0.9985804086077794,1.001117376234283
0.9971514512247246,1.0015075675800225
0.9974082743817254,1.001520945701122
0.9976452827326889,1.0017918987467225
0.9967711152478662,1.0017953064884622
0.9964225006159082,1.0019431416431779
,,egauge27467,egauge16608,egauge16133,egauge20407,egauge20925,egauge8816,egauge13836,egauge28684,egauge3167,egauge8617
0.9970093551010155,1.0006624345913377
0.966315536959161,1.0075288716690154
0.9655465318205102,1.007528871406308
0.9648918754009228,1.0075288712148465
0.9970093551010155,1.0006624345913377
0.9970093551010155,1.0006624345913377
0.9970093551010155,1.0006624345913377
0.966315536959161,1.0075288716690152
0.966307184593342,1.0074301199868398
0.8590951584736574,1.0322272050648378
0.9654995858531642,1.0075288713833603
0.9654707739256516,1.0075288713443231
0.9642074076050025,1.00752887109411
0.9648038146567327,1.0075288710759094
,,egauge8253,egauge16616,egauge17311,egauge7692,egauge22271,egauge19696,egauge17073,egauge32290,egauge20407,egauge13830
0.999808274202976,1.0000591394435123
0.9981744224520234,1.000592663469835
0.9972895146278558,1.0007972295283782
0.9965218919308021,1.0008521874891219
0.9988954880079893,1.0001296899326204
0.9994016558544466,1.0001654853031832
0.9986125925989562,1.0004307488725193
0.9971835449542633,1.0006792295822837
0.9980171255106162,1.0009500753311074
0.9954736988469178,1.0011766570883955
0.9972382234078608,1.0009269821218885
0.9969702281777416,1.000731623385064
0.9958910821849425,1.0007404334814847
0.9961660349779233,1.0011084257673328
,,egauge19696,egauge21932,egauge16608,egauge3167,egauge3611,egauge2850,egauge5198,egauge13836,egauge28684,egauge15623
0.999809246224114,1.0000452724117492
0.9980015209303936,1.0002385324093135
0.9978585075672726,1.0006929543692513
0.9977529747582474,1.0008525497055023
0.9982994501235557,1.0004662790632328
0.999809246224114,1.0000452724117492
0.9992951242988554,1.0005877433857562
0.9979602757383909,1.00032872490205
0.9969718841147259,1.0003655072450883
0.9940460630454742,1.000072414012755
0.9978501842627331,1.0007406362519382
0.9978094505732528,1.0010686814066523
0.9975733106386001,1.0009322522330004
0.9975344341501247,1.0010021958796114
,,egauge8617,egauge16133,egauge30378,egauge20407,egauge20925,egauge7729,egauge17311,egauge32290,egauge27467,egauge14795
0.9970800898187042,1.0009905587505017
0.9670286768754308,1.0113028426624495
0.9670286768754304,1.011302842662449
0.9670286768754304,1.011302842662449
0.9970800898187042,1.0009905587505017
0.9970800898187042,1.000990558750502
0.9969574228937329,1.0008624247195284
0.966955829112698,1.0112090138581722
0.9670286768754308,1.0113028426624497
0.8597141042570816,1.048286216152349
0.9670286768754304,1.011302842662449
0.9670286768754304,1.011302842662449
0.9670286768754304,1.0113028426624493
0.9670286768754304,1.0113028426624493
,,egauge4183,egauge32290,egauge9102,egauge16608,egauge17073,egauge30378,egauge14018,egauge13836,egauge2850,egauge27467
0.9997467288492738,1.0000509979777057
0.9979563874323518,1.0003929380548393
0.9962666643939914,1.0005630203945861
0.9949476600934667,1.0006115330828516
0.9995630196616829,1.000284411693006
0.9980791346492818,1.0000205588191013
0.9981848072120449,1.000489661119553
0.9977530897987097,1.0005101397235872
0.9978505356414763,1.0006503356528726
0.9974663420207259,1.0006933328576586
0.9960330459062086,1.0006741003856376
0.996221263416595,1.0010030099817293
0.993525750156318,1.0006115330828516
0.9948332464914725,1.0009504318421776
,,egauge7692,egauge22084,egauge28351,egauge13836,egauge30039,egauge7729,egauge23534,egauge26086,egauge5198,egauge30378
0.9998272700727201,1.0000937936340029
0.9984368132898528,1.0009389521733534
0.9973841140247036,1.001536462827538
0.9966487593632104,1.001778145751983
0.9987775636679028,1.0002431422617473
0.9987939124517555,0.999999719104017
0.9978085932236688,1.000415234365567
0.9983637500375783,1.0012450445196683
0.9983220252334567,1.0011906326717506
0.9962505001745746,1.0012409529204924
0.9972428021762589,1.0016159822320936
0.9972009721470402,1.0019359024456764
0.9960365492113095,1.0019088135887353
0.9963195042645162,1.0019900999217268
,,egauge5198,egauge8253,egauge28684,egauge19810,egauge30039,egauge7731,egauge24121,egauge23534,egauge22084,egauge8617
0.999833102400046,1.000038644259095
0.9987763018987601,1.000234164815969
0.9983511633465816,1.000354614606611
0.9978061976945187,1.000250464373903
0.9989577372326067,1.000260206815042
0.9979884658882904,1.0001969774118018
0.9990357255332184,1.0004451181435137
0.9976990106297673,0.9999997190971766
0.9984873310236363,1.000488344216126
0.9986180097471069,1.0009247555212355
0.9982490082494287,1.0003735978803547
0.9980211914747804,1.0007107357808434
0.9971954566792135,1.0001183996230412
0.997515444464001,1.0002839691441947
,,egauge2850,egauge32290,egauge13830,egauge14795,egauge26086,egauge13974,egauge20925,egauge26944,egauge18350,egauge17311
0.999792185310881,1.0000266975374057
0.9985128264867734,1.000457595144479
0.997684025777543,1.000761503469849
0.9976059829315175,1.0008525845418113
0.9976314389297741,1.000026697537406
0.9980803931596428,1.0000266975374057
0.9991511079382018,1.0004751573205428
0.9982286244829638,1.0006599632307454
0.9984203751994913,1.0007831933942657
0.9972725378781908,1.0010008083394102
0.9975936946873245,1.0008802246924045
0.9964479985906312,1.00090208226719
0.9972425027510277,1.0009366433718923
0.9975625083906217,1.001003798202653
,,egauge20925,egauge16133,egauge33764,egauge2850,egauge22084,egauge30378,egauge24121,egauge22785,egauge28684,egauge17311
0.9929954025029034,1.0000365494878913
0.9236789310226816,1.000390447254595
0.9236789310226813,1.0005746605720163
0.9236789310226813,1.000557062703505
0.9929954025029034,1.0003236177935284
0.9929954025029034,1.0002510827048687
0.9928762551549812,1.0005582574048142
0.9235590414797875,1.0003904472529475
0.7946634884089319,1.000390447254595
0.9236789310226816,1.001051725882386
0.9236789310226814,1.0005746605720167
0.9236789310226814,1.0009199105420197
0.9236789310226814,1.0005478394115566
0.9236789310226814,1.0005412013956883
,,egauge15601,egauge19810,egauge21932,egauge7731,egauge30039,egauge20670,egauge22084,egauge27467,egauge22271,egauge3167
0.999864566159207,1.0000778700868225
0.9993067481974033,1.0008418169786177
0.9988159275278684,1.0012157250274807
0.9985698137582382,1.001497230366428
0.9984919470906436,1.000582995246192
0.9976795784263421,0.9999997190979876
0.999864566159207,1.0000778700868225
0.9991918086420313,1.0010935753753296
0.9991062486917724,1.0011893926748756
0.998234546866318,1.0012889839679529
0.9987138570103069,1.0011459394261568
0.9986577445256577,1.001608371683066
0.998323116749902,1.0017812187514608
0.9984373405055554,1.0016156030342318
,,egauge8617,egauge20358,egauge21932,egauge8253,egauge14018,egauge9102,egauge28351,egauge2850,egauge13836,egauge27467
0.9997402705714751,1.0000326942018714
0.997363874995792,1.000318656696944
0.9959501358460736,1.0003837573223728
0.9958899025456615,1.0008407743234116
0.9994068035637894,1.000114958052871
0.9995341847113695,1.0002907430531809
0.9997402705701646,1.0008074394689763
0.9964792329211328,1.000352607025601
0.9968742849278714,1.0005908287060177
0.9960093454988066,1.0005482170563447
0.9959216042140873,1.000423279263765
0.03312523840182085,0.03333412710208439
0.9958571777956035,1.001140015699693
0.995837312548523,1.001164882475289
,,egauge2850,egauge30378,egauge3166,egauge17311,egauge7692,egauge13974,egauge7731,egauge8253,egauge9102,egauge22271
0.9930007892767838,1.000033695552085
0.9237098727219935,1.0006213884000943
0.923669090561911,1.0011413850575799
0.9236690905619112,1.0014607867362781
0.9930007892767838,1.0000084216183773
0.9930007892767837,1.000497265089596
0.9930007892767838,1.0002345880762589
0.9237098727219935,1.0007648884032303
0.7946901099565942,1.0007063634547015
0.9237098727219935,1.0007157105219116
0.9236413586960167,1.0012822831075436
0.9236690905619112,1.0011726851290694
0.9236690905619114,1.001547911493682
0.9236690905619112,1.0018784645458467
,,egauge20670,egauge3611,egauge13830,egauge8253,egauge3166,egauge19696,egauge28684,egauge13836,egauge14795,egauge4183
0.9964641427640595,1.0005326740168643
0.9649112166402442,1.005278146959253
0.9304052871809982,1.0104589307754346
0.8959063181125921,1.0156398886587736
0.9964641427640595,1.0005326740168643
0.9964641427640595,1.0005326740168645
0.9964641428477516,1.0005662466524503
0.9649112169256487,1.0052781463972864
0.9649112167558704,1.0052781467318197
0.9649112166402442,1.005278146959253
0.9304052871809982,1.0104589307754344
0.9304052871809982,1.0104589307754348
0.8959063181125922,1.0156398886587736
0.8382379852872004,1.0243032014441842
,,egauge32290,egauge20407,egauge21932,egauge26944,egauge8253,egauge16616,egauge28684,egauge9102,egauge30378,egauge26086
0.9998213147357727,1.0000524135353275
0.9986605556559082,1.0007188667340738
0.9980733551572146,1.001225965833223
0.9974029122255306,1.001562517776502
0.9989148019112092,0.9999997190971771
0.9981067561451674,0.9999997190971771
0.9998213147357727,1.0000524135353275
0.9974559025502111,1.0010495604964085
0.9978398247988247,1.0007408455567992
0.9980796733277709,1.0008384151272505
0.9980157736274948,1.0012974300480122
0.9973209907550507,1.0014426900899533
0.9968947110144148,1.0017012415021709
0.9969876792552206,1.0019215837602544
,,egauge21932,egauge20358,egauge22785,egauge20407,egauge20925,egauge13974,egauge3611,egauge7731,egauge14018,egauge3608
0.9997993553060298,1.0000621599797976
0.9981465179308381,1.000551710004467
0.9966021879832953,1.0009880762803602
0.9956276904722346,1.0012082979234536
0.9997993553060296,1.0000621599797976
0.9994868940354251,1.0003691572452198
0.9980983460911478,1.0001606509601362
0.9978441099445071,1.0003704305843162
0.9980912953087023,1.0007802051037185
0.9973624115383455,1.0008161354191332
0.9961986743015375,1.0010147418757476
0.9965630672764451,1.00128391882647
0.9952232604472606,1.0014731744669887
0.9945907765490865,1.0011870014956021
,,egauge8816,egauge7729,egauge14795,egauge20670,egauge28684,egauge16616,egauge7692,egauge16608,egauge20358,egauge8253
0.9928676067473622,1.0005174023104153
0.9292201182233963,1.005274845768968
0.8598888543422897,1.010438959216679
0.79058228107574,1.0156032449713088
0.992867606747362,1.0005174023104155
0.9926622759941174,1.0005174020351155
0.9925142293776161,1.000749641083378
0.9285664922072512,1.005364196568564
0.929220118548266,1.0052748455891987
0.9292201182233963,1.005274845768968
0.8598888543422896,1.010438959216679
0.8598888543422896,1.010438959216679
0.7905822810757401,1.0214752932735407
0.6747657020888859,1.0156032449713088
,,egauge30378,egauge26086,egauge20358,egauge13974,egauge17073,egauge14018,egauge26944,egauge5198,egauge4183,egauge7731
0.9928676067473622,1.0005174023104153
0.9292201182233963,1.005274845768968
0.8598888543422897,1.010438959216679
0.79058228107574,1.0156032449713088
0.992867606747362,1.0005174023104155
0.9926622759941174,1.0008850546856196
0.9925142293776161,1.0004552902575847
0.9285664922072512,1.005364196568564
0.929220118548266,1.0052748455891987
0.9292201182233963,1.005274845768968
0.8598888543422896,1.010438959216679
0.8598888543422896,1.010438959216679
0.7905822810757401,1.0214752932735407
0.6747657020888859,1.0156032449713088
,,egauge5198,egauge13836,egauge18544,egauge20358,egauge14018,egauge4183,egauge3608,egauge20925,egauge7731,egauge8816
0.9998215152915931,1.0001250986137995
0.9983047932122148,1.0008321222768708
0.9968144508703665,1.0012162595197034
0.9955710444755691,1.0014678807996633
0.9989696011383062,1.0003004795146886
0.9982886589668725,1.000972911820541
0.9980467314979492,1.0009935551048164
0.9981763273742233,1.0009876278326428
0.9979141596768476,1.0012004047810832
0.9980728188833368,1.0011003454283414
0.9966733990737789,1.0012080398655179
0.9967484077888538,1.001458049274782
0.9955059037198017,1.0016691452170612
0.9935877892366474,1.001592634195945
,,egauge30039,egauge32290,egauge27467,egauge17073,egauge15601,egauge22271,egauge33764,egauge13974,egauge3608,egauge4183
0.9963437360984652,1.0004970679677205
0.964001661853022,1.005274845768968
0.9287380274789641,1.010438959216679
0.8934818659621738,1.0156032449713088
0.9963437360984652,1.0004970679677205
0.9960088546932037,1.000077200172853
0.9953763982559247,1.0009088165615867
0.9639431331587189,1.005364196568564
0.9638759713236871,1.0052748455891987
0.964001661853022,1.005274845768968
0.9287380274789641,1.010438959216679
0.9287380274789641,1.010438959216679
0.8534048195168356,1.0214752932735407
0.8934818659621739,1.0156032449713088
,,egauge22271,egauge19696,egauge30378,egauge15601,egauge20925,egauge20407,egauge2474,egauge19810,egauge33764,egauge2850
0.9997141361770555,1.000010668619021
0.9978330732753035,1.0001473301118584
0.9958673319502901,1.0003258561252018
0.9946390417970021,1.00056291616411
0.999425536343118,1.0003936543250098
0.9968706074713742,1.0007599458111907
0.9980510810410214,1.0004796553972626
0.9971560156173478,1.000445545951384
0.9977778712712311,1.000180011540377
0.9966535518372643,1.0001473301118586
0.9955437290323682,1.0003258561252018
0.9954299924799939,1.0003258561252018
0.9945989360089992,1.0005629161641103
0.992644245785694,1.00095929933915
,,egauge19821,egauge20925,egauge15623,egauge20407,egauge26086,egauge3608,egauge3167,egauge16608,egauge28351,egauge30039
0.9963240592906111,1.0012290905090686
0.9636745717161803,1.012560444256822
0.9284251824860903,1.0248587304106243
0.8931832626795436,1.037158003791949
0.9963240592906113,1.0012290905090686
0.995843147813825,1.000803073007078
0.9953301247702034,1.000367673604826
0.9629067631180009,1.0126802088513343
0.9636745717161803,1.012560444256822
0.9636745717161801,1.0125604442568221
0.9284251824860903,1.024858730410624
0.9284251824860903,1.0248587304106243
0.8531224046434316,1.0511435151277622
0.8931832626795436,1.0371580037919488
,,egauge9102,egauge26944,egauge8617,egauge2474,egauge3611,egauge18350,egauge5198,egauge18544,egauge7731,egauge3608
0.9997851380701137,1.0000977950456207
0.9982423010561329,1.0007110037097806
0.9975756788931639,1.0011719940000656
0.9969325133438192,1.001336239526192
0.9990073240413021,1.0002856194555694
0.9974635181083178,1.0007508888818324
0.998054752405268,1.0002742775872073
0.9974214430096153,1.000935204769784
0.9973305781443895,1.0008624268638013
0.9981671138747445,1.0009851509364525
0.997565084696084,1.0012196018164978
0.9975625125145315,1.0015772800854483
0.9969058999436758,1.0015431541886815
0.9958962342594269,1.0013149398842598
,,egauge16608,egauge13830,egauge26086,egauge5198,egauge15601,egauge7692,egauge26944,egauge16616,egauge18350,egauge27467
0.9998608730548498,1.0001215976543927
0.9984696590171952,1.0009207719500097
0.9979998141435967,1.0013981550663438
0.9978486720436475,1.0016464840844188
0.9996317862629261,1.0003782100000387
0.9982472456113081,1.00057198148682
0.998054752405268,1.0009371819178543
0.9980288854363648,1.0010380079320518
0.9971720977894236,1.0013583447183534
0.9966229746516755,1.0011732348966944
0.9975081857582497,1.0015331830016263
0.9978981695576662,1.0014644696587884
0.9975290058084534,1.0017347635280045
0.997707532968322,1.0020309994978853
,,egauge8617,egauge26944,egauge16616,egauge16133,egauge9102,egauge13836,egauge23534,egauge17311,egauge28684,egauge22271
0.999858510700696,1.0001029768631535
0.9989904549445504,1.0009203687657418
0.9985601421115217,1.0014415190613006
0.9980776281428937,1.001752368818497
0.999423104694675,1.0001864778000795
0.9974783662645849,1.0007079365840175
0.998054752405268,1.000246724851388
0.9980237938336562,1.0010330288595932
0.9983547058997816,1.0010262389024789
0.9989891911876294,1.0017989017536484
0.99850586960072,1.001579106631635
0.998443466771396,1.0015829792157962
0.9975290058084534,1.0018830023133718
0.9978423133452452,1.0021424653100788
,,egauge32290,egauge19821,egauge7731,egauge3608,egauge13830,egauge22785,egauge15623,egauge15601,egauge20358,egauge3611
0.9967959271074964,1.0009551581024898
0.9644516141578695,1.0110953371603755
0.9643469213153194,1.01109533701957
0.9643002234470778,1.0110953369532363
0.9966369793063435,1.0008285129823007
0.9965169762431595,1.0013024662827723
0.9963400219567145,1.0009551580946014
0.9049086038591638,1.0300902008043948
0.9046136252991893,1.0201751275088529
0.9637972358816734,1.0110953369062554
0.9643356397297158,1.0110953370038414
0.9642776900559252,1.011095336935739
0.9642471274377653,1.0110953368795836
0.9643002234470778,1.0110953369532363
,,egauge24121,egauge4183,egauge33764,egauge26944,egauge26086,egauge7692,egauge3167,egauge3166,egauge9102,egauge18350
0.9998586009607716,1.000090681271333
0.9987642135101625,1.0006919997345227
0.9984047537427017,1.000920299199782
0.9980914059874187,1.0010784702598372
0.9991082362364538,1.0002297702179772
0.9995048006638986,1.000492656457576
0.9991448932320882,1.0006908623131376
0.997559412674274,1.0010226830222195
0.9986421788014577,1.0009655849875143
0.9972188925856671,1.0009443944955134
0.9983877043234043,1.0009532804148338
0.9983695754425845,1.000962086688971
0.9977811683824923,1.0011948032771045
0.9979797972046904,1.001190323153607
,,egauge7729,egauge26086,egauge20358,egauge22271,egauge30039,egauge18158,egauge20925,egauge18350,egauge28684,egauge22084
0.9998642317075805,1.0000896630733342
0.9991606101107293,1.000668608516938
0.9987386658153408,1.000849631114945
0.9983509511820305,1.0008245837307816
0.9984355195692817,1.0002628557663449
0.9986794915649014,1.0007884177815656
0.9995094078967393,1.0004182854944397
0.998815326491365,1.0009877569316177
0.9990644960888774,1.0010275410703764
0.9987228290983261,1.0012616408018775
0.99871574849291,1.0009430710017388
0.9986919125335775,1.000966110006357
0.9980625996559153,1.000928330193611
0.9981267104793305,1.0006301344280408
,,egauge3608,egauge2850,egauge20670,egauge7692,egauge14018,egauge20358,egauge7731,egauge13830,egauge5198,egauge15601
0.9968144331277904,1.0009569015032538
0.9645905086906907,1.0110351192272993
0.9644196522532852,1.0109682126132766
0.9643500227364716,1.010901306103344
0.9967958697011802,1.0009352277806767
0.9956709965523205,1.001231047344434
0.9968144331277904,1.0009569015032538
0.904757798554947,1.0300286488704389
0.9047422642089726,1.0202339957230449
0.9645011719762024,1.0110351190727545
0.9643793862752739,1.0109682125908097
0.964349404658583,1.0109682125436021
0.9642708531958201,1.010825232648659
0.9643500227364714,1.0109013061033445
,,egauge28351,egauge9102,egauge17311,egauge18544,egauge13836,egauge14795,egauge3166,egauge2850,egauge7731,egauge16608
0.9996686651610122,1.0000406296287616
0.9967203037454673,1.0002571705421257
0.9935005396163807,1.0001618130013723
0.9934342618344407,1.0004724497624435
0.9988340092061715,1.0001429962537045
0.9983166687031404,1.0004280354577002
0.9985745756409345,1.0004331928088315
0.03322401012484891,0.03335400544069232
0.9967203037454673,1.0006731381758451
0.9967203037454673,1.0005702675602146
0.9935005396163807,1.0001919606903982
0.9882278059833995,0.9999997190971769
0.9933768414995372,1.0007388612682087
0.9934078820490289,1.0006000773024961
,,egauge22084,egauge16616,egauge28684,egauge3608,egauge19821,egauge13830,egauge14795,egauge2850,egauge16608,egauge9102
0.9962776439847637,1.0012571869661357
0.996221551811559,1.00128870182985
0.9953963391648876,1.0013231149140065
0.9948795572758792,1.0013575280057476
0.9962776439847639,1.0012571869661355
0.9962776439847639,1.0012571869661357
0.8747792517483128,1.0419693748673469
0.03320738506038531,0.033376290060995004
0.996221551811559,1.00128870182985
0.9962215518115592,1.00128870182985
0.9953742810864371,1.0013231149140065
0.9932184036998685,1.0013231149140065
0.9948128219441712,1.001330358591367
0.9941136019527318,1.001455024372156
,,egauge3166,egauge30039,egauge22271,egauge26944,egauge15601,egauge20358,egauge19821,egauge13974,egauge16133,egauge8816
0.9962839452005178,1.0012536492512516
0.9936622315119763,1.0012536492348887
0.9874395708427163,1.0017528472072745
0.987439571162339,1.0019083785198701
0.9962839452005178,1.0012536492512516
0.9962839452005178,1.0012536492512516
0.8747846438775987,1.0419656671365694
0.03312207438373255,0.03338303432171548
0.9936622316897225,1.0016490284989858
0.9936622315119763,1.001467491598731
0.9874395708427163,1.001995459792994
0.9770353272142414,1.0018915721823336
0.9874395715247553,1.002005439452378
0.987439571162339,1.0020331967870562
,,egauge13836,egauge16133,egauge15623,egauge22271,egauge7729,egauge18350,egauge20670,egauge2850,egauge24121,egauge14795
0.9962244750762498,1.000515237538835
0.9933665645489721,1.0003942542635111
0.9868536535907222,1.0002621439381905
0.9865590420952138,1.0001300337246812
0.9962244750762498,1.000515237538835
0.99622447507625,1.000515237538835
0.8747337548006224,1.017711071611359
0.03311221881829907,0.03334647514211704
0.9933665645489721,1.0003942542635111
0.9933665645489721,1.0003942542635111
0.9868536535907221,1.0002621439381907
0.9764567228527428,1.0002621439381905
0.9865163373631131,1.0001010067272875
0.986129231364995,0.9999997190971769
,,egauge7729,egauge7731,egauge22785,egauge19696,egauge33764,egauge13836,egauge3166,egauge28351,egauge3608,egauge30039
0.9992985677864804,1.0000972095432403
0.9931000826587473,1.0008220422692509
0.9868638279868194,1.0011265409459926
0.9868451109924908,1.0013310561725568
0.9984195156665514,1.000267206546391
0.9990053613140892,1.0007960587403617
0.9979985461629022,1.0002618440308926
0.033100437468910934,0.03336910546638524
0.9922073098514882,1.0010570095089253
0.9931000826587473,1.001543070676418
0.9868638279868194,1.0011457275305786
0.9764667749967423,1.0012465429316868
0.9868451109924908,1.0013053158788396
0.9868138147594776,1.0017108752065726
,,egauge18350,egauge4183,egauge13830,egauge19696,egauge20358,egauge20925,egauge2474,egauge15601,egauge19821,egauge13836
0.9962205572133498,1.0005389730272016
0.9937748445371574,1.001387598771212
0.9876627319140758,1.0023766608345441
0.9877749416878399,1.002957374126445
0.9962205572133498,1.0005389730272016
0.9962205572133496,1.0005518100255002
0.8747304012159889,1.017735289218329
0.03312582815123858,0.033387217877747
0.9937748445371574,1.0015432063605532
0.9937748445371574,1.0018239947498766
0.9876627319140758,1.0024701806677552
0.9772557031205945,1.002882539155969
0.9877749416878399,1.0033855255120625
0.9879625651331075,1.0032987394578385
,,egauge18544,egauge7692,egauge19696,egauge2474,egauge13836,egauge13974,egauge24121,egauge16608,egauge7729,egauge32290
0.9962748933799704,1.0005284138618233
0.9961943157588303,1.0006920178259597
0.9961063274364365,1.0009465813084302
0.9961191189295027,1.0010036674324057
0.9962748933799704,1.0005284138618233
0.9962748933799702,1.0005284138618231
0.8747768983109386,1.0177245155630523
0.033206477191961015,0.03336373404215412
0.9961943157588303,1.0010141522342952
0.9961943157588303,1.0009617691318733
0.9961063274364362,1.0010009229040973
0.9946125447533226,1.0011431562206625
0.995914825604992,1.0011156145324955
0.9954230727137444,1.0009344917711114
,,egauge27467,egauge3608,egauge9102,egauge15601,egauge28684,egauge13974,egauge17311,egauge20670,egauge8617,egauge26944
0.9963051947731761,1.0007819628300898
0.9941715014539918,1.0007391758217417
0.9882151636152503,1.0011049559858352
0.9882151636152504,1.001311889830181
0.9963051947731761,1.0007819628300896
0.8814563790826108,1.0245826066722383
0.03318431518978601,0.03335788957139549
0.9941513346142588,1.0009847516638049
0.9941715014539918,1.0008644392338666
0.9941715014539916,1.0007909708322622
0.9841649122533629,1.0011564913060143
0.9882151636152503,1.0013125189927172
0.9882151636152504,1.0013722911184058
0.9882151636152504,1.001569073974277
,,egauge18544,egauge13836,egauge8816,egauge3611,egauge20925,egauge28351,egauge2850,egauge30378,egauge24121,egauge18350
0.9997817641741336,1.0000250110240925
0.9978333893475103,1.0000136939081776
0.9963281648862039,1.0000103648589735
0.9961521672757057,0.9999997190971769
0.9995228701873446,1.0004133769459571
0.9992713751445439,1.0008889720620893
0.0331934919942864,0.033359622087561845
0.9968030169179872,1.0000136939081776
0.9977776015787932,1.0002149553654176
0.9968531459996344,1.0001154063192081
0.9954805197618979,1.0000811938575558
0.9961899056229024,0.9999997190971769
0.9959809301088312,0.9999997190971769
0.9961097055376712,0.9999997190971769
,,egauge2474,egauge9102,egauge13830,egauge7729,egauge19696,egauge18158,egauge7731,egauge2850,egauge18350,egauge24121
0.9962637886936495,1.000058418312369
0.996079937700602,1.0001627858439037
0.99591416119174,1.000109295933404
0.9957483848597021,1.0000685740290747
0.9962637886936493,1.0003269472308212
0.9962637886936495,1.0008760565470642
0.8747673954951319,1.0010238830121763
0.03320266459002007,0.03335124957698891
0.9960199682328662,1.000459277577386
0.9960799377006018,1.000310849579117
0.9959141611917398,1.0001315360212
0.994204212853471,1.0002499028641796
0.9956421511020638,1.0001313759001502
0.9956274205650929,1.0001177444366458
,,egauge13830,egauge2474,egauge24121,egauge17311,egauge18350,egauge7731,egauge13974,egauge30378,egauge32290,egauge4183
0.9996760553720376,1.000069201766051
0.9967929989738028,1.0004950456459836
0.9936444424168447,1.0007253837168368
0.9904959491002396,1.0007513436728586
0.9995444470972791,1.0003200067736675
0.9982416758119416,1.0006494872326133
0.033273025258413344,0.033344091642794324
0.996792998973803,1.0006279082392915
0.996792998973803,1.0006323119419558
0.9967929989738028,1.0011664577528727
0.9936444424168445,1.0007623245115755
0.9936444424168447,1.000976284742282
0.9869161484777387,1.0007070552762771
0.9904959491002396,1.000965803855118
,,egauge3611,egauge27467,egauge7692,egauge18544,egauge14018,egauge17311,egauge26086,egauge19696,egauge32290,egauge19810
0.9993668858869987,1.0000642254819307
0.9937410693126817,1.0004339949170902
0.9875178238069507,1.0004396775131759
0.9875178238069507,1.0003114671590683
0.9986968694433683,1.0002243183217208
0.9993668858869987,1.0007496315453128
0.9976443848923542,1.0006590982736252
0.03312470231042273,0.03335865730422933
0.9938765851881857,1.0006646564674995
0.9937410693126817,1.0007037820473277
0.9875178238069507,1.0005780582674448
0.9771126028763736,1.0007977186603045
0.987517823806951,1.0003114671590685
0.987517823806951,1.0003114671590685
,,egauge13974,egauge26944,egauge15623,egauge8253,egauge16133,egauge8816,egauge20407,egauge24121,egauge2474,egauge17073
0.9993649404485764,1.0000745980835175
0.993709088662111,1.0004648934202742
0.9875314841024039,1.0006917245740115
0.981354120689708,1.0009893842917823
0.9990729671046318,1.0002223683641465
0.9974560374724571,1.0007276740265405
0.9992989537591668,1.0003604335460612
0.993709088662111,1.0005157513868805
0.993709088662111,1.0005431287151547
0.993709088662111,1.0010090219642014
0.9875314841024039,1.000628544637562
0.9875314841024039,1.0007652843993224
0.9813541206897082,1.0012008744554417
0.9710256134151217,1.001239678787892
,,egauge28684,egauge27467,egauge15623,egauge4183,egauge22271,egauge16616,egauge3608,egauge30039,egauge8253,egauge16133
0.9993649404485764,1.0001034233592574
0.993709088662111,1.000687200516348
0.9875314841024039,1.001025468695573
0.981354120689708,1.0011573256200292
0.9993649404485764,1.0002982205450233
0.9993649404485766,1.0008478659606967
0.9992837814226864,1.0004193932638197
0.993709088662111,1.0008472784745865
0.993709088662111,1.0010077563675739
0.993709088662111,1.000792228144322
0.9875314841024039,1.0010163360268838
0.9875314841024039,1.00139683960504
0.9813541206897082,1.0011841950238611
0.9710256134151217,1.0013382867916576
,,egauge15623,egauge13836,egauge30039,egauge28684,egauge7692,egauge5198,egauge23534,egauge24121,egauge22271,egauge20407
0.9993649404485764,1.0000927522152439
0.993709088662111,1.0006233332776533
0.9875314841024039,1.000982825733602
0.981354120689708,1.001110654555964
0.9993649404485764,1.0002437047864212
0.9993074039965901,1.0009852249262057
0.999244704949474,1.0008356260598021
0.993709088662111,1.000731233320731
0.993709088662111,1.0007099025248527
0.993709088662111,1.0009973398567602
0.9875314841024039,1.0011203388364827
0.9875314841024039,1.001032049279863
0.9813541206897082,1.0013677566745376
0.9710256134151217,1.000946303166412
,,egauge22785,egauge2850,egauge16133,egauge15623,egauge16608,egauge8253,egauge7731,egauge18544,egauge26086,egauge21932
0.9993649404485764,1.0000253227557763
0.993709088662111,1.000682625766254
0.9875314841024039,1.001242500793395
0.981354120689708,1.0014470672442717
0.9989803438139995,1.0000509839511038
0.9956741515786522,1.000010685678894
0.9975920270473174,1.0002874349450108
0.993709088662111,1.0008241272152871
0.993709088662111,1.0008321109227147
0.993709088662111,1.0007644928506136
0.9875314841024039,1.0013874449140605
0.9875314841024039,1.0016093535447064
0.9813541206897082,1.0016796620083899
0.9710256134151217,1.0014470672442717
,,egauge13836,egauge22785,egauge2474,egauge23534,egauge19821,egauge7731,egauge24121,egauge9102,egauge8816,egauge20670
0.9993649404485764,1.0001234166050883
0.993709088662111,1.0010046126425196
0.9875314841024039,1.001480444720098
0.981354120689708,1.001878257644548
0.9993649404485764,1.0005728269653424
0.998119921670362,1.0002407610850867
0.9980684789174091,1.0007414468699736
0.993709088662111,1.00117159393371
0.993709088662111,1.0015988502515258
0.993709088662111,1.001525517930243
0.9875314841024039,1.0015001573262483
0.9875314841024039,1.0017130856373533
0.9813541206897082,1.0021436126236747
0.9710256134151217,1.002171390097625
,,egauge4183,egauge22785,egauge26944,egauge2850,egauge7692,egauge28684,egauge20670,egauge7731,egauge30378,egauge9102
0.9993649404485764,1.0000482861552735
0.993709088662111,1.000278240610492
0.9875314841024039,1.0008071786086492
0.981354120689708,1.001059309268671
0.9993649404485764,1.0002811871148338
0.9982020243750348,1.000167550163949
0.9972661541958407,1.000711673924789
0.993709088662111,1.000108361858616
0.993709088662111,1.0003653283373153
0.993709088662111,1.000592985476467
0.9875314841024039,1.000931493698909
0.9875314841024039,1.0011693141487508
0.9813541206897082,1.0012288998790604
0.9710256134151217,1.001281877163015
,,egauge15601,egauge4183,egauge7731,egauge30039,egauge18350,egauge19696,egauge3167,egauge24121,egauge23534,egauge28684
0.9959226716644884,1.0008322729605463
0.9958712344530282,1.0008999484742533
0.9958712344530277,1.0010394198453223
0.9958712344530277,1.0013209026814076
0.9304854227282555,1.014242667514272
0.9956931599050649,1.0008322727298198
0.9941656354285962,1.0008747092172727
0.9957110410397978,1.000984965817121
0.9958712344530282,1.0008999484742536
0.9958322430845483,1.001364483878827
0.9958712344530279,1.0010665738091056
0.9958712344530273,1.0012956432920226
0.9958712344530277,1.0015633090050653
0.9958712344530273,1.0014350842233042
,,egauge22084,egauge13836,egauge14795,egauge8253,egauge3608,egauge3167,egauge20925,egauge28351,egauge26944,egauge7692
0.9954813761028227,1.0008395555752119
0.9499667805374781,1.0083212124160006
0.8989752775397737,1.0164892825581444
0.8989752775397737,1.0164892825581444
0.9954813761028227,1.0008395555752119
0.995481376102823,1.0009762086596932
0.9954813761028227,1.0008395555752119
0.9499667805374781,1.0083212124160006
0.9499667805374781,1.0083212124160006
0.9499667805374781,1.0083212124160004
0.8643170384935778,1.0164892825581444
0.8673222353463614,1.0301478090073084
0.8989752775397737,1.0164892825581444
0.8989752775397737,1.0164892825581444
,,egauge16133,egauge15623,egauge32290,egauge3608,egauge20358,egauge27467,egauge13974,egauge28351,egauge13836,egauge7731
0.9954813761028227,1.0008395555752119
0.9499667805374781,1.0083212124160006
0.8989752775397737,1.0164892825581444
0.8989752775397737,1.0164892825581444
0.9954813761028227,1.0008395555752119
0.995481376102823,1.0008395555752116
0.9954813761028227,1.0008395555752119
0.9499667805374781,1.0083212124160006
0.9499667805374781,1.0083212124160006
0.9499667805374781,1.0083212124160004
0.8643170384935778,1.0164892825581444
0.8673222353463614,1.0301478090073084
0.8989752775397737,1.0164892825581444
0.8989752775397737,1.0164892825581444
,,egauge19696,egauge20670,egauge2474,egauge7692,egauge28351,egauge32290,egauge20925,egauge13974,egauge26086,egauge13830
0.9954813761028227,1.0008395555752119
0.9499667805374781,1.0083212124160006
0.8989752775397737,1.0164892825581444
0.8989752775397737,1.0164892825581444
0.9954813761028227,1.0008395555752119
0.995481376102823,1.0008395555752116
0.9954813761028227,1.0008395555752119
0.9499667805374781,1.0083212124160006
0.9499667805374781,1.0083212124160006
0.9499667805374781,1.0083212124160004
0.8643170384935778,1.0164892825581444
0.8673222353463614,1.0301478090073084
0.8989752775397737,1.0164892825581444
0.8989752775397737,1.0164892825581444
,,egauge24121,egauge18544,egauge20925,egauge28684,egauge20670,egauge26086,egauge23534,egauge7729,egauge19810,egauge26944
0.9954813761028227,1.0008395555752119
0.9499667805374781,1.0083212124160006
0.8989752775397737,1.0164892825581444
0.8989752775397737,1.0164892825581444
0.9954813761028227,1.0008395555752119
0.995481376102823,1.0008395555752116
0.9954813761028227,1.0008395555752119
0.9499667805374781,1.0083212124160006
0.9499667805374781,1.0083212124160006
0.9499667805374781,1.0083212124160004
0.8643170384935778,1.0164892825581444
0.8673222353463614,1.0301478090073084
0.8989752775397737,1.0164892825581444
0.8989752775397737,1.0164892825581444
,,egauge18158,egauge22785,egauge9102,egauge18350,egauge20358,egauge8253,egauge3608,egauge17073,egauge30378,egauge32290
0.9954813761028227,1.0008395555752119
0.9499667805374781,1.0083212124160006
0.8989752775397737,1.0164892825581444
0.8989752775397737,1.0164892825581444
0.9954813761028227,1.0008395555752119
0.995481376102823,1.0008395555752116
0.9954813761028227,1.0008395555752119
0.9499667805374781,1.0083212124160006
0.9499667805374781,1.0083212124160006
0.9499667805374781,1.0083212124160004
0.8643170384935778,1.0164892825581444
0.8673222353463614,1.0301478090073084
0.8989752775397737,1.0164892825581444
0.8989752775397737,1.0164892825581444
,,egauge13836,egauge20407,egauge22271,egauge3166,egauge28351,egauge13830,egauge8253,egauge5198,egauge8617,egauge2850
0.9954813761028227,1.0008395555752119
0.9499667805374781,1.0083212124160006
0.8989752775397737,1.0164892825581444
0.8989752775397737,1.0164892825581444
0.9954813761028227,1.0008395555752119
0.995481376102823,1.0008395555752116
0.9954813761028227,1.0008470192928947
0.9499667805374781,1.0083212124160006
0.9499667805374781,1.0083212124160006
0.9499667805374781,1.0083212124160004
0.8643170384935778,1.0164892825581444
0.8673222353463614,1.0301478090073084
0.8989752775397737,1.0164892825581444
0.8989752775397737,1.0164892825581444
,,egauge8816,egauge33764,egauge16608,egauge7731,egauge24121,egauge22084,egauge22271,egauge3611,egauge26086,egauge9102
0.9954813761028227,1.0008395555752119
0.9499667805374781,1.0083212124160006
0.8989752775397737,1.0164892825581444
0.8989752775397737,1.0164892825581444
0.9954813761028227,1.0008395555752119
0.995481376102823,1.0008395555752116
0.9954813761028227,1.0008395555752119
0.9499667805374781,1.0083212124160006
0.9499667805374781,1.0083212124160006
0.9499667805374781,1.0083212124160004
0.8643170384935778,1.0164892825581444
0.8673222353463614,1.0301478090073084
0.8989752775397737,1.0164892825581444
0.8989752775397737,1.0164892825581444
,,egauge7692,egauge18350,egauge3167,egauge13974,egauge20670,egauge24121,egauge13836,egauge18158,egauge22271,egauge23534
0.9954813761028227,1.0008395555752119
0.9499667805374781,1.0083212124160006
0.8989752775397737,1.0164892825581444
0.8989752775397737,1.0164892825581444
0.9954813761028227,1.0008395555752119
0.995481376102823,1.0008395555752116
0.9954813761028227,1.0008395555752119
0.9499667805374781,1.0083212124160006
0.9499667805374781,1.0083212124160006
0.9499667805374781,1.0083212124160004
0.8643170384935778,1.0164892825581444
0.8673222353463614,1.0301478090073084
0.8989752775397737,1.0164892825581444
0.8989752775397737,1.0164892825581444
,,egauge21932,egauge30378,egauge9102,egauge7731,egauge23534,egauge15601,egauge16608,egauge2850,egauge3166,egauge19810
0.9997572363305272,1.000005175550253
0.9980766963713903,0.9999997190971771
0.9964571120293797,0.9999997190971766
0.9962111639891567,0.9999997190971766
0.9997572363305272,1.000005175550253
0.998448161910306,1.0004776277258556
0.9981952958460236,1.0005789024890919
0.9978849497339092,1.0003603476585738
0.9973631351385912,1.0003139797792275
0.9960030465559164,1.0004570841997267
0.9963742852478887,0.9999997190971766
0.9943346263232596,0.9999997190971766
0.9962041960626721,0.9999997190971769
0.9953787343979799,0.9999997190971766
,,egauge22084,egauge7729,egauge18350,egauge2850,egauge16616,egauge19696,egauge4183,egauge14018,egauge28351,egauge22785
0.9997469384610597,1.0000136251241833
0.9978288107786943,1.0000724016484304
0.9970162194132477,1.0004224462670215
0.9963067370122083,1.000493295259177
0.9992716375071862,0.9999997190971771
0.9971501358031916,1.0002986778756056
0.9993319115365064,1.0003067204724074
0.9959620276087983,0.9999997190971769
0.9976710151141854,1.0001237671712941
0.9951542676028212,1.000599859436843
0.9969737238238237,1.0005131152356075
0.9963917500118797,1.0006663337732404
0.9956219388208642,1.0005603333806923
0.9956759099632992,1.0005131747391827
,,egauge3611,egauge19810,egauge26086,egauge8253,egauge13830,egauge21932,egauge17073,egauge20925,egauge5198,egauge8617
0.999846604074264,1.0002623826086905
0.999119205363484,1.0026015172339944
0.9984092289698758,1.005155502847268
0.9978110150225985,1.0077095305192347
0.9987551498593348,1.0002623826086905
0.9976730258952827,1.0002623826086905
0.9985334357294837,1.000832180426608
0.998326986354144,1.0026015172339942
0.9989548128399748,1.0026015172339942
0.999119205363484,1.0026015172339944
0.9983534643962516,1.005155502847268
0.9982017899128939,1.005155502847268
0.9971979599293349,1.007709530519235
0.9977123109287879,1.0119801461657234
,,egauge3167,egauge28351,egauge20358,egauge17311,egauge16133,egauge23534,egauge7729,egauge15623,egauge3166,egauge2850
0.9963794984468035,1.001423741339765
0.9641004917262503,1.0141021001446509
0.928806437905965,1.027939697053301
0.8935471612975563,1.0417785470518088
0.9963794984468035,1.001423741339765
0.9963794984468037,1.0014237413397653
0.9963794984468035,1.001423741339765
0.9641004917262503,1.0141021001446506
0.9641004917262503,1.0141021001446506
0.9641004917262501,1.0141021001446509
0.9287878686682077,1.0279396966543268
0.928806437905965,1.027939697053301
0.8534665739619188,1.0575148628290734
0.8935471612975563,1.0417785470518088
,,egauge28351,egauge7692,egauge13836,egauge33764,egauge4183,egauge28684,egauge18158,egauge21932,egauge20925,egauge9102
0.9998843952448145,1.0000977423013873
0.9991223222311529,1.0006841988547301
0.998490446369609,1.001023625252757
0.9979895649201809,1.0012671454445863
0.9988835591135837,1.000257270376029
0.9979242249141258,1.000375681321647
0.9992666503269872,1.0010651836860114
0.9990010799184357,1.0009093312237425
0.9989379460080154,1.0008369459885034
0.9984099193293107,1.001001203928836
0.9984013710991858,1.0011122138551465
0.998490446369609,1.001023625252757
0.9979451761528727,1.0014334071532274
0.9972173336906905,1.001432022496081
,,egauge16608,egauge9102,egauge2850,egauge2474,egauge30378,egauge20358,egauge15623,egauge3166,egauge13830,egauge30039
0.9963794984468035,1.0008437477176848
0.9641004917262503,1.00835953836075
0.928806437905965,1.0165641481575949
0.8935471612975563,1.024769194936895
0.9963794984468035,1.0008437477176848
0.9963794984468037,1.0008437477176848
0.9953892632598386,1.0008437477176848
0.9641004917262503,1.00835953836075
0.9641004917262503,1.00835953836075
0.9641004917262501,1.0083595383607502
0.9287878686682077,1.0165641480802308
0.928806437905965,1.0165641481575949
0.8534665739619188,1.034098918802082
0.8935471612975563,1.0247691949368951
,,egauge24121,egauge3608,egauge16133,egauge20925,egauge20670,egauge16616,egauge30378,egauge17073,egauge18544,egauge3167
0.9963794984468035,1.0008437477176848
0.9641004917262503,1.00835953836075
0.928806437905965,1.0165641481575949
0.8935471612975563,1.024769194936895
0.9963794984468035,1.0008437477176848
0.9963794984468037,1.0008437477176848
0.9963794984468035,1.0008437477176848
0.9641004917262503,1.00835953836075
0.9641004917262503,1.00835953836075
0.9641004917262501,1.0083595383607502
0.9287878686682077,1.0165641480802308
0.928806437905965,1.0165641481575949
0.8534665739619188,1.034098918802082
0.8935471612975563,1.0247691949368951
,,egauge16133,egauge13836,egauge16608,egauge8816,egauge22271,egauge8617,egauge20925,egauge3608,egauge19821,egauge17311
0.9998206256583844,1.0000926567786996
0.9983734325041066,1.000650703616671
0.9979618211914554,1.0009900763041717
0.9976726423327706,1.0013247195429273
0.9986837200475677,1.0002456184468573
0.9992965683241664,1.0009954184732803
0.9993184604898228,1.0006290033655898
0.9964912262549053,1.0006781421758495
0.9982938002975152,1.001039506497265
0.9981937420976355,1.000805925251492
0.9979396466164575,1.0010687580237236
0.9969179688819432,1.0009318001344405
0.9973693972874693,1.0016177686341319
0.9976325743456577,1.0014760176601762
,,egauge7731,egauge18544,egauge8617,egauge3611,egauge7692,egauge20407,egauge18158,egauge15601,egauge17311,egauge13830
0.9998385686792204,1.0001005159764613
0.9982905663736868,1.0006013156242473
0.9973329429868177,1.0011300203501388
0.9973362053537199,1.001302307895081
0.9997327831381667,1.0004614315781464
0.9992715063642467,1.000923315626862
0.9989113913561048,1.0002834907845883
0.9972977188240885,1.0007061672226474
0.9973246551737739,1.0007093140994558
0.9973138811216314,1.0003028504464315
0.997236753416922,1.0012483359422109
0.9959628010494135,1.0014400607330336
0.9973302751910417,1.0013838030918742
0.9973503811076806,1.0014705401702924
,,egauge15601,egauge16608,egauge13836,egauge33764,egauge3166,egauge18158,egauge30378,egauge28684,egauge22271,egauge5198
0.9998774591493725,1.0001304942221954
0.998914110324875,1.0008926142177883
0.9980895515484349,1.00137738210246
0.9975006071716865,1.0016611248901488
0.9985046768113847,1.0006340915651672
0.9993664013426331,1.0006312512246356
0.9992490583322373,1.0011021102179212
0.9986331268936647,1.0011332820174716
0.9988641091096768,1.0009412757987337
0.9986466555410429,1.0015227105492894
0.9979622261941073,1.0014377409907023
0.9980086745066565,1.001568747956572
0.9974435934300232,1.0019017350821897
0.9965996953052854,1.00178172662022
,,egauge7731,egauge13830,egauge23534,egauge3166,egauge9102,egauge16616,egauge22785,egauge2850,egauge18350,egauge2474
0.9997502018565121,1.0000416296332597
0.9975874617532807,1.0003558358172995
0.9957348411606387,1.0007054469662156
0.9952092618684668,1.0010550588991447
0.9995804818041429,1.0004241978736863
0.9991882957986324,1.0005170149757798
0.9990110428595906,1.0007539079912682
0.9975512624033444,1.0003558358172995
0.9968537046319721,1.0003558358172995
0.9973795976987089,1.0003558358172995
0.9956447661625523,1.0007054469661043
0.9937374429453556,1.0007054469662158
0.995181022585094,1.0013121441561894
0.9943719851489793,1.0012646071885967
,,egauge32290,egauge23534,egauge16616,egauge27467,egauge20407,egauge30378,egauge13836,egauge7729,egauge9102,egauge14018
0.9998172394584539,1.0000862103962131
0.9983993981817113,1.000829615081666
0.9970363774857288,1.0014579430176191
0.9963066392909539,1.0017915463637705
0.9989070145147418,1.0000156597590646
0.9990309010306412,1.0007210440511825
0.9994051939954333,1.0002186446040366
0.998236468913322,1.001121381991515
0.9975381456536614,1.000646741298821
0.9970508571262188,1.00123944374835
0.9970616021558502,1.0015894293805399
0.9958869076731265,1.0016274297213241
0.9960248144014556,1.0019057601379258
0.9950802813087009,1.0021813961965198
,,egauge9102,egauge18544,egauge20925,egauge22271,egauge7692,egauge8253,egauge21932,egauge18350,egauge13974,egauge4183
0.9998522346964677,1.000096246112346
0.9985692526462904,1.000577245463413
0.998169970170461,1.000820429575949
0.9979320300451008,1.0009899167893843
0.9990930661685753,1.000282306445644
0.9992716673175827,1.0009190415902427
0.9979711144253832,1.0006813593283315
0.9985720770518269,1.0009344172128511
0.9976000209389265,1.000699183052711
0.9970756535827813,1.0006814266373822
0.9981699701248814,1.0008204295751475
0.997900194958028,1.0009501322118652
0.9974676520676741,1.0010722011596853
0.9977980514875706,1.0011523061377852
,,egauge20358,egauge13836,egauge2474,egauge32290,egauge26086,egauge22785,egauge16608,egauge30378,egauge13830,egauge18544
0.9998369536441122,1.0001121038374603
0.9986040405402825,1.0007446780842408
0.9979336284697253,1.0013336017774188
0.9977213408299804,1.0016822685554323
0.9997156710339162,1.0002763875382403
0.9993146945337985,1.0009764793164349
0.9981421931642046,1.0007033088350588
0.9979040261005179,1.0006582149361942
0.9982107543481945,1.001023440897109
0.997224311375812,1.0007326883094938
0.9978957353436847,1.0014042366510998
0.9971860149691344,1.0015616447710083
0.9974789810168895,1.0018207530508498
0.033255879326953466,0.03340205378043846
,,egauge16608,egauge28684,egauge28351,egauge15623,egauge20407,egauge3166,egauge15601,egauge5198,egauge20670,egauge19810
0.9998352047240262,1.0000482617954212
0.9984516010719489,1.000254078740905
0.9975054874000583,1.0005031207604402
0.9971554276928964,1.0003917056125353
0.9996136990089698,1.0003193620648911
0.9991116625758699,1.0004326214521078
0.9978413949473375,1.0003696852270596
0.998363041066466,1.0003702244758232
0.9975702657181477,1.000072863066903
0.9983562801232375,1.0003447294105963
0.997059702162036,1.0006981026416981
0.9966045703821667,1.0006263852432848
0.9970938558077165,1.0005381729163045
0.03320716735355734,0.03333332397284071
,,egauge32290,egauge2850,egauge26944,egauge7729,egauge13974,egauge19696,egauge16608,egauge24121,egauge3608,egauge22084
0.9958842065445439,1.0012119531040857
0.9638303653150068,1.0117931718568114
0.9637173907165049,1.01171809028821
0.9637012849225071,1.0117180056684116
0.9304499476059709,1.0210892801851006
0.9956542909019879,1.001211952770996
0.9957228256865417,1.0012119527546732
0.9636787869961954,1.0116937811986484
0.9040382442440749,1.033087818455584
0.9612854874684261,1.0100870570950078
0.9636814114438892,1.0116982613268637
0.9636155925956503,1.0116414478401903
0.9636829724583402,1.0117179094537223
0.9637012849225071,1.0117180056684116
,,egauge20358,egauge3167,egauge18544,egauge28351,egauge16133,egauge9102,egauge5198,egauge30378,egauge21932,egauge15601
0.9959691623035474,1.0012137115234865
0.9958849805048404,1.001161536065384
0.9958849805048401,1.0013230866989213
0.9958849805048401,1.001625733242936
0.9305282993887495,1.0210910796789723
0.9958385238619016,1.001213711190308
0.9958256221337201,1.0010890295807842
0.9957274026945807,1.0010638698847862
0.9958849805048403,1.001161536065384
0.9958849805048404,1.001161536065384
0.9958849805048399,1.001370703005911
0.9958849805048403,1.0015511268517328
0.9958849805048401,1.001625733242936
0.9958849805048403,1.0021317825178728
,,egauge15601,egauge26944,egauge19821,egauge14018,egauge23534,egauge13974,egauge7729,egauge20407,egauge18544,egauge19810
0.9958973586124275,1.0012187682831037
0.9639281245544786,1.004698643546304
0.9639011195726418,1.0046986434700311
0.9639011195726418,1.0046986434700311
0.9304620772108693,1.021096255105512
0.9957587648833202,1.0012187679499598
0.9958334355197512,1.0013724351144715
0.9637772001164151,1.0046410007313842
0.9041287814249415,1.0127840647848276
0.9614117856836649,1.004698643546304
0.963882756186236,1.0046986434181662
0.9639011195726418,1.0046986434700313
0.9639011195726418,1.0046986434700313
0.9639011195726418,1.0046986434700313
,,egauge26086,egauge7729,egauge30378,egauge18544,egauge16616,egauge16608,egauge20670,egauge33764,egauge23534,egauge3167
0.995889824941996,1.0012405457772406
0.9639159418658305,1.0046724997668062
0.9638889372903013,1.0046724996899292
0.9638889372903013,1.0046724996899292
0.9304551292590775,1.0211185436559138
0.9957635180503223,1.0012405454440676
0.9955913384460024,1.0018023808061147
0.963765019698904,1.0046148587235308
0.9041174993268233,1.0127576721673934
0.9613534402136769,1.004672498680966
0.9638705741801838,1.004672499637653
0.9638889372903013,1.0046724996899292
0.9638889372903016,1.0046724996899297
0.9638889372903013,1.0046724996899292
,,egauge15601,egauge22271,egauge33764,egauge23534,egauge8253,egauge8617,egauge30039,egauge15623,egauge14795,egauge22785
0.9959715325169188,1.001214767831108
0.9958953403512876,1.0011735326597035
0.9958953403512871,1.001266379675683
0.9958953403512871,1.001512974466641
0.9305304854084689,1.0210921607620285
0.9959715320845407,1.0012147674979304
0.9958261110899203,1.0010900857329172
0.9957479562757566,1.0010963453202961
0.9958953403512876,1.0011735326597035
0.9958953403512874,1.0011735326597035
0.9958953403512871,1.001400474634479
0.9958953403512871,1.0014258071631719
0.03319651134504291,0.03339124306883096
0.9958953403512871,1.0015954214569105
,,egauge15623,egauge22084,egauge14018,egauge5198,egauge2474,egauge19821,egauge20358,egauge16133,egauge23534,egauge22271
0.9927468011606775,1.0012282957867784
0.9600887159161611,1.0073909709813178
0.9600887159161606,1.0073909709813174
0.9600887159161606,1.0073909709813174
0.9275517833568434,1.0211060061835031
0.9925894878808358,1.001228295628956
0.9927468011966725,1.0013584798234483
0.9599430429528512,1.0072585646449537
0.9005728371438494,1.0201608812905743
0.9575432648035437,1.0073909688259053
0.9600887159161606,1.0073909709813174
0.9600887159161606,1.0073909709813174
0.9600887159161606,1.0073909709813176
0.9600887159161606,1.0073909709813174
,,egauge30378,egauge16608,egauge26944,egauge28684,egauge22785,egauge2474,egauge32290,egauge13974,egauge15601,egauge19810
0.9908107486738098,1.001213065156828
0.9649076788244701,1.0052734000609744
0.9304018996567758,1.0104541551705422
0.8959030808448396,1.015635084346074
0.9257668616052348,1.0210904181411473
0.9906906322482749,1.0012130649989954
0.7386464513878003,1.001066483446194
0.9649076788244704,1.0052734000609744
0.9649076788244704,1.0052734000609744
0.9649076788244701,1.0052734000609744
0.9304018996567758,1.0104541551705422
0.9304018996567758,1.0104541551705424
0.8959030808448397,1.015635084346074
0.8382349991800282,1.0242983491230953
,,egauge8253,egauge26086,egauge3167,egauge16616,egauge17311,egauge33764,egauge23534,egauge20925,egauge16608,egauge7729
0.9887733974486822,1.0012130382431383
0.9242191644729258,1.0078664883222646
0.8497403804090853,1.015589828405065
0.8497403804090854,1.0233135574584051
0.9257668616052348,1.0210903823321515
0.9886510712857056,1.0012130380848163
0.7360914353193476,1.0010664565375869
0.9241384296066434,1.0078664883222643
0.9242191644729258,1.0078664883222643
0.9242191644729258,1.0078664883222646
0.8497403804090853,1.019082738073537
0.7252806133553313,1.0155898284050648
0.8497403804090855,1.0233135574584051
0.831998187974792,1.0362290113011308
,,egauge13830,egauge15601,egauge22084,egauge9102,egauge18350,egauge16133,egauge7731,egauge3167,egauge3166,egauge30039
0.990803227934422,1.0012130396446957
0.9646762884285577,1.0074180786765468
0.964631275824602,1.0074180780581803
0.964631275824602,1.0074180780581803
0.9257599255405297,1.0210903920565777
0.9906831125885897,1.0013134603153033
0.7386613622098852,1.0010664579383743
0.9645584250542697,1.0072713558306736
0.9048217095854324,1.020188395139985
0.9646169584107338,1.0074180774689994
0.9646006672573614,1.0074180776376913
0.9646312758246018,1.00741807805818
0.9646312758246022,1.0074180780581803
0.964631275824602,1.00741807805818
,,egauge14018,egauge3611,egauge20407,egauge4183,egauge17073,egauge8617,egauge16608,egauge19696,egauge3608,egauge20925
0.990801468573696,1.0012172406523607
0.9646000360048339,1.0073790198594619
0.9644627522931841,1.0073409797671384
0.9643254683652615,1.007302940298613
0.9257583029493242,1.0210946916641874
0.9906813534804398,1.0013095338102944
0.7386613772888047,1.0010706582191045
0.9645089987307838,1.0072323037225033
0.9047510844993557,1.0201487527402868
0.9646000360048341,1.0073790198594619
0.9644627525253727,1.007340979349218
0.9644627522931841,1.0073409797671387
0.9643254683652615,1.007302940298613
0.9640959195026662,1.0072393354176552
,,egauge26086,egauge28351,egauge20407,egauge18544,egauge18350,egauge13830,egauge17311,egauge22084,egauge16608,egauge8617
0.9908026459934481,1.0012092485944777
0.9644269931048779,1.0072139822328492
0.9641129556541149,1.0070577564773107
0.9637989186270861,1.0068286795590193
0.9257593888360099,1.021086512072177
0.9906648849919043,1.0012092485944777
0.7386596475230635,1.0010626675442165
0.9643359752661163,1.0070672944578196
0.9045908174231958,1.0199812474441394
0.9644269938108269,1.0071511273422866
0.9641129558113888,1.0071072955520415
0.9641129556541149,1.0070577564773107
0.963597847308338,1.0066114439801062
0.9635695189339067,1.0067651100116886
,,egauge22084,egauge27467,egauge15623,egauge16608,egauge2474,egauge22271,egauge3611,egauge23534,egauge3608,egauge15601
0.9959558179150874,1.0012121483811112
0.964564225140882,1.0074879677273878
0.9644269471528986,1.007449923397592
0.9642896692900847,1.0074118790770072
0.9305159923422383,1.0210894798935959
0.9957584614973722,1.0012808630253311
0.9955447068316062,1.0008994960951347
0.9644444160605152,1.0076609822374116
0.9047179179649294,1.0202593282633192
0.9645642251408818,1.0074879677273878
0.9644269471528986,1.007449923397592
0.9644269471528986,1.007449923397592
0.9642896692900847,1.0074118790770072
0.9640601305688435,1.0073482660828545
,,egauge3608,egauge30039,egauge3167,egauge7729,egauge20925,egauge3166,egauge5198,egauge24121,egauge8253,egauge13830
0.9959535594566405,1.001246942317225
0.9632715875814087,1.0123455844693112
0.92731139817307,1.0245602147773138
0.92731139817307,1.024560214777314
0.9305139093387929,1.0210596851975873
0.9957562035683668,1.0012517492621649
0.9953538892654161,1.0012469422572696
0.963159913286615,1.012175875810688
0.9044330211938472,1.0202444855554977
0.9632407908970976,1.012345583989085
0.9272876844073091,1.0245602147773138
0.867206621903173,1.0449859989351662
0.92731139817307,1.024560214777314
0.92731139817307,1.024560214777314
,,egauge19696,egauge9102,egauge22785,egauge20407,egauge3167,egauge26086,egauge13974,egauge17073,egauge20670,egauge8816
0.9959728807917583,1.0012130651540487
0.9642690263598719,1.0123965959254484
0.9642690263598719,1.0123461504208806
0.9642690263598719,1.0123461504208806
0.9305317288240856,1.0210904181363278
0.9959728807917583,1.001213065154049
0.9958291674849542,1.001084285883341
0.9048565910423655,1.0128197295949841
0.9044445138799603,1.0337062236818015
0.9642690263598719,1.012333288901261
0.9642690263598716,1.0123118474819022
0.9642690263598719,1.0123461504208806
0.9642690263598719,1.0123461504208806
0.9642690263598719,1.0123461504208806
,,egauge8816,egauge7729,egauge19810,egauge33764,egauge22271,egauge27467,egauge15623,egauge9102,egauge15601,egauge13974
0.9997102266499862,1.0000882513825493
0.9987658879288972,1.0009995347209877
0.9976456985028996,1.001549204289663
0.9967102188772743,1.0019298046392726
0.9977417859557984,1.0004532351030624
0.9971300874741521,1.000411918312879
0.9974111507498682,0.9999997190971771
0.9987078314562058,1.0012018091686896
0.9986618844756346,1.0012955625887088
0.9985602354050866,1.0016354306191835
0.997528158636515,1.0015966701867385
0.9972092775634872,1.0017151871808567
0.9957797498874877,1.0022739759773693
0.9964475613062798,1.002060064386273
,,egauge24121,egauge17073,egauge7729,egauge20925,egauge14018,egauge9102,egauge13836,egauge22785,egauge14795,egauge17311
0.9998260016690954,1.0000621843816915
0.9987983026947131,1.0006135172109507
0.9983032609043858,1.0009122491758151
0.9981103328573951,1.001160644346587
0.9990355493082669,1.000202831978632
0.9989699118892237,1.0007110345693084
0.9969976443330436,1.0004006670465284
0.9984530582507726,1.0008444872599087
0.9979291653198237,1.0008857840676533
0.9973907112414434,1.0008187214890902
0.9982625984548694,1.0010562664945741
0.9974251324514126,1.000965552603419
0.9975094743844868,1.0013912154976197
0.9980796657545884,1.0012756374163863
,,egauge21932,egauge22084,egauge20925,egauge33764,egauge16616,egauge3611,egauge3608,egauge18350,egauge28351,egauge13974
0.9998397257221258,1.0000432272077304
0.9984398036352664,1.0004216858086612
0.9971961629394952,1.0006331587962418
0.9961968823729,1.0008047678583545
0.9998397257221258,1.0000432272077304
0.9987544432796196,0.9999997190971771
0.997916716993339,1.0006415702173035
0.9981915526623794,1.0006295961583975
0.9982802614814928,1.000481825215323
0.9965539669600825,1.0006380447695897
0.9970704802939365,1.0006249883990463
0.9970877599442513,1.000762832746376
0.9955097144178433,1.000910686025815
0.9955276850871406,1.0009433376859633
,,egauge9102,egauge19821,egauge13830,egauge16616,egauge15623,egauge18350,egauge19696,egauge3611,egauge16608,egauge20670
0.9998221550401432,1.0001166929403766
0.9986950587941267,1.000659526793749
0.9976035705424049,1.001165009541434
0.9974055098963432,1.0014484378344188
0.9990555118976129,1.0003343532185776
0.9987484676856974,1.0013185063324637
0.9991293171685929,1.0005872333076715
0.9984922223709656,1.000709034738303
0.9980724789718002,1.0007995392980118
0.9975154238940921,1.000887054523024
0.9970459015394028,1.0013196946531344
0.9967224833800408,1.0012496243882794
0.9973191803217532,1.0016427538927062
0.9972012930444787,1.0017718941401297
,,egauge30378,egauge22271,egauge20670,egauge18544,egauge8617,egauge13974,egauge7729,egauge20925,egauge20407,egauge20358
0.9997995199457004,1.0000943766334403
0.9983974942605164,1.000575363108255
0.997346045051562,1.0008019268577917
0.996729056988411,1.0007855858025947
0.9990772907498326,1.0003220860907613
0.9991924528202717,1.0008381172090657
0.9991610705566142,1.0006561784199486
0.9983178569718987,1.0009336596328526
0.9982502771331717,1.0006107464374077
0.9971436370363908,1.0008204905835372
0.9968913323799166,1.0008688192250146
0.9972791521387935,1.0010435983680845
0.03320381691830983,0.033355173469526454
0.9965912584366615,1.0009500002843779
,,egauge20670,egauge20925,egauge22084,egauge28684,egauge21932,egauge17073,egauge16133,egauge13830,egauge14795,egauge3167
0.9962496431712748,1.0007629556474675
0.963327274803551,1.00775056225834
0.927368051371668,1.0154032659650436
0.927368051371668,1.0154032659650436
0.9962496431712746,1.0007629556474675
0.9950701960747428,1.000626737054435
0.9958665582963028,1.0008653675103854
0.963327274803551,1.00775056225834
0.9632858946821116,1.0077095391315378
0.963327274803551,1.0077505622583403
0.927368051371668,1.0154032659650436
0.8672588725135418,1.0281999529775128
0.927368051371668,1.0154032659650436
0.9273680513716678,1.0154032659650436
,,egauge22084,egauge14018,egauge26944,egauge22271,egauge9102,egauge7731,egauge20407,egauge8816,egauge16616,egauge30039
0.9963635414925035,1.0007757841755653
0.9640851228934288,1.0077893192449185
0.9288177920091003,1.015474923774932
0.8935579348698,1.0231609113809488
0.9963635414925035,1.0007757841755653
0.9962377689796493,1.0008171426428205
0.9959639766657685,1.0007889819373479
0.9640851228934288,1.0077893192449185
0.9640384994371046,1.0077393371148287
0.9640851228934288,1.0077893192449188
0.9288177920091003,1.015474923774932
0.9288177920091003,1.0154749237749319
0.8534767023076997,1.0319004003285714
0.8935579134122111,1.0231609098054506
,,egauge19821,egauge30378,egauge20670,egauge19696,egauge3611,egauge28684,egauge32290,egauge18158,egauge7692,egauge20407
0.9900310317157108,1.0009736294089737
0.8989689802376781,1.0111172434098386
0.7986498648233374,1.0225191136333052
0.7986498648233374,1.0231997953062213
0.9900310317157108,1.0009736294089737
0.9900310317157108,1.0009736294089737
0.9900310317157108,1.0009736294089737
0.8989689802376782,1.0111172434098386
0.8989689802376782,1.0111172434098386
0.898968980237678,1.0111172434098383
0.7780381780209005,1.0302725981361682
0.6816500616803436,1.0225191136333052
0.7986498648233374,1.0319396774394005
0.7986498648233376,1.0231997953062213
,,egauge22271,egauge17073,egauge16616,egauge32290,egauge23534,egauge13974,egauge8253,egauge20407,egauge17311,egauge5198
0.9923226585742441,1.0000703834009075
0.9241720372784341,1.0003344589858667
0.8496970469737287,1.0005587004319918
0.849697046973729,1.0006376528323462
0.9921256837310554,1.0004633089377017
0.9923226585742438,1.0007246916635621
0.9923226585742441,1.0005945331129864
0.9241720372784341,1.0002771705293407
0.9241720365910954,1.0006712527420891
0.9238759464793667,1.0004422007857259
0.8496970469737286,1.0005587004319918
0.7252436196624421,1.0009990984245698
0.8496970469737292,1.0007337493733466
0.849697046973729,1.0008497648655514
,,egauge32290,egauge26086,egauge14018,egauge26944,egauge17311,egauge19821,egauge16608,egauge13830,egauge15601,egauge20670
0.9963597405676947,1.0005123233765085
0.964007088364454,1.0051507566499007
0.9287432168121954,1.0103141178765591
0.893486818172649,1.0154776513809272
0.9963597405676947,1.0005123233765085
0.9963038967989859,1.0009046699282123
0.9960092128670665,1.000895902099112
0.9638181634117771,1.0049805179743554
0.964007088364454,1.0051507566499007
0.964007088364454,1.005150756649901
0.9287432168121954,1.010314117876559
0.9287432168121954,1.0103141178765591
0.8534095022003422,1.021348844324719
0.8380995401306356,1.0154776513809272
,,egauge13830,egauge7692,egauge18544,egauge16133,egauge8816,egauge24121,egauge3611,egauge13974,egauge2850,egauge14018
0.996255489133833,1.0012472631675045
0.9961050498478495,1.0011950206725961
0.9950909593432034,1.0011950206401166
0.9934944190372395,1.0011950206401168
0.9954050307904069,1.0011556255802116
0.8814134551625539,1.0391318328108614
0.9960580477408576,1.0012472631065912
0.995991462551242,1.0010972290916882
0.9961050498478498,1.0011950206725961
0.9961050524135869,1.001195020381952
0.9946719290531348,1.0011950206337557
0.9948999995345738,1.001195020601973
0.9920071466602265,1.0011950206401168
0.9930120711853807,1.001195020640117
,,egauge7729,egauge30039,egauge20407,egauge7692,egauge22271,egauge14018,egauge20358,egauge13974,egauge9102,egauge7731
0.9928869726230415,1.000123552540375
0.9294469356481301,1.0009385828253765
0.8600144531784417,1.0013861551143763
0.7906977512326114,1.001662501456067
0.9928367853513616,1.0002747649538994
0.8814388723993363,1.0052977309702933
0.9929047928771703,1.0008309944636915
0.9293394110824424,1.0010799723114199
0.9294610971498328,1.0012327627830224
0.9294469356481301,1.00164145408858
0.8600144531784417,1.0014496490609717
0.8598622085599679,1.0015163313400053
0.7906977512326115,1.001775377845972
0.6748642463382264,1.0019585795896149
,,egauge19696,egauge15623,egauge22785,egauge13836,egauge30378,egauge3608,egauge16608,egauge26944,egauge5198,egauge4183
0.9929118109534136,1.0007833026674335
0.9295892549617444,1.0007951931199552
0.8602304616843031,1.0012717101332065
0.7908963689136292,1.0014321867064535
0.9928125549707214,1.0007152508899466
0.8805798815898885,1.0245839857009387
0.9929118109534136,1.000894209051233
0.9295892549617444,1.0011889391661066
0.9295892549617444,1.001009984029065
0.9295892549617444,1.000786729592567
0.860230461684303,1.0013443243464295
0.8602304616843031,1.0016216011193975
0.7908963689136294,1.001516525727465
0.675033802534745,1.0015764880032494
,,egauge20358,egauge30039,egauge19810,egauge20670,egauge16608,egauge15601,egauge19696,egauge26944,egauge18350,egauge22084
0.9998012203644373,1.0000732859641344
0.9987240211381063,1.000787390156173
0.9976520163456121,1.0010721446228645
0.9975040534483188,1.0010176515248672
0.9996651029123849,1.0002375621268254
0.9991947814318273,1.0007628612250548
0.9974481236087845,0.9999997190995876
0.9985305738532956,1.0009912119775017
0.998555943227296,1.0009603885621772
0.9963490724882365,1.0016998766950582
0.997056443980607,1.0011655206624308
0.9965654945989912,1.0014097871031826
0.9974182494346849,1.0010788409301652
0.9973828307892317,1.0008365506248231
,,egauge19810,egauge19821,egauge4183,egauge16616,egauge20407,egauge2850,egauge18158,egauge7692,egauge3611,egauge27467
0.9997235831490464,1.0000071608035803
0.9976619107047162,0.9999997190971773
0.9962994575837438,1.000281291161113
0.9956320519837207,1.0005166032205892
0.998593679220785,0.9999997190971776
0.9985362958187001,1.0011929392487204
0.9993907334170792,1.0004750002623894
0.9975473765378299,0.9999997190971776
0.997459238430761,0.9999997190971776
0.9937080451782392,0.9999997190971773
0.99613573621577,1.0003532331752236
0.9952646840448465,1.00037546853907
0.033163871553758474,0.033353503899223425
0.9955689056230387,1.0008486043991884
,,egauge27467,egauge32290,egauge17311,egauge4183,egauge16133,egauge13836,egauge14018,egauge20925,egauge7692,egauge20407
0.9998432781950477,1.0000807574592914
0.9987125635655412,1.0006573063441744
0.9977685698578359,1.000997594197769
0.9970520604650136,1.0009723135934008
0.9996968918870475,1.0004612083743563
0.998110862427319,0.9999997190971771
0.9986084440519506,1.000449945986855
0.9986027581751352,1.000811455757762
0.9978803873419118,1.0007921095351358
0.9984718015865404,1.0012973380444845
0.9975763015922182,1.0011478751540175
0.9977418257658739,1.0012393215635533
0.996348734398644,1.0010739703891205
0.03322286045518933,0.033359351578796506
,,egauge21932,egauge33764,egauge8816,egauge16133,egauge20407,egauge3611,egauge28351,egauge3608,egauge7692,egauge22785
0.9997585726386901,1.000036851848252
0.9981277210112655,1.0002301650480727
0.9970139616963318,1.0003884973452608
0.9962765309134555,1.000501397261987
0.9997585726386901,1.000036851848252
0.9991662989202404,1.0006095326942361
0.9957816764935568,1.0008169500761788
0.9975986580686546,1.0003975167466264
0.9973943835879392,1.0000481819939597
0.9961751026013687,1.000436815662762
0.9969001400124587,1.0004347682669081
0.9964294435072655,1.0003506866245775
0.9955809315282743,1.0005808120206985
0.996006811152922,1.0005792762590886
,,egauge23534,egauge20925,egauge17311,egauge16133,egauge9102,egauge22084,egauge20407,egauge5198,egauge3166,egauge7731
0.9922847413927022,1.000415872721566
0.9648251792843612,1.0047347146198427
0.9289223810927404,1.009587590487672
0.9289223810927404,1.009587590487672
0.9922847413927022,1.0004158727215662
0.9922847413927021,1.0006254231567107
0.7386713216639197,1.0004339068196288
0.9648251792843614,1.0047347146198424
0.9648251792843614,1.0047347146198424
0.9648251808658781,1.0047347139559029
0.9045106156377727,1.0128875846924683
0.9289223810927404,1.009587590487672
0.9289223810927405,1.0095875904876723
0.9289223810927404,1.009587590487672
,,egauge30039,egauge22084,egauge18158,egauge32290,egauge33764,egauge28684,egauge22785,egauge19821,egauge27467,egauge4183
0.9998808560756808,1.0001087171082368
0.9989034615184297,1.0008928867888656
0.9980790438943876,1.0015935620529144
0.9978984099399244,1.0018947998718162
0.9995672609008589,1.0004879881534403
0.9987344201191687,0.9999997191008093
0.9990643706303521,1.000806842071432
0.9980203752576751,1.0008299086723453
0.9986221086758058,1.0011056261152316
0.9984951430565677,1.0011801935834588
0.9977903233507907,1.0016033167482423
0.9976973759123404,1.002237469819212
0.9977826401823758,1.0021304222682896
0.03325888753829074,0.033401732989789386
,,egauge3608,egauge15623,egauge3167,egauge16133,egauge2850,egauge8816,egauge26944,egauge7729,egauge5198,egauge3611
0.9997347429517741,1.000010506829274
0.9976921571104741,1.0000339193421428
0.9966682926318939,1.000373838228302
0.996353511597796,1.0005400591687226
0.9986911957336709,0.9999997190971771
0.9992479525933029,1.0002898852651032
0.9991865381646892,1.0002289637269475
0.9966168289745714,1.000082753560796
0.9957539145038089,0.9999997190971769
0.9943248274852625,1.0005887567293392
0.996310982346243,1.000448930356407
0.9954037728067767,1.0004796280460755
0.9957421745673399,1.0006223806939882
0.9952722778830655,1.0006969324095683
,,egauge17311,egauge22084,egauge20925,egauge26086,egauge20670,egauge32290,egauge17073,egauge33764,egauge3608,egauge23534
0.9968033804769864,1.0005023951886458
0.964507178001538,1.005107640919009
0.9285528003810591,1.0102080813213046
0.9285087526515601,1.0101600542010436
0.9968033804769864,1.0005023951886458
0.9966738020070636,1.0005023950759961
0.9964783110664575,1.0006851304657751
0.964507178001538,1.005107640919009
0.9641748800657377,1.00510763913473
0.9643300509603698,1.0048711195398317
0.9041526784195456,1.012887581014941
0.9285115552774016,1.01881706294971
0.9284586698769589,1.0101054468187642
0.9285087526515601,1.0101600542010436
,,egauge30378,egauge27467,egauge19696,egauge15623,egauge16616,egauge3611,egauge13830,egauge2474,egauge32290,egauge20670
0.9968460569938035,1.0004158726936023
0.9648251839790732,1.004734713100437
0.9289223915398799,1.0095875874754834
0.9289223925315317,1.0095875870691982
0.9968460569938035,1.0004158726936023
0.9968460570530543,1.000821203426647
0.9967621032250916,1.0009229546906733
0.9648251839790735,1.004734713100437
0.9648251854382864,1.0047347124303863
0.9648251854719484,1.0047347124531238
0.904510629129382,1.012887581014941
0.9289223919768499,1.0095875872966376
0.9289223936368337,1.009587586613214
0.03096407975105106,0.033652919568973275
,,egauge18158,egauge3166,egauge20670,egauge17311,egauge16608,egauge32290,egauge16133,egauge19821,egauge22271,egauge16616
0.9962268814294951,1.0004204822712381
0.966781987860838,1.0047785157364229
0.9667188555834286,1.0094016046523422
0.9667188555834288,1.0094016046523422
0.9962268814294951,1.000445644498365
0.9962268814294951,1.0004204822712381
0.8747358134269329,1.0007205203467708
0.9663733957089863,1.004778515736423
0.9666799754778896,1.004778515736423
0.859499996137004,1.0203365145221186
0.9667133905056482,1.012700882001397
0.9666267319096589,1.009306839437667
0.032223961852780966,0.03364672015507808
0.9667188555834288,1.0094016046523422
,,egauge26086,egauge2850,egauge17073,egauge5198,egauge33764,egauge18158,egauge13836,egauge20670,egauge28684,egauge8617
0.9970782881157502,1.0004196308539148
0.9670645539686429,1.0047776599339406
0.9670645539686424,1.0047776599339402
0.9670645539686424,1.0047776599339402
0.9970782881157502,1.0004802770812333
0.9957080096785647,1.000419630853915
0.9968093910359469,1.0007677454101818
0.9670645539686429,1.0047776599339406
0.9670645539686429,1.0047776599339406
0.8597452450302085,1.0203356430656811
0.9670645539686424,1.0047776599339404
0.9670645539686424,1.0047776599339402
0.032235485132288084,0.033492588664464674
0.9670645539686424,1.0047776599339402
,,egauge32290,egauge20358,egauge3167,egauge20670,egauge19821,egauge2474,egauge28684,egauge3166,egauge16616,egauge15601
0.9962676281599178,1.0012401489234573
0.9962029652148509,1.0011877418345811
0.9962029651559791,1.0014533253503926
0.9962029651559791,1.0017699858918507
0.9962676281599178,1.0012401489234573
0.9959622092186566,1.0009836113162054
0.8747706809869868,1.0419515179984864
0.9962029652148509,1.0012290367986358
0.9960819241033967,1.0016262064929542
0.9962029652148509,1.001468576053746
0.9962029651473249,1.0015075271554243
0.9962029650807523,1.0014951391087044
0.033206765505199305,0.03339383661581477
0.9958454671714332,1.0022331255399037
,,egauge32290,egauge30378,egauge18158,egauge20407,egauge30039,egauge2850,egauge33764,egauge15601,egauge3608,egauge26944
0.9968259206154596,1.0001236175391248
0.9647749561940565,1.001520689380312
0.9647749561940563,1.0015206893803117
0.9647749561940563,1.0015206893803117
0.9968259206154596,1.0001236175391248
0.9967420807426495,1.000477673781489
0.9965492662001407,1.0007026372477341
0.9049130916237972,1.0041360910088573
0.9647749561940565,1.001520689380312
0.9647749561940565,1.0015206893803117
0.9647749561940563,1.0015206893803117
0.9647749561940563,1.0015206893803117
0.9647749561940565,1.0015206893803117
0.9647749561940563,1.0015206893803117
,,egauge27467,egauge22084,egauge26086,egauge17311,egauge22271,egauge28351,egauge13836,egauge28684,egauge30378,egauge7731
0.997083749702633,1.0004195618587997
0.9670698122039955,1.0047775859111996
0.967069811391224,1.0047775853301297
0.967069811391224,1.0047775853301297
0.997083749702633,1.0004718464504103
0.997083749702633,1.0004195618587997
0.9969922133595186,1.0009329741113369
0.9670698047758489,1.004777580435079
0.9670698113856087,1.0047775853243721
0.8597497883962555,1.0203355620336543
0.967069811391224,1.0047775853301293
0.9670698100491182,1.0047775843693754
0.03223566037970748,0.033492586177670994
0.967069811391224,1.0047775853301297
,,egauge8816,egauge2474,egauge22084,egauge21932,egauge32290,egauge7731,egauge28684,egauge8253,egauge18544,egauge13836
0.9968254812804632,1.0001121687647472
0.9647745335752018,1.0015092217142947
0.9647745335752014,1.0015092217142947
0.9647745335752014,1.0018656160895798
0.9968254812804632,1.0004558817675484
0.9967086192988135,1.0007576358367145
0.9964448179468165,1.00000548722483
0.9049127002128607,1.0041245880066179
0.9647745335752018,1.0015092217142947
0.9647745335752018,1.0015092217142947
0.9647745335752014,1.0015092217142947
0.9647745335752014,1.0015092217142947
0.9647745335752014,1.0021074700810029
0.9647745335752014,1.0023529054938736
,,egauge13836,egauge20925,egauge24121,egauge16616,egauge20358,egauge7731,egauge27467,egauge9102,egauge20407,egauge26086
0.9967803784936248,1.000494175291746
0.9642752799945407,1.0050141412379603
0.9287256396915589,1.0101140218976807
0.9286693918716138,1.0100659998158978
0.9967803784936246,1.0005129364294454
0.9966624674147653,1.000757635836921
0.9964049087353755,1.0003789107595387
0.9044503126366131,1.0050141412379603
0.9635848763227374,1.0050141369938803
0.9641198315762453,1.0044748975122553
0.9043200746104882,1.0122360035975697
0.9287256396915589,1.0187220591294848
0.9286054374599938,1.0100113981631895
0.9286693918716138,1.0100659998158978
,,egauge19696,egauge4183,egauge20358,egauge30378,egauge15623,egauge18544,egauge13836,egauge23534,egauge8617,egauge18158
0.9998162175755978,1.0001179311013542
0.9990552092106134,1.0009592625337123
0.9986754585579123,1.001538853118785
0.9985137475477153,1.0017415610796112
0.998299255724649,1.0004959926233834
0.9994689274662932,1.000757635836921
0.9986927398910356,1.0004370412574428
0.998347162334306,1.0010991276671009
0.9989916886352779,1.001107084666831
0.9986741962457966,1.0016719988647196
0.9986457872056274,1.0017141985123095
0.9983084680714405,1.0017671895806821
0.998175556514327,1.001733632462954
0.03327812451190165,0.03340307215059716
,,egauge20358,egauge19810,egauge8617,egauge16133,egauge28684,egauge23534,egauge8253,egauge15623,egauge15601,egauge24121
0.9998148221436975,1.0000535481203014
0.9983423105855065,1.0006849014355936
0.9968267622145328,1.0011306846325136
0.9959639614805756,1.0014908502981155
0.9996945075839909,1.0002030174316465
0.9976514582914062,1.0007685932368053
0.9989055176876132,1.0002284016923748
0.9978441503721674,1.0008156334501193
0.9983195846651439,1.0008176135678866
0.998222003104043,1.0011347298085203
0.996500719113551,1.001138615449218
0.9965225834188451,1.0012543440068367
0.9950344031913796,1.0018056266691722
0.9958855493615268,1.0016301694362884
,,egauge13836,egauge15601,egauge16133,egauge7731,egauge9102,egauge3611,egauge22271,egauge13830,egauge20670,egauge19810
0.9970300975591625,1.0009532000617685
0.9665626411153302,1.0110102334448823
0.9665233310747773,1.0108018273403974
0.9665233310747773,1.0108018273403974
0.996930962210777,1.0008313924474108
0.9966831586801772,1.001046532283642
0.9970300975591625,1.0009532000617685
0.9665626392910183,1.0108658243964888
0.9657479285265173,1.0109445593357487
0.8593096083757851,1.0479809843708923
0.9665233307448086,1.0107721572586807
0.9664576025278077,1.0105263135943652
0.9665233310747773,1.0108018273403974
0.9665233310747773,1.0108018273403971
,,egauge16133,egauge3608,egauge8816,egauge2474,egauge7729,egauge2850,egauge19696,egauge13830,egauge4183,egauge8617
0.9970446457596144,1.0000429204603924
0.966798965628768,1.0004814177272987
0.9666681498786246,1.0009675071448898
0.9666681498786248,1.0011183975490259
0.9968900857137366,1.0001619946519105
0.9967718721859288,1.0000417094587208
0.995712948812941,1.0007963076901312
0.9666473964926033,1.000481417701558
0.9667220124530065,1.0004342398218578
0.8595147201250358,1.0007481826827715
0.9666681498786248,1.0010988335425144
0.9664494162260205,1.001205062757929
0.966668149878625,1.0012899618776658
0.9666681498786248,1.0011183975490259
,,egauge13836,egauge17073,egauge18158,egauge9102,egauge3608,egauge20407,egauge3166,egauge16133,egauge22271,egauge18350
0.9970579333736068,1.0000956480884566
0.9669273796227268,1.0004200793962104
0.9669273796227266,1.0008233229843242
0.9669273796227266,1.0011115289403703
0.9969033321465288,1.0005816127821916
0.9967851554999297,1.0007254739381746
0.9970579333736068,1.000795782613083
0.9667757865362678,1.0005620121618777
0.966850414287142,1.0004000633431511
0.8596261807392045,1.0004222144196153
0.9669273796227266,1.0008426036970262
0.9669273796227266,1.0009963178341503
0.9669273796227266,1.0013942949673909
0.9669273796227266,1.0012486829921179
,,egauge2850,egauge19696,egauge20670,egauge23534,egauge5198,egauge22271,egauge4183,egauge30039,egauge28351,egauge21932
0.9997616561988006,1.0000519886343047
0.9988501655922963,1.0007572493858063
0.9979933372407165,1.0010945866060101
0.9973866096040563,1.001166354954848
0.9976239351186413,0.9999997190971771
0.9969218801151065,1.0008221052759656
0.9991435214434344,1.0006633727193426
0.9985168754925826,1.0010942114090327
0.9980171692687203,1.0009524916686352
0.9986355918963119,1.0014394128497925
0.997946927838836,1.0011569438292787
0.9976892727405973,1.0014742996428712
0.9966967558691445,1.0012479564479722
0.9973866096040563,1.0011663549548477
,,egauge27467,egauge28684,egauge15623,egauge14795,egauge16608,egauge15601,egauge7729,egauge22271,egauge3608,egauge2474
0.9998336524625857,1.0001228559518172
0.9983448306646917,1.0010086289194515
0.996957639623685,1.001413744918388
0.9961085559493114,1.0015342863515846
0.9997106994052419,1.0005022134736006
0.9990661259248744,1.000485699801229
0.9992581643281576,1.0004322251438929
0.9980105834553471,1.0013254424132954
0.9982841504813709,1.001181672529276
0.9962701435676837,1.0019213538832827
0.9964768117456663,1.0014806856199958
0.9968291160951995,1.001724973065087
0.9954017939503979,1.001519799091649
0.9952328550037338,1.0017571458151713
,,egauge16616,egauge8253,egauge27467,egauge14018,egauge20670,egauge19821,egauge8816,egauge3608,egauge13974,egauge16608
0.9970708534454105,1.0001074071312546
0.9669979974402546,1.0009451360255956
0.9669308273415073,1.0011924958392293
0.966863657272672,1.001404953476163
0.9970708533654592,1.0001736207177299
0.9968004703118417,1.0002508991800394
0.9970708534454105,1.0008597196756897
0.9669979956202678,1.0013134676971653
0.9669979974402546,1.0011729436079837
0.8596874747697655,1.0020792969487464
0.9669308273415073,1.001233805479523
0.9669308273415073,1.001153298761806
0.9667872841380597,1.0015084148656428
0.966863657272672,1.001608050113937
,,egauge3167,egauge33764,egauge20670,egauge3611,egauge7729,egauge17073,egauge8816,egauge20358,egauge13836,egauge19810
0.9997646919593925,1.0000688148630228
0.9976039980571784,1.0004212826204906
0.9957001197268733,1.000554970117582
0.9950046898428896,1.000603747012491
0.9995400800107065,1.0001712934818048
0.9991344956538469,1.0006338936570185
0.9991529324877295,1.0006986068755357
0.9975126910134136,1.000526111908089
0.9967846015767247,1.0005475313686392
0.997397389528156,1.001509952915605
0.994933445802295,1.000576940938286
0.9955647083850568,1.0006765374336903
0.9949331358678647,1.0009345497786433
0.9939471104336135,1.0003492910298883
,,egauge17073,egauge32290,egauge7731,egauge17311,egauge14018,egauge23534,egauge30378,egauge15601,egauge14795,egauge30039
0.9998515377223601,1.000098990743707
0.9987071194626682,1.0007956950181733
0.9977133166394334,1.001594514385064
0.997591821273461,1.0019612484896803
0.9994348802800277,1.0004285328515863
0.9981096397281931,0.9999997190971771
0.9994942484228656,1.0008664271753631
0.9986988581547123,1.0008047188759852
0.9981251047288969,1.0011639616541288
0.998372718472607,1.0011945209654176
0.9976776125736043,1.0016825411513128
0.9963425560724414,1.0021005449892364
0.9976219757365263,1.0021892662587606
0.9973395859994856,1.0022391367297567
,,egauge3166,egauge17311,egauge27467,egauge7731,egauge21932,egauge16133,egauge2850,egauge19696,egauge18158,egauge28684
0.9998176960832154,1.0000434050016012
0.9982360460539044,1.0002153083128833
0.9966543570365415,1.000215308312883
0.9962614528502949,1.0003324004191394
0.9995678586402665,1.000142892221987
0.9986647844568851,1.0003963920380452
0.9994588741109472,1.000775913554715
0.9980438063190678,1.0005109523389881
0.9981535867522744,1.0005833225556573
0.9967764181000114,1.0002631456400006
0.9958865687366072,1.000215308312883
0.9953903946184678,1.0005275843157244
0.9960976155017021,1.0004181600392104
0.9958454258709386,1.0005298168799224
,,egauge19810,egauge20925,egauge20670,egauge7692,egauge15601,egauge17073,egauge24121,egauge3166,egauge5198,egauge4183
0.9998362947952182,1.0000656721981243
0.9985783158023247,1.0006908417135667
0.9983830022096299,1.0009552674270024
0.9977619582323143,1.0011176433771993
0.9986501562648411,1.0000187104201717
0.9980297519431243,1.0006311994865176
0.9991967564964868,1.0008006546059465
0.9976090730978028,1.0008231384955018
0.9972805868705815,1.0011282956696075
0.9986316178375374,1.0012541970927122
0.9983494209909394,1.0010089988627704
0.9983302564906025,1.0009970566376352
0.9971512493604994,1.001245495212442
0.9976216304305883,1.0013063481079587
,,egauge33764,egauge19821,egauge8816,egauge3608,egauge17311,egauge20670,egauge18350,egauge20358,egauge16608,egauge3166
0.9929136785495422,1.000086286989342
0.9293658256878907,1.0004375756348722
0.8600236929893531,1.0006592184598948
0.7907062547969949,1.0007945930359399
0.9929136785495422,1.0003926271677397
0.9929136785495422,1.0012612802190555
0.9935037570538978,1.0008739955375685
0.9289167586054209,1.0005833225556573
0.9293658256878907,1.000572370934942
0.9293658256878907,1.0009534802707294
0.8600236929893531,1.0007133493208022
0.8600236929893533,1.0007680091928373
0.7907062547969949,1.0009209359096611
0.6748715196423885,1.0008951177226086
,,egauge22785,egauge14795,egauge28351,egauge17073,egauge16616,egauge3166,egauge9102,egauge7692,egauge20407,egauge26944
0.9929179285482077,1.0000670623318721
0.9295949823999733,1.0004510046536115
0.8602357617718258,1.0007214601916343
0.7909012418025078,1.0008149573858056
0.9929179285482077,1.0001449560479416
0.9929179285482079,1.000694052275376
0.9929179285482077,1.000381965083299
0.9295949823999733,1.0006490472567544
0.9295949823999733,1.0005117438274669
0.9295949823999733,1.0005361414273626
0.8602357617718258,1.0007862000474343
0.8602357617718258,1.000861348786584
0.7909012418025078,1.0006834674996437
0.6750379615423312,1.0011646597589507
,,egauge20670,egauge15601,egauge30378,egauge14795,egauge5198,egauge7731,egauge23534,egauge26944,egauge7692,egauge20407
0.9998198526750938,1.0001210678250685
0.9983902813420091,1.0007473241426903
0.9975160739682845,1.001017804254038
0.9969268570675002,1.0009925230466608
0.9995633628754075,1.0003875795809778
0.997267858879319,1.0010654176482319
0.9983418847844576,1.00057662357547
0.9981076169990735,1.0010640399084012
0.9975372739683562,1.0008639369987011
0.9982918174543609,1.0012810451910101
0.9973747399650982,1.0010816184634974
0.9962826729150116,1.0013554250774928
0.9964331675088456,1.001094182265326
0.9959967286086376,1.0008007522457134
,,egauge9102,egauge16616,egauge3166,egauge28684,egauge3608,egauge27467,egauge20670,egauge8617,egauge20358,egauge7731
0.9998608786176822,1.0000754799909264
0.9989958561052719,1.0006637898364072
0.9982182219175527,1.0010682040714691
0.9974583963475668,1.0013435974245302
0.9990829948204246,1.0002759501031628
0.9995054572143518,1.0002086504609826
0.9992564045815479,1.000260967891902
0.9987589140978109,1.000842265003007
0.9979816792461637,1.000641246572096
0.9986798032003661,1.0013828532966582
0.998158643705777,1.0011513962346068
0.9981689321870258,1.0011056380387913
0.9967593588670625,1.001455466009182
0.9969812090367038,1.001639564150994
,,egauge17311,egauge18158,egauge14018,egauge13974,egauge19821,egauge14795,egauge8617,egauge13830,egauge3167,egauge3608
0.9998298665852947,1.0000719456647107
0.9986073651047239,1.0007702650951729
0.9978366583071822,1.0009530295641806
0.9971693378197779,1.000992849400983
0.9993135120714453,1.0002340057386616
0.9991048600826078,1.0006975291314315
0.9974141832488931,1.000844711336822
0.9980200526042263,1.00089329164666
0.9983245675808721,1.001351589585361
0.9974195869987362,1.0013746276934778
0.9977897521467042,1.0009674750135251
0.033259304415116604,0.033371884122767
0.9971391320118489,1.0010526029352362
0.9960979531790948,1.0009715583784036
,,egauge22271,egauge3611,egauge5198,egauge16133,egauge18544,egauge28351,egauge8617,egauge7729,egauge13830,egauge20925
0.9929179285482077,1.000103820321206
0.9295949823999733,1.0008064409557176
0.8602357617718258,1.0011978168825872
0.7909012418025078,1.001464228938813
0.9929179285482077,1.0004972695884942
0.9929179285482079,1.000338445833865
0.9929179285482077,1.0005210013618313
0.9295949823999733,1.000941267889963
0.9295949823999733,1.0011648352841012
0.9295949823999733,1.0010966265978591
0.8602357617718258,1.0012122665073961
0.8602357617718258,1.0013712364344707
0.7909012418025078,1.0016026778353662
0.6750379615423312,1.0017060894784287
,,egauge5198,egauge24121,egauge32290,egauge18544,egauge13830,egauge3167,egauge28684,egauge23534,egauge13836,egauge26086
0.9998780860523118,1.0001009583430716
0.9992517398911885,1.000966498063945
0.9987193238132457,1.001622140562088
0.9984236270363257,1.002042686841969
0.9989752023374074,1.0003238639986698
0.998341766072921,1.0003609792856571
0.9980009211927756,0.9999997190971771
0.9991337278133532,1.0012879966259431
0.9989378041690767,1.0011793314889208
0.998746272476887,1.0011556307518876
0.9986877827794387,1.0016716313744636
0.9984010703677328,1.0019170635489105
0.9983701171786783,1.0022867327190594
0.9980078914700522,1.0023872935007478
,,egauge3166,egauge21932,egauge4183,egauge22785,egauge13836,egauge30039,egauge17311,egauge26944,egauge13830,egauge2850
0.9998292541817013,1.0000303371335522
0.9983454803497713,1.0002267174067305
0.9969982088284055,1.0001440841655502
0.9956679643900708,1.0000556667807186
0.9995769675837273,1.0001198892315042
0.9998292541817011,1.0000303371335522
0.9994332958445126,1.000495208402211
0.9978893561348301,1.0002288044502667
0.9982990566712174,1.0005384847043985
0.9981770983647531,1.0007140926500213
0.9969929170255791,1.0001985921742178
0.9962098181396739,1.000304293220404
0.9956330539758845,1.0000663559678482
0.9934769591587341,1.0000556667807186
,,egauge9102,egauge32290,egauge13974,egauge28351,egauge17073,egauge24121,egauge22084,egauge19810,egauge21932,egauge8617
0.9998082246975718,1.000005286844817
0.9987910039660749,0.9999997190971769
0.9979536732716485,0.9999997190971769
0.9977894846877418,0.9999997190971769
0.9990878825993547,1.0002270660983807
0.9980758579914903,0.9999997190971771
0.9983375992726501,1.0003075753112969
0.997926904965592,1.000088277503528
0.9986222762093679,1.0002826026721174
0.9976432502233346,1.000192021376551
0.9979067194138033,0.9999997190971766
0.03322582202576716,0.0333333239699059
0.9977894846877418,0.9999997190971769
0.9975115427831663,0.9999997190971769
,,egauge13974,egauge4183,egauge3611,egauge5198,egauge30039,egauge16608,egauge16133,egauge26086,egauge32290,egauge13836
0.9998712222835721,1.0000909149424202
0.9988318394382205,1.0007745962993342
0.9982694434516308,1.0011852733434339
0.9976687281898502,1.0013477479028108
0.9991382138309499,1.0002402426670574
0.9994887019821839,1.0005148237000723
0.9976882728238401,1.0003929257189323
0.9979816008009332,1.0009581467453248
0.9987183413118628,1.0010419247968803
0.9986349991330749,1.001192658487367
0.9979782904031064,1.0012376276608002
0.9981036486764648,1.0015714250928307
0.03323419766527784,0.03337668960414804
0.9976095817723784,1.001769125267619
,,egauge2850,egauge7731,egauge19696,egauge19821,egauge33764,egauge18158,egauge22271,egauge3166,egauge14795,egauge7729
0.03331203054727699,0.03333462732067514
0.03312210001201031,0.03336604340840136
0.03291292889159965,0.03338277017118226
0.032707151383534104,0.03339291303410119
0.03325303836594314,0.03333333597722613
0.03331203054727699,0.03335866266067553
0.033222520987938486,0.03336158650910802
0.033124036249832414,0.03338585078194408
0.03312210001201031,0.03337269783895735
0.033121653112981354,0.03338547827468221
0.032910625828277,0.033386773592787064
0.03291292889159964,0.033384081773443215
0.03270715138353412,0.03340051206839467
0.032363092873178116,0.033398697648658895
,,egauge15623,egauge13836,egauge19810,egauge5198,egauge20407,egauge2850,egauge14795,egauge16616,egauge3611,egauge9102
0.9997284325976455,1.0000280806118023
0.9974014744718438,1.00020036363718
0.9961873091887586,1.0001987884909629
0.9950779178051882,1.0001987884909629
0.9995371075691432,1.0001245108515668
0.9992430598282234,1.0008777822753852
0.9974726329831078,1.0008702473509816
0.9973289989026908,1.0003676672618778
0.997199539434895,1.00020036363718
0.9934559476452861,1.0005196783916688
0.9961652303235803,1.0002088877655118
0.9960664236192831,1.0001987884909629
0.03314458359747998,0.03333995961636543
0.9943117796902635,1.0002357415527379
,,egauge22785,egauge30039,egauge13836,egauge32290,egauge19696,egauge15623,egauge30378,egauge3611,egauge16133,egauge20407
0.9997471398022357,1.0000799390493191
0.9978866183408297,1.0003753074562278
0.9967373712402318,1.0005007946039415
0.9958317632381739,1.000466771959202
0.9989064064857291,1.000162246614233
0.9992035565103842,1.0007858980264803
0.9989151764576572,1.0010247584465484
0.9978054741372658,1.0003723129086168
0.9965059872403863,1.0006591983598851
0.9977717949700318,1.0006626680643247
0.996525212019155,1.0005640585178386
0.9966606090033516,1.000619242137336
0.995440339398379,1.0005604656486389
0.03316310495450129,0.03334962704778681
,,egauge3611,egauge16616,egauge2474,egauge20925,egauge20670,egauge13974,egauge17073,egauge28684,egauge23534,egauge19810
0.9926042105295148,1.0007895538372966
0.9265796691734265,1.0078141012948274
0.8545422576405479,1.0154806304770423
0.782572568664017,1.0232033803591774
0.9926042105295148,1.0007895538372966
0.9926042105295145,1.0007895538372966
0.9926042105295148,1.0008711929615106
0.9265796691734265,1.0078141012948276
0.9265796691734265,1.0078141012948276
0.9257419967729531,1.0078141005711505
0.8545154433953006,1.0154426661292846
0.854542257640548,1.0154806304770423
0.7007844611950013,1.0232033803591774
0.782572568664017,1.0361171968403438
,,egauge27467,egauge15601,egauge16616,egauge14795,egauge22084,egauge16608,egauge20925,egauge2850,egauge7729,egauge21932
0.9997735819183751,1.0000257148708596
0.9978662403712755,1.0000257148705969
0.9961057594099079,1.0000257148704823
0.9955678572002327,1.0000257148704823
0.9996567596759314,1.0003802899587824
0.9972747413815015,1.0009228751197565
0.9993901588333794,1.0008711929615106
0.9973401197867671,1.0000257148705969
0.9976951110945906,1.0000257148705969
0.997586783746274,1.000025714869506
0.9960817392392693,1.0000257148704044
0.9941206071703813,1.000025714870482
0.9949562582075332,1.0000257148704823
0.9955678572002327,1.000025714870482
,,egauge21932,egauge3608,egauge28684,egauge7731,egauge20925,egauge4183,egauge17311,egauge30039,egauge16608,egauge22084
0.9998834133537874,1.0000537174917852
0.9994147628649214,1.0005507920794048
0.9989941961704628,1.0007300533884207
0.9988220756008271,1.000745514210045
0.9998834133537874,1.0000537174917852
0.9978773900546873,1.0000203454428258
0.9990552441911112,1.000449046519722
0.9992234753778716,1.0008346026685215
0.9988114045376804,1.0007435256939061
0.9990630094509594,1.0009082004625285
0.998994196170463,1.0007758276621943
0.9982456429352807,1.0010531815887331
0.9985618644080064,1.000936351574988
0.9984227814563257,1.0004907230395528
,,egauge30039,egauge20670,egauge20925,egauge7729,egauge18350,egauge23534,egauge13836,egauge22084,egauge7692,egauge9102
0.9998499804815357,1.0000924610074884
0.9986747587859185,1.0005802197158737
0.9978626334072933,1.000885599453313
0.9971843685671892,1.001029162248453
0.9995424757177046,1.000470413631783
0.9992178954723696,1.000642805804576
0.9979697025189491,1.0006830658930241
0.9975134043384876,1.0007130857142656
0.9985605179204349,1.0006966380038151
0.998021700963965,1.0010351361571044
0.9978209288170037,1.0010725376207128
0.9977393018695363,1.000698713866101
0.9964726327394822,1.0011120552583836
0.9970062060118882,1.0011736339661976
,,egauge26086,egauge20358,egauge2850,egauge18158,egauge13836,egauge20925,egauge16616,egauge23534,egauge5198,egauge7731
0.9998208835120066,1.0000547251952379
0.9989006948544394,1.0007645838341017
0.9979915803653189,1.0012531663931001
0.997421305318414,1.001571520798457
0.9992283172235216,1.000430225124748
0.9995529642589448,1.0002999146024578
0.9954294213837505,1.0000213208597717
0.9983860655495403,1.001039015864272
0.998826744275397,1.0011980059609713
0.9982813484285002,1.0011647273252964
0.9979112363444098,1.0012436982934139
0.9976211329806874,1.0015610844836313
0.9968085333834132,1.0017234438109295
0.9973667866637408,1.0019230081112023
,,egauge28351,egauge32290,egauge30039,egauge19810,egauge19821,egauge8617,egauge7729,egauge30378,egauge14795,egauge33764
0.9997962917199694,1.0000885130166697
0.9979710984021208,1.0007198929301442
0.9967861456245186,1.0012831545319976
0.9965217242382534,1.0016116150139254
0.9987834680085226,1.000249201889837
0.9980695577523881,1.0003294094876987
0.9991677596516753,1.0008268466690273
0.9969506109010343,1.00058669363558
0.9977017697294347,1.0013131825400652
0.997586363313053,1.000787401397465
0.9962675154475369,1.0013500849187973
0.9964665283884081,1.0015111839671638
0.9962833501169417,1.001839538818238
0.9964301423781633,1.0018256447949903
,,egauge17073,egauge13974,egauge32290,egauge3608,egauge28351,egauge22271,egauge8617,egauge13836,egauge2474,egauge28684
0.9998166889246003,1.000083410313619
0.9986477891658386,1.0007180314858022
0.9979719670457349,1.0011909253108344
0.9973889236573924,1.0014199780629434
0.9994256518901071,1.0004182802503558
0.9984623633339805,1.0003629213570167
0.9979240868188065,1.0000176975669883
0.9976621514131752,1.0006845486481475
0.998024381482673,1.0008603368192677
0.9985261184248249,1.0014641365253263
0.997928581489612,1.0011981453597922
0.9979235198002911,1.0016353443530275
0.9967923430517664,1.0015596901498829
0.997291358525052,1.0016186336113888
,,egauge22785,egauge8253,egauge20358,egauge4183,egauge7729,egauge13830,egauge22271,egauge21932,egauge3611,egauge33764
0.9998273305490948,1.0000726651889995
0.998872104809696,1.0006875874466115
0.998244068082253,1.0010803595128637
0.9975511919313215,1.0013035244202253
0.998988477240939,1.0001547661679784
0.9979791776154048,1.000289970309142
0.9995021298867635,1.000397038529174
0.9984465727329553,1.0009098737099447
0.9975386129520865,1.0008291976839216
0.9983766376985781,1.001032869933396
0.998227774710822,1.001225415145787
0.998244068082253,1.0010803595128637
0.9968068171454737,1.0013841415304006
0.9974873240190545,1.0015581190321643
,,egauge2850,egauge22785,egauge32290,egauge30378,egauge16616,egauge24121,egauge3166,egauge17311,egauge28684,egauge3611
0.99288834512392,1.000005459296066
0.9292696163720993,1.0003382119541075
0.8598558013449211,1.0005809557232974
0.7905519029143057,1.0007415593400273
0.99288834512392,1.000005459296066
0.99288834512392,1.0002601749699744
0.99288834512392,1.000005459296066
0.9291434117380328,1.0005872124091961
0.928933283191888,1.0003309339007496
0.9292696163720993,1.0004251820636216
0.859797831030864,1.0005960912656369
0.8598558013449211,1.0006810833813469
0.7905519029143058,1.0008856481066835
0.6747397935957868,1.0008408247597902
,,egauge8253,egauge13830,egauge15623,egauge30378,egauge4183,egauge13974,egauge16133,egauge20407,egauge21932,egauge26944
0.9963816699649678,1.001265164984169
0.9641249313348493,1.01253219274776
0.9288559295297134,1.02483007468831
0.8935944018782361,1.0371289438184712
0.9963816699649678,1.001265164984169
0.9963816699649678,1.001265164984169
0.9963816699649678,1.001265164984169
0.9641249313348493,1.01253219274776
0.9641249313348493,1.01253219274776
0.9641249313348493,1.01253219274776
0.9288559295297134,1.02483007468831
0.9288559295297134,1.0248300746883103
0.8535112557894755,1.0511139954681308
0.8935944018782361,1.0371289438184712
,,egauge8253,egauge22271,egauge32290,egauge14018,egauge2850,egauge3167,egauge15623,egauge19696,egauge7731,egauge16616
0.9997832330415914,1.0000459446378542
0.9981703843284173,1.0002644419195141
0.9972548267206017,1.0007157231467185
0.9970900632560534,1.0009547150616067
0.9988411524767284,1.0000965352209685
0.9991369179193744,1.0007975364464252
0.9979719630092306,1.0000156576022476
0.9975968426551352,1.0004478574011042
0.9961864509946307,1.0002519765222428
0.9980843285014162,1.0004365077337545
0.9972269547871261,1.00077346416442
0.9957494353996559,1.0009446839637188
0.9970288624882899,1.0012209729018413
0.9968934262902982,1.000966843047628
,,egauge3167,egauge16608,egauge33764,egauge5198,egauge32290,egauge14018,egauge22785,egauge9102,egauge8617,egauge13830
0.999868246475653,1.0000763710471938
0.9987384063648054,1.00051806444468
0.9981704084399603,1.0007502315090022
0.9979031562595044,1.0008864624073937
0.9995926174554404,1.000177545471741
0.9993680218416384,1.0006069390891956
0.9991281019771622,1.0006840614472468
0.9979521135726602,1.000665300388304
0.9980547140320891,1.0004540123579113
0.9970157439505802,1.00122058669148
0.9979067270819317,1.0007543936436096
0.9973940798206414,1.0009613813826395
0.9977222390624109,1.0009468333702927
0.9975467162320939,1.001107444796206
,,egauge18350,egauge22084,egauge19696,egauge7692,egauge22785,egauge13830,egauge23534,egauge4183,egauge30039,egauge21932
0.9998026815300726,1.0000725844565206
0.998838959689728,1.0006604214975197
0.9985228469951543,1.0011070918664047
0.9983459948748784,1.00132761071467
0.9996190370743457,1.0001962559693678
0.9987781052317527,1.0002540825729456
0.9967235497060462,1.000882375655396
0.9978472682599379,1.0007670831766562
0.9981489136708611,1.0007378012708255
0.033278383398814254,0.0333690809559775
0.998424140876905,1.001192421295906
0.9984171520198843,1.0012761079398884
0.9981449121703888,1.0015858496230141
0.9983459948709925,1.0013276107147708
,,egauge19821,egauge15601,egauge28351,egauge18544,egauge20358,egauge26086,egauge19696,egauge22785,egauge9102,egauge26944
0.9998071180614766,1.0001604828220487
0.9982360877610773,1.0009765312140713
0.9968233912075621,1.001408931647195
0.9963898167168826,1.0017102935773379
0.9993036709049328,1.000785276589622
0.9973290479924691,1.001104876647824
0.9977792826165488,1.0004819488936758
0.998193538746305,1.0013349975430086
0.9981049585037253,1.0011320632978074
0.03324891636646765,0.03338361936616107
0.9962274012719136,1.001502344819467
0.9959607358667529,1.0014012170010553
0.9960978776224492,1.0018231763370935
0.995119628857849,1.0020481904644725
,,egauge13974,egauge2474,egauge13836,egauge8253,egauge5198,egauge26944,egauge7731,egauge2850,egauge16133,egauge16608
0.9997492083698263,1.0000440844860545
0.9979619970571397,1.0002127063160773
0.9964852611644073,1.0004218028392589
0.9963410387960119,1.0006308996428683
0.9990794329057483,1.0001590125158026
0.9981456741392123,1.0006049207224288
0.9991807481799623,1.0009632164954156
0.9970836733473225,1.0002127063160773
0.9976597332362,1.0003341258056475
0.9962581564021368,1.0004779492557083
0.9964715717435164,1.0004218028392589
0.9942908836818126,1.0004218028392589
0.9961529069296514,1.0006308996428686
0.9962419862412224,1.0009805259937836
,,egauge14795,egauge3608,egauge19821,egauge18350,egauge8253,egauge13974,egauge19810,egauge9102,egauge2850,egauge20925
0.999649350204532,1.00001883272342
0.9972416511893994,1.00022744511497
0.9952369256637649,1.0004615162501975
0.9938901407105867,1.0004863313947225
0.9986940730023608,1.0003052997183455
0.997701680168802,1.0005995471924531
0.9985330656446875,1.0012711463941646
0.9971995695320296,1.00022744511497
0.9963884260771613,1.00022744511497
0.9963373195801406,1.00022744511497
0.9950824173076491,1.0004615162501977
0.9944799803313376,1.000852901732152
0.9924013211420798,1.0004863313947228
0.9938276734986592,1.000667149210858
,,egauge14795,egauge19810,egauge30039,egauge3611,egauge15601,egauge19696,egauge32290,egauge26086,egauge8816,egauge23534
0.9996830958178698,1.000083879574128
0.9975798184073003,1.0007757023489274
0.9961796694663727,1.001243530461433
0.9948959472890992,1.0015483175404278
0.9988533544797173,1.000418499725881
0.9975182897610915,1.0005995471924563
0.9990592506967103,1.000769792750783
0.9974885140550367,1.0008344611928277
0.997258179703477,1.0012472396616343
0.994947084199979,1.0014766684230012
0.9961480304112045,1.0012122545154476
0.9960628116916261,1.0015930554481864
0.993547398499357,1.0018181314884413
0.9947326427528985,1.0016611603512864
,,egauge2474,egauge26086,egauge26944,egauge8816,egauge27467,egauge16133,egauge24121,egauge5198,egauge23534,egauge8617
0.9925073704566932,1.0002555413571932
0.9239097423942083,1.002525548390151
0.8465626785967396,1.0050022205745048
0.8465626785967396,1.0050022205745048
0.9925073704566932,1.0003998652182944
0.7505774706296683,1.000879045176056
0.9925073704566932,1.0008072121138205
0.9239097423942083,1.0025255483901505
0.9239097423942083,1.0025255483901505
0.9239097423942081,1.002525548390151
0.7939766880269482,1.0049551305780962
0.8465626785967396,1.0092592842037724
0.8465626785967396,1.0050022205745048
0.8465626785967395,1.0050022205745048
,,egauge8816,egauge24121,egauge17073,egauge20358,egauge27467,egauge28351,egauge16616,egauge30378,egauge16608,egauge28684
0.9925136339172228,1.0002615298800686
0.9239097422846134,1.0025935565200084
0.8465626884931394,1.0051398909695766
0.8465626884931395,1.0051398909695766
0.9925136339172228,1.00048398478349
0.7505822064243015,1.000678314395169
0.9925136339172228,1.000770184913541
0.9239097422846136,1.0025935565200086
0.9239097422846136,1.0025935565200086
0.9239097422846134,1.0025935565200084
0.7939767045277115,1.0051398908750446
0.8465626884931394,1.0093976429151483
0.8465626884931396,1.0051398909695766
0.8465626884931396,1.0051398909695768
,,egauge18350,egauge28351,egauge18544,egauge5198,egauge20407,egauge3608,egauge19810,egauge7731,egauge7692,egauge2850
0.9924925730113227,1.000019042104062
0.9922627017497413,1.000211788465608
0.9920018187425983,1.0004265216796997
0.9920018187425983,1.0004265216796997
0.9924925730113227,1.0001451112434723
0.750566288176523,1.0006592258494387
0.9924925730113227,1.0007934431932255
0.9922627017497413,1.000211788465608
0.9922627017497413,1.000211788465608
0.9922627017497415,1.000211788465608
0.9917615158121618,1.0004802195704923
0.9921564927429711,1.0006535325016415
0.9920018187425985,1.0004265216796997
0.9920018187425983,1.0004265216796997
,,egauge3166,egauge16616,egauge33764,egauge3611,egauge5198,egauge3167,egauge20925,egauge15601,egauge21932,egauge16608
0.9924554798770081,1.0000856333043133
0.991939218295004,1.0007177138733614
0.9913754640869268,1.00126692427958
0.9908117119289428,1.0013763970813292
0.9924554798770081,1.0001523458728212
0.7505382321284462,1.0003438537992235
0.9924554798770081,1.0006375038857274
0.9919392182950038,1.0008007439063555
0.9919392182950038,1.0008343226496932
0.9919392182950038,1.0008762104007252
0.9913754640869266,1.0013602333580864
0.9913754640869266,1.0017727593927697
0.9908117119289428,1.0013763970813292
0.989869079774039,1.0015594440958306
,,egauge24121,egauge2474,egauge15601,egauge30039,egauge32290,egauge16133,egauge2850,egauge20670,egauge22084,egauge27467
0.992513633984002,1.0000326295396336
0.9925136339840018,1.0003284011314804
0.9925136339840014,1.000651966146488
0.9925136339840014,1.000651966146488
0.992513633984002,1.0001495302597951
0.7505822070156482,1.0005947485147546
0.992513633984002,1.0009767031128127
0.9925136339840018,1.0003284011314804
0.9925136339840018,1.0003374353406844
0.9925136339840018,1.0003284011314804
0.9925136339840013,1.0006664271139436
0.9925136339840014,1.0011574340652354
0.9925136339840016,1.000651966146488
0.9925136339840014,1.000651966146488
,,egauge8816,egauge9102,egauge21932,egauge26944,egauge15623,egauge7731,egauge20407,egauge16616,egauge13836,egauge22084
0.9967876127557268,1.0004157095858977
0.9642380690935026,1.004733970634492
0.9641957075267912,1.0047339705112066
0.9641957075267912,1.0047339705112066
0.9967876127557268,1.0004387202520348
0.9967876127557268,1.0004774243228451
0.9967876127557268,1.0007818549093819
0.9049231510485165,1.0128197263655923
0.9044158492081462,1.0062106025029651
0.9628582027631728,1.006426657526586
0.9641669016644843,1.0047339704273726
0.9641957075267912,1.0047339705112068
0.9641957075267914,1.0047339705112068
0.9641957075267912,1.0047339705112068
,,egauge8617,egauge26086,egauge20407,egauge9102,egauge22785,egauge4183,egauge2474,egauge3611,egauge20358,egauge18544
0.992629085135358,1.0000717432585198
0.9268527333470049,1.0006734909946904
0.8548304573188465,1.0011704184429897
0.7828364924133603,1.0014916851815248
0.992629085135358,1.000148387299323
0.992629085135358,1.000824731712386
0.992629085135358,1.0000106849043433
0.9268527333470049,1.0008303091299577
0.9268527333470049,1.000677815614248
0.9268527333470049,1.001024272371367
0.8548304573188465,1.0012638053095648
0.8548304573188465,1.0012577621910157
0.7010207971832286,1.0016035733273176
0.7828364924133602,1.001870944796849
,,egauge20407,egauge22271,egauge32290,egauge14018,egauge15623,egauge30378,egauge27467,egauge18350,egauge8816,egauge2474
0.9922886413355512,1.0000803160591016
0.9922886495034757,1.0008568895025645
0.9874397863830814,1.001301409491883
0.9874397863830814,1.00161051132625
0.9922886413355512,1.0000175312396657
0.992288641335551,1.0008418552257021
0.7386742254726651,1.0003673115837495
0.9922886495034757,1.001225182747311
0.9922886495034757,1.0009738043755971
0.9922886495034757,1.0012667313095276
0.9874397863830814,1.0014205169476176
0.9770357228981253,1.0013924605192324
0.9874397863830816,1.0018132616399238
0.9874397863830814,1.001917213510253
,,egauge8253,egauge7692,egauge26944,egauge18158,egauge22271,egauge22785,egauge7729,egauge32290,egauge14018,egauge2850
0.9997269313107475,1.0000237374426828
0.9974225496767682,1.0000994259521385
0.9953334142157505,0.9999997190971769
0.9937919855350893,0.9999997190971769
0.9987823041897573,1.0000677499430155
0.9978514269611135,1.0002569892840993
0.9972426036343401,1.0006767086611879
0.9971934638024218,1.0002757019831074
0.9970779781077515,1.000487975686436
0.9968673966000722,1.0001544911977613
0.9949888851789718,0.9999997190971766
0.9952648028895859,0.9999997190971769
0.9933816831049902,0.9999997190971769
0.9918180101069061,0.9999997190971769
,,egauge14018,egauge8253,egauge16616,egauge8617,egauge27467,egauge7692,egauge13974,egauge18350,egauge3166,egauge26086
0.9993599219525138,1.0000853688405273
0.9936622307138315,1.0006369511348134
0.9874395693202157,1.0009759756802126
0.9874395693202157,1.0011851610033697
0.9986682142598555,1.0004744339953424
0.9980068924978136,1.000229126516656
0.9993599219525138,1.0007083648822064
0.9936622307138315,1.0006695364209608
0.9936622307138315,1.0009339636536605
0.9936622307138318,1.0008840760155726
0.9874395693202157,1.001033689658852
0.9770353250182942,1.0010803255439207
0.9874395693202159,1.0012412156881294
0.9874395693202157,1.001523932226645
,,egauge2850,egauge18350,egauge8253,egauge28351,egauge16133,egauge5198,egauge27467,egauge18158,egauge26944,egauge7692
0.9993599219525138,1.0000221404381895
0.9936622307138315,1.0007566136470138
0.9874395693202157,1.0013613082761281
0.9874395693202157,1.0016334866985983
0.9975700942706693,1.000013128775382
0.9980470800051713,1.0002993462297716
0.9978315046324996,1.0007083648822064
0.9936622307138315,1.0008729774430944
0.9936622307138315,1.0009202126682928
0.9936622307138318,1.000970922271836
0.9874395693202157,1.0015096225145448
0.9770353250182942,1.0016536168926142
0.9874395693202159,1.001852386987621
0.9874395693202157,1.0017666781907468
,,egauge26086,egauge22785,egauge22271,egauge20670,egauge3166,egauge14795,egauge18544,egauge16608,egauge26944,egauge17311
0.9998521430892585,1.0001029550717349
0.9987589925193877,1.0007941909500089
0.9977941916897479,1.001261698154892
0.9970008544343164,1.0014792971492135
0.9992848046917249,1.0004757916380376
0.998252413166616,1.0002187799490674
0.9992092915083501,1.0009341962358926
0.9986918900025482,1.0010213773389456
0.9987257078253,1.0008430168932794
0.9979304039667826,1.0013954300526495
0.9977776451798361,1.0014156279297248
0.9975481864666598,1.0013746635290477
0.9961360824550862,1.0016541999371584
0.9969460642227241,1.0016128960177437
,,egauge3611,egauge9102,egauge3166,egauge20670,egauge33764,egauge7729,egauge8617,egauge13830,egauge28684,egauge19821
0.9998129655324218,1.000107120052419
0.9987732733248065,1.0009454104463642
0.9983671441191414,1.001537192316941
0.9980563952473487,1.0019974597518495
0.9987220337852403,1.000244540553412
0.9983726373466907,1.0005169356363943
0.9991846824069792,1.0002797634629208
0.9986077804764693,1.0011458648034364
0.9985341576146917,1.0011438533776464
0.9962096495959705,1.0012533038172984
0.9982911167707783,1.0015513709072872
0.9980209998684203,1.0017241760830407
0.9976241022071739,1.002093022059519
0.9976218138677071,1.002626531426878
,,egauge19821,egauge8816,egauge19810,egauge13974,egauge5198,egauge22785,egauge18350,egauge20670,egauge18158,egauge3611
0.9997091878285513,1.0000722471335972
0.9986860961112757,1.000620022421425
0.9977016057042434,1.0010889230445938
0.9968175140807938,1.00135728842709
0.9992411103372838,1.0007149992224393
0.9960100175175778,1.0007818671332613
0.9974326883686923,1.000213727511929
0.99814248914811,1.0006978726961209
0.9978603505599054,1.000733943206965
0.9971543566244996,1.0007686181809539
0.9976882155153514,1.00113397162776
0.9975666659985791,1.001313462894369
0.9965289241998907,1.0015845410759696
0.9957636502403885,1.0014758558338541
,,egauge19810,egauge32290,egauge33764,egauge27467,egauge22785,egauge14795,egauge24121,egauge17311,egauge13974,egauge23534
0.9997967674465065,1.0000413078310597
0.99858424743066,1.000587578086521
0.9979598027799679,1.0007658672741973
0.9974872875661306,1.0010048255284247
0.9986420295231418,1.0000103568463155
0.9980714604777599,1.0000103568463155
0.9990815582804641,1.0006274679244662
0.9984544912516852,1.000925648514266
0.9977534130529799,1.0006598727576665
0.9976978182608599,1.0011991567461227
0.9978687755028552,1.0007835377276337
0.9979295974889028,1.0009098884989647
0.997059625318255,1.0010420355019012
0.9973261232903053,1.0013496620178486
,,egauge14795,egauge16616,egauge13836,egauge20407,egauge30378,egauge33764,egauge19696,egauge15623,egauge18544,egauge7692
0.9997859044555524,1.000109512877838
0.997997392620124,1.00070405381271
0.9965256802193547,1.001231201071153
0.9958705319105199,1.0015474753650533
0.9988504710583956,1.0004405985791582
0.9993925593552242,1.0002301950751844
0.9992615538661481,1.0010572950884091
0.9971405835729343,1.0005227417682117
0.9972982994268393,1.000919567132568
0.9973509426410364,1.0011515005780216
0.9959646998366513,1.0013245946459226
0.9964731865672999,1.0013734640075969
0.9958367044263153,1.0018053519781658
0.9948248258453551,1.0016970806164567
,,egauge22785,egauge20670,egauge3167,egauge15601,egauge17073,egauge16133,egauge19821,egauge28684,egauge18350,egauge20925
0.9964641429598458,1.0001177129690761
0.9649112192276578,1.0010864318321298
0.9304052919267307,1.0017538307377687
0.8959063246224404,1.001978521413683
0.9964641429598458,1.0001872099483229
0.9964641429598458,1.0006652113889014
0.9964641429598458,1.000317815994681
0.964911220640243,1.001559398322804
0.9649112192276578,1.0013016484424737
0.9649112192276578,1.0013986763299767
0.930405292196088,1.0019925109838526
0.9304052919267307,1.0019071738452672
0.02986354415408135,0.0334022278500712
0.8382379947299118,1.002224348137892
,,egauge20407,egauge30378,egauge15601,egauge16608,egauge5198,egauge20670,egauge14018,egauge26086,egauge23534,egauge27467
0.9939939147049814,1.000123417631215
0.9324188254705119,1.0009989208551315
0.9324188266115753,1.0016760419838628
0.9324188272317832,1.0019921799775204
0.9939939147049814,1.0000250420235282
0.9939939147049817,1.0006261276942363
0.9939939147049814,1.0011343251270983
0.9324188254705119,1.0012049160462861
0.9324188266809316,1.0011543057726495
0.7118940756744061,1.0015234827540804
0.932418826611575,1.00182644333448
0.9324188274644163,1.002000526566061
0.9324188279223365,1.0021826045440674
0.9324188272317833,1.0022936350882106
,,egauge19810,egauge18158,egauge19821,egauge8816,egauge17311,egauge9102,egauge13830,egauge3167,egauge26944,egauge8253
0.9930435726113666,1.0000613350566463
0.9239097423018476,1.0006678422098054
0.8465626868949935,1.0009471989705645
0.8465626868949936,1.0010853742854504
0.9930435726113666,1.0000492793936873
0.9930435726113666,1.0007153680661915
0.9930435726113666,1.0013265498999084
0.9239097423018479,1.0010364269899614
0.9239097423018479,1.0007606171998351
0.9239097423018476,1.0010586524875542
0.7939767018633401,1.0010172930732326
0.8465626868949936,1.0010194426074368
0.8465626868949936,1.0012346204013964
0.8465626868949936,1.0011733756801995
,,egauge18350,egauge5198,egauge2850,egauge8816,egauge17073,egauge16616,egauge8617,egauge33764,egauge16133,egauge19696
0.9997134920782337,1.000034452019685
0.997585628841551,1.0006055512516365
0.996448884258917,1.0009534187816482
0.9952360876875624,1.001214775920113
0.9996208280162063,1.0001593721931115
0.9980272157844521,1.000438974246543
0.995432412573342,1.0013098926237909
0.9957051792591266,1.0009804487957628
0.9974773059520171,1.0007838916322926
0.9972956820806427,1.0006446245459952
0.9963864041018549,1.0009607246657568
0.9961646559468205,1.0012212619061278
0.9948438063798141,1.0013352333052061
0.9937850984227239,1.0015233306590825
,,egauge21932,egauge2474,egauge7731,egauge15623,egauge16616,egauge30039,egauge8617,egauge24121,egauge16133,egauge13974
0.99987759327747,1.0000817148637708
0.9988679997341542,1.0005631051858905
0.9978888201289758,1.0008327819037584
0.9971111090349531,1.0010013082536615
0.99987759327747,1.0000817148637708
0.9979621379766427,1.0006358748002138
0.9995116819005904,1.0008238677378165
0.9988142813591026,1.000679979512103
0.9987653524770308,1.0006257616356298
0.9984351360831014,1.0011599105971516
0.9978505140791956,1.0008469487100788
0.9976461491608031,1.0009719928639247
0.9963415138141649,1.0010935338754376
0.9969424804140767,1.0011508646956921
,,egauge26944,egauge5198,egauge19696,egauge16608,egauge3611,egauge19821,egauge7731,egauge3166,egauge33764,egauge18544
0.9998000858145585,1.0001390356497148
0.9988564302064818,1.0010761743787633
0.9985481286312541,1.0016103669962644
0.9984280850980182,1.0019653581975458
0.9985939318671287,1.0004884588682457
0.9981141879862164,1.0005166412290176
0.9967662479052076,1.0009215860533358
0.9987199371089739,1.001254094824805
0.9978156023288743,1.0011681626022644
0.9978716964961536,1.0022147471002434
0.9985307730227703,1.0017246081716118
0.9982127266062749,1.001649720980928
0.9984276982713955,1.0021109474540877
0.9975868613173591,1.0023448298257556
,,egauge22084,egauge26944,egauge18350,egauge14795,egauge33764,egauge2474,egauge28351,egauge23534,egauge13830,egauge7729
0.9998138711029353,1.0000937199883717
0.9984002485051652,1.0008619196237014
0.9972147364091049,1.0012776899923397
0.99663816461046,1.001503213413493
0.9993414581908897,1.0000177293027823
0.9974728757924196,1.0007458718877373
0.9973742145595799,1.000716763887336
0.9981250887406916,1.001178678258452
0.9982770016216298,1.0010641612027025
0.9968855721481534,1.0012810077944454
0.9968625572625399,1.0013397885177266
0.9969635999347469,1.0014431018363954
0.9965879102518728,1.0016416686806158
0.9952945161086284,1.0016766954863305
,,egauge28351,egauge3166,egauge17311,egauge3167,egauge18158,egauge20670,egauge16608,egauge13974,egauge7729,egauge2474
0.9998338976009555,1.0000760828815096
0.9984625353148442,1.0006935725424637
0.9971819205898173,1.0011007601012898
0.9961110940182549,1.001346866946492
0.9988210773632424,1.0001989966379574
0.9992748230128238,1.0002466839771709
0.9986333607641371,1.000440466473258
0.9983988434752726,1.0007500770769486
0.9982492125161804,1.0009668501039868
0.9981931027094275,1.0012658582003744
0.9971538558091678,1.0011865405537577
0.99678448518628,1.001239378367789
0.9954633791210957,1.0014620954255098
0.9952716301270323,1.0016090971331286
,,egauge13974,egauge2850,egauge32290,egauge2474,egauge20670,egauge23534,egauge14018,egauge19821,egauge15623,egauge4183
0.9997344676979811,1.00003723687428
0.9985157589269038,1.0010031415113056
0.9978147032911232,1.0017608290420752
0.9977200689359321,1.0019212005088844
0.9990915084754711,1.0001658184241509
0.99565498418862,1.000024155441556
0.9979023038850652,1.0000241554414158
0.9976851288185857,1.001231975135936
0.9983724798604726,1.0012002218099845
0.9982460433203177,1.0013949638162691
0.9975845121312329,1.0019112453868475
0.9973667468775932,1.002389725032509
0.9976803898360398,1.0020053634120236
0.9976201847944317,1.0020655850565716
,,egauge30039,egauge20407,egauge22785,egauge3166,egauge30378,egauge19821,egauge33764,egauge26944,egauge26086,egauge28684
0.999788809184252,1.0001053491398206
0.998801192709076,1.0010923605882602
0.9978811451056144,1.0016781771476364
0.9977593343137395,1.0019354620045833
0.9995582549012845,1.000418249682029
0.9980579518020067,1.000038878537584
0.9979040587080364,1.0002074233119826
0.9987505978612301,1.0011318899648403
0.9980933585531913,1.0013072268831287
0.9982259838018939,1.002226718562182
0.9978485547626011,1.0017592173645542
0.9966087055920915,1.002028236022644
0.997671693677854,1.002132437912083
0.9976845408164235,1.0020759919848727
,,egauge7731,egauge19810,egauge28684,egauge16608,egauge26086,egauge30039,egauge3611,egauge3608,egauge8617,egauge23534
0.9998131225418462,1.0000526726837833
0.9984658939273631,1.000568443414938
0.9970634017068526,1.0007161715737996
0.9969027343398458,1.0008710661940234
0.9996689057447434,1.0004399769513808
0.997648706471191,0.9999997190977318
0.9990255796541909,1.000463438966145
0.9983721615269001,1.000753727821966
0.9984758215688355,1.0008548086004523
0.9982180288496948,1.0010778539014982
0.9966420094165838,1.0007662744297465
0.9960231570848497,1.0006948875177606
0.9968409216343914,1.0008628752052748
0.9967249875562422,1.0011765657669998
,,egauge15623,egauge27467,egauge20925,egauge13830,egauge3166,egauge19696,egauge24121,egauge22785,egauge8816,egauge16133
0.9968372032783936,1.0006047257220874
0.9647858095836194,1.0068936483594368
0.9647858095836189,1.0068936483594364
0.9647858095836189,1.0068936483594364
0.9968372032783936,1.0006047257220874
0.9968372032783936,1.0007913883339372
0.9968372032783936,1.0006951095591314
0.9049231435301655,1.0188678356756804
0.9647858095836194,1.0066968964820766
0.9647858095836194,1.0068936483594368
0.9647858095836187,1.0068936483594364
0.9647858095836189,1.0068936483594364
0.9647858095836191,1.0068936483594366
0.9647858095836189,1.0068936483594364
,,egauge23534,egauge3166,egauge2850,egauge32290,egauge5198,egauge3611,egauge13830,egauge16133,egauge9102,egauge4183
0.9997314607028099,1.0000259910444735
0.9985590967989598,1.000443865113907
0.9979536481019128,1.0007913475986214
0.9974303649719428,1.0009782706068273
0.9994506401765344,1.000381973965714
0.9992342291097907,1.0002058301247194
0.9953417822750802,1.0000191302452797
0.998175259882286,1.0003837033300556
0.9979439862882299,1.0006390351260694
0.996589472720582,1.000982806715846
0.9979403717113864,1.0008819698380005
0.9970579359452052,1.0009643359148581
0.9969077814862326,1.0010803812302729
0.9973239035453413,1.0011994195270588
,,egauge22785,egauge18544,egauge16616,egauge20407,egauge19810,egauge17073,egauge15623,egauge8617,egauge16608,egauge30378
0.99679075971236,1.00096705949452
0.9642727714100574,1.0110482121484514
0.9642727714100573,1.0110482121484512
0.9642727714100573,1.0110482121484512
0.9967907597123602,1.00096705949452
0.9967907597123602,1.00096705949452
0.9967907597123602,1.00096705949452
0.9044479846300012,1.030042032173083
0.9637391430246611,1.0110482118965411
0.962437428467947,1.0108392824288979
0.9642727714100571,1.011048212148451
0.9642727714100573,1.0110482121484512
0.9642727714100574,1.0110482121484512
0.9642727714100573,1.0110482121484512
,,egauge16133,egauge2850,egauge15623,egauge3166,egauge7731,egauge32290,egauge7692,egauge26944,egauge3167,egauge24121
0.999806741574211,1.0000080822362845
0.9984237369377466,1.0004716167768561
0.9974177054163414,1.000889907095626
0.9972361733536376,1.001024296280991
0.9987146501045518,1.0001484055452183
0.9957169293093737,1.0000029584491623
0.9993103301540138,1.0002653101866208
0.9983904654510856,1.000512227666577
0.9982616693163703,1.000748077158036
0.9969937083826665,1.000445884690032
0.9973742410068602,1.0009439029892522
0.9961459649242212,1.0012396404298982
0.9972061764694876,1.0010827600937522
0.9969767513703517,1.001163797088674
,,egauge23534,egauge22084,egauge33764,egauge2474,egauge5198,egauge14795,egauge22271,egauge26086,egauge32290,egauge28684
0.9998503732634432,1.0000810531293514
0.9986794354745921,1.000775217070407
0.9979003493884561,1.0011756610502205
0.9973050579766392,1.0012207299711327
0.997648215723829,1.0004008872086025
0.9987570011422222,1.000108189142625
0.9991343691400227,1.0006419024887165
0.9979218661593421,1.000998910478297
0.9981430660158502,1.00090158325978
0.9978481945326597,1.0013681563727708
0.9978276536737499,1.0013008938500778
0.997771788672371,1.0014619361690684
0.9966625384531199,1.0011736772467814
0.9972545707242615,1.0013652838993108
,,egauge13974,egauge19810,egauge3608,egauge17311,egauge30039,egauge7692,egauge15601,egauge3167,egauge26944,egauge20358
0.9997869128344736,1.0000464617885658
0.9984175027817542,1.000734716536769
0.997590315506139,1.0011687774773024
0.9972379884631106,1.0014563969053167
0.997648215723829,1.0001743034033466
0.9976029840660514,1.000108189142625
0.9976402130544462,1.0000092868860722
0.9984083862366091,1.0008465460370508
0.9981843397005352,1.0010631820649873
0.9965709326002211,1.0009490840092734
0.9970608734865016,1.0013511262679797
0.9975654846300686,1.001266659798016
0.9963729729812261,1.001686068665221
0.9971525070932813,1.001620941628393
,,egauge3611,egauge13974,egauge26086,egauge7731,egauge20358,egauge8816,egauge5198,egauge30378,egauge19810,egauge22271
0.9968372032783936,1.000614897051558
0.9647858095836191,1.0070097502427044
0.9647858095836189,1.0070097502427042
0.9647858095836189,1.0070097502427042
0.9968372032783936,1.000614897051558
0.9968372032783936,1.000614897051558
0.9968372032783936,1.0008935027243884
0.904923143530165,1.0189855665003755
0.9647858095836191,1.0070097502427044
0.9647858095836191,1.0070097502427044
0.9647858095836187,1.0070097502427044
0.9647858095836189,1.007009750242704
0.9647858095836189,1.0070097502427042
0.9647858095836189,1.007009750242704
,,egauge18158,egauge13974,egauge23534,egauge21932,egauge15623,egauge2474,egauge3166,egauge16608,egauge14795,egauge20358
0.9968460572209459,1.0004158726986767
0.9648251801387652,1.0047347144676415
0.9289223832189186,1.0095875900205957
0.9289223832189186,1.0095875900205957
0.9968460572209459,1.0004420893607089
0.9968460572209459,1.0007852635597576
0.9968460572209459,1.0008166339128024
0.9648251801387652,1.0047347144676415
0.9648251801387652,1.0047347144676415
0.9648251801387652,1.0047347144676417
0.9045106183266374,1.0128875841308569
0.9289223839451203,1.0095875897303013
0.9289223832189186,1.0095875900205957
0.9289223832189186,1.0095875900205957
,,egauge18350,egauge26944,egauge22084,egauge20407,egauge3608,egauge7731,egauge26086,egauge27467,egauge9102,egauge30039
0.9926240614851946,1.0000784189101908
0.926803314781574,1.00066864666878
0.854732407795305,1.0012844960391367
0.7826898534320347,1.001556072174655
0.9926240614851946,1.0002088063247023
0.9926240614851943,1.0007314978065636
0.9926240614851946,1.0000106849002683
0.926803314781574,1.0004873422014058
0.9268033203186132,1.0006485178945796
0.926803314781574,1.0012798857688783
0.8547324077953049,1.0013949764930175
0.854732407795305,1.0015987849273018
0.7008895144900951,1.0016724707628746
0.7825860635562356,1.001838994426312
,,egauge20407,egauge26944,egauge20670,egauge9102,egauge8617,egauge18158,egauge13974,egauge28351,egauge3167,egauge16608
0.9930042506589389,1.0000737439944065
0.9237470208331175,1.0005689790879098
0.9237470208331172,1.0009085802094455
0.9237470208331172,1.0010787487171473
0.9930042506589389,1.000047823168191
0.9930042506589389,1.0007263758031848
0.9930042506589389,1.0007062189332387
0.9237470208331175,1.000730691239508
0.7947220686027819,1.0006015617626305
0.9237470208331177,1.0011020087796862
0.9237470208331172,1.0009662896117912
0.9237470208331172,1.00105606598424
0.9237470208331172,1.0011385406869107
0.9237470208331172,1.0012807075039103
,,egauge32290,egauge2474,egauge28351,egauge5198,egauge4183,egauge3611,egauge20358,egauge20407,egauge17073,egauge18544
0.9930042506589389,1.0007872866997498
0.9237470208331175,1.0007852143842073
0.9237470208331172,1.0008594719874437
0.9237470208331172,1.0012091033229176
0.9930042506589389,1.0007872866997498
0.8813283803408305,1.0245880816828012
0.9930042506589389,1.0007872866997498
0.9237470208331175,1.000785214384207
0.7947220686027819,1.0007813352443518
0.9237470208331177,1.0007852143842073
0.9237470208331172,1.000902574317315
0.9237470208331172,1.0009829094583353
0.9237470208331172,1.001382244370123
0.9237470208331172,1.0015978301526876
,,egauge16133,egauge24121,egauge9102,egauge4183,egauge18158,egauge30039,egauge14795,egauge23534,egauge33764,egauge30378
0.9930042506589389,1.0007872866997498
0.9237470208331175,1.0010433089238067
0.9237470208331172,1.0016024438394113
0.9237470208331172,1.001841808188261
0.9930042506589389,1.0007872866997498
0.881325471501311,1.0245880816828012
0.9930042506589389,1.0007872866997498
0.9237470208331175,1.001226099406682
0.7947220686027819,1.0013746191872241
0.9237470208331177,1.001651600799135
0.9237470208331172,1.0017333642616444
0.9235821909227392,1.0018307973434641
0.9237470208331172,1.0020150258945957
0.9237470208331172,1.0019983002581054
,,egauge28351,egauge7692,egauge2474,egauge15623,egauge4183,egauge30378,egauge7729,egauge7731,egauge3611,egauge20670
0.9929784063056842,1.0007791393537426
0.9235020508391225,1.000767953479913
0.9232432755616603,1.0012723765131735
0.9229845007483906,1.0015067141501812
0.9929784063056842,1.0007791393537426
0.8813115121568079,1.0245797051394323
0.9929784063056842,1.0007791393537426
0.9235020508391224,1.000909469179318
0.7945113142513575,1.0009320743823036
0.9235020508391226,1.001170222608917
0.9232432755616602,1.001303260803006
0.9232432755616603,1.0016480390591602
0.9226902715024423,1.0015981406079286
0.9229845007483906,1.0017640943566282
,,egauge8816,egauge18350,egauge32290,egauge8253,egauge27467,egauge33764,egauge18544,egauge20358,egauge3167,egauge7729
0.9930042506589389,1.0005232273084712
0.9237470208331175,1.0007627057960309
0.9237470208331172,1.0012325384202176
0.9237470208331172,1.001388854498879
0.9305386222233197,1.0090350723997863
0.9930042506589389,1.0005726675045332
0.9930042506589389,1.0005232273084712
0.7947220686027819,1.0007880996136393
0.9237470208331175,1.0010935652994002
0.9237470208331177,1.0011673608482783
0.9237470208331172,1.0013788304255835
0.9237470208331172,1.0013970396948313
0.9237470208331172,1.0014486359804338
0.9237470208331172,1.0015623131652425
,,egauge16133,egauge3611,egauge26086,egauge17311,egauge21932,egauge27467,egauge7692,egauge20925,egauge16608,egauge8617
0.99300424879464,1.0005146616065679
0.9237470158360843,1.0005852351901074
0.9237470163019318,1.0008950803568146
0.9237470163019318,1.0010199763636296
0.9305386223018217,1.0090264205574142
0.99300424879464,1.0005729055987458
0.99300424879464,1.0008524316060692
0.7947220615189169,1.0007114549216798
0.9237470158360844,1.0005852351901074
0.9237470158360842,1.0012722556029852
0.9237470163280708,1.0009364236967853
0.9237470168975586,1.0011361899853917
0.9237470163019318,1.0011016021815977
0.9237470163019318,1.0011087741571345
,,egauge9102,egauge8816,egauge22785,egauge3166,egauge18544,egauge13830,egauge14795,egauge18158,egauge19696,egauge21932
0.9924616008166728,1.0004903885015994
0.9237470208331175,1.0008562743632878
0.8556139994443126,1.0014034692105025
0.7866516145066118,1.0015659867636264
0.9305386222233197,1.0090019033755977
0.992461600816673,1.00078604038366
0.9924616008166728,1.0004903885015994
0.7947220686027819,1.000904933849218
0.9237470208331175,1.0011739624377185
0.9237470208331177,1.0011625594272635
0.8556139994443126,1.0015307563701419
0.8556139994443125,1.0017336888168322
0.7866516145066119,1.0017507713238778
0.6714102048104827,1.0015659867636264
,,egauge7729,egauge13836,egauge14018,egauge7731,egauge8617,egauge20358,egauge8816,egauge22084,egauge15601,egauge7692
0.9924616008166728,1.0004903885015994
0.9237470208331175,1.0006885386897766
0.8556139994443126,1.0010429727967132
0.7866516145066118,1.001434954228357
0.9305386222233197,1.0090019033755977
0.992461600816673,1.0009471231352343
0.9924616008166728,1.0008928858114514
0.7947220686027819,1.0009682340176993
0.9237470208331175,1.0007239267469141
0.9237470208331177,1.0009851675782284
0.8556139994443126,1.0010910934310329
0.8556139994443125,1.0008618665053521
0.7866516145066119,1.0017789246177813
0.6714102048104827,1.0015845395865213
,,egauge13836,egauge8617,egauge32290,egauge22785,egauge13974,egauge13830,egauge17073,egauge28684,egauge30039,egauge18544
0.9963173820427657,1.0006075623599233
0.9646154007793907,1.0069260197121848
0.9645581205557526,1.0069260186092073
0.96450084035392,1.0069260175062298
0.9963173820427657,1.0006075623599233
0.881466904793563,1.0165706725738652
0.9963173820427657,1.0006075623599233
0.9047653184278251,1.0189006588435006
0.9646154022380303,1.0069260175469306
0.9642288521030079,1.0066553598009151
0.9645581205557526,1.006926018609207
0.9645581205557526,1.0069260186092075
0.96450084035392,1.0069260175062302
0.9644050635261452,1.0069260156961992
,,egauge30039,egauge22084,egauge22785,egauge2474,egauge19810,egauge16616,egauge18158,egauge21932,egauge5198,egauge3167
0.9901702549425937,1.000614897051558
0.8937915906017766,1.0070097502427044
0.8937915906017762,1.0070097502427042
0.8937915906017762,1.0070097502427042
0.9901702549425937,1.000614897051558
0.8813314042696535,1.016572915150257
0.9901702549425937,1.000614897051558
0.8391734979497458,1.0189855665003755
0.7689522510586224,1.0070097502427044
0.8937915906017766,1.0070097502427044
0.893791590601776,1.0070097502427044
0.8937915906017762,1.007009750242704
0.8937915906017762,1.0070097502427042
0.8937915906017762,1.007009750242704
,,egauge21932,egauge17073,egauge17311,egauge7731,egauge18544,egauge2850,egauge15623,egauge20670,egauge20925,egauge18158
0.9959817009811446,1.0005232273084712
0.9959817009811446,1.000523227308471
0.9959817009811441,1.000586955538729
0.9959817009811441,1.0008258070796574
0.9305398633874846,1.0090350723997863
0.995981700981145,1.0007100070077823
0.9959817009811446,1.0005232273084712
0.9959817009811446,1.000577128795794
0.9959817009811446,1.0006200707496495
0.9944812351564911,1.0005232273084708
0.9959817009811441,1.000623790502206
0.9959817009811444,1.0007975053115385
0.9959817009811444,1.0009437394875726
0.9959817009811441,1.0010517555311478
,,egauge19821,egauge16616,egauge30039,egauge17073,egauge16608,egauge24121,egauge2474,egauge2850,egauge22271,egauge28684
0.999764981955808,1.000054919101676
0.9979298178070122,1.000292791563724
0.9961804684826401,1.000275303193836
0.9959185608265733,1.0005639719064636
0.03330676016668942,0.033354939619997456
0.9994798176838753,1.000144299602912
0.9992031540447586,1.0007714773876213
0.9978265644778889,1.0006178177063219
0.9978262061714444,1.0004199175141824
0.03324790262738568,0.033346071617896905
0.9958567445342305,1.0003444526949743
0.9941819972865079,0.9999997190971757
0.9956712318525037,1.0008151518355062
0.9955888194661148,1.0006772664598251
,,egauge20407,egauge16608,egauge17073,egauge20925,egauge23534,egauge8816,egauge19810,egauge5198,egauge3608,egauge2474
0.9962792165810277,1.0000371371463217
0.9962342014965085,1.0002786499023157
0.996208149464737,1.0003931562126056
0.9958985997965727,1.0005199252387336
0.9962792165810277,1.000037137146322
0.9962792165810277,1.0005525363711927
0.8747805974456432,1.0007419297084643
0.9961945976728701,1.0005394360588293
0.03320780671655029,0.0333478301899556
0.9943183537674521,1.0005034255946914
0.996208149464737,1.0003931562126056
0.996208149464737,1.0003931562126058
0.9951920138179553,1.0006640632280714
0.9950231169401736,1.0006073476763135
,,egauge32290,egauge26944,egauge28684,egauge7729,egauge2474,egauge19810,egauge26086,egauge18544,egauge30378,egauge20407
0.996842963545801,1.000063338000104
0.9648494445045905,1.0004357631139025
0.9648494445045899,1.0008513147036104
0.9648494445045899,1.0008729378110377
0.9968429635458012,1.0000105069003182
0.996842963545801,1.0007164052472877
0.9968429635458012,1.000447522717167
0.9049820799841846,1.000599629148753
0.9649527206718224,1.0006618957474365
0.9648675974867549,1.0006972864143808
0.9648494445045899,1.000965065537236
0.9648494445045899,1.00123028770518
0.9648494445045899,1.0010279094125483
0.9648494445045899,1.000681194087194
,,egauge26944,egauge17073,egauge22084,egauge5198,egauge19696,egauge22271,egauge7729,egauge26086,egauge13830,egauge17311
0.9993850481159892,1.0001027864647598
0.9939367447111429,1.0009135053559146
0.987757465898511,1.0013750721738763
0.9815784283085489,1.0015869046419987
0.9985915884827152,1.0003994121324555
0.9989971847198186,1.0007674575182264
0.9972929954154692,1.0003727632578476
0.994127974095156,1.0011149629259286
0.994125500320383,1.0011788441833716
0.9939367447111429,1.0015805016329125
0.987757465898511,1.0014028306528633
0.9877574658985112,1.0017813208315123
0.9815784283085489,1.0017612809945835
0.9712471218261203,1.001724268631924
,,egauge15601,egauge28684,egauge2850,egauge3611,egauge15623,egauge16608,egauge21932,egauge22271,egauge7731,egauge28351
0.9962839451981537,1.0000503752371015
0.9962839451981537,1.0006992690942618
0.9962839451981532,1.0011817555533022
0.9962839451981532,1.0014524397096236
0.9962839451981537,1.000507428708968
0.9962839451981537,1.0004082633481441
0.8747846438705469,1.0003727632578476
0.9962839451981537,1.0008263130698485
0.9962839451981537,1.0008407733232807
0.9962839451981537,1.0009758222434209
0.9962839451981532,1.001181755553302
0.9962839451981532,1.001550361906412
0.9962839451981532,1.0017129822997308
0.9962839451981532,1.0015378898431502
,,egauge17311,egauge13974,egauge16616,egauge3611,egauge30378,egauge28684,egauge27467,egauge16133,egauge8617,egauge19810
0.9968372032783936,1.000415709526481
0.9647858095836191,1.0047339723759776
0.9647858095836189,1.0047339723759774
0.9647858095836189,1.0047339723759774
0.9968372032783936,1.0004157095264812
0.9968372032783936,1.000415709526481
0.9968372032783936,1.0004157095264812
0.904923143530165,1.0128197295949815
0.9647858095836191,1.0047339723759776
0.9647858095836191,1.0047339723759776
0.9647858095836187,1.0047339723759774
0.9647858095836189,1.0047339723759774
0.9647858095836189,1.0047339723759776
0.9647858095836189,1.0047339723759774
,,egauge14018,egauge33764,egauge27467,egauge18544,egauge8253,egauge3611,egauge19821,egauge7729,egauge8617,egauge28351
0.9962839451981537,1.0001316534571554
0.9647858095836191,1.000888064764926
0.9647858095836189,1.001461305482368
0.9647858095836189,1.0015765224890711
0.9962839451981537,1.0005207398961502
0.9962839451981537,1.0006484964869464
0.8747846438705469,1.0008723160339337
0.9647858095836191,1.0012364166112047
0.904923143530165,1.0009074937459406
0.9647858095836191,1.0010456003149475
0.9647858095836187,1.001703834625181
0.9647858095836189,1.0016307928404562
0.9647858095836189,1.0016015047431903
0.9647858095836189,1.0017324356257147
,,egauge20358,egauge24121,egauge16616,egauge26944,egauge17311,egauge33764,egauge19696,egauge17073,egauge3167,egauge22084
0.9968372032783936,1.0000533261905602
0.9647858095836191,1.0005540692492394
0.9647858095836189,1.0008034175342695
0.9647858095836189,1.0007696872500949
0.9968372032783936,1.0001818593199123
0.9968372032783936,1.0002923005033648
0.9968372032783936,1.0001648195287731
0.904923143530165,1.0007754006310483
0.9647858095836191,1.0007457386422773
0.9647858095836191,1.0010145010118763
0.9647858095836187,1.000908193340593
0.9647858095836189,1.0014129691901932
0.9647858095836189,1.0008178116545199
0.9647858095836189,1.0007696872500949
,,egauge16616,egauge24121,egauge4183,egauge30039,egauge7692,egauge9102,egauge15601,egauge3167,egauge17073,egauge2850
0.9962839451981537,1.0000265536193158
0.9647858095675411,1.000226060355464
0.9647858095675407,1.00018008758074
0.9647858095675407,1.0001514974902823
0.9962839451981537,1.0001360452702708
0.9962839451981537,1.000248451220972
0.8747846438705469,1.000723788205648
0.9647858095675411,1.000481492460411
0.9049231434868659,1.0003352488549864
0.9647858095675411,1.0004792934972588
0.9647858095675407,1.0002569472050202
0.9647858095675407,1.0002466694047063
0.9647858095675407,1.0002235481580644
0.9647858095675407,1.0001514974902823
,,egauge22084,egauge2474,egauge23534,egauge18158,egauge33764,egauge27467,egauge8816,egauge13836,egauge14795,egauge3167
0.9962839451981537,1.000116499225227
0.9647858095675411,1.0010974098288674
0.9647858095675407,1.001648329464478
0.9647858095675407,1.0019135721459749
0.9962839451981537,1.0000903501872511
0.9962839451981537,1.000608252894664
0.8747846438705469,1.0007419239451536
0.9647858095675411,1.0014287413248988
0.9049231434868659,1.0013210027245087
0.9647858095675411,1.0017474646505715
0.9647858095675407,1.0016703194744512
0.9647858095675407,1.0020991407132522
0.9647858095675407,1.0021443482616215
0.9647858095675407,1.0020177020837968
,,egauge19821,egauge13836,egauge22084,egauge16616,egauge14018,egauge18544,egauge16608,egauge28351,egauge17073,egauge2474
0.9993844025709688,1.0001318681604336
0.9939294351709447,1.0009488851995008
0.9877502100124192,1.0013893015303197
0.9815712260741201,1.0016296932447746
0.9990254253999208,1.0007595558113236
0.9992909598062347,1.0009719052048156
0.9986553655722105,1.0007208741091675
0.9941087721006906,1.0010115702015343
0.9941009780190588,1.0013172184863959
0.9939294351709449,1.0016136685016244
0.9877502100124192,1.001461925824496
0.9877502100124192,1.0015451802249773
0.9815712260741201,1.0017383686062211
0.9712400092976722,1.001871830302369
,,egauge2474,egauge30039,egauge28684,egauge9102,egauge15623,egauge24121,egauge32290,egauge19821,egauge7729,egauge2850
0.9963258606857055,1.0009727258853882
0.9647858095836191,1.0111131158331035
0.9647858095836189,1.011113115833103
0.9647858095836189,1.011113115833103
0.9963258606857055,1.0009727258853882
0.8814742270400873,1.0262318122955205
0.9963258606857055,1.0009727258853882
0.904923143530165,1.0301083744249755
0.9647858095836191,1.0111131158331035
0.9647858095836191,1.0111131158331035
0.9647858095836187,1.011113115833103
0.9647858095836189,1.011113115833103
0.9647858095836189,1.011113115833103
0.9647858095836189,1.0111131158331028
,,egauge16608,egauge3167,egauge2850,egauge20358,egauge32290,egauge8253,egauge14018,egauge17073,egauge28351,egauge18350
0.9968460572095679,1.0000426561234699
0.9648251788118022,1.0004300398393744
0.9289223801785241,1.0008982753641915
0.9289223801785241,1.001156084501026
0.9968460572095679,1.0002697458487826
0.9968460572095679,1.000222739603085
0.9953710438954426,1.0000426561234699
0.9648251788118022,1.000585471559612
0.9648251788118022,1.0005686124027129
0.9648251788118022,1.0005178801548789
0.9045106144251055,1.0010485386939005
0.9289223801785241,1.0012063130841395
0.9289223801785241,1.0011718685015065
0.9289223801785241,1.0015967932633403
,,egauge13974,egauge3166,egauge8253,egauge26086,egauge14018,egauge8617,egauge30378,egauge9102,egauge18350,egauge17311
0.9933519668855052,1.0009727258853882
0.9310189321519687,1.0111131158331035
0.8964973118655808,1.011113115833103
0.8964973118655808,1.011113115833103
0.9933519668855052,1.0009727258853882
0.8814742270400873,1.0262318122955205
0.9933519668855052,1.0009727258853882
0.8736539364112847,1.0301083744249755
0.9310189321519687,1.0111131158331035
0.9310189321519687,1.0111131158331035
0.8964973118655808,1.011113115833103
0.8387910793309549,1.011113115833103
0.8964973118655809,1.011113115833103
0.8964973118655808,1.0111131158331028
,,egauge14795,egauge7692,egauge28684,egauge19810,egauge3608,egauge17311,egauge8816,egauge16133,egauge21932,egauge30378
0.9968460572095679,1.000044006080971
0.9648251788118022,1.0003866719683572
0.9289223801785241,1.000580917233038
0.9289223801785241,1.000665196307271
0.9968460572095679,1.0003793047936358
0.9968460572095679,1.0002947762749197
0.9968460572095679,1.0008608520513218
0.9648251788118022,1.0007039143806686
0.9648251788118022,1.0005686124027129
0.9648251788118022,1.0006711739511587
0.9045106144251055,1.000660773311647
0.9289223801785241,1.0009310406013432
0.9289223801785241,1.000742965474208
0.9289223801785241,1.0009283061778547
,,egauge28684,egauge22084,egauge18350,egauge30039,egauge7729,egauge19821,egauge3608,egauge32290,egauge4183,egauge8617
0.9963233293776801,1.000864228251026
0.9963008000189787,1.0010811290115234
0.996276198631997,1.001278464250552
0.996276198631997,1.0012425518179746
0.9963233293776801,1.000864228251026
0.8814720408418293,1.0262563067498387
0.9963233293776801,1.000864228251026
0.9963008000189787,1.0010811290115234
0.9963008000189787,1.0010811290115234
0.9963008000189785,1.0017909134787486
0.996276198631997,1.001278464250552
0.9962350632613202,1.0016684727671201
0.996276198631997,1.0012425518179748
0.996276198631997,1.0011825035120454
,,egauge22271,egauge17311,egauge13836,egauge8617,egauge33764,egauge19821,egauge9102,egauge14795,egauge4183,egauge19810
0.9939868150833886,1.0000946953061802
0.9323425303226315,1.0006138578649804
0.9322595647170429,1.0007568306193144
0.9322595647170429,1.000605412693271
0.9939868150833886,1.0005019939164292
0.9939868150833886,1.000417862818235
0.9939868150833886,1.001066865291805
0.9323425303226315,1.0006492428046143
0.9323425303226315,1.0008160402064783
0.7118356745282484,1.001765747379104
0.9322031481173694,1.0008208248705464
0.9322595647170426,1.0010917169654974
0.9322595647170429,1.0007064653702387
0.9322595647170426,1.000276306599077
,,egauge19810,egauge20407,egauge13830,egauge4183,egauge3166,egauge30039,egauge30378,egauge33764,egauge7692,egauge9102
0.9939868150833886,1.0000421480287665
0.9323425303226315,1.0006824463503357
0.9322595647170429,1.0011284389402635
0.9322595647170429,1.001317122506741
0.9939868150833886,1.0000159536680464
0.9939868150833886,1.000276832603507
0.9939868150833886,1.0007747523500634
0.9323425303226315,1.000837956300867
0.9323425303226315,1.0007196254166428
0.7118356745282484,1.0013003776021436
0.9322031481173694,1.0012164173138878
0.9322595647170426,1.001418097154947
0.9322595647170429,1.0014188206907482
0.9322595647170426,1.0015133009751875
,,egauge14795,egauge15623,egauge22271,egauge22084,egauge13836,egauge16133,egauge13974,egauge33764,egauge3611,egauge27467
0.9930375908392043,1.0009727258853882
0.9238534160142421,1.0111131158331035
0.846451691097493,1.011113115833103
0.846451691097493,1.011113115833103
0.9930375908392043,1.0009727258853882
0.881469199423584,1.0229837628461143
0.9930375908392043,1.0009727258853882
0.8999487204766542,1.0301083744249755
0.9238534160142421,1.0111131158331035
0.9238534160142421,1.0111131158331035
0.7938725846992922,1.011113115833103
0.8463433258505515,1.011113115833103
0.8464516910974931,1.011113115833103
0.846451691097493,1.0111131158331028
,,egauge3166,egauge13830,egauge19821,egauge28351,egauge30378,egauge19810,egauge4183,egauge16616,egauge22084,egauge18350
0.9963155711347246,1.0008326205116118
0.9962239927024444,1.000762906013606
0.9961239918297224,1.0006867799499295
0.9961239918297226,1.0006867799499295
0.9963155711347246,1.0008326205116118
0.8814653407485243,1.026223751332395
0.9963155711347246,1.0013371077489643
0.9962239927024444,1.000762906013606
0.9962239927024444,1.000762906013606
0.9962239927024444,1.000762906013606
0.9961239918297224,1.0006867799499295
0.9959567828979624,1.0006094848402867
0.9961239918297228,1.0006867799499297
0.9961239918297226,1.0009600089248103
,,egauge17073,egauge22785,egauge20358,egauge3611,egauge32290,egauge24121,egauge14795,egauge28684,egauge7692,egauge26944
0.9963242743447777,1.0009727258853882
0.9647858095836191,1.0111131158331035
0.9647858095836189,1.011113115833103
0.9647858095836189,1.011113115833103
0.9963242743447777,1.0009727258853882
0.8814728568162329,1.0262318122955205
0.9963242743447777,1.0009727258853882
0.904923143530165,1.0301083744249755
0.9647858095836191,1.0111131158331035
0.9647858095836191,1.0111131158331035
0.9647858095836187,1.011113115833103
0.9647858095836189,1.011113115833103
0.9647858095836189,1.011113115833103
0.9647858095836189,1.0111131158331028
,,egauge19810,egauge20407,egauge7731,egauge19821,egauge26086,egauge14018,egauge13830,egauge8816,egauge33764,egauge28684
0.9997613596225654,1.0000838196473503
0.9983667517556443,1.0010918303946077
0.9970422499501649,1.001700976084523
0.996955531968148,1.0019927984393464
0.9986164217444586,1.000094089081389
0.9980780607209955,1.000298575695057
0.9977047314431999,1.0008404334004726
0.9981793760617023,1.0016861292136532
0.9982559428887571,1.0014120092461989
0.9970555709467464,1.001794828842711
0.9970085267128839,1.0017711325743337
0.9950555241262317,1.0020911798545937
0.9968988207666608,1.002198563139944
0.9968939317942248,1.002178153206783
,,egauge27467,egauge3608,egauge7692,egauge13830,egauge14018,egauge13974,egauge17073,egauge30378,egauge19696,egauge30039
0.9997542398223055,1.0001143683769513
0.9980174555269203,1.0009716213202031
0.9966231839230647,1.0015113664857065
0.9956878847886821,1.0018223642720618
0.9995170822293269,1.000468204233885
0.9977483355200365,1.000298575695057
0.9976620667886064,1.0004131255729667
0.9977734352032576,1.0011640821225227
0.9979439873457259,1.001339964517698
0.9968530629658086,1.001225806327977
0.9965680694082161,1.001574155301069
0.9959912844069119,1.0017394573443517
0.9946977276582525,1.001987039885029
0.995456004030188,1.002123430835405
,,egauge16616,egauge18544,egauge28351,egauge16133,egauge2850,egauge14795,egauge2474,egauge13830,egauge20925,egauge20358
0.9963257442694203,1.0008404905229513
0.964325469534491,1.004771057634671
0.9643254695344908,1.0047710576346705
0.9643254695344908,1.0047710576346705
0.9963257442694203,1.0008404905229513
0.8814723870912494,1.0262326759063696
0.9963257442694203,1.0008404905229513
0.9044967925158162,1.0128571671814586
0.964325469534491,1.004771057634671
0.9627690076150386,1.0048912209424576
0.9643254695344908,1.0047710576346702
0.9643254695344908,1.0047710576346705
0.964325469534491,1.0047710576346705
0.9643254695344908,1.0047710576346705
,,egauge19821,egauge20670,egauge23534,egauge28351,egauge19696,egauge30039,egauge9102,egauge13830,egauge33764,egauge26944
0.9968372032770563,1.0004406891232513
0.964785809569003,1.0047988266568366
0.9647858095690027,1.0047988266568364
0.9647858095690027,1.0047988266568364
0.9968372032770563,1.000790651913792
0.9968372032770563,1.001054759450437
0.9968372032770563,1.0008208247463302
0.9049231434908029,1.0128197295949815
0.964785809569003,1.0047988266568368
0.8597521766169762,1.0203571969345533
0.9647858095690027,1.0047988266568364
0.9647858095690027,1.0047988266568364
0.9647858095690027,1.0047988266568366
0.9647858095690027,1.0047988266568364
,,egauge20407,egauge3166,egauge32290,egauge14018,egauge20670,egauge23534,egauge28351,egauge33764,egauge3611,egauge8253
0.9998118360764138,1.000052728784608
0.9982699262557307,1.0007070443701684
0.9970344454838118,1.0009809629927706
0.9958764345254809,1.0010617545911844
0.9989291227439837,1.0004696118881113
0.9992233608615582,1.0007013593172656
0.9979944399837787,1.000337737212074
0.9977421676238674,1.0010752720493874
0.9981267085274352,1.000941253051118
0.9979487894160182,1.0012048064504306
0.9970064563098562,1.0010270516011224
0.9969737481223749,1.001199028506496
0.9951353214455244,1.001153622336356
0.9950215057465056,1.0010875369063317
,,egauge30039,egauge20358,egauge22785,egauge33764,egauge13974,egauge3166,egauge17311,egauge8253,egauge18544,egauge18158
0.9998632943038225,1.0000989929951447
0.9989059018442262,1.0007276378747485
0.9980242872633526,1.0012236677404303
0.9976725897739457,1.0016307492601562
0.9995500124147565,1.0004696118881113
0.9995711258058254,1.0007013593172656
0.9981056182022462,1.000337737212074
0.9988596978192504,1.000968258788612
0.9984502126555352,1.0007883153645418
0.9987437210563213,1.0008209751528099
0.9980193378903318,1.0012680494325654
0.9971504026642188,1.001266806059552
0.9974618034355733,1.0019090511831554
0.9973945057946758,1.001981306803614
,,egauge21932,egauge3166,egauge16608,egauge13830,egauge13836,egauge19821,egauge19810,egauge22785,egauge33764,egauge3611
0.9998470463116578,1.0000716619602465
0.9984929054653496,1.0006388321222046
0.997244433630932,1.0006225620153786
0.9966841908007674,1.0008207037643002
0.9998470463116578,1.0000716619602465
0.999219588077227,1.0002324493858286
0.9993038961690591,1.0006211416440052
0.9983735463296101,1.0007946171948083
0.9984113791984919,1.0010102372870333
0.9974578473208706,1.0017998909301733
0.9968152544875635,1.000466495436543
0.9963674070403489,1.0006621150354216
0.9966442606792859,1.0009757858492119
0.9955972961354543,1.0009423101872397
,,egauge2850,egauge13836,egauge28684,egauge26944,egauge3608,egauge16616,egauge3166,egauge18350,egauge2474,egauge17311
0.9962669352552368,1.0012501232163564
0.9630007743049545,1.0123820380293387
0.9266299369607539,1.0245322330227884
0.9266299360591455,1.0245322325719277
0.9962669352552368,1.0012501232163564
0.9962669352552368,1.0012501232163564
0.9962669352552368,1.0012501232163564
0.9045048036041377,1.0201201434236125
0.9630007743049542,1.012382038029339
0.9630007743049545,1.0123820380293385
0.9263266384878585,1.0244886871631846
0.8665781655912336,1.0449573591725878
0.9266299350376294,1.024532232060824
0.9266299360591455,1.0245322325719275
,,egauge20670,egauge15601,egauge17311,egauge23534,egauge3611,egauge7731,egauge5198,egauge16133,egauge20407,egauge13830
0.9968361656412335,1.0000911393129932
0.9647214811772515,1.000684115744049
0.9287841802775973,1.0008919952036486
0.9287841802775973,1.0009448627374424
0.9968361656412335,1.000393176984632
0.9968361656412335,1.0009917965640216
0.9968361656412335,1.0007202496117678
0.9647214811772515,1.0010210486516071
0.9647214811772515,1.000756280889986
0.9645004803557145,1.0013750736440559
0.9043767689077437,1.0009716722587614
0.92871577087951,1.0009552662547847
0.9287841802775973,1.0008331187397228
0.9287841802775973,1.0011975909359743
,,egauge16133,egauge19696,egauge13830,egauge27467,egauge7692,egauge20358,egauge2474,egauge13836,egauge16608,egauge18350
0.9968361656412335,1.0001147002555244
0.9647214811772515,1.0008770971223144
0.9287841802775973,1.001385279357574
0.9287841802775973,1.0015523151103667
0.9968361656412335,1.0002916252620746
0.9968361656412335,1.0008804077755895
0.9968361656412335,1.0007202496117678
0.9647214811772515,1.0012059609189332
0.9647214811772515,1.0010094230180233
0.9645004803557145,1.0011583009635412
0.9043767689077437,1.0014786899224897
0.92871577087951,1.0017867452389975
0.9287841802775973,1.0016803023643623
0.9287841802775973,1.0016433952911639
,,egauge18544,egauge24121,egauge27467,egauge13974,egauge16133,egauge32290,egauge19821,egauge8816,egauge8253,egauge14795
0.9963159433998139,1.0008404468056251
0.9647056275435504,1.004733972080887
0.9646237316930744,1.0047339718478325
0.9646237316930744,1.0047339718478325
0.9963159433998143,1.0008404468056251
0.8814656626137474,1.0262318122805707
0.9963159433998143,1.00088331114263
0.9048488823706028,1.0128197290501681
0.9647056275435504,1.004733972080887
0.9647056275435504,1.0047339720808868
0.9646237316930744,1.0047339718478325
0.9644867956966046,1.0047339714654215
0.9646237316930746,1.0047339718478328
0.9646237316930746,1.0047339718478325
,,egauge21932,egauge19696,egauge20358,egauge26944,egauge17073,egauge2850,egauge7692,egauge28351,egauge24121,egauge14018
0.995969710501556,1.0005150907136922
0.9959697105015558,1.000515090713692
0.9959697105015556,1.0005150907136915
0.9959697105015556,1.0007153419290802
0.9305288050202829,1.0090268539789768
0.9959697105015564,1.0008018242828935
0.9955799351343789,1.0003150183153942
0.9959697105015558,1.000515090713692
0.9959697105015558,1.000527899238474
0.9942063320900258,1.0005150907136922
0.9959697105015556,1.000520661817112
0.9959697105015556,1.0005696032080378
0.9959697105015558,1.000808706723348
0.9957601874690862,1.0011046967936337
,,egauge20670,egauge16616,egauge7729,egauge16133,egauge17311,egauge13974,egauge28351,egauge22084,egauge20925,egauge13836
0.9998237208713583,1.0000606232322473
0.9987613992475619,1.00044632517875
0.9980511273277876,1.0007328218770408
0.997978577409737,1.0010920801962262
0.9995197194108247,1.0003441323371136
0.9994759329192922,1.0001949119052163
0.9970023952757385,1.0003795612492674
0.9978610335842389,1.0005270535910717
0.9984189700220986,1.0005699851170011
0.9975512079503692,1.0005314948234667
0.997660107870283,1.0007605593128575
0.9979463001488402,1.0005429554008065
0.9979460999018909,1.0012307333410864
0.9979050295155919,1.0014888869823884
,,egauge20407,egauge9102,egauge17311,egauge24121,egauge19696,egauge23534,egauge21932,egauge2474,egauge16608,egauge3608
0.9901656273449719,1.0005205248086624
0.8937429716480684,1.0004949475642546
0.8937429716480679,1.0007300690961605
0.893742971648068,1.0008205324055175
0.927621467785831,1.0090323427230927
0.9901656273449722,1.00061831818348
0.9901656273449719,1.0005205248086624
0.7689104175447954,1.0006265557238017
0.8391284670486416,1.000846405527633
0.8935671388846317,1.0010333226486532
0.8937429716480678,1.0007300690961605
0.8937429716480678,1.0009800417522563
0.893742971648068,1.0009484091391119
0.893742971648068,1.0007837400388548
,,egauge22084,egauge24121,egauge21932,egauge22271,egauge19810,egauge7692,egauge30378,egauge26086,egauge19821,egauge33764
0.9959817009811446,1.0005232273084712
0.9959817009811446,1.0008380489563962
0.9959817009811441,1.0016421174772536
0.9959817009811441,1.0021439784786916
0.9305398633874846,1.0090350723997863
0.995981700981145,1.0006238553154907
0.9959817009811446,1.0005232273084712
0.9959817009811446,1.0011348393769721
0.9959817009811446,1.000523227308471
0.9959817009811446,1.0010904872372497
0.9959817009811441,1.0017298447137422
0.9959817009811444,1.0019317193102022
0.9959817009811444,1.002571719692705
0.9959817009811441,1.0023540993089521
,,egauge7731,egauge3167,egauge14795,egauge9102,egauge26944,egauge24121,egauge23534,egauge22785,egauge4183,egauge16616
0.9998356255079293,1.0000931334034173
0.9985166018234334,1.0006100950411645
0.9980341591234523,1.000821601375027
0.9978235987472874,1.0009586049245465
0.9996639806446277,1.0004460246025584
0.9992698635263365,1.0005753365802441
0.9977263878477388,1.0007613791984986
0.9981264836276149,1.0007687352321306
0.9973121540396597,1.0009407463124207
0.9980479876107914,1.0008612096034866
0.9978925873815888,1.0009546306153443
0.9972623931675507,1.000886315967564
0.03325742000201543,0.03336966693757973
0.9976200536572519,1.0010140850368345
,,egauge16616,egauge5198,egauge7692,egauge4183,egauge7731,egauge20670,egauge30378,egauge20925,egauge27467,egauge3611
0.9998346179377324,1.0001011676898703
0.9989542306401935,1.0008928610533852
0.9981074972882922,1.0014093965319593
0.9974124474529661,1.0016893778824134
0.999670882074063,1.0001673807884086
0.9981928551653783,1.0004878595201987
0.9977625599123656,1.0003888545028774
0.9988804380674632,1.0010569977775414
0.9989116818850765,1.0011535141006873
0.998623971814444,1.001339522883162
0.9980140237089941,1.001483926190823
0.03326945736871106,0.033388465420893715
0.9973691824588364,1.0019249432310897
0.99631390230161,1.0018111090706154
,,egauge19810,egauge8816,egauge20407,egauge15601,egauge21932,egauge5198,egauge27467,egauge16616,egauge16133,egauge23534
0.9959817009811446,1.0007828722618375
0.9959817009811446,1.0007501964819132
0.9959817009811441,1.0011749218056036
0.9959817009811441,1.0014066704311648
0.9305398633874848,1.0133634893862489
0.995981700981145,1.0007641378243615
0.9959817009811446,1.001230431917105
0.9959817009811446,1.0011278899626308
0.9959817009811446,1.0006904362056888
0.9959817009811446,1.000966367126106
0.9959817009811441,1.0013287817819296
0.9959817009811444,1.001222668979707
0.9959817009811444,1.0015297518406314
0.9959817009811441,1.001613170168158
,,egauge23534,egauge17073,egauge22084,egauge16133,egauge17311,egauge2850,egauge26944,egauge32290,egauge20925,egauge3608
0.9997778773303729,1.0000133894583532
0.9979327009845432,1.0000711762225145
0.996860715338355,1.0000711762223375
0.996539373895275,1.0000711762223375
0.9994307569353691,1.0003222269143344
0.9989443861300776,1.000667984064169
0.9986232229709576,1.0004600751300208
0.9975944530449877,1.000319151968323
0.997901631989041,0.999957175777398
0.9939998492647016,1.0000711762225145
0.9963697508652624,1.0000711762223375
0.9961337180114606,1.0000711762220458
0.9962533703979143,1.0002530068398094
0.03318332593819292,0.03333570587407792
,,egauge22785,egauge9102,egauge32290,egauge5198,egauge3166,egauge14018,egauge16616,egauge18350,egauge15623,egauge3611
0.9931264868504366,1.0007735352993112
0.9513399675866903,1.00700974966904
0.9034562456332259,1.0139022183798538
0.8556629542200826,1.0139022183798538
0.9305253373632317,1.0133540136890937
0.9931264868504364,1.0007735352993112
0.8720829234447983,1.017714284210257
0.95133996758669,1.00700974966904
0.9049231445693068,1.0189855654390392
0.9513399675866903,1.00700974966904
0.9010456990196418,1.0187883863456046
0.9033264488100359,1.0136949091175893
0.8556629542200826,1.0139022183798538
0.7757811905014234,1.0139022183798538
,,egauge7731,egauge22271,egauge33764,egauge26086,egauge16133,egauge18350,egauge21932,egauge3166,egauge2474,egauge17073
0.9959778821781796,1.0007735353017762
0.9647585194421006,1.0070097489228071
0.9288586794306635,1.014156607719236
0.9288586799472839,1.0141566070682355
0.9305363414590877,1.0133540136933537
0.9959778821781798,1.000880356670513
0.8747800204067081,1.017722203219757
0.9647585194421006,1.0070097489228071
0.9049231459023707,1.0189855640617336
0.9645331381360001,1.0070097489228071
0.9044489241254273,1.0190442171286345
0.928858681482975,1.0141566051058284
0.9288586805230811,1.0141566063374547
0.9288586799472839,1.0141566070682355
,,egauge7729,egauge19821,egauge20407,egauge16608,egauge15601,egauge22785,egauge17311,egauge9102,egauge20925,egauge3611
0.9968226363416186,1.000756839540072
0.9647374696022644,1.0047240488203375
0.9647374696022644,1.004724048820337
0.9647374696022644,1.004724048820337
0.9697425533127841,1.0133370698520727
0.9966285689696489,1.001261139383767
0.9966678439926581,1.0003721907249172
0.9647374696022644,1.0047240488203375
0.9048783728377485,1.0128097117138957
0.9646103362915719,1.0047240488203373
0.9647374696022641,1.0047240488203368
0.9647374696022644,1.004724048820337
0.9647374696022644,1.0047240488203373
0.032157915653408815,0.03349080162734457
,,egauge28684,egauge15623,egauge28351,egauge16608,egauge22785,egauge17311,egauge7729,egauge3167,egauge32290,egauge16133
0.9959460962935902,1.0009688190120416
0.9645130072115828,1.0110683656961015
0.9283056103684414,1.0110683656961015
0.9279723995711204,1.0110683656961015
0.9305070247088757,1.0133719635787661
0.9959460962935904,1.0009688190120418
0.9959460962935902,1.0009688190120416
0.9645130072115828,1.011068365696102
0.9048656611373547,1.0300626323721962
0.9645130091019575,1.0109243113885173
0.9039132641089433,1.0110683656961013
0.9283056103684414,1.0110683656961015
0.9275935360013597,1.0110683656961015
0.9279723995711204,1.0110683656961015
,,egauge5198,egauge3611,egauge18350,egauge8253,egauge9102,egauge26944,egauge22084,egauge18158,egauge2850,egauge19810
0.9959378841304115,1.0009700063428646
0.9645130072115828,1.011081965512444
0.9283056103684414,1.0110819655124437
0.9279723995711204,1.0110819655124437
0.9304994519209013,1.0133663652153004
0.9959378841304115,1.0009700063428646
0.9959378841304115,1.0009700063428648
0.9645130072115828,1.011081965512444
0.9048705822301286,1.030076533603974
0.9645130091019575,1.010981690149936
0.9039132641089433,1.0110819655124434
0.9283056103684414,1.0110819655124437
0.9275935360013597,1.011081965512444
0.9279723995711204,1.0110819655124437
,,egauge16133,egauge19696,egauge5198,egauge19821,egauge22271,egauge20925,egauge8253,egauge17073,egauge33764,egauge4183
0.996381669964968,1.0009727258853882
0.9641249313348496,1.0111131158331035
0.9288559295297135,1.011113115833103
0.8935944018782366,1.011113115833103
0.996381669964968,1.0009727258853882
0.0332127223321656,0.03336575752951296
0.996381669964968,1.0009727258853882
0.9044981509570532,1.0301083744249755
0.963737913433972,1.0111131158331035
0.9638991014215215,1.0111131158331035
0.9288559295297134,1.011113115833103
0.9288559295297135,1.011113115833103
0.8535112557894762,1.011113115833103
0.8935944018782367,1.0111131158331028
,,egauge3166,egauge13974,egauge19821,egauge20407,egauge15623,egauge32290,egauge13830,egauge20358,egauge22084,egauge3611
0.9951044037587438,1.0006089198256976
0.9513807853146263,1.0069390687875328
0.9035687575916836,1.014126355988335
0.8557695141267931,1.014126355988335
0.9951044037587438,1.0006089198256976
0.9951044037587438,1.0006089198256978
0.9951044037587438,1.0013414138751735
0.9513807853146261,1.0069390687875328
0.9513259340889851,1.006816531170771
0.9513807853146263,1.0069390687875324
0.9035687575916836,1.0190137959052354
0.9035687575916838,1.014126355988335
0.8557695141267933,1.014126355988335
0.02586259340462528,0.03380421186627783
,,egauge26086,egauge22271,egauge13974,egauge30039,egauge22785,egauge23534,egauge22084,egauge2474,egauge3608,egauge7731
0.9968137012895832,1.0006278088083054
0.9645130066430279,1.0071364318907359
0.9283056092687637,1.01444725156406
0.9279723984667926,1.014536210032656
0.9968137012895832,1.0006278088083054
0.9968137012895832,1.0008489852510043
0.9968137012895832,1.0006278088083054
0.9645130066430279,1.0071364318907359
0.9645130066430279,1.0071364318907359
0.9645130066430279,1.0071364318907359
0.9039132626534843,1.0193365116344526
0.9283056092687637,1.0145005803097547
0.9275935348919604,1.0145566298965878
0.9279723984667926,1.0146549262728848
,,egauge17311,egauge7729,egauge20407,egauge2850,egauge4183,egauge15623,egauge8617,egauge3166,egauge19696,egauge16133
0.9963740101640578,1.0006000291093475
0.9640393404227015,1.0068375923945823
0.9287740665144191,1.014024024865644
0.8935162658618112,1.0155556799968704
0.9963740101640576,1.0006000291093475
0.9963740101640578,1.0006000291093475
0.9963740101640576,1.0006000291093475
0.9640393404227015,1.0068375923945823
0.9638872646998593,1.006543091352195
0.9640393404227015,1.0068375923945825
0.9044259498703177,1.0189108835549323
0.9287740665144191,1.014024024865644
0.8534373562123733,1.0214274048766643
0.8935162658618111,1.0155556799968704
,,egauge8816,egauge27467,egauge7731,egauge16608,egauge5198,egauge15623,egauge20670,egauge32290,egauge3167,egauge13836
0.9930042506589389,1.0009736294089737
0.9237470208331175,1.0111172434098386
0.9204644786098717,1.0225191136333052
0.8935944018782366,1.0225191136333052
0.9930042506589389,1.0009736294089737
0.9930042506589389,1.0009736294089737
0.9930042506589389,1.0009736294089737
0.7947220686027819,1.0111172434098386
0.030791567361103923,0.03370390811366129
0.9237470208331177,1.0111172434098383
0.8963190475914878,1.0302725981361682
0.9204644786098716,1.0225191136333052
0.8535112557894762,1.0225191136333052
0.8935944018782367,1.0225191136333052
,,egauge27467,egauge8816,egauge28351,egauge22084,egauge3611,egauge20407,egauge16133,egauge23534,egauge20925,egauge4183
0.9930042506011177,1.0006152544352263
0.9237470207524748,1.0070113770448375
0.9237470207524746,1.0141992729155886
0.8919456730534635,1.0155585334289543
0.9930042506011177,1.0006152544352263
0.9930042506011175,1.0007351652932364
0.9930042506011177,1.0006152544352263
0.7947220686027819,1.0070113770448375
0.9237470207524748,1.0070113770448375
0.923747020752475,1.0070113770448375
0.8995376096520797,1.0190871267360517
0.9237470207524748,1.0141992729155886
0.8519519542645431,1.0214302777412296
0.8919456730534636,1.0155585334289543
,,egauge5198,egauge14018,egauge32290,egauge7692,egauge17311,egauge7731,egauge19696,egauge4183,egauge3608,egauge20358
0.9930042506011177,1.0006152544352263
0.9237470207524748,1.0070113770448375
0.9204644786411514,1.0141992729155886
0.8919456730534635,1.0155585334289543
0.9930042506011177,1.0006152544352263
0.9930042506011175,1.0007740106355656
0.9930042506011177,1.0006152544352263
0.7947220686027819,1.0070113770448375
0.9237470207524748,1.0070113770448375
0.923747020752475,1.0070113770448375
0.8963190476335451,1.0190871267360517
0.9204644786411514,1.0141992729155886
0.8519519542645431,1.0214302777412296
0.8919456730534636,1.0155585334289543
,,egauge30039,egauge7731,egauge19810,egauge28684,egauge17311,egauge23534,egauge14018,egauge8816,egauge4183,egauge27467
0.996381669964968,1.00060224273709
0.9641249313348496,1.0068795787503901
0.9287783692521719,1.0139546697083182
0.8935944018782366,1.0155890576271465
0.996381669964968,1.00060224273709
0.996381669964968,1.0008058925973318
0.996381669964968,1.00060224273709
0.9641249313348496,1.0068476141475626
0.9641249313348496,1.0068824195975559
0.9641249313348496,1.0068795787503901
0.9043711379453346,1.018841136199645
0.9287783692521719,1.0139546697083182
0.8535112557894762,1.0214610097508325
0.8935944018782367,1.0155890576271462
,,egauge16608,egauge19810,egauge15601,egauge7729,egauge8617,egauge16133,egauge30039,egauge30378,egauge33764,egauge2850
0.9968236350406606,1.000622056483751
0.9648413146061304,1.0071197082034853
0.9289252197391386,1.0143773265503297
0.9289120533156816,1.0144455616945771
0.9968236350406606,1.0006220564837511
0.9968236350406606,1.000622056483751
0.9959435181419475,1.0009839128893865
0.9648413146061304,1.0071197082034853
0.9648893837518409,1.0071903611440716
0.9648413146061304,1.0071197082034853
0.9045133643164192,1.0192661903702613
0.9289252197391386,1.0143773265503297
0.9288005321162252,1.0143695820929377
0.9290540399455405,1.0146713909799885
,,egauge13836,egauge20358,egauge15623,egauge22084,egauge24121,egauge15601,egauge22271,egauge26086,egauge14795,egauge17311
0.9970865691821093,1.0006254347509005
0.967072540751737,1.007108365750506
0.9670725407517368,1.0071083657505056
0.9670725407517368,1.0071083657505056
0.9970865691821093,1.0006254347509007
0.9970865691821093,1.0006254347509005
0.9785135866967362,1.00062543361863
0.967072540751737,1.007108365750506
0.967072540751737,1.007108365750506
0.859752178629153,1.0302499847666504
0.9670725407517367,1.0071083657505056
0.9670725407517368,1.0071083657505056
0.9670725407517368,1.0071083657505058
0.9670725407517368,1.0071083657505056
,,egauge21932,egauge13836,egauge7731,egauge18350,egauge20358,egauge26944,egauge33764,egauge3608,egauge19821,egauge15601
0.9998663440152846,1.0001444670247803
0.9987109887452355,1.0011459139662715
0.9976290936639405,1.0019160949737254
0.9967392944570403,1.0025775217400437
0.9998663440152846,1.0001444670247803
0.9992767110523781,1.0010238403834304
0.9995229134948257,1.0008814120363327
0.9984556740748411,1.001231034033669
0.9986615857750022,1.001301477156227
0.9964898863388346,1.0017559416815673
0.9976200719348847,1.0019987175918785
0.9969265597382513,1.0018947807528098
0.9966585273934838,1.00298507432041
0.9953702672360022,1.0030841393682899
,,egauge23534,egauge24121,egauge13974,egauge13830,egauge16133,egauge17073,egauge3167,egauge8253,egauge20925,egauge17311
0.996846054187345,1.0004158732520552
0.9648252017368768,1.0047346991610695
0.9289224251950685,1.0095875678051767
0.9289224259378656,1.0095875674464925
0.9968460541873452,1.0004158732520552
0.996846054187345,1.0004158732520554
0.9968460541873452,1.0004158732520552
0.9648252312387623,1.0047346745735175
0.9648252017368768,1.0047346991610695
0.9648252017368766,1.0047346991610697
0.9045106738746888,1.0128875573396685
0.9289224251950685,1.0095875678051769
0.9289224259378658,1.0095875674464927
0.9289224271561126,1.0095875668557206
,,egauge18350,egauge20670,egauge13836,egauge13974,egauge21932,egauge22084,egauge19696,egauge3611,egauge23534,egauge13830
0.9996752924773028,1.0000849558093299
0.9984648939582335,1.0004994115443522
0.9973417631448671,1.0010394423957512
0.9969752188746888,1.0013965837877112
0.999666776990416,1.0002311604382534
0.9992411558788027,1.0006632165646538
0.9891185142583047,1.0010364304906942
0.997848252559656,1.0005534392804123
0.9984648939582335,1.0004994115443522
0.9982392452657719,1.0001809973876392
0.9967806636380431,1.0011351823928503
0.9969406857116598,1.0011223609402213
0.9967261332580799,1.001639011761493
0.9967286325005817,1.0016494467865287
,,egauge22785,egauge16608,egauge18350,egauge14018,egauge7731,egauge26086,egauge20407,egauge13830,egauge4183,egauge19821
0.9993623292401479,1.000112804052148
0.9936842430528057,1.0010322391994761
0.9874825817915697,1.001492359291134
0.9812811641611352,1.0019479738996897
0.9990048559674091,1.0001442265570102
0.9993558399239341,1.0006235957211913
0.9891101603057968,1.0003968568790542
0.9936842430528057,1.001400608777
0.9936842430528057,1.0013120481172906
0.9936842430528057,1.0015645175934604
0.03291608607126165,0.03338060968420283
0.9874825817915697,1.001695983029172
0.9742303649624113,1.0020461531235458
0.9812811641611352,1.0025770086613492
,,egauge14795,egauge14018,egauge23534,egauge3608,egauge3611,egauge30039,egauge5198,egauge7731,egauge18544,egauge22084
0.9993421234621176,1.0001066415815256
0.9937893187848625,1.0006037239874865
0.9876111255533975,1.000969006326366
0.9814331727978178,1.0010873670659173
0.9988467762810694,1.0004412707374457
0.9976048053987739,1.0008339108973303
0.9990234852070669,1.0007502190198423
0.9937893187848625,1.0005835967590817
0.993948642975046,1.000669567803039
0.9937893187848625,1.0012390133345
0.9876111255533975,1.0010166027367537
0.03292037089060021,0.03337549473980264
0.9814331727978178,1.0013749359819015
0.9711036801439735,1.0009062512637905
,,egauge30378,egauge19810,egauge15601,egauge13836,egauge33764,egauge5198,egauge16616,egauge16133,egauge8617,egauge20925
0.9998252039298638,1.0000791345401143
0.998674774286523,1.0007048440248907
0.998119067264607,1.0010002318957336
0.9980302786563698,1.0011564237365789
0.9991219794455563,1.0003060521845017
0.9976399568817734,0.9999997190971771
0.03323754820120645,0.033369485270028656
0.9986016904442927,1.0010714635681126
0.9983938704315191,1.0009299818659632
0.9970485859973249,1.0009235989843084
0.9980387201706298,1.0010228582580416
0.9969936280524069,1.001177342016449
0.9979631399189902,1.0011692988899583
0.997574087526139,1.001398654629964
,,egauge20925,egauge3608,egauge20670,egauge22785,egauge16616,egauge15623,egauge24121,egauge16608,egauge27467,egauge2850
0.9997473085017033,1.0000041382690137
0.9981126074514134,1.0000434988417126
0.9965319947413186,1.0000864792361255
0.995213562273217,1.0000864792361255
0.998858577264453,1.0003058788153325
0.9977994128342088,1.0000041382690137
0.9991212756405992,1.0006120562553142
0.997779006430961,1.0000434988417126
0.9979980120731395,1.0000434988417126
0.9978641047802569,1.0001445864734115
0.9964209425656755,1.0000864792361255
0.9963174068481759,1.0001583457507033
0.9951357330480676,1.0000864792361257
0.9930295336029126,1.0000864792361255
,,egauge33764,egauge7692,egauge32290,egauge17311,egauge4183,egauge22084,egauge2850,egauge22271,egauge26086,egauge26944
0.9998110836886359,1.0000421085942164
0.9984610267392393,1.0002595991856829
0.9971121550548632,1.0004115411596592
0.9963025133175509,1.0007309007369127
0.9991643936742326,1.0003131120352773
0.9978956489636657,1.0002573369098495
0.9979477402819533,1.0000074419385494
0.9980883065786575,1.0003933550970328
0.9983293889411027,1.0004804065059818
0.9978754041393985,1.00014914642665
0.9963461612246949,1.0004212346747716
0.9967479693702971,1.00079443433288
0.9949142586030759,1.000961640164703
0.9952700546409163,1.0009255724421633
,,egauge32290,egauge8617,egauge7692,egauge22271,egauge3166,egauge33764,egauge15601,egauge8253,egauge17073,egauge30039
0.9998017712444577,1.0000898664922018
0.9985271436639787,1.000921843717335
0.9971247479068435,1.0014900861969203
0.9961911710553903,1.001867705754959
0.9989306616754482,1.0000228505465156
0.9989588596482618,1.0002437768534516
0.997751796724941,1.000384484912077
0.9985299679328503,1.0012531778756466
0.9985139431535831,1.000968850180023
0.9984849298642121,1.0013779942589083
0.9965955968784972,1.0016326590937616
0.9962976112991808,1.001522095552416
0.9948030999073647,1.0020386239699917
0.9961911710553901,1.0022477653733393
,,egauge16133,egauge22785,egauge17073,egauge3166,egauge14018,egauge23534,egauge5198,egauge18350,egauge26944,egauge17311
0.999825079933669,1.0000883056216514
0.9989048068430496,1.0007183836661349
0.998023877036967,1.0010884494907097
0.9972303238727727,1.001322132598853
0.9987383866820488,1.0002024714405946
0.9982489218306685,1.0002043464704011
0.9989156630062344,1.0007994188091647
0.9988715164024746,1.000787401097627
0.9981942537006256,1.0009834247707006
0.9983213358280326,1.0013589094749247
0.997982171593009,1.0011512241902543
0.9979122773411503,1.0012326908285247
0.9963653165463775,1.0014970029669632
0.9971755187472056,1.0014557067033014
,,egauge7692,egauge28684,egauge16608,egauge15623,egauge8617,egauge16616,egauge18158,egauge19821,egauge18350,egauge30378
0.9998609070998694,1.0001058151390614
0.999008890979786,1.000822166796659
0.9982629238751589,1.0014819934601915
0.9977923060542436,1.0016724360930012
0.998811420216596,1.0002456020110757
0.9991186861160183,1.0004682022598914
0.9993081095171493,1.0006449088471399
0.9989436147390691,1.0009390768829467
0.9988323776092127,1.0008568826319328
0.998626712288038,1.0009417297732364
0.9982299194413718,1.001545500325601
0.9978836786666693,1.0021106826968766
0.9977042710406139,1.0017343772572276
0.9971348629677952,1.0018997810771622
,,egauge8617,egauge16608,egauge19810,egauge16133,egauge15601,egauge17311,egauge17073,egauge3166,egauge27467,egauge18158
0.9998369063377738,1.0000664432740674
0.9989531100448972,1.0008854184925005
0.9987089335476856,1.0014854496874683
0.9985729379352253,1.0019092604661484
0.9994010458373519,1.0001543881416637
0.9993343666132399,1.0005697184935067
0.9975117009905864,1.0000200901088614
0.9978788787518125,1.0010023050159444
0.9977157055388265,1.001178003904695
0.9987688314754608,1.0010928302855715
0.9986498400990086,1.001583744464521
0.9986202472486128,1.0015384048167462
0.9984863436752226,1.0021526818737414
0.9982261306795821,1.00225993324176
,,egauge2850,egauge28684,egauge13836,egauge32290,egauge18544,egauge21932,egauge15623,egauge19696,egauge22271,egauge14018
0.9963719778230212,1.0012596010905088
0.9640294859120472,1.0124769360317927
0.9286667690345242,1.02472056356409
0.893371799735671,1.0370178826217054
0.9963719778230212,1.0012596010905088
0.9963719778230212,1.0012596010905088
0.9963719778230212,1.0012596010905088
0.9640294859120472,1.0124769360317927
0.9640294859120472,1.0124769360317927
0.9640294859120472,1.0124769360317927
0.9286667690345242,1.02472056356409
0.9285660351894084,1.0246324306471661
0.8533007154102058,1.0510011730882083
0.8932981570002523,1.0370178805281582
,,egauge21932,egauge20670,egauge2474,egauge13974,egauge18544,egauge8253,egauge18158,egauge7692,egauge2850,egauge23534
0.9962892344538389,1.0012438240950228
0.9632979552774038,1.0123101841030586
0.9272681653344952,1.0244565116643085
0.9272062967089247,1.0244565111063662
0.9962892344538384,1.0012438240950228
0.9962892344538389,1.0012438240950228
0.9961146045917062,1.0012438240069417
0.9632979552774038,1.0123101841030586
0.9631880372279572,1.012193923780235
0.9632979552774038,1.0123101841030584
0.9272494733701737,1.024411057939488
0.8671667480575261,1.044879862699564
0.9271359513848973,1.0244565104738461
0.9272062967089247,1.0244565111063662
,,egauge18350,egauge28684,egauge14018,egauge26086,egauge4183,egauge3166,egauge16616,egauge26944,egauge2474,egauge14795
0.9998600661030252,1.0001203076870453
0.9987635229335794,1.0008928987529466
0.997738703182459,1.001475347041175
0.9974472953230966,1.0018108506141015
0.999683885005971,1.0002112339589981
0.9991029334072452,1.0004225753462588
0.9974505439258144,1.000898827724988
0.9986414883722021,1.0011665488874688
0.99862023844348,1.0010292867996107
0.9987000336543586,1.0009682872289418
0.9976994823154064,1.0015009425562038
0.99646647869124,1.0018253220803972
0.996876387404178,1.0019755239398809
0.9968407827927154,1.0021296724701196
,,egauge14795,egauge16616,egauge2474,egauge27467,egauge13830,egauge3611,egauge17311,egauge30378,egauge7731,egauge14018
0.9968097212165252,1.0003793498543379
0.9644554819031522,1.004355167266391
0.9283466639091114,1.0089609753467135
0.9281800713271612,1.0087946803501657
0.9968097212165252,1.0004154558503897
0.9968097212165252,1.000379349854338
0.9968097212165252,1.000662229721719
0.9642744207573943,1.004196706687982
0.9644554819031522,1.004355167266391
0.9642881416103426,1.0042399592067222
0.9039530517242276,1.0122585498993013
0.9282360352621051,1.008831875815289
0.9281800713271614,1.0087946803501657
0.9279015162729117,1.0085166228262379
,,egauge26944,egauge30039,egauge3611,egauge20407,egauge13974,egauge30378,egauge22785,egauge3166,egauge17073,egauge20670
0.9993649404474456,1.000084559941883
0.9937090886603946,1.0004893299966802
0.9875314841004866,1.0008602588446418
0.9813541206875922,1.0012002655156877
0.9985754565181139,1.0004253542612014
0.9992488118038827,1.0007882566176305
0.9976562270826795,1.0003721095269467
0.9937090886603946,1.0003080892406486
0.9937090886603946,1.0005798331999207
0.9937090886603946,1.0009419573931968
0.9875314841004866,1.0008742734609
0.9875314841004866,1.0008775032692925
0.9813541206875922,1.0013710855571964
0.9710256134125859,1.0015175776297334
,,egauge23534,egauge3611,egauge14018,egauge7731,egauge9102,egauge28684,egauge22271,egauge22084,egauge18158,egauge20670
0.9993649404474456,1.0000978198502546
0.9937090886603946,1.0007105295060708
0.9875314841004866,1.0011291177653545
0.9813541206875922,1.0014574710133366
0.9993649404474456,1.0004367794119267
0.9977612395474668,1.000394572171013
0.9974489165310971,1.0008763176876205
0.9937090886603946,1.0009949254197439
0.9937090886603946,1.0008336907720334
0.9937090886603946,1.0010686871138037
0.9875314841004866,1.00126157059158
0.9875314841004866,1.0009543053974292
0.9813541206875922,1.001695769962186
0.9710256134125859,1.0016817806052583
,,egauge13830,egauge17073,egauge18350,egauge18158,egauge21932,egauge3166,egauge3608,egauge28351,egauge22084,egauge17311
0.9977274181099338,1.0009702299851806
0.9745699211032706,1.0111138032712101
0.9485916243070961,1.0225156277251586
0.9485916243070961,1.0225156277251588
0.9977274181099338,1.0009702299851808
0.9976240237509605,1.0008668714972098
0.9977274181099338,1.0009702299851808
0.9745699211032706,1.0111138032712101
0.9745699211032706,1.0111138032712101
0.9745699211032706,1.0111138032712104
0.9309274970878635,1.0302690811037645
0.9485916243070962,1.0225156277251586
0.9485916243070962,1.022515627725159
0.9485916243070962,1.0225156277251588
,,egauge19810,egauge28351,egauge14795,egauge15601,egauge20670,egauge16133,egauge18350,egauge7731,egauge32290,egauge16616
0.9998229991496251,1.0000633956093619
0.9988776248329603,1.00065583526986
0.9982655920594866,1.0008578461499142
0.9976345467024977,1.000842184134604
0.9986757067330355,0.9999997190983698
0.9979512717959445,1.000358274057625
0.9976981047027437,1.0007289225287102
0.9975794335108633,1.0010932711455585
0.9988260155360776,1.0008620980160552
0.9968594911268904,1.0009333723282943
0.998243793947706,1.0008929678249492
0.998099063571995,1.001179963476077
0.9969917745176398,1.0007839409611583
0.9975233965998904,1.0009084552268612
,,egauge3167,egauge18350,egauge20407,egauge20925,egauge14018,egauge20670,egauge24121,egauge18544,egauge9102,egauge28351
0.9998588743066301,1.0000890996283598
0.9986897495584102,1.0009637460769414
0.997887076223419,1.0014569297307172
0.9972603969828056,1.0016506170591357
0.9995890035702673,1.000176930033548
0.9994397635628328,1.0003142504596527
0.9980155691509819,0.9999997190986462
0.9985877409746349,1.0011939143039252
0.9980262004410584,1.0013320858426635
0.9981194915727551,1.0013863191273418
0.9977787025216792,1.0015106929988593
0.9978592883313864,1.0018255112703582
0.9971523375034588,1.0017648118380655
0.9963470728010231,1.0018065438371202
,,egauge23534,egauge3608,egauge17311,egauge13830,egauge21932,egauge15623,egauge28684,egauge2850,egauge14018,egauge8816
0.9962986701843761,1.0012557755145377
0.9633579327646898,1.0124463583751735
0.9273532325653754,1.024662422166899
0.9273532325653754,1.024662422166899
0.9962986701843761,1.0012557755145377
0.9962986701843761,1.0012557755145377
0.9962986701843761,1.0012557755145377
0.9633579327646898,1.0124463583751735
0.9633579327646898,1.0124463583751735
0.9633579327646901,1.0124463583751735
0.9273218353393521,1.024662421816237
0.8672452043424137,1.0450906043646544
0.9273532325653756,1.024662422166899
0.9273532325653754,1.0246624221668985
,,egauge15601,egauge7731,egauge7729,egauge5198,egauge14018,egauge28351,egauge20670,egauge18158,egauge14795,egauge17073
0.9998092641329049,1.0001438171088028
0.9985670508020196,1.0009567234011754
0.9979975059569002,1.0014910296900932
0.9977481111285074,1.001790753238808
0.9984803333953964,1.0006489816415327
0.9994662531937435,1.0008068556331622
0.996995454566229,1.000490295510602
0.9981084296695986,1.0010733650975636
0.9979324107173015,1.0013250601092112
0.9969182189895477,1.0012469605472647
0.9978755437035901,1.001586679326198
0.9977620890099178,1.001667947586443
0.9975471649758386,1.002006894853197
0.0332542204530675,0.03339913530948414
,,egauge17073,egauge14018,egauge7731,egauge22271,egauge8253,egauge19821,egauge17311,egauge21932,egauge28351,egauge16608
0.9998655899153099,1.0001120544822222
0.9990247344893911,1.0007631685542977
0.9984155885682603,1.0009678983278565
0.9977523503285683,1.0011085486625815
0.9994196333511856,1.000461658116972
0.9976164866620603,1.0008152849348353
0.9994966993000971,1.0008884174861343
0.9989606814400647,1.001151184350351
0.9981471149949221,1.000797136717728
0.9979890241722569,1.0016210542290818
0.9984047206097941,1.0010225225474096
0.9984155885682603,1.0009678983278563
0.997062197501583,1.0011619915861532
0.9976583005524429,1.0013942237569855
,,egauge28351,egauge28684,egauge19821,egauge13836,egauge8617,egauge26086,egauge3608,egauge7729,egauge14795,egauge2474
0.9998169333597284,1.0001321704239485
0.9983534196989244,1.0008575183165644
0.9968492024609327,1.0012829094225395
0.9963517172213014,1.00161666472022
0.998803745142935,1.0002916158179358
0.9990627984569823,1.0004413568716104
0.998753305590217,1.0013884770394883
0.9982993668142114,1.001173560442672
0.9982470981489284,1.0008929134406477
0.9980270943454335,1.0013894933327037
0.9964696361160027,1.0012746891209654
0.9956727585245956,1.0014563464045463
0.9961543435277829,1.00184458988859
0.9955135059974495,1.0018437443197412
,,egauge33764,egauge7692,egauge17073,egauge13974,egauge28351,egauge18158,egauge3166,egauge27467,egauge16616,egauge4183
0.9998573994590403,1.000099549463489
0.9987142885820997,1.0007027896715353
0.9984371621290599,1.0011292286578493
0.9982711137538182,1.001297938496241
0.9995129960837077,1.0003678611770874
0.9979099101717248,1.0003556159240174
0.9989165765188133,1.0007729845991618
0.9980794600736346,1.0007734104061339
0.9977559930665336,1.0007934352136467
0.9985084962801195,1.0013347403770563
0.9984183348617123,1.001150050201522
0.9982977266567951,1.001509906907445
0.9981573706646092,1.0013468763739481
0.9981607377222956,1.0015080670054048
,,egauge30378,egauge3608,egauge17311,egauge7692,egauge27467,egauge26086,egauge2474,egauge13974,egauge16608,egauge3166
0.9998505174478233,1.0000755474608982
0.9988866564173475,1.0007397618690168
0.9982815588869451,1.0011265888190395
0.9981396363484957,1.0012893943085666
0.9991280755602101,1.0003268734638682
0.9978448449171438,1.0000252848684488
0.9986046370600543,1.0007370854825144
0.997907987999526,1.0008709480894216
0.9988263776637002,1.001030379395156
0.9985464482744014,1.0014184441659473
0.9979642053735507,1.001246632905344
0.9979061239702344,1.0012377135332664
0.9980023096092571,1.0014807714834861
0.9978482293618686,1.0013034446026503
,,egauge3166,egauge30039,egauge24121,egauge27467,egauge7729,egauge22785,egauge15601,egauge18544,egauge8253,egauge5198
0.9998338880921934,1.000104449456238
0.9983796355967016,1.00084867169065
0.9971710485579481,1.0014293142198865
0.9966600021880326,1.0015132148216228
0.9995832867788935,1.000147370337333
0.9989960566503101,1.0007868770904227
0.9981826784943039,1.0003858407682045
0.9982107930243461,1.001175223081945
0.9973323322508318,1.0010088505137154
0.9970068140034996,1.000913513756192
0.9966423908625476,1.001624509469791
0.9971909830615991,1.0018085458897603
0.996085841475307,1.001524690966303
0.996183739869539,1.001636626410279
,,egauge15623,egauge3166,egauge7729,egauge15601,egauge24121,egauge23534,egauge18350,egauge32290,egauge13830,egauge22084
0.9998588645590837,1.0000566702266187
0.9988319392525576,1.0004411429175044
0.9983081304814896,1.0004407593503455
0.9982070621112754,1.0004668823062732
0.9995607505436283,1.0001938053034882
0.99929543401596,1.0001880560053917
0.9970049761421421,1.0003951506838245
0.9975338181693303,1.0008784678724574
0.9987531165292441,1.0005727427097326
0.9984641209331133,1.001030955577903
0.9982863312681737,1.000477674030799
0.9973624606562134,1.0003731496627861
0.9981106193020002,1.0006365161446886
0.9977487254883999,1.0002738906498414
,,egauge30039,egauge24121,egauge20358,egauge26086,egauge20670,egauge15601,egauge3608,egauge5198,egauge22785,egauge14018
0.999838349183473,1.000109600339363
0.9985379393531832,1.000851287487998
0.9973181690647898,1.0011396779131838
0.9968297731924202,1.0013733147645578
0.9995533556125699,1.0003944085044305
0.9976866645261849,1.0003723727634557
0.9995230174987197,1.000408611537355
0.9983611582487156,1.0011300853860068
0.9984521646082445,1.0010551246859944
0.9962346491734492,1.00176384284443
0.9971674128708878,1.0011314590024298
0.9964186867147581,1.0012709379156353
0.9963127523431987,1.0013767361667718
0.9960518690853961,1.001762972197787
,,egauge18544,egauge3167,egauge13836,egauge2474,egauge30039,egauge17073,egauge3611,egauge4183,egauge20670,egauge13974
0.9998641313608609,1.0001247588705933
0.9985953442733217,1.0008610193852636
0.9977579500975057,1.0012060521017325
0.9975297594246951,1.0014052292597764
0.9995658420575338,1.000548591613841
0.9976866645261849,1.000348924534416
0.9992614356531346,1.0010961890601684
0.9977760084340003,1.00107503405112
0.9985281313699809,1.0012200335558086
0.9983982528238761,1.0013140873891406
0.9973858674003642,1.0012503042707839
0.9976542436413222,1.0013676585533646
0.9974319555060437,1.0015833837576649
0.9972705687278068,1.0015573871456145
,,egauge8253,egauge17311,egauge3166,egauge8617,egauge20358,egauge22084,egauge30378,egauge26086,egauge20407,egauge8816
0.9998105908655885,1.000045551922024
0.9981727483049074,1.0003347491391226
0.9965664704804649,1.0008179368141417
0.9952455756186331,1.0009432600324666
0.9988864793104271,1.000133400060713
0.9976866645261849,1.000396036082153
0.9992561511358299,1.0002274331137933
0.9980785601210654,1.0003817295083846
0.998044302586283,1.0003970775248077
0.9979818274655382,1.0004547414682563
0.9964199628372955,1.0009194841950761
0.9964495590481564,1.0011672861865584
0.9950918090069142,1.0008214581645567
0.993263087055494,1.0013398212922946
,,egauge19810,egauge27467,egauge15601,egauge4183,egauge7731,egauge18544,egauge19821,egauge17073,egauge8816,egauge8617
0.9997613186039184,1.0001130420202848
0.9983018491950276,1.0010095528169738
0.9968746666554382,1.0015438727348251
0.9956281980428424,1.0016406011110885
0.9986216814369528,0.9999997190971771
0.9994787984985987,1.0008424685335149
0.9971434792379575,1.0011239371149316
0.9981802232620169,1.0011583466860523
0.9982109572541656,1.001289354233726
0.9981523596860433,1.0016936232224156
0.996798326882971,1.0017864255005677
0.9967602303924764,1.0017163614733378
0.9942784751115004,1.0017434436496717
0.9955289104252814,1.0016780603797606
,,egauge7731,egauge16133,egauge28351,egauge22271,egauge17311,egauge33764,egauge8253,egauge20670,egauge16616,egauge22785
0.9998610206432366,1.0000876797191236
0.9990227659373145,1.0006669062200215
0.9982043080961367,1.0008992653571525
0.9977295543476534,1.0009798516840482
0.9997253644437336,1.00046599017934
0.9977502907980208,1.0010264064364736
0.9978504106151057,1.0003604529068484
0.9988480834516761,1.0010124897862536
0.9989746281874403,1.0007787267624784
0.998474139119924,1.0017351404076136
0.9978399848399528,1.0009111756043654
0.9977334573214266,1.0011775246867718
0.9975863696060165,1.0010154506445381
0.9968758968572814,1.0010622468016326
,,egauge19810,egauge2474,egauge32290,egauge20670,egauge18350,egauge18158,egauge13974,egauge15623,egauge20407,egauge8816
0.9997509927247742,1.0000234779171546
0.9981481127744243,1.0004013553798814
0.9965313297887703,1.0005695720705052
0.9952961693180213,1.0007039847216375
0.998624315249788,0.9999997190971771
0.9982209141243235,1.0006021776035718
0.9979108804172864,0.9999997190971771
0.9980619830788907,1.0006939111155222
0.9980939751832972,1.0005139309058702
0.9979464127426271,1.0010330810439871
0.9962888229075865,1.0005873141553603
0.9964895506262009,1.0006337347327015
0.9951422639542672,1.0005917874364758
0.9934572364488482,1.0010937294952764
,,egauge20925,egauge8617,egauge19696,egauge18350,egauge32290,egauge20670,egauge5198,egauge16133,egauge3608,egauge33764
0.9997686957379136,1.0000738438508703
0.9985114866696839,1.0004931228533775
0.9972687844384037,1.000789385672929
0.996886026881989,1.000909298055051
0.9989583418370447,1.0003735468760253
0.9989529435173407,1.0002395990950117
0.9967446331987414,1.0008505987953256
0.9984308712148673,1.0006078026489158
0.9981139164721439,1.0004302728391459
0.9983478898629934,1.000947260189249
0.9969209410761349,1.0008357427852073
0.9966862188764437,1.000970268234098
0.9966523629807554,1.0008932098557808
0.9965896517785409,1.001152841941188
,,egauge8816,egauge7731,egauge19810,egauge32290,egauge18544,egauge27467,egauge7692,egauge18158,egauge15601,egauge24121
0.999762679344958,1.0000816504246717
0.9983751765364562,1.0008677351721036
0.9967826297658489,1.00140588145639
0.9959145768424721,1.001766164145679
0.9977695385239194,1.0004551572579026
0.9995203016131298,1.0007662962438666
0.99739426909016,0.9999997190971771
0.9981100477132063,1.0007919472424878
0.9983970127619782,1.001216078665299
0.998439175708857,1.001488625470716
0.9963876720193646,1.0014599102504131
0.996542403351355,1.001570431269806
0.994984072035104,1.0020810427928286
0.9958315234127545,1.0019055285507101
,,egauge5198,egauge3611,egauge17073,egauge33764,egauge18544,egauge19696,egauge20670,egauge16616,egauge7692,egauge18158
0.9998147835238137,1.0001134071837767
0.9982289178492031,1.0009371432497516
0.9973987897937755,1.0013646036885704
0.9967047244928671,1.001633275396274
0.9989113991952455,1.0003027926936223
0.9977668912468178,1.000385808068537
0.9989411946286652,1.000791757148614
0.9981408900138349,1.0011778236541795
0.9981815194202713,1.0012548616446144
0.9955123652599288,1.0014307829524727
0.9973707610957933,1.0014512799329123
0.9972402090384295,1.0014169799094828
0.9959930907958288,1.001714148561142
0.9964907057907397,1.0019635845382144
,,egauge28684,egauge19810,egauge19696,egauge2474,egauge20407,egauge22785,egauge18158,egauge15601,egauge3611,egauge13836
0.9997596907997277,1.0000733437591947
0.9980967978990681,1.0007496826797302
0.9964674646461446,1.00145420690678
0.9958091500248828,1.001774710180556
0.9994592722974988,1.0002676597202578
0.997570200466671,1.0000247811271927
0.9966741894585975,1.0008898166054945
0.997658087376764,1.0009238971021863
0.9977960311843265,1.0005785248661905
0.9972824242899858,1.000887623302584
0.9963632062825396,1.001589443684886
0.9951002300209307,1.0017989769477686
0.9950864286361221,1.0018510333561899
0.9957712279816195,1.0022392217709548
,,egauge18544,egauge13836,egauge3167,egauge7729,egauge8253,egauge13974,egauge8816,egauge23534,egauge2474,egauge28684
0.9998092740935678,1.0001038468437404
0.9980228732360884,1.0006280658428721
0.9968214765504153,1.001105583441542
0.9967634520387026,1.0013875597845763
0.9995624292049773,1.000533860974016
0.9992608245632812,1.0010088125509122
0.9992129739720242,1.0003290743402353
0.9973711566134762,1.0007882029308348
0.9976514765695564,1.0006476754497051
0.9968884937309429,1.0008807247999636
0.9961094749479753,1.0012131720665105
0.9966604407216094,1.0012150142095655
0.9965213533091045,1.001599149381545
0.9967019254848082,1.001548549034292
,,egauge18158,egauge13836,egauge20670,egauge33764,egauge20358,egauge18544,egauge3167,egauge14018,egauge30378,egauge3608
0.9998432947121487,1.0001215953056042
0.9986669649638052,1.0008752897989337
0.9974770434382132,1.001281835876638
0.9966988928838123,1.0014054792704048
0.9994676801799575,1.0004212661977636
0.9992711319437249,1.000980556180643
0.9991640341827185,1.0007181067976487
0.998611753138216,1.0010775345688006
0.9985684279486272,1.0010308032884974
0.9977511096218181,1.001559251718703
0.9974393937044793,1.0013157613323338
0.9966438120742478,1.0016714512667089
0.9965227536198623,1.0015605483278407
0.995656800783201,1.0013841778859671
,,egauge32290,egauge20358,egauge20407,egauge8253,egauge4183,egauge23534,egauge18350,egauge3608,egauge33764,egauge3167
0.9998446697084257,1.0000384775848212
0.9986198256370443,1.0005004577432441
0.9978912101735551,1.000751005015114
0.9977808537777311,1.000961716408535
0.998920005819066,1.0000236574818289
0.999563178941143,1.000337005971123
0.9979695452949403,1.0000236574818289
0.9978183230685368,1.0005412218368446
0.998521641849529,1.0006902963171043
0.9982976973085941,1.0009873747136624
0.9978751306058231,1.0007965801363983
0.9968537501218434,1.0007186751740706
0.9969450747432346,1.0011347542929852
0.99772461262625,1.0010595748057993
,,egauge20925,egauge13830,egauge13974,egauge20358,egauge26086,egauge3167,egauge19810,egauge32290,egauge18158,egauge14795
0.9998485869973659,1.0000671172169193
0.9987599583211868,1.000362858455476
0.9976713264841705,1.0005012240140927
0.9972374244096439,1.00067712476383
0.9988990066116962,1.0003349215424593
0.9992150068176411,1.0004470263109555
0.9983362133290031,1.0003636690836744
0.9986426583943135,1.0005182778349064
0.99863702540597,1.0006414955568
0.9985063002170479,1.0005212885494221
0.997408672163512,1.0005012240140922
0.9968811797877124,1.0008120961595541
0.9971749729581699,1.0008089878483617
0.9966037496757366,1.0010119795521089
,,egauge9102,egauge32290,egauge8617,egauge33764,egauge22271,egauge28351,egauge14018,egauge19696,egauge16608,egauge21932
0.9998198525729565,1.0000869125180114
0.9982646525138413,1.0008639551911795
0.997301470069536,1.0013478425980344
0.9972621079997182,1.0014654691983036
0.999096969779459,1.00029771692102
0.9981124721702227,0.9999997190971771
0.9989045672880938,1.0002552065959212
0.9980164529431236,1.0010633318237219
0.9982042751832093,1.001177146516201
0.9964460566367856,1.001151294821226
0.9972741977238269,1.001498185701513
0.9958238436244099,1.0015905749455805
0.9972173528751884,1.001599212125587
0.9972621079997182,1.0014654691983036
,,egauge20925,egauge8617,egauge18544,egauge33764,egauge19810,egauge5198,egauge28351,egauge18350,egauge20358,egauge8816
0.9964553069865725,1.0008164135513653
0.964812455059532,1.0080632382020862
0.9303107285601633,1.0157883579009002
0.895815961485036,1.023513866674039
0.9964553069865725,1.0008164135513653
0.9964553069865725,1.0009823076738846
0.9964553069865725,1.0009364485157197
0.9648124550595321,1.0084235681665028
0.9648124550595321,1.0080632382020862
0.9644780337218216,1.007983275103953
0.9303107285601633,1.0157883579008997
0.9303107285601633,1.0157883579009002
0.8958159614850361,1.023513866674039
0.8381546523852675,1.0364322965584944
,,egauge8816,egauge18350,egauge9102,egauge18158,egauge3166,egauge3611,egauge30039,egauge20925,egauge7729,egauge13974
0.9997659759855068,1.0000855725347866
0.9985981038492057,1.0006844460740414
0.9974280208586734,1.0011780847572247
0.9964106776148267,1.0013660660925856
0.9977940692373246,1.0004098424399712
0.9994072714540653,1.0003240450294755
0.9982933126820764,1.0005087376422008
0.9982159489423098,1.0008973097574303
0.9982857875326226,1.0007272736236366
0.996620438752085,1.0008997422894568
0.9974131296971748,1.0012872088739735
0.9971940859038483,1.0014216018849944
0.9955644447851121,1.0014780611030571
0.995657781562932,1.001515686950268
,,egauge28684,egauge23534,egauge13830,egauge4183,egauge22271,egauge9102,egauge2850,egauge2474,egauge18158,egauge3166
0.9997681514907164,1.0000579178179883
0.9976756304394563,1.0002785791025652
0.9958614659475135,1.0002088337588932
0.9956839464806112,1.0002507761869197
0.9993876701508074,1.0002368761815377
0.9990681631768414,1.0007233340394681
0.9991776339363281,1.0005681202458983
0.9975775567997867,1.0004867464158633
0.9976456999901542,1.0006672110983093
0.9962769303004408,1.0004685879177735
0.9950893181383144,1.0002088337588932
0.9950235368447389,1.0003820508491108
0.9955080730067669,1.0003775320016381
0.9956457581787013,1.0003090332614568
,,egauge19810,egauge32290,egauge18158,egauge5198,egauge8816,egauge14018,egauge24121,egauge18350,egauge3166,egauge16133
0.9997800757327046,1.0000355922555182
0.9984077862375664,1.0005777254032913
0.9975047841302083,1.0008216619846824
0.9968060378038852,1.0009284651755395
0.9986397512734184,1.00002162010631
0.9980880241920265,1.0006870077761523
0.9990384063148484,1.0006862127381404
0.9978876864539566,1.0007040621357268
0.9965731013739278,1.0008233976941179
0.9969565081795132,1.001280297165796
0.997410905380958,1.000875995566113
0.9973940998080532,1.0009173568432022
0.9967818979458075,1.0009576793289485
0.9956731868661226,1.001064086364519
,,egauge16616,egauge26086,egauge20925,egauge8816,egauge28351,egauge19810,egauge3608,egauge28684,egauge22271,egauge8253
0.9997892820728186,1.0000575049931184
0.9978537136580473,1.000232508462398
0.9973104743225025,1.0004988954925602
0.9967861233131337,1.0007273079597598
0.9996281201868895,1.0001237146746385
0.9986386448953637,1.0007595746502447
0.9979061878727994,1.0006662356731966
0.9959726657931807,1.000554308010456
0.9977007523354371,1.0005398790332223
0.9959023004368455,1.0002153098494275
0.9969080432305859,1.0005863459569475
0.997205074993194,1.000691285701568
0.996766340478605,1.0010110383153004
0.9959384644750437,1.0007669136712387
,,egauge7731,egauge16616,egauge18544,egauge5198,egauge9102,egauge22271,egauge8617,egauge3166,egauge13836,egauge24121
0.9939939136067003,1.0001069038907924
0.932418790841148,1.0007277485810975
0.9324187909983824,1.0010611025260607
0.9324187911556168,1.0013491942442674
0.9939939136067001,1.0004755464734676
0.9939939136067003,1.000504301118227
0.9939939136067001,1.0009507248308824
0.932418790841148,1.0008727670513249
0.932418790841148,1.0008894910632609
0.7118939020725317,1.0013860223743993
0.9324187909983824,1.0010744064159802
0.9324187909983824,1.0011040719421676
0.932418791155617,1.0015809605058617
0.9324187914130599,1.001490073508331
,,egauge17311,egauge28351,egauge3166,egauge18350,egauge13830,egauge3167,egauge30378,egauge23534,egauge22271,egauge20358
0.9939939136067003,1.0000864238647154
0.932418790841148,1.0007233306724073
0.9324187909983824,1.0012155198981771
0.9324187911556168,1.001499619155621
0.9939939136067001,1.000240327229628
0.9939939136067003,1.0003435402769798
0.9939939136067001,1.0002873289112644
0.932418790841148,1.0008513012060818
0.932418790841148,1.0009622875515192
0.7118939020725317,1.0009019823045908
0.9324187909983824,1.0013030647016838
0.9324187909983824,1.0015481695959174
0.932418791155617,1.0017277347902018
0.9324187914130599,1.0016641722867508
,,egauge7729,egauge18158,egauge8253,egauge22785,egauge2850,egauge15623,egauge24121,egauge20670,egauge3608,egauge30039
0.9954829970339266,1.0000250558744956
0.9499822547679515,1.000255683669885
0.8990058127425725,1.0005086355731772
0.8990058127425725,1.0007216804613637
0.9954829970339266,1.0001497383247029
0.9954829970339266,1.0006452195361004
0.9954829970339266,1.0003221387887153
0.9499822547679515,1.000255683669885
0.9499822547679515,1.000255683669885
0.9499822547679515,1.0002556836698848
0.8643461564360648,1.000535772519159
0.8990058127425725,1.0005086355731772
0.8990058127425727,1.0009639153344059
0.8990058127425725,1.0007216804613637
,,egauge28684,egauge22785,egauge20358,egauge16133,egauge5198,egauge20407,egauge18350,egauge8617,egauge30039,egauge18544
0.9997990482263465,1.000076207646941
0.9983673856247701,1.000590799039112
0.9981357901379262,1.0010961697243557
0.9980116087815026,1.001525045592763
0.9994945126755808,1.0002692842366445
0.998228164286974,1.0002283651511827
0.9995333669178569,1.0003965697419024
0.9978156720673007,1.0007582220645428
0.9975144013570941,1.0007054498852723
0.9966879765773807,1.0002511139069938
0.9981029050636199,1.00114048733576
0.9980370480496347,1.0011151025709546
0.9979291159150928,1.0017833446625832
0.9979252812762848,1.001862308697309
,,egauge16616,egauge23534,egauge13974,egauge8253,egauge16133,egauge7729,egauge5198,egauge15623,egauge21932,egauge28684
0.999835552190542,1.000060644052003
0.9985344375856026,1.000439781284933
0.9980475817414349,1.0007195649374454
0.997999217654083,1.0008382909957012
0.9996269826761474,1.0001316716641309
0.9990475151561028,1.0007164370628157
0.9983351124629215,1.0003615745855592
0.9980449040815957,1.0004815748271003
0.9974580355708192,1.000585422994914
0.9963143662554175,1.0007389785099472
0.9976994170730207,1.0007655383649192
0.9980058541808801,1.0008758201027854
0.997999217654083,1.0008382909957012
0.9979183492513429,1.0010368101875573
,,egauge32290,egauge16616,egauge3166,egauge7729,egauge15601,egauge2850,egauge17311,egauge33764,egauge24121,egauge4183
0.9998115254465822,1.000007707591235
0.9980391429013675,1.000079310930402
0.9977270169724739,1.0003997211035278
0.9974678727027334,1.0005054341076856
0.9989021183643969,0.9999997190971771
0.9994651844389064,1.000086238433781
0.9992278695914708,1.0001566420336283
0.9971888608991759,1.0001913151820803
0.99727379642193,1.0003163140871356
0.9943461202807837,0.9999997190971769
0.997724883328793,1.0004502154536266
0.9975159548965365,1.0006493425862084
0.9971479502495219,1.0005365580054097
0.9973288524523197,1.0006906689228658
,,egauge27467,egauge14795,egauge24121,egauge18350,egauge3167,egauge23534,egauge30378,egauge7729,egauge20670,egauge3611
0.9998314640370389,1.0001030777624809
0.9986570983067152,1.0006840397693544
0.9975455977207233,1.0010820572182173
0.9970303672558652,1.0013221000967354
0.9996797025567121,1.0004787519149467
0.9978853870793354,1.0007218273433933
0.9981488621639001,1.0003821899661478
0.998525297845437,1.0008255020815566
0.9984390619839019,1.0007831473107385
0.9979497376001506,1.0011732626018468
0.9974477060793531,1.001139204805997
0.9961161642310405,1.001229464765034
0.996968128303334,1.0014967943808688
0.9959323198101694,1.0014665671933773
,,egauge13974,egauge13836,egauge7692,egauge5198,egauge32290,egauge2850,egauge22785,egauge17073,egauge3166,egauge16616
0.9998331384025048,1.0000269428065311
0.9983404708115011,1.0001461744117897
0.9977091466346018,1.0002962046149055
0.9975532174713388,1.0002962046149055
0.9991075244784283,1.0001373055022518
0.9992727689207895,1.0009011301863449
0.9977503419922005,1.0002656187654198
0.9975332141352294,1.000166405593146
0.9978166572555974,1.0001461744117897
0.9943834235099264,1.0001461744117897
0.9974153115185399,1.000398225189988
0.9975636684474029,1.0005374168696224
0.9975173849027505,1.0002962046149058
0.9973451872583922,1.0002962046149055
,,egauge3167,egauge18350,egauge3608,egauge22084,egauge20670,egauge15623,egauge33764,egauge7729,egauge14795,egauge26086
0.9998161276290501,1.0000768725087852
0.9986848893846718,1.0007046440872995
0.9975567838937353,1.0013067374095905
0.9973049957908079,1.0016836868026635
0.9995180887686231,1.000164653232198
0.9994277841723823,1.0003053290329584
0.997715798988108,1.0000343376100571
0.9985273164162574,1.0005334251139395
0.9985108937491605,1.0009084459981836
0.9983942786355501,1.0009263398635841
0.9975250166540397,1.0013893006437744
0.9961602681652905,1.0014801792557062
0.9970481389587033,1.0019116299701667
0.9968919719233844,1.0019787655592287
,,egauge24121,egauge18158,egauge9102,egauge3166,egauge18544,egauge19696,egauge13974,egauge13836,egauge26086,egauge2474
0.9998436147298589,1.0001205454385573
0.998535462969741,1.0009941161675584
0.9979733796026483,1.0015947542968917
0.9978232873979639,1.0019128497748488
0.9991223817057728,1.0002603541546022
0.9991410059371725,1.0007106213743153
0.9982940593773358,1.0005470591671426
0.9984887147555772,1.0010336409608354
0.9983610091060159,1.001342511656137
0.9958658240834659,1.0015191794878104
0.9977238421582966,1.0016482804615403
0.9978980958642931,1.0019355717909046
0.997663928773301,1.0021216995700268
0.9970117310064825,1.0021550677492537
,,egauge9102,egauge20358,egauge15623,egauge3611,egauge15601,egauge18544,egauge8816,egauge13836,egauge17073,egauge2474
0.9967659481818331,1.0001244681795893
0.9644557586331155,1.0012867163345582
0.964336866275317,1.0015653873109664
0.964336866275317,1.0018072029521545
0.988731658360936,1.0003207235636105
0.9967659481818331,1.000431488057745
0.9967659481818331,1.0004313318826932
0.9642478308401357,1.0012205382427213
0.9046174649529505,1.0039013961175056
0.9642721972113463,1.0017480154551877
0.964336866275317,1.0016135376365392
0.9641380694030326,1.00198918283107
0.964336866275317,1.0019804662257081
0.964336866275317,1.0020466497865983
,,egauge33764,egauge3167,egauge2850,egauge7729,egauge17073,egauge7731,egauge16608,egauge8617,egauge13836,egauge7692
0.9993397133707255,1.000051954557328
0.9986599314779072,1.0007292038228461
0.9978407250282398,1.0011416113410612
0.9971504587974998,1.001493995817806
0.9887870972564727,1.0003221887310738
0.9992434833176886,1.0002598151570326
0.9954261774806007,1.000051954557328
0.9974452826653917,1.0008653923837962
0.9977533958420238,1.0010594964124977
0.9985259028315048,1.0014045281840878
0.9978231324180598,1.001182335223735
0.9976670514986778,1.0015254155819733
0.9970770458063628,1.0018236477482245
0.9961042471419453,1.0016213279098292
,,egauge20358,egauge26086,egauge13974,egauge3166,egauge5198,egauge7692,egauge9102,egauge20925,egauge17311,egauge8617
0.9929785534122444,1.000426813268961
0.9235470752159756,1.0048443168890284
0.9234020475703825,1.0049520890555825
0.9234020475703825,1.0050598612962653
0.9887398513768868,1.000426813268961
0.9929785534122444,1.0007917956850771
0.9929785534122444,1.000426813268961
0.7945500516873479,1.0048443168890284
0.9049231435301655,1.0129311225733941
0.9233475403414434,1.0048443168890284
0.9234020475703825,1.0049520890555825
0.92315955088128,1.0049520890555825
0.9234020475703825,1.0051823996916462
0.9234020475703825,1.0050598612962653
,,egauge7731,egauge20925,egauge16616,egauge3608,egauge9102,egauge3611,egauge17073,egauge33764,egauge20358,egauge20670
0.9998192311155291,1.0000905381542915
0.99812193333634,1.0006455956290132
0.9978678532202697,1.001127910965108
0.9977121063465753,1.0013408643657995
0.9996882505159278,1.0004583594349152
0.9981069989485908,1.0006436914491748
0.9994673548390495,1.0002215978306181
0.9971367917406785,1.0006255742425025
0.9973946825258322,1.0007875662237762
0.9961533341870109,1.0008620118370128
0.9978256954943301,1.0012227629811077
0.9978070959501114,1.0013537890995217
0.9976379231710568,1.0014157299497903
0.03325202596138247,0.03338639150065261
,,egauge20925,egauge14018,egauge22084,egauge13830,egauge19821,egauge16133,egauge3166,egauge8816,egauge22271,egauge8617
0.9993649404485764,1.0001047625130897
0.993709088662111,1.0008628116317881
0.9875314841024039,1.0011663680446836
0.981354120689708,1.001376110966736
0.9989331850481302,1.0003478848690317
0.997608657362984,1.0008320302158822
0.9987034570181157,1.0000075351413171
0.993709088662111,1.001053117028766
0.993709088662111,1.0014569497680021
0.993709088662111,1.0011179200140035
0.9875314841024039,1.0011825003093384
0.9875314841024039,1.0012907954223247
0.9813541206897082,1.0016457700573176
0.9710256134151217,1.0014515494958043
,,egauge28684,egauge27467,egauge16616,egauge2850,egauge18158,egauge8617,egauge16133,egauge23534,egauge20670,egauge3611
0.9993649404485764,1.0000409361068656
0.993709088662111,1.0002741889949156
0.9875314841024039,1.000589440232467
0.981354120689708,1.0008387392494567
0.9993649404485764,1.000220689961724
0.9993649404485766,1.0007632948656446
0.9993649404485764,1.0001629602875102
0.993709088662111,1.0002741889949156
0.993709088662111,1.0002741889949156
0.993709088662111,1.0004136094120344
0.9875314841024039,1.0006106145216638
0.9875314841024039,1.0009075936402618
0.9813541206897082,1.0010132327235814
0.9710256134151217,1.0009989786600693
,,egauge20925,egauge13974,egauge13836,egauge33764,egauge5198,egauge13830,egauge20358,egauge28351,egauge27467,egauge18158
0.9998497374384814,1.0001185699284145
0.9989062699714352,1.0008471010942808
0.9980933809075073,1.0013832701234915
0.9979613467379628,1.001807029782489
0.9989849702563509,1.000390164377337
0.9984591369870877,1.000396348577778
0.9992603026857817,1.001080211326981
0.998646671511315,1.001079632921834
0.9980741090995596,1.000959783732657
0.9986035686699346,1.0011741936216074
0.9980406637234545,1.0014263991119647
0.9970845733982279,1.0014651777264973
0.9974227438128137,1.002050421829083
0.9977368703501314,1.0021576602597508
,,egauge20670,egauge9102,egauge16616,egauge30378,egauge17311,egauge26944,egauge26086,egauge15601,egauge30039,egauge23534
0.9998693201391281,1.0001140889897804
0.9989099551971168,1.0009797449753592
0.9979572331436268,1.0016454652820859
0.9977635235348331,1.0019256104101855
0.9995681467745909,1.0004309943053482
0.9984474426847032,1.000536284672524
0.9994605730594782,1.0002270350215083
0.9982020301686225,1.0011800138546358
0.9988629166318428,1.0011090678674377
0.9966192336040663,1.0013389046365344
0.9979811622259765,1.0017996060716101
0.9965860763478755,1.0019708754518655
0.9975323899936938,1.0021039513822965
0.9976885873267258,1.0021764754008644
,,egauge28684,egauge2474,egauge13830,egauge30378,egauge16608,egauge17073,egauge19810,egauge18544,egauge7692,egauge21932
0.9998349053105843,1.0000748271592113
0.9983357104763944,1.0004506999650729
0.9970083379573783,1.0005451519694153
0.9963823129151298,1.0007822380572546
0.9994901117022224,1.000265778769869
0.9982516294752889,1.0006438347628817
0.999188635276174,1.0005586398047719
0.9979292793448371,1.0006661487931856
0.9982875434520703,1.0006236295813424
0.9981289440863503,1.0008923895023911
0.9965516807141414,1.000568155119455
0.9969585253602414,1.0009173714426347
0.9956705179792766,1.0010518081361437
0.9963823129151298,1.0007822380572546
,,egauge19821,egauge30378,egauge18350,egauge20925,egauge20670,egauge32290,egauge5198,egauge7731,egauge20407,egauge22271
0.9998411856373711,1.0001059105524972
0.9986859723517308,1.0005963625163787
0.9975350859418488,1.0009606418162942
0.9969285068740148,1.0010746768294312
0.9993446432212828,1.000747685136124
0.9984591326829076,1.0005308266351736
0.9994129846111285,1.0003788492363983
0.9986389044692469,1.0008246418168998
0.9986001825770583,1.000825322566834
0.997270078414673,1.000474178991221
0.9971871327587652,1.0010076391206362
0.9974805599400385,1.0012946679249368
0.9962957951221469,1.0009473765802932
0.9968447226651445,1.001465260606191
,,egauge20670,egauge8617,egauge21932,egauge26944,egauge13836,egauge15601,egauge7692,egauge8816,egauge19696,egauge22271
0.9936402492261597,1.0012451189950327
0.9336106843109596,1.012328274869671
0.8995312917075283,1.0244629529740532
0.8655294456170409,1.0366972868911637
0.9936402492261597,1.0012451189950327
0.9936402492261599,1.0012451189950327
0.9936402492261597,1.0012451189950327
0.9335255406156608,1.0122639190608524
0.9336106843109596,1.012328274869671
0.8306973664223731,1.0202036554481917
0.8995312917075283,1.024462952974053
0.8994136571031388,1.0242979417762879
0.8269326088019923,1.050675503185518
0.865449416690425,1.0365994225945987
,,egauge8253,egauge16616,egauge22271,egauge18350,egauge2474,egauge16608,egauge19696,egauge13836,egauge14018,egauge22084
0.999830013486361,1.0000949986087548
0.998829354523957,1.00077771171724
0.9977986746062419,1.0012395009546156
0.9975393800537227,1.0013646592793808
0.9988896153908648,1.0001366477331701
0.999465028437338,1.0004870722853296
0.9991622529778037,1.0009095781307467
0.9987128553569768,1.0008637735966686
0.9980381431166395,1.0010064844767457
0.9986241918962845,1.0011273095002537
0.997207962561623,1.0013313942594422
0.9976940298773088,1.0015801756049525
0.996703842062462,1.0016295847285277
0.9973799233348719,1.0011843377460101
,,egauge22785,egauge16133,egauge30378,egauge7692,egauge3166,egauge30039,egauge8816,egauge4183,egauge20670,egauge16616
0.9997686774670047,1.0000782863025965
0.9983464728217061,1.0006238586607683
0.9969908153080588,1.0010482500708966
0.9968372200648116,1.0012056325351153
0.9988846616826761,1.0001605937067637
0.9977107192069914,1.0004058082992495
0.9983444535059356,1.0005867917956843
0.9973555189763013,1.0007457071756873
0.9983000915853492,1.0006748527454796
0.9978246160443394,1.001298367299068
0.9962229659273106,1.0012012797232654
0.9968624165769595,1.0011799767903695
0.996771788032477,1.0014218831395723
0.9966766209252691,1.0015032529947687
,,egauge7729,egauge28684,egauge33764,egauge16133,egauge17311,egauge22271,egauge13974,egauge17073,egauge27467,egauge16608
0.9998265380900943,1.0001076568306049
0.9989378430378435,1.0008324539502358
0.998542373048239,1.0012885135015475
0.9984012124105305,1.0015731296992263
0.9984322810947177,1.0002494659743535
0.9981948527494532,1.0004775643420731
0.999078251090939,1.0007015052377017
0.9978636311555262,1.0009628289805101
0.9988418658013826,1.0009442963641568
0.9985772490093604,1.0014759644615174
0.998255878140182,1.0013132903590283
0.9984089352582676,1.001591220864476
0.9983099108089583,1.0018395422932636
0.9982994483161274,1.001800101079566
,,egauge23534,egauge15623,egauge18158,egauge22084,egauge28684,egauge22785,egauge7692,egauge13974,egauge32290,egauge28351
0.9998532331015142,1.0000593539622444
0.9986830753962874,1.0002672632047587
0.9975994363828975,1.0005791285120569
0.9969544053126658,1.0007004818849765
0.9994517098944736,1.0003925764229684
0.9993519478038378,1.0003568680124602
0.999018906705588,1.0007577305945228
0.9984822548340205,1.0002672632047587
0.9984406109119273,1.0003880776800425
0.9972587429974386,1.000359315574314
0.9974534745222134,1.000708676683725
0.996929124472892,1.0005791285120569
0.9967318507007001,1.0008384622031092
0.9959433429200187,1.0007004818849765
,,egauge7729,egauge13836,egauge26944,egauge7692,egauge30039,egauge14018,egauge20407,egauge23534,egauge3608,egauge15601
0.9997741736624115,1.0001220992548583
0.9978746192068477,1.000793699284752
0.996728580290495,1.0010735435622955
0.9957323565152664,1.0013633574734062
0.998410093627861,1.0002952985871156
0.9992427381172976,1.0009753442287832
0.9972944934141904,1.0008177478417781
0.9969061845890492,1.0009350645717332
0.9976416060001528,1.0010561516982968
0.9968499233437711,1.0014964502345705
0.9966579118615561,1.000999511418313
0.9966518574958436,1.0012389155281656
0.9955294682633934,1.001348873137742
0.9943649704680285,1.0018692500632553
,,egauge15623,egauge26944,egauge14018,egauge27467,egauge19696,egauge3611,egauge16616,egauge20358,egauge24121,egauge18158
0.9998517239281421,1.0001145861118252
0.9986195764465758,1.0007145953410534
0.9982413780928715,1.001023384898791
0.9980289358620957,1.001205060465101
0.9995516512145042,1.000239250807955
0.9974785132409977,1.0007676929259819
0.9974305694650893,1.0008931008970912
0.9984896185505878,1.0010063226157044
0.9971574980885421,1.000935926523345
0.9968752349791363,1.0008804573838135
0.9981780217597224,1.001048966767433
0.9981200109394031,1.0011730255690665
0.9978545390521022,1.0012997605589613
0.9976719306339936,1.001369571284048
,,egauge2850,egauge19810,egauge28684,egauge19696,egauge22084,egauge7692,egauge30039,egauge15623,egauge14795,egauge30378
0.9997051248606635,1.0000436214476598
0.9978300256463251,1.0005934704549284
0.9972243914021648,1.0011768104565262
0.9968300582230347,1.0014738870187703
0.9975860014368704,1.0000436214476598
0.9974941150898948,1.0000436214476598
0.9974596534583897,1.0008220709302489
0.9964545093256874,1.0008502034071993
0.9977153593826826,1.0006435426520284
0.9959426214650716,1.0008387908550345
0.9971104007808025,1.0013108912082345
0.9971513769862622,1.0013362210510162
0.996623863399669,1.00170177377031
0.9961994703408088,1.0017019677773742
,,egauge19810,egauge7731,egauge3608,egauge15623,egauge22271,egauge20358,egauge20407,egauge13830,egauge5198,egauge19696
0.999735056741024,1.0000486674563345
0.9977853561167808,1.0006166248512047
0.9957839871101001,1.000938757121779
0.9943769970529447,1.0012030199370536
0.9985961495860673,1.000020345442995
0.9995122820820628,1.0007696190454465
0.997598045414128,1.000701014210686
0.9977459034963735,1.000730008544252
0.9977060343100485,1.0009740468295751
0.9975462643074067,1.0008601211143706
0.9954252439161351,1.0008753302981837
0.9956722844535176,1.0011920175599802
0.9937664374826123,1.001344634820845
0.9929223026581953,1.0015227323687448
,,egauge20407,egauge18544,egauge16616,egauge24121,egauge23534,egauge8253,egauge22084,egauge15601,egauge28684,egauge17311
0.9998400048950736,1.0000493126139303
0.9984737345520817,1.0003984256862628
0.9975151531165465,1.0006505830785857
0.9975084683765381,1.000838046496229
0.9989377097718183,1.0000123306620214
0.9992537505378158,1.000846973260676
0.9994517578341763,1.0007098075175083
0.9983881485677414,1.0004417092531879
0.9984065703996207,1.0007243218758133
0.9968830465452818,1.000483302296903
0.9974245326749345,1.0005831430695526
0.9961463475429507,1.000959864731426
0.9974921447093948,1.0009730293284307
0.9975109286001956,1.0009529957337957
,,egauge18158,egauge8253,egauge23534,egauge2850,egauge2474,egauge20407,egauge7731,egauge17073,egauge28351,egauge3167
0.9997546943555873,1.000038562133998
0.9980471030615629,1.0001502345373456
0.9978681944150525,1.0006563826158008
0.9972870049014158,1.0007495071402308
0.9994819759001108,1.0003541443101327
0.9979708135961936,1.0006578819802507
0.9989937072985972,1.0007508379099521
0.9961525619829477,0.9999997190971769
0.9972525059592582,1.0003195388289075
0.997055948091121,0.9999997190971769
0.9978530725003525,1.000804102857275
0.9977590296048857,1.0009837554315242
0.9965972326554958,1.0008075631604123
0.9972416465495345,1.0008198420055512
,,egauge18350,egauge13974,egauge13830,egauge17073,egauge22271,egauge30378,egauge24121,egauge2474,egauge5198,egauge21932
0.9998801691906235,1.0000886630325216
0.9986837578633491,1.0007268942746144
0.9982764209477173,1.0010415340082144
0.9978757386442649,1.0011563718053562
0.9996850849253136,1.0002038756595375
0.998468996134542,1.0006267425773985
0.9991995259509809,1.0005961311630123
0.9966026578055911,1.0010381162274244
0.9986837578633491,1.0010376153191523
0.9979729581726697,1.0011623705676593
0.9981760296592105,1.0010649807535696
0.9974546604878294,1.001320986964831
0.9972626366272931,1.0012869438260568
0.9978757386442649,1.0011563718053562
,,egauge13830,egauge3166,egauge26086,egauge3611,egauge22271,egauge17311,egauge9102,egauge15623,egauge19821,egauge3608
0.9998107369516557,1.000095745675188
0.9980178009490008,1.0006843782487318
0.9966848957308243,1.000980362618817
0.995804168474378,1.0013135469943535
0.9995395657092682,1.0003414716929553
0.9992503603474533,1.00068319902684
0.9985582442357581,1.0009183853625516
0.9969847639414329,1.0008114199905345
0.9979898538710424,1.0010508197154881
0.9979585322516671,1.0009622688748798
0.9963884721213683,1.0010210018356287
0.9966577127217482,1.0011366659122907
0.9955090842916412,1.001751153431405
0.9947654804412517,1.0012786104134304
,,egauge15623,egauge13830,egauge7731,egauge14795,egauge24121,egauge16133,egauge20670,egauge21932,egauge18544,egauge5198
0.9964529529822106,1.0005110841578653
0.9647850595777879,1.0050328527381118
0.9301145674640531,1.0099623978821013
0.8956285191922184,1.0151403541883477
0.9964529529822107,1.0005110841578653
0.9964529529822106,1.0005431866987258
0.9964529529822107,1.0008440683606172
0.9647850595777879,1.0050328527381118
0.9648093207486113,1.0050328527381118
0.9647850595777879,1.0050328527381118
0.9299938592806635,1.009793600437108
0.9301145674640531,1.0099623978821013
0.8956285200861226,1.0151403524598683
0.8379817824395239,1.0237986503546979
,,egauge13974,egauge3167,egauge13836,egauge33764,egauge23534,egauge7731,egauge24121,egauge26944,egauge20358,egauge7729
0.996477943833264,1.0001141202065125
0.9650662002939585,1.0008799620262636
0.930664169455211,1.0013592112573213
0.8961536970237933,1.0015501296515994
0.996477943833264,1.0002615698202675
0.996477943833264,1.0002985577163666
0.9964779439908262,1.0010569538915257
0.9650662002939585,1.0010783896244677
0.9651575905652456,1.0010347336163372
0.9650662002939583,1.001380926367466
0.9307426559917298,1.0014129683239772
0.930664169455211,1.0017091384026726
0.8961536970237933,1.0016519428392925
0.8384661360853275,1.0017196347791872
,,egauge8617,egauge33764,egauge17073,egauge14795,egauge2850,egauge32290,egauge5198,egauge14018,egauge7692,egauge27467
0.9963914417305988,1.000032363474663
0.9640126948565579,1.0001463479388197
0.9287485792947774,1.0005115658660375
0.8934919367044126,1.0007774114522934
0.996391441730599,1.0001177536025225
0.9970498152102839,1.0009265921783446
0.996391441730599,1.0007278213041462
0.9640126948565579,1.000231714058805
0.9640126948565579,1.0001463479388197
0.9635616287375256,1.0006237816180337
0.9287485792947774,1.0005554511591586
0.9287485792947774,1.00089441246472
0.853414343435998,1.0008691048879852
0.8934919367044126,1.0010978018631356
,,egauge7731,egauge15601,egauge18350,egauge23534,egauge7729,egauge14018,egauge5198,egauge18158,egauge22084,egauge30378
0.9964766518068454,1.0001091173799204
0.965039974019982,1.0006556936346702
0.930730811460434,1.0009235822776696
0.8963131590236394,1.0011565254059749
0.9964766518068454,1.0004679750968215
0.9964766518068454,1.0010534538663531
0.996476651996303,1.0003870525968117
0.965039974019982,1.000812019056722
0.9649259693668895,1.0008585150111005
0.965039974019982,1.0013583301182996
0.9308093047220369,1.001019167774404
0.9307308114604341,1.0010185512502985
0.8964270915306461,1.0014213848779745
0.8386132191909352,1.001156525405975
,,egauge32290,egauge22271,egauge8253,egauge20670,egauge17311,egauge7692,egauge14795,egauge2850,egauge16608,egauge8816
0.9964499671280951,1.0000236574818289
0.9647588125736895,1.00023686967071
0.9301567874241039,1.000469688379259
0.8956170001437957,1.0007025074354352
0.9964499671280951,1.0000236574818289
0.9964499671280951,1.0007809168784736
0.9964499673200938,1.000192595468603
0.9647588125736895,1.0002900919109725
0.9646622444822605,1.0003736401749423
0.9647588125736895,1.00023686967071
0.9301192059653943,1.000469688379259
0.9301567874241039,1.000469688379259
0.8955553094117514,1.0009672258344873
0.8379711506434252,1.0007025074354352
,,egauge5198,egauge33764,egauge18544,egauge24121,egauge19696,egauge14018,egauge23534,egauge8816,egauge7731,egauge3608
0.9964622340900721,1.000110085389156
0.9648777067156564,1.0007742680673606
0.9304022092977074,1.0010813084652714
0.8959991241991352,1.001264119802825
0.9964622340900721,1.0003031011273744
0.9964622340900721,1.0006686578930957
0.9964622342790626,1.000943964079558
0.9648777067156561,1.000905919660283
0.9647637248772067,1.00099599340927
0.9648777067156561,1.0014770029668356
0.9303576690133062,1.0011652912521052
0.9304022092977074,1.0014727283379876
0.896113008492391,1.0015290137985107
0.8383236048630583,1.001264119802825
,,egauge30039,egauge20925,egauge16133,egauge20358,egauge22785,egauge23534,egauge13830,egauge3167,egauge7692,egauge3608
0.996471431445769,1.0000860356974293
0.9648729006276462,1.0004614403334673
0.930315682597664,1.0007060826742051
0.8958206942120647,1.0007827394761613
0.9964714314457688,1.0004652965772485
0.996471431445769,1.000618023159884
0.996851550387148,1.0009023437775315
0.9648729006276464,1.0006168778157583
0.9648729006276464,1.0005319537922732
0.9648729006276462,1.0009829425201926
0.9302780934459216,1.0007845876575039
0.930315682597664,1.0007939286823573
0.8958206942120648,1.0008843735071504
0.8381590151878658,1.0007614537480112
,,egauge18544,egauge3167,egauge26086,egauge24121,egauge15601,egauge22084,egauge22271,egauge21932,egauge8617,egauge2474
0.9998933666809141,1.0000983961081873
0.9990216847360843,1.0006225641210724
0.9983005935982461,1.0009673529269212
0.9976864610560219,1.0011340406562206
0.9995773547913381,1.000472288585345
0.9993191830321594,1.0002990555302544
0.9985597043140906,1.0009066210152424
0.9987767854816315,1.0007541921194736
0.9977335723746301,1.0010599828054412
0.9986425067656574,1.0002975901293332
0.9982278632237108,1.0010884617454805
0.9983005935982461,1.0009673529269212
0.9975322003844531,1.0011590098671175
0.033229548086880015,0.03337920120382238
,,egauge26086,egauge20670,egauge24121,egauge22084,egauge30039,egauge3167,egauge19810,egauge15601,egauge18158,egauge18350
0.999840485677472,1.0000720552243114
0.9983872527213382,1.0003603083432868
0.9970445119428661,1.0005960805666019
0.9967397671217583,1.0008767476197866
0.99925759531723,1.0004668961503582
0.999233757903655,1.0006500306530133
0.9981656275027203,1.0007103947478153
0.9982149103444686,1.00027963910699
0.9978740536936037,1.0007574706752913
0.9983424144793333,1.0005478412898101
0.9968956367688658,1.000439782617078
0.9956749892488085,1.0010737506024436
0.9965764059118022,1.001114883185511
0.9964704484867153,1.0009958456299775
,,egauge2474,egauge13974,egauge8617,egauge8253,egauge28684,egauge26086,egauge3608,egauge14795,egauge24121,egauge33764
0.9998057772752382,1.000086579016449
0.9985948005226067,1.0006611412725337
0.9977722925408753,1.0010395772276055
0.997573561110943,1.0012484017831087
0.9989529395060558,1.0003370321943161
0.998457461580823,1.0003639023182433
0.9985040981773411,1.0007086850228022
0.9977933217780989,1.0006805650477129
0.9985009353389029,1.0007938496842825
0.9982786085875076,1.0011831442080714
0.9973716345710522,1.0010253729985588
0.9974201319004325,1.0013581091162698
0.9971600880773654,1.0013431067232619
0.9975143768507373,1.0014583007563367
,,egauge19810,egauge9102,egauge19821,egauge8816,egauge22271,egauge7729,egauge3611,egauge20925,egauge26944,egauge18158
0.9997613623190844,1.0001039759728627
0.9981672988233151,1.0008666464313922
0.9973323361978705,1.0013696169804052
0.9965903856412902,1.0016773865292465
0.9986101502345437,1.0000063359908702
0.9983610390230094,1.0004681464535885
0.9984933928443932,1.001388627059517
0.99629065468098,1.0009774468740549
0.9980927996830412,1.00116604503885
0.9960458019406595,1.0011722494887165
0.9972995955477421,1.0014113831814082
0.9970984277148902,1.0016131028296753
0.9958884456398386,1.0019153949469846
0.996382057725601,1.0018616186751241
,,egauge15623,egauge24121,egauge27467,egauge28684,egauge18350,egauge21932,egauge20407,egauge7729,egauge28351,egauge3608
0.9998084268707487,1.0000543963258044
0.9982208674486037,1.0002313797294082
0.9965721391795276,1.0002940261740862
0.9958999023543745,1.0003651404480585
0.9995776782729728,1.0001948732399508
0.9982747131055424,1.0003172199605221
0.9994979212683549,1.0008264973602883
0.9981657858552051,1.0003692090353906
0.9981025467471925,1.0003173860738017
0.9982208674486037,1.0002313797294082
0.9963748034199177,1.0002194360509717
0.9953280264905457,1.0004632800681679
0.9955727713798145,1.0004710036189615
0.9948853554003272,1.0003393041596096
,,egauge28351,egauge22785,egauge8253,egauge8617,egauge17073,egauge20670,egauge32290,egauge18350,egauge26944,egauge17311
0.9998355975422123,1.0000627882101034
0.9985381405954076,1.0005632075642823
0.9972754025274086,1.0008281396546082
0.9964825533049785,1.0010617509489708
0.99887094488523,1.0001746821599673
0.9982483893266179,1.0002133978862011
0.9978619477305372,1.0008184719266555
0.9984366408906606,1.0006384827370884
0.9984233445878722,1.0008862523776267
0.99841018394375,1.0010412415751346
0.9970012254665027,1.0008022565303278
0.9971639018442923,1.000958637642153
0.9956183133017866,1.0012365675771806
0.9964277967995222,1.0011952840043044
,,egauge3608,egauge30378,egauge22271,egauge7731,egauge15623,egauge33764,egauge20670,egauge16616,egauge22084,egauge18544
0.9998595796400895,1.0000863222271001
0.9993453360549684,1.0006475791529799
0.9988976806840568,1.0009198588038375
0.9985550970734218,1.0010224767267546
0.998784875616569,1.0000573883721058
0.9980225180839394,1.0007812357998538
0.9991803026965514,1.0009059827039941
0.9992223092881631,1.0009130405056426
0.9991762140137289,1.0007912938937293
0.9987322022817028,1.0010981802304852
0.9988429165601961,1.0010134579857288
0.998730521066544,1.0009917961109756
0.9983186589195896,1.000899899279791
0.9982780484807363,1.0014579698347155
,,egauge8617,egauge2850,egauge19821,egauge20670,egauge20407,egauge15601,egauge4183,egauge2474,egauge22271,egauge3608
0.9997003251844255,1.0000469503954532
0.9983881365473106,1.0006295258509041
0.9971655627918371,1.0010520529843914
0.996524033248932,1.0012574999140502
0.9993605257886836,1.00012631242627
0.9956548604613245,1.0000308607110264
0.997888473710711,1.0012861599602916
0.998244879144291,1.000879180249857
0.9980381821086696,1.0005820890288297
0.9962772935233646,1.0015370645299824
0.9971270346125396,1.0011406342408389
0.9962887622042356,1.0012383854068112
0.9965014423245319,1.001541407961285
0.9954845743105928,1.0011835115603132
,,egauge22785,egauge17311,egauge20925,egauge8816,egauge17073,egauge33764,egauge30039,egauge26944,egauge15601,egauge19696
0.9997176434303882,1.000106087315618
0.997569466868237,1.0010696345396477
0.9964253923900795,1.0018772003853873
0.9955085953937478,1.0023249695271725
0.998833681002953,1.0001883974229047
0.9987643400163024,1.0004550354229347
0.9979371469694812,1.0007155352317594
0.9956890533957474,1.001296208347272
0.9974611460573038,1.001236731563029
0.997179279166982,1.001472948504013
0.9963131123413583,1.0019844204140118
0.9963214651555189,1.0022151637544263
0.9954574702081123,1.0026693012250172
0.9940508357854685,1.0025673052005175
,,egauge15623,egauge19810,egauge32290,egauge23534,egauge2474,egauge22084,egauge7692,egauge19696,egauge24121,egauge28684
0.9997459588088614,1.000045359734093
0.9980818233438068,1.000492057286551
0.9964077246045822,1.000902624475503
0.996227512928152,1.001055362423283
0.9996212877966798,1.000165682168408
0.9975324762886965,1.000045359734093
0.997919061316945,1.0006580725927774
0.9979518781547104,1.000767155980008
0.9980477636651588,1.0007207528583095
0.997862864505026,1.0003638149292202
0.9960038106547606,1.0009435446227586
0.9949030398482893,1.0012731286546053
0.9960729554124679,1.0011405914941331
0.996153476048296,1.0012657670051885
,,egauge19810,egauge19696,egauge30039,egauge28684,egauge24121,egauge32290,egauge16133,egauge4183,egauge14018,egauge2850
0.9997367477094341,1.0000320743080178
0.9977954549570897,1.0002121603425487
0.996089480785285,1.0002121603425485
0.9944862906844054,1.0002121603425485
0.9985747728794878,1.0000320743080178
0.9968554794147308,1.0007632434218268
0.9990895896695948,1.0006561085077248
0.9974012605150789,1.0005492654233463
0.9975180753233944,1.0002121603425487
0.9969860858104542,1.0002121603425487
0.9960341410636105,1.0002121603425485
0.9959584910282472,1.0002121603425485
0.9940756427729864,1.0002121603425487
0.9923638080534632,1.0002121603425487
,,egauge30039,egauge28684,egauge8253,egauge30378,egauge8816,egauge2474,egauge16616,egauge3166,egauge3167,egauge18350
0.992513633984002,1.0000736724525496
0.9925136339840018,1.0005526762940617
0.9925136339840014,1.0006914479966957
0.9925136339840014,1.0008174029774697
0.992513633984002,1.0004471394502195
0.7505822070156482,1.0004787051401722
0.992513633984002,1.0002438073230784
0.9925136339840018,1.0007959212285
0.9925136339840018,1.000921989792303
0.9925136339840018,1.0010447721167017
0.9925136339840013,1.000714518093627
0.9925136339840014,1.000734722751623
0.9925136339840016,1.0008914861814735
0.9925136339840014,1.0009192433753127
,,egauge14018,egauge30378,egauge22785,egauge16616,egauge3611,egauge5198,egauge20358,egauge22084,egauge33764,egauge19810
0.9922886419246874,1.0000339804032738
0.9922886419246874,1.000210616636366
0.992288641924687,1.000330152248006
0.992288641924687,1.0004593642987452
0.9922886419246876,1.0004230219232773
0.9922886419246874,1.0004969003291537
0.7386742252822336,1.000496308365646
0.9922886419246876,1.000210616636366
0.9922886419246876,1.000416127149507
0.9922886419246874,1.0003012441152141
0.9922886419246868,1.0003301522480057
0.992288641924687,1.000330152248006
0.9922886419246872,1.000606280040343
0.9922886419246872,1.0004593642987452
,,egauge32290,egauge8253,egauge8816,egauge14018,egauge21932,egauge16608,egauge7731,egauge22785,egauge13836,egauge30039
0.99249635994764,1.0004072625685378
0.9646739516795237,1.0046451749216645
0.9286235971921,1.0094401962430966
0.9286235971921,1.0094401962430966
0.99249635994764,1.0004072625685378
0.7505691442789034,1.0004072625685378
0.99249635994764,1.0008588555936613
0.9646739516795239,1.0046451749216645
0.9646739516795239,1.0046451749216645
0.9644802568869739,1.0045452545997426
0.9042212405201341,1.0127396220879115
0.9283536918901899,1.0093448586036653
0.9286235971921,1.0094401962430966
0.9286235971921,1.0094401962430966
,,egauge13974,egauge22271,egauge28684,egauge7692,egauge15623,egauge18350,egauge28351,egauge19821,egauge22785,egauge5198
0.9922886419246874,1.0001109133712975
0.9922886419246874,1.0008003100291023
0.992288641924687,1.001340834980295
0.992288641924687,1.001427073720373
0.9922886419246876,1.0002574763471923
0.9922886419246874,1.00085861386995
0.7386742252822336,1.0004876246154149
0.9922886419246876,1.0009283087002643
0.9922886419246876,1.0009403458060657
0.9922886419246874,1.0009894914329898
0.9922886419246868,1.0013879641783936
0.992288641924687,1.0019845506410296
0.9922886419246872,1.0014442569584159
0.9922886419246872,1.0015460020697742
,,egauge16133,egauge18158,egauge2474,egauge5198,egauge21932,egauge2850,egauge4183,egauge19696,egauge20925,egauge30378
0.9997583031790137,1.0000380954331085
0.9978821766593757,1.0001928143199152
0.9967035661146422,1.0007747901387127
0.9962266298956434,1.0010748408771841
0.998728219291343,1.0001906402607412
0.9991088826621792,1.0006547165330806
0.9967918635714794,1.0005878221632407
0.9970296828072872,1.000288080998666
0.9978821766593757,1.0001928143199152
0.9945163855280167,1.0000446832756904
0.9966501614945295,1.000835930155191
0.9952494509864158,1.0011280155243378
0.9961916981654695,1.0012894685742935
0.9954805292682887,1.0012609203539609
,,egauge2474,egauge27467,egauge15601,egauge3166,egauge28684,egauge20407,egauge19696,egauge15623,egauge3611,egauge8253
0.9997648406859404,1.0000870806447388
0.9983186870283475,1.0004143241909014
0.9968249722806753,1.0007530049756566
0.9959042567688359,1.000842323738717
0.9989636932378758,1.0003759317210767
0.9995077909798381,1.0008205630876745
0.9968141525143224,1.001096527896674
0.998284715918498,1.0004645048678562
0.9982484795223878,1.0005916528562253
0.9967303479558172,1.0000879274540888
0.9962349420498334,1.0008577745466032
0.9967400687039153,1.000912335830311
0.9951814538055751,1.0009228969546842
0.9950609281208954,1.0008731815563485
,,egauge3611,egauge2850,egauge3608,egauge4183,egauge18544,egauge15623,egauge3167,egauge22785,egauge13830,egauge7692
0.9997017653854218,1.000007489951999
0.99890965531993,1.0005707118185143
0.9980491354564711,1.000821833925425
0.9973003677305515,1.0009926820490935
0.9986073932570552,1.0001474345816144
0.9956202545868355,1.0000074899519993
0.9976173280879845,1.000007489951999
0.9988232298756243,1.0007732888562495
0.9987818505075302,1.000950357890836
0.9987980263139236,1.0008372794455596
0.9980251021837692,1.0008609677281266
0.9975340952182166,1.0008927668464611
0.9971606574292121,1.0011223218019265
0.9962538336847347,1.0011334571441723
,,egauge23534,egauge8617,egauge28684,egauge20407,egauge33764,egauge20925,egauge8253,egauge3608,egauge15601,egauge22084
0.9998280800839906,1.0000525862744212
0.9982719180929391,1.0003603363145201
0.9966755250511813,1.000551177941834
0.9957181154212924,1.0007451784883608
0.9994507567762244,1.0003409054194077
0.9989615439849701,1.0002100467670392
0.9977852653616051,1.0004330095614937
0.9979712838245529,1.0003547602682787
0.9982641572987042,1.000771164211737
0.9975978728922953,1.0007962031511486
0.9963561553107695,1.0005576841396835
0.9961933999974972,1.0005298980354909
0.9947888290217135,1.0010888689098985
0.9954838600584819,1.000576729714413
,,egauge26086,egauge16133,egauge3608,egauge18350,egauge8617,egauge14018,egauge30039,egauge24121,egauge33764,egauge19696
0.9997763514056466,1.0000988094182948
0.998450545926916,1.00082747099829
0.9971335454065985,1.001340905935359
0.9961242228165026,1.0016095806079688
0.9992576636624096,1.0004765320268851
0.997737156907328,1.0003564201827244
0.9976296781829271,1.0000251539585387
0.9983481145819176,1.00091797661304
0.9982938069552272,1.0008600636217282
0.9969537625610869,1.0015302500165775
0.9970178021828433,1.0014500510196633
0.9968654144838822,1.001481783815489
0.9959269050972631,1.0017499583245664
0.9946257719546694,1.0018860974305481
,,egauge16616,egauge8816,egauge14018,egauge22785,egauge4183,egauge19696,egauge14795,egauge22271,egauge18544,egauge8253
0.9997211696534457,1.0001110354525269
0.99821299358022,1.0008898272105733
0.9976286936281924,1.001508192387203
0.9970679213982916,1.0017277418214097
0.9995600207533533,1.000177249323641
0.9960044665159404,1.0007839793852138
0.9974406166577926,1.0008895469689962
0.9973847232154458,1.0009677455375905
0.9980528976033127,1.0010593492196924
0.9954297600608677,1.0013798563212843
0.9975794807380344,1.0016354952925468
0.9975461370419263,1.00186201420649
0.997038055412925,1.0019601884979048
0.9961741921142108,1.0017586319064615
,,egauge30039,egauge8816,egauge22084,egauge9102,egauge3167,egauge26086,egauge16133,egauge22785,egauge2474,egauge20925
0.9997697827507954,1.0000749449996158
0.9987537046019143,1.0006729269520287
0.998000416877451,1.0010278026579336
0.9974416533116547,1.0013169024081296
0.9978837358284788,1.000407438508224
0.9960528660904312,1.0007407073192007
0.9986968416111344,1.0000132593560083
0.998028836823487,1.000834658939522
0.9986593842092276,1.0007560505487896
0.9982294736953502,1.001204604903087
0.9977316126689082,1.001080225364794
0.9972886855823369,1.0010328320891657
0.9968450353387132,1.001481479834145
0.9971185466876163,1.0015603731108615
,,egauge32290,egauge7729,egauge21932,egauge20358,egauge20407,egauge3167,egauge22084,egauge13836,egauge26086,egauge2850
0.9968419015537451,1.0004122379702132
0.9647850869117319,1.0046985728104625
0.928843170047704,1.0095159366487358
0.9288003754975693,1.0094808316770258
0.9968419015537451,1.0004122379702132
0.9968419015537451,1.0004122379702136
0.9968419015537451,1.0004122379702132
0.9647850869117319,1.0046985728104623
0.9647850869117319,1.0046985728104623
0.9647850869117321,1.0046985728104623
0.9044338993666331,1.0128156545515636
0.928843170047704,1.0095159366487358
0.9288003754975693,1.0094808316770258
0.9287288197880168,1.0094221335090565
,,egauge22785,egauge18544,egauge8253,egauge7692,egauge7729,egauge26944,egauge13830,egauge19810,egauge15623,egauge16133
0.9993509735047821,1.0000571590376743
0.9977584170681141,1.0004187673084624
0.9963660645912112,1.0004526426620466
0.9956515636535738,1.0006113543607977
0.988798216803564,1.0001889578500849
0.9991952611227983,1.0008726728410184
0.9978272292625885,1.0002025688726663
0.9969101479513922,1.000560070003984
0.9965941770695153,1.0005826300519927
0.9961916354258645,1.0010335622122148
0.9963403715742396,1.0005311241478363
0.9952958381938266,1.00005092664287
0.9956103924873057,1.0006948939251137
0.9945174159761646,1.0007538803198155
,,egauge7692,egauge14018,egauge13836,egauge17311,egauge2474,egauge8816,egauge20358,egauge20670,egauge16608,egauge19810
0.992629085135358,1.0008395555752119
0.9268527333470049,1.0083212124160006
0.8548304573188465,1.0164892825581444
0.7828364924133603,1.0164892825581444
0.992629085135358,1.0008395555752119
0.992629085135358,1.0008395555752116
0.992629085135358,1.0009910795501389
0.9268527333470049,1.0083212124160006
0.9268527333470049,1.0083212124160006
0.9268527333470049,1.0083212124160004
0.8548304573188465,1.0164892825581444
0.8548304573188465,1.0301478090073084
0.7010207971832286,1.0164892825581444
0.7828364924133602,1.0164892825581444
,,egauge20925,egauge26944,egauge13830,egauge21932,egauge9102,egauge19696,egauge7731,egauge19810,egauge7692,egauge22084
0.9993420691731788,1.0000554962348955
0.9976861124298563,1.0001734564132134
0.9962518086686991,1.0000821337502053
0.9955540540069406,1.0000632577283632
0.9887894240154571,1.0003442327312204
0.9974611346652597,1.000706396177439
0.9991359079466561,1.0004978886463227
0.9976861124252925,1.00017345641297
0.997006571649114,1.000330181919051
0.9950062620462667,1.0007609328559437
0.9962312963717074,1.0001961689165653
0.9950706978456066,0.9999541841799783
0.9948429588994472,1.000164805399208
0.9954330880210123,0.9999541841799785
,,egauge8617,egauge2850,egauge30378,egauge7692,egauge20407,egauge15601,egauge3611,egauge28351,egauge14018,egauge13974
0.9993509735272772,1.000015465088943
0.9979796075019605,1.0006237273682945
0.9969211964290516,1.0010700153715226
0.9965330536917667,1.001380873382468
0.9887982171954443,1.000080984920501
0.9956310963651154,1.0000154650889428
0.998324356170639,1.0005275900235002
0.9970110509749595,1.0007650642835215
0.997806199735741,1.0004424325270789
0.9955093554531915,1.0015360375381614
0.996517651022561,1.001098213992723
0.9964852750813842,1.0012308906741743
0.9959965575954398,1.001645803892825
0.9963389901787806,1.0015191082276997
,,egauge19810,egauge21932,egauge32290,egauge13974,egauge27467,egauge13830,egauge20670,egauge7731,egauge19821,egauge19696
0.9997717104911081,1.0000804148751894
0.998173013738424,1.0011305225127278
0.9969555318232447,1.0019317191544013
0.9958373996726968,1.0024482979370215
0.9986125511836575,0.9999997190971763
0.9997717104911081,1.0000804148751894
0.9979655241977532,0.9999997190971766
0.9975333784366479,1.00126162726848
0.03326714758288227,0.03338189914764428
0.9977100504070558,1.0014924333412818
0.9969245741210617,1.002012221578509
0.9968655481460122,1.0022242587299757
0.99558055658404,1.0028761926900758
0.994345521460013,1.0026828023354983
,,egauge16608,egauge26086,egauge20358,egauge18350,egauge18544,egauge7731,egauge26944,egauge32290,egauge19821,egauge20925
0.9998363634334357,1.0001392704792893
0.9985221123491745,1.0011159681812576
0.9972466656535448,1.0017813181638069
0.997118177296644,1.0023033645428558
0.9995897621202783,1.0003602807720573
0.9987103885874536,1.0008172902122203
0.9995698404343856,1.0004675393293898
0.9984165011703096,1.0012020644393933
0.03328271772035701,0.03338214712631799
0.9982129829089808,1.001639037809531
0.9967554763664246,1.0019164071669766
0.9965323623859179,1.0016887597031172
0.9969988418745261,1.0027311862039854
0.9970788284053442,1.0025471187102237
,,egauge30378,egauge13836,egauge15601,egauge27467,egauge14795,egauge7731,egauge24121,egauge19696,egauge13830,egauge5198
0.9997863114444352,1.0001473821253826
0.9981211821162069,1.0009724304784005
0.9965948220698386,1.001377275352445
0.9959901619334014,1.0015628375046324
0.9990571966389828,1.000374318076905
0.9993041361160862,1.0009918427226614
0.9971558138722927,1.001129818778499
0.9979525648448947,1.0012642466053019
0.03326128692861388,0.033375788633601355
0.9980227496090042,1.0014734495590982
0.9965612308800216,1.0014316445830205
0.9951362875129595,1.0016200161108624
0.9959141822836114,1.0016870817268786
0.9950908632727906,1.0016965745903963
,,egauge19696,egauge22785,egauge3608,egauge20925,egauge8816,egauge26086,egauge14795,egauge18350,egauge30378,egauge7731
0.9996870313376494,1.000099009350583
0.9982269789859511,1.0009388758432016
0.9977012528952843,1.001496468773672
0.9972374187779331,1.0018100193154003
0.9981813183883801,1.0004444420480407
0.9980368389672898,1.0001947728744252
0.9976257230682767,1.000056473336605
0.9981644121935024,1.0011674754476756
0.99634509840142,1.0010567895492268
0.9979310128851739,1.001470901934687
0.9975840451802435,1.0016258011701646
0.9975726481337777,1.0015865071230299
0.9967733804836099,1.001965162401225
0.9971442641871707,1.0021061489620142
,,egauge26086,egauge3611,egauge20925,egauge18158,egauge8617,egauge33764,egauge14795,egauge20358,egauge20670,egauge7729
0.9964476505231598,1.0001076645419977
0.964895341679909,1.0007908771578269
0.9303900876259986,1.0013121714263984
0.8958917938071946,1.0015449220514911
0.9964476505231598,1.0004181379818187
0.9964476505231598,1.0002987042370586
0.9959115043401391,1.0006850867956658
0.964895341679909,1.001057480089446
0.964895341679909,1.0008262694946293
0.9648953416799088,1.001176707977167
0.9303900876259985,1.0014414756956056
0.9303900876259986,1.0014766881546824
0.8958917938071947,1.0016915889517461
0.8382245896793113,1.0017184126558751
,,egauge3611,egauge26944,egauge20925,egauge24121,egauge20358,egauge2850,egauge3167,egauge16133,egauge21932,egauge26086
0.9993300984960672,1.0000304362634314
0.9984297291586486,1.0003264173182722
0.998039704748181,1.000476914403102
0.9980111862824388,1.0004996865568938
0.988777602955552,1.000118685161374
0.9974726508576681,1.000658092233339
0.997880609805009,1.0006446472689263
0.9978256273939633,1.0003264173176003
0.9983291226943478,1.0003264173182722
0.9944722635617613,1.0009205000514283
0.9980225746125609,1.0004769144031018
0.9969051932271505,1.0007330569643405
0.9980111862824388,1.000499686556894
0.997403820460308,1.000911152496465
,,egauge8617,egauge28684,egauge9102,egauge4183,egauge26086,egauge17311,egauge5198,egauge13830,egauge3611,egauge7692
0.9998466181719655,1.000079994047437
0.9985896576846616,1.0007239978735771
0.9973003302337594,1.0010951008575166
0.996027408978956,1.0011920062067499
0.9994341816296897,1.0001582034320107
0.9991305350559958,1.00047263404855
0.9983112436529529,1.0005309770956239
0.9985158969614347,1.0008927403931263
0.998506906324534,1.0010697332040996
0.9984348589763999,1.0009712391581889
0.9972998262329287,1.0011773185238468
0.9972741546914985,1.0013514126500853
0.9952813146630153,1.0012390666147963
0.9949961994223188,1.0012848329261537
,,egauge3167,egauge22785,egauge17073,egauge20670,egauge8253,egauge20358,egauge14795,egauge23534,egauge2474,egauge2850
0.9962934795459782,1.0008425969227668
0.9959591747370541,1.0008648627333205
0.9955836363462324,1.0008898753878328
0.9940056516596759,1.000889875387833
0.9962934795459785,1.0008425969227668
0.881446259775877,1.0262340269324126
0.9962934795459785,1.0008425969227668
0.9959591747370541,1.0008648627333205
0.9959591747370541,1.0008648627333205
0.9959591747370541,1.0008648627333205
0.9953282704729792,1.000906883993928
0.9955436376458454,1.0008898753878328
0.9934369397575638,1.0008898753878332
0.9920123746293852,1.000889875387833
,,egauge3608,egauge30039,egauge21932,egauge22271,egauge19821,egauge4183,egauge15623,egauge32290,egauge9102,egauge7731
0.9998438729848892,1.0001002292903076
0.998846452738522,1.0009285273005863
0.9979862478025923,1.0012102156730198
0.9976669459011979,1.0014595224923561
0.9987996035463887,1.0000788202787976
0.99928491164118,1.0008032814016983
0.9998438729848892,1.0001002292903076
0.9987355640165374,1.0012431913834963
0.9984622754292353,1.001537014170239
0.9985532056858019,1.0012316333016666
0.9979635144647696,1.0012673841026898
0.9971377226668816,1.0011436019292481
0.9973111815513834,1.0015723718578402
0.9974957176928227,1.0018344265955368
,,egauge13830,egauge24121,egauge13974,egauge22785,egauge28684,egauge21932,egauge3167,egauge32290,egauge19810,egauge18350
0.999815002611986,1.0000311226717182
0.9986236521468613,1.0003561852126515
0.9978404675481367,1.0003561852126512
0.9971415712974713,1.0003561852126512
0.9995244246424729,1.0002608730162352
0.9982375603947922,1.000279644189081
0.9983348347764218,1.0003201142056943
0.9977927789651917,1.0003561852126515
0.9985653328841384,1.0004852122222663
0.9986236521468613,1.001516856556181
0.9978162892698776,1.0003561852126512
0.9969000340733957,1.0003561852126512
0.9963642681755936,1.0003561852126512
0.9970843976916012,1.0003561852126512
,,egauge8253,egauge18158,egauge27467,egauge23534,egauge14795,egauge16133,egauge3611,egauge32290,egauge13974,egauge3166
0.9998379075469395,1.0000870257580496
0.9988209330636827,1.0005370114166825
0.9979122741845828,1.000667507378148
0.9976057173163132,1.0007697332609597
0.9988742481773922,1.0001304245795408
0.9990749382348768,1.000741078625127
0.9995328989724045,1.0008803736337772
0.9986600033797703,1.0007418649879896
0.9982259892568301,1.0008354174068697
0.9969224168966182,1.001516856556181
0.997487695734043,1.00071379814525
0.9972465236045243,1.0006009511713527
0.9974237360008446,1.000854532278445
0.9972706899503317,1.0008196878375608
,,egauge26086,egauge22785,egauge18544,egauge30378,egauge16608,egauge8816,egauge3166,egauge3167,egauge3608,egauge3611
0.9997798318992291,1.0000768490144176
0.9982408371759947,1.0005068534977815
0.9971707743179711,1.0005448238293209
0.9958977072775007,1.000580936815981
0.999282491834624,1.0004641366565947
0.9981294585168511,1.0001722247043292
0.9991502536451474,1.0009068621273376
0.997881200056143,1.0007556447662667
0.9981864241455222,1.000694305262959
0.9946582952919202,1.001222181263746
0.9971625265463766,1.000560570881733
0.9971084582368724,1.0006326531108267
0.03317303475282194,0.033351964254676854
0.9948082693254012,1.0006828811900645
,,egauge22084,egauge2474,egauge19810,egauge21932,egauge9102,egauge18350,egauge33764,egauge24121,egauge20670,egauge14018
0.9998042134202608,1.0000469013543054
0.9988057086236223,1.0007015958665642
0.9981659771685064,1.001275161561231
0.9975540675441766,1.0016532285174076
0.9993205415017499,1.0000203169560957
0.9981625298632263,1.00061693739718
0.9975150438448043,1.0001693968854384
0.9988057086236223,1.0007015958665642
0.9980708883092798,1.0008643347525168
0.9987304711991459,1.0008716740009984
0.9981423501045519,1.001355582126388
0.9978928431816738,1.001404302945764
0.9975599811959966,1.0018180413559108
0.9963258830319384,1.0020430147296833
,,egauge7729,egauge21932,egauge15623,egauge14018,egauge8816,egauge3167,egauge20670,egauge2850,egauge9102,egauge32290
0.9997437809716254,1.0000092858849001
0.9977117572729507,1.000333434990945
0.9957942898137336,1.0005260491589676
0.9952657002008747,1.0005260491589676
0.9984047201363252,1.0001405501325427
0.9989873737350722,1.0001585717366155
0.9992450809817554,1.000305098559455
0.9971626225938366,1.000333434990945
0.9964216022869947,1.0003610576876074
0.9976021510755321,1.000868896590409
0.9957360105577605,1.0005260491589676
0.993615317351333,1.0008481152004578
0.9947444581526805,1.0005260491589676
0.9951483932654734,1.0005260491589676
,,egauge16616,egauge3608,egauge4183,egauge21932,egauge15601,egauge20925,egauge26086,egauge19821,egauge20407,egauge8253
0.9998252289818993,1.0000869759924669
0.9985228690264959,1.0008394500472808
0.9978533226967786,1.0012762139424347
0.9972220912926543,1.0011728099071657
0.9996361730656796,1.000153187980097
0.9978664361132836,1.000768593252038
0.9994599249227513,1.0005297367808823
0.9985228690264959,1.0008394500472808
0.9972264981174681,1.0013147153987823
0.9980945170064917,1.0012785440296468
0.9977465490894304,1.0013879153971321
0.9973478360145162,1.0019047505359786
0.9966554288681808,1.0010412644552218
0.9963201693611948,1.0011933598173994
,,egauge32290,egauge8617,egauge22271,egauge3167,egauge28684,egauge26086,egauge17073,egauge9102,egauge20358,egauge24121
0.999867051182741,1.0000784458092644
0.9990833593468162,1.0006692232909473
0.9983323612826623,1.0010314986230233
0.9980975251564899,1.001204299355614
0.9989205354955817,1.0000242203484602
0.9989636334910161,1.0007685932520396
0.9991777831829706,1.000891038540603
0.9990236445741458,1.0007523465238932
0.9986999638835303,1.0008058481366575
0.9985437247548431,1.0013132419920474
0.9982836914065201,1.0010939688356242
0.9975519868167169,1.0012019299244783
0.9980264959241871,1.0013060710050046
0.9978093165948805,1.001343571397833
,,egauge22084,egauge24121,egauge16616,egauge8816,egauge7692,egauge16608,egauge27467,egauge17311,egauge19810,egauge3611
0.9962839451981537,1.000528819779081
0.9962839451981537,1.0005288197790805
0.9962839451981532,1.00052881977908
0.9962839451981532,1.00052881977908
0.9962839451981537,1.000528819779081
0.9962839451981537,1.0005288197790811
0.8747846438705469,1.017724929712658
0.9961236983456712,1.000710147535168
0.9962839451981537,1.0005288197790807
0.9962839451981537,1.0007662867239948
0.9962839451981532,1.00052881977908
0.9962839451981532,1.00052881977908
0.9954822676548414,1.00052881977908
0.9954404006542895,1.00052881977908
,,egauge16133,egauge17311,egauge19810,egauge30378,egauge26944,egauge19696,egauge7729,egauge22271,egauge22084,egauge13974
0.9962839451981537,1.000528819779081
0.9962839451981537,1.0006521572592715
0.9962839451981532,1.0009110673221566
0.9962839451981532,1.0008905536636747
0.9962839451981537,1.000528819779081
0.9962839451981537,1.0005288197790811
0.8747846438705469,1.017724929712658
0.9962839451981537,1.0008669118996099
0.9962839451981537,1.000982824985635
0.9951515895739946,1.0011014914998275
0.9962839451981532,1.000976431231277
0.9962839451981532,1.0012350244997992
0.9962839451981532,1.0007661051567318
0.9957322200112606,1.0010400905387296
,,egauge18544,egauge16608,egauge20670,egauge9102,egauge17073,egauge14795,egauge19696,egauge2850,egauge28351,egauge15623
0.9963258606857055,1.0005295971709718
0.9963258606857055,1.0005295971709718
0.9959171260506932,1.0005295971709713
0.9952838101794338,1.0005295971709716
0.9963258606857055,1.0005295971709718
0.8814742270400873,1.016568443501227
0.9963258606857055,1.0006531619921424
0.9963258606857055,1.0005295971709718
0.9963258606857055,1.0005295971709718
0.9963258606857055,1.0005295971709718
0.9953453364452125,1.0005295971709711
0.9944239063823569,1.0005295971709713
0.9945956768428187,1.0005295971709716
0.9952368228107793,1.0005295971709716
,,egauge22271,egauge7729,egauge20925,egauge15623,egauge22785,egauge3608,egauge21932,egauge2474,egauge18158,egauge9102
0.99979869313496,1.0000833720308289
0.9980978495977014,1.0005256588768825
0.9969719486022207,1.000908351662062
0.9963703121757901,1.001180858834777
0.9994953360668715,1.0004725963589574
0.9971892576887482,1.0004065161001223
0.997937819061792,1.0006748055022263
0.9980426385392055,1.0006734053300466
0.9978832824962516,1.0005982373584552
0.9962209347392896,1.0004624070380712
0.9969719486022207,1.000908351662062
0.03320317831004484,0.03336975305568802
0.996194964913564,1.0014190798990261
0.995596313429131,1.0012861871375258
,,egauge14795,egauge33764,egauge5198,egauge8617,egauge32290,egauge28351,egauge8253,egauge30378,egauge15623,egauge16608
0.9968372032783936,1.000415709526481
0.9647858095836191,1.0047339723759776
0.9647858095836189,1.0047339723759774
0.9647858095836189,1.0047339723759774
0.9968372032783936,1.0004157095264812
0.9968372032783936,1.0006298888035188
0.9968372032783936,1.0004575938187898
0.904923143530165,1.0128197295949815
0.9647858095836191,1.0047339723759776
0.9647858095836191,1.0047339723759776
0.9647858095836187,1.0047339723759774
0.9647858095836189,1.0047339723759774
0.9647858095836189,1.0047339723759776
0.9647858095836189,1.0047339723759774
,,egauge22271,egauge30378,egauge2474,egauge17073,egauge22084,egauge7731,egauge3611,egauge22785,egauge23534,egauge33764
0.9968372032783936,1.000415709526481
0.9647858095836191,1.0047339723759776
0.9647858095836189,1.0047339723759774
0.9647858095836189,1.0047339723759774
0.9968372032783936,1.0005011788760707
0.9968372032783936,1.0005518897080536
0.9968372032783936,1.0006946851748661
0.904923143530165,1.0128197295949815
0.9647858095836191,1.0047339723759776
0.9647858095836191,1.0047339723759776
0.9647858095836187,1.0047339723759774
0.9647858095836189,1.0047339723759774
0.9647858095836189,1.0047339723759776
0.9647858095836189,1.0047339723759774
,,egauge20670,egauge4183,egauge22084,egauge26944,egauge33764,egauge3608,egauge30378,egauge24121,egauge19821,egauge18158
0.9968372032783936,1.000415709526481
0.9647858095836191,1.0047339723759776
0.9647858095836189,1.0047339723759774
0.9647858095836189,1.0047339723759774
0.9968372032783936,1.0004157095264812
0.9968372032783936,1.0004882484765427
0.9968372032783936,1.0004157095264812
0.904923143530165,1.0128197295949815
0.9647858095836191,1.0047339723759776
0.9647858095836191,1.0047339723759776
0.9647858095836187,1.0047339723759774
0.9647858095836189,1.0047339723759774
0.9647858095836189,1.0047339723759776
0.9647858095836189,1.0047339723759774
,,egauge19821,egauge16608,egauge4183,egauge3608,egauge13974,egauge16616,egauge3166,egauge8816,egauge15601,egauge20670
0.9968372032783936,1.000415709526481
0.9647858095836191,1.0047339723759776
0.9647858095836189,1.0047339723759774
0.9647858095836189,1.0047339723759774
0.9968372032783936,1.0007546818676558
0.9968372032783936,1.0006257533213312
0.9968372032783936,1.0005507374945353
0.904923143530165,1.0128197295949815
0.9647858095836191,1.0047339723759776
0.9647858095836191,1.0047339723759776
0.9647858095836187,1.0047339723759774
0.9647858095836189,1.0047339723759774
0.9647858095836189,1.0047339723759776
0.9647858095836189,1.0047339723759774
,,egauge32290,egauge2474,egauge13974,egauge18350,egauge20670,egauge14795,egauge33764,egauge28684,egauge2850,egauge21932
0.9962839451981537,1.000528819779081
0.9962839451981537,1.0005288197790805
0.9962839451981532,1.00052881977908
0.9955674758769666,1.00052881977908
0.9962839451981537,1.000528819779081
0.9962839451981537,1.000548225914898
0.8747846438705469,1.017724929712658
0.9962839451981537,1.0005288197790807
0.9962839451981537,1.0005288197790807
0.9962839451981537,1.001191733393863
0.9962839451981532,1.00052881977908
0.9962839451981532,1.0007527322886096
0.9941433561167317,1.00052881977908
0.9955674758769666,1.00052881977908
,,egauge26086,egauge26944,egauge14018,egauge32290,egauge21932,egauge20925,egauge13836,egauge2474,egauge3608,egauge15601
0.9963258606841292,1.0005395504101806
0.9649112161465461,1.0007604173553688
0.9304052863819959,1.0013733289426405
0.8959063170077662,1.0016632454605598
0.9963258606841292,1.0005395504101806
0.8814742269877812,1.016578585344027
0.9963258606841292,1.0009080501740326
0.9649112161465461,1.0006711921065936
0.9649112161465461,1.0008355275915362
0.9649112161465461,1.0011964902579924
0.9304052863819957,1.001502350766194
0.9304052863819959,1.0015961460642988
0.8959063170077664,1.0016487559972775
0.8382379836752404,1.002169317157722
,,egauge21932,egauge33764,egauge20407,egauge20358,egauge3167,egauge3611,egauge13974,egauge24121,egauge27467,egauge17073
0.9962839451981537,1.00083851150571
0.9962839451981537,1.0008385115057095
0.9962839451981532,1.0011400451415717
0.9962839451981532,1.00150609661829
0.9962839451981537,1.00083851150571
0.9962839451981537,1.00083851150571
0.8747846438705469,1.0280880234411043
0.9962839451981537,1.0008385115057095
0.9962839451981537,1.0008385115057095
0.9962839451981537,1.00087328932661
0.9962839451981532,1.0011867543501773
0.9962839451981532,1.0012296045759523
0.9962839451981532,1.0017674852535796
0.9962839451981532,1.0017337686468488
,,egauge5198,egauge7692,egauge16133,egauge7731,egauge20358,egauge30378,egauge17311,egauge4183,egauge16616,egauge19821
0.9929179285482077,1.000092105260598
0.9295949823999733,1.0008047903754171
0.8602357617718258,1.0013381062735733
0.7909012418025078,1.0016520355487677
0.9929179285482077,1.0002996049462591
0.9929179285482079,1.0003472841599597
0.9929179285482077,1.0004210149560404
0.9295949823999733,1.001108058649107
0.9295949823999733,1.0008312850884722
0.9295949823999733,1.001042760743417
0.8602357617718258,1.0013916323045307
0.8602357617718258,1.0015733219092207
0.7909012418025078,1.001689035124152
0.6750379615423312,1.0021225392117115
,,egauge22271,egauge16133,egauge22785,egauge8253,egauge28351,egauge28684,egauge15601,egauge15623,egauge3167,egauge7692
0.9929179285482077,1.0012557756113443
0.9295949823999733,1.0124463596416193
0.8602357617718258,1.0246624247779876
0.7909012418025078,1.0246624247779876
0.9929179285482077,1.0012557756113447
0.9929179285482079,1.0012557756113443
0.9929179285482077,1.0012557756113447
0.9295949823999733,1.012446359641619
0.9295949823999733,1.012446359641619
0.9295949823999733,1.0124463596416193
0.8602357617718258,1.0246624247779876
0.8602357617718258,1.0450906083530724
0.7909012418025078,1.0246624247779879
0.6750379615423312,1.0246624247779876
,,egauge15601,egauge3167,egauge4183,egauge33764,egauge24121,egauge7692,egauge26944,egauge18544,egauge28351,egauge3611
0.9929179285482077,1.0012557756113443
0.9295949823999733,1.0124463596416193
0.8602357617718258,1.0246624247779876
0.7909012418025078,1.0246624247779876
0.9929179285482077,1.0012557756113447
0.9929179285482079,1.0012557756113443
0.9929179285482077,1.0012557756113447
0.9295949823999733,1.012446359641619
0.9295949823999733,1.012446359641619
0.9295949823999733,1.0124463596416193
0.8602357617718258,1.0246624247779876
0.8602357617718258,1.0450906083530724
0.7909012418025078,1.0246624247779879
0.6750379615423312,1.0246624247779876
,,egauge15601,egauge23534,egauge13830,egauge21932,egauge18350,egauge22271,egauge26086,egauge16608,egauge20358,egauge8617
0.9998931647604693,1.0001110609509545
0.999268883976449,1.000673417700071
0.9985513735027616,1.0010709364887507
0.9979173106040299,1.0011916979952185
0.9985190130521246,1.0006162059267596
0.9991038157752288,1.0007625028553548
0.9991913681577983,1.0006108163039469
0.999268883976449,1.000673417700071
0.999268883976449,1.0007584902882338
0.998839412815647,1.0013668987670403
0.9985513735027614,1.0011847168254682
0.9984086819270417,1.0012539175169985
0.9979173106040301,1.001303546527781
0.9968181079792581,1.0012291374216196
,,egauge7731,egauge3166,egauge33764,egauge13830,egauge2474,egauge8816,egauge18158,egauge19821,egauge8253,egauge8617
0.999845415668522,1.0001089722324001
0.9984611451743102,1.0008425698278234
0.9974715385789372,1.0013461392043244
0.9968968092254622,1.001380399243093
0.9997242299356524,1.0004678285688675
0.9992980674039218,1.0002651398421682
0.9991247176190438,1.0006812807298693
0.9984020745060778,1.001020636407578
0.9976661574669953,1.001071360094583
0.9949340249851424,1.0013678533806158
0.9973714946070045,1.0014096358906448
0.9970238392708307,1.0019747276773128
0.9963215624432175,1.0013943764981672
0.03322605907853019,0.03338057099529732
,,egauge24121,egauge3608,egauge32290,egauge16608,egauge13830,egauge30378,egauge14795,egauge22271,egauge7729,egauge18544
0.9998129529215392,1.0000975885285186
0.9986361099002236,1.0010288324873318
0.9975218225134128,1.0017197216903824
0.9966186736982074,1.0020505029452687
0.9990413872372985,1.000237786588882
0.9978340544228603,1.0002094654050067
0.9979403441747947,1.0006259806220565
0.9985876004070128,1.0012067429916547
0.9984029975956694,1.0012049667510288
0.9973660088454606,1.0014387575662733
0.9974130306180811,1.0018490881696396
0.997436303276782,1.0020337537925934
0.9956472020221098,1.0021685392265571
0.9965371833596154,1.0024300126621983
,,egauge22084,egauge22785,egauge26944,egauge19821,egauge28351,egauge3611,egauge30378,egauge14795,egauge27467,egauge2850
0.9962839451981537,1.0007944354249578
0.9649112161592212,1.0078695983640065
0.9304052864071573,1.0155929665813304
0.8959063170454091,1.023316723770833
0.9962839451981537,1.0007944354249578
0.9962839451981537,1.000794435424958
0.8747846438705469,1.008770652850403
0.9649112161592212,1.0078695983640065
0.9649112161592212,1.0078695983640065
0.9649112161592212,1.0078695983640062
0.9304052864071573,1.0155929665813304
0.9304052864071573,1.0155929665813304
0.8959063170454091,1.023316723770833
0.838237983733741,1.0362322246626976
,,egauge4183,egauge17311,egauge5198,egauge22785,egauge23534,egauge20358,egauge15601,egauge19810,egauge26086,egauge30378
0.9998064851249915,1.0000593704739236
0.9982972522914938,1.0005090377695591
0.99726369681524,1.0008682392336306
0.996332539606261,1.0011809474689746
0.999661027494387,1.0002884003950125
0.9986600754854235,1.0005919625929167
0.9980016598837452,1.0004964260715823
0.9974706287614187,1.0004990327904042
0.9979984975353664,1.0006653361012716
0.9980537658432816,1.0008056037769368
0.9971924911368136,1.0010633052243276
0.9961708901238712,1.0004663259724789
0.9949442354781082,1.0013814596890687
0.9958541055678933,1.0014089493635698
,,egauge3608,egauge9102,egauge7731,egauge17311,egauge8253,egauge28684,egauge7692,egauge22271,egauge22785,egauge22084
0.9962839451986392,1.0002614375786358
0.9962839451904274,1.0004239212894541
0.9962839451791741,1.0006413677976753
0.9962839451679206,1.000580003545834
0.9962839451986392,1.0002614375786358
0.9962839451986392,1.0004584726283734
0.8747846438716639,1.0087706528505056
0.9962839451904274,1.0005357097382461
0.9962839451904274,1.0004530912876246
0.9962839451904274,1.000813900967036
0.9962839451791736,1.0006872141935936
0.9962839451791741,1.0010168432717033
0.9962839451679207,1.0006360040315527
0.996283945149575,1.0003950443235605
,,egauge16608,egauge22271,egauge28351,egauge8253,egauge32290,egauge13974,egauge3167,egauge2850,egauge19821,egauge21932
0.9997566498226947,1.000022889127263
0.9976255130774231,1.0001493555889065
0.9959478053369281,1.0003026446706265
0.9956055919146239,1.0003026446706265
0.9995593685964271,1.000284154784703
0.9991263776500813,1.000797281486395
0.9978053270458679,1.0004675904882514
0.9967839024509866,1.0001493555889065
0.9975090849009208,1.000423497819768
0.9969228477562257,1.0001493555889065
0.9959310143727503,1.0004068812847835
0.9937560739157417,1.0003026446706267
0.9952164920988635,1.000394087301908
0.9956055919146239,1.0003026446706265
,,egauge16608,egauge3608,egauge13974,egauge32290,egauge24121,egauge5198,egauge28684,egauge33764,egauge3167,egauge13836
0.9930435763630159,1.0000748368136183
0.9239097424382952,1.0005993926597183
0.8465626747808699,1.0011126753865904
0.8465626747808699,1.0014281864985775
0.9930435763630159,1.0003406306920117
0.9930435763630159,1.0007608378053352
0.9930435763630159,1.0004699189837745
0.9239097424382952,1.0005339991547615
0.9239097424382952,1.0007325132498
0.9239097424382952,1.000902451944574
0.7939766816633858,1.0011893085237031
0.8465626747808698,1.0013801557337947
0.8465626747808699,1.0014989515028674
0.8465626747808699,1.0018516799747772
,,egauge30039,egauge16608,egauge20925,egauge7731,egauge18544,egauge20407,egauge8617,egauge16616,egauge30378,egauge20670
0.9923425238944447,1.0000978688629292
0.9242679780232232,1.000619907134958
0.8497852584183031,1.0009409141683179
0.8497852584183031,1.001201446856999
0.9923425238944444,1.000466679875133
0.9923425238944449,1.0005979058560481
0.9923425238944444,1.0006801215041508
0.9242679780232232,1.0008823788242995
0.9242679780232232,1.0009703346465577
0.9242679780232232,1.000911551434453
0.849785258418303,1.000955082782008
0.725318914809593,1.0010071929840934
0.8497852584183031,1.0013559422949896
0.8497852584183031,1.00140987875197
,,egauge2850,egauge27467,egauge22785,egauge20925,egauge24121,egauge17311,egauge18544,egauge33764,egauge16608,egauge8617
0.9930435763630159,1.0000404171374448
0.9239097424382952,1.0004833688259491
0.8465626747808699,1.000863497515207
0.8465626747808699,1.000988282113267
0.9930435763630159,1.0000404171374448
0.9930435763630159,1.0006987164903558
0.9930435763630159,1.0008104414495012
0.9239097424382952,1.0007817030902066
0.9239097424382952,1.0004988724629207
0.9239097424382952,1.0007501412429962
0.7939766816633858,1.0010184374846318
0.8465626747808698,1.001037476240821
0.8465626747808699,1.0011169756250666
0.8465626747808699,1.00108114000459
,,egauge5198,egauge15601,egauge17311,egauge2850,egauge22785,egauge9102,egauge17073,egauge19821,egauge18158,egauge28351
0.9930435763630159,1.0000572690177592
0.9239097424382952,1.0002384128883086
0.8465626747808699,1.000762845122973
0.8465626747808699,1.0008987854596383
0.9930435763630159,1.0002780755309633
0.9930435763630159,1.0009358776475572
0.9930435763630159,1.0008144194089048
0.9239097424382952,1.0002007703484115
0.9239097424382952,1.0004746782250682
0.9239097424382952,1.0005588244859311
0.7939766816633858,1.0008946758992152
0.8465626747808698,1.0012963823438097
0.8465626747808699,1.0010275520833622
0.8465626747808699,1.0009847627344455
,,egauge20407,egauge3166,egauge8617,egauge5198,egauge21932,egauge23534,egauge19821,egauge3608,egauge22084,egauge2474
0.9998174612450063,1.000038869273744
0.9983498634303082,1.000515035134257
0.9968371364265677,1.0008863449622472
0.9962003442747319,1.0009232422944585
0.9988970275407565,1.0000368117965526
0.9992897933735096,1.0002046960834476
0.9988902362956195,1.0010476157996724
0.9979599725207259,1.0006322149493025
0.9983498634303084,1.0005150351342573
0.9980802008596021,1.0009478039673882
0.9966643897905774,1.0011287095411208
0.9957972912688368,1.0008495497385361
0.996071848777624,1.0008006792125566
0.9953245477660077,1.0011651775063686
,,egauge15623,egauge9102,egauge14018,egauge3611,egauge13830,egauge32290,egauge3608,egauge16608,egauge20925,egauge27467
0.9997933706870626,1.0000969466044496
0.9985260082118008,1.0006027070973345
0.997809445899601,1.0010460323656738
0.9977431750083987,1.001422867694887
0.999570136061325,1.0002224970808367
0.9983411186222491,1.000485594254004
0.9974396841308548,1.0010476157996744
0.9974923476274946,1.000706034648093
0.9984934534280819,1.0007611968382863
0.9972891141715056,1.0004813590557604
0.9974072974946225,1.001037857983263
0.9977109671403206,1.001234088699978
0.9977032672803592,1.0015899574588247
0.997691052906966,1.0018217474443014
,,egauge14795,egauge19696,egauge4183,egauge13830,egauge26944,egauge17073,egauge16616,egauge21932,egauge2850,egauge7692
0.9997563229777262,1.0000368117965677
0.9984604986382916,1.0001642805180113
0.9970487086902092,1.0003258368687236
0.9957042906670771,1.000325836844152
0.998784752328362,1.0003267130903244
0.9969206681162306,1.0007802335788376
0.9994135206516668,1.0010476157996941
0.9983726216990978,1.000347389334981
0.9975043756765667,1.0002221789368138
0.9982438640609766,1.0006835043766178
0.9970019993851061,1.0003258368687236
0.9970487086813431,1.0005959717706479
0.9942131017835134,1.0003258368441523
0.9954762425364693,1.000325836803161
,,egauge30378,egauge7692,egauge4183,egauge7731,egauge3608,egauge8617,egauge8253,egauge18158,egauge15623,egauge19821
0.9998370029507115,1.0001026658038787
0.9983926369166287,1.000759709947023
0.9974653461686684,1.0013653906498008
0.9971707769092715,1.001839251839637
0.9991422925889161,1.0003303774938104
0.9978869574700945,1.0003817691643382
0.9994580616853127,1.0010476157996744
0.9983537026602665,1.0010346846415272
0.997404818201399,1.0007348364957158
0.9981802535570408,1.0008224785893796
0.9971385301529238,1.0013798706946888
0.9971975725972361,1.0015650574469632
0.9971401765097325,1.0019400549201634
0.9967232363277188,1.0024833464157332
,,egauge28684,egauge8816,egauge13830,egauge17311,egauge19810,egauge16133,egauge20670,egauge28351,egauge14018,egauge22785
0.9997333425462552,1.00006167879528
0.9983609545734965,1.0003008087041139
0.9974322399559858,1.0006989878650843
0.9969626513115472,1.0008809165503412
0.9994515026579442,1.0002616738078176
0.9960165859881774,1.0007882705076205
0.9991368758036033,1.0010417059493473
0.998261929215838,1.0004271382686212
0.997352118877538,1.0001642805523232
0.9963192159314084,1.0004271514922534
0.9973139136876162,1.0008219418498376
0.9965199109939177,1.0007941048324807
0.9961980122187051,1.0010746660153764
0.9962936371107188,1.0009378459467217
,,egauge8253,egauge19696,egauge20407,egauge22084,egauge28684,egauge2474,egauge22271,egauge26086,egauge24121,egauge7692
0.9929179285482077,1.0000636335248323
0.9295949823999733,1.0006357702894557
0.8602357617718258,1.001154030311237
0.7909012418025078,1.001321051026772
0.9929179285482077,1.0001342246537779
0.9929179285482079,1.000838671381587
0.9929179285482077,1.0010476157996562
0.9295949823999733,1.0004653718540368
0.9295949823999733,1.000768474723871
0.9295949823999733,1.0010721923935049
0.8602357617718258,1.0012751658410612
0.8602357617718258,1.0014434654142454
0.7909012418025078,1.0014157640898056
0.6750379615423312,1.0014610386989902
,,egauge30039,egauge15623,egauge20925,egauge18158,egauge22271,egauge13974,egauge27467,egauge14795,egauge28351,egauge20358
0.9998392768114579,1.0001284145982126
0.9985584883493819,1.0009659100850545
0.9976099152615382,1.0014938611283764
0.9969231461449223,1.0016885726758284
0.9995353841073927,1.0005075127752907
0.9993762519479771,1.000414269472215
0.9979177890229711,1.0010324862645397
0.9984782469755031,1.0012971900943093
0.9984977983091328,1.0012904934519304
0.9973485878112647,1.0011962259391216
0.9975561468086749,1.0016340542598585
0.9973043786350476,1.0018290389846514
0.9962353855824538,1.0017980411307659
0.99678623310454,1.0018531625078757
,,egauge8253,egauge22271,egauge15623,egauge5198,egauge28684,egauge19821,egauge17311,egauge14018,egauge17073,egauge9102
0.9998213823508333,1.0001080283023853
0.998699477278307,1.0008917402703854
0.9977906200162984,1.0013793186550881
0.9972615851211261,1.001665790649939
0.9988762679416042,1.0001818294044058
0.99920859490522,1.0008802987167054
0.999279054997104,1.0010324862645397
0.9982953341579074,1.0011028863706521
0.9984774504635182,1.0009994325912384
0.9976752238931291,1.001731057601229
0.9977747836477123,1.0014270712353506
0.9971660163683487,1.001626756806321
0.9971874032294937,1.0018927565352902
0.9964860927926078,1.0018984825061057
,,egauge2474,egauge16616,egauge28684,egauge3167,egauge3608,egauge26086,egauge16608,egauge20358,egauge16133,egauge17311
0.9998575215979697,1.0000553574178601
0.9989175701066458,1.0004271192303242
0.9981007952378295,1.0006462708611068
0.9973638121326139,1.0007783855132406
0.9989779210673564,1.0003609422739372
0.999497534079317,1.0001661317508455
0.9990710753114154,1.00104040133051
0.9987077252072907,1.0005312069862045
0.998019291685143,1.0003643594698137
0.9981895606553078,1.0010765762318472
0.9980792758891349,1.0006958768156102
0.9980147282679743,1.000690615752781
0.9965939858070334,1.0008338571934283
0.9970883118186818,1.0009177154261284
,,egauge15623,egauge22271,egauge7729,egauge18350,egauge20358,egauge13974,egauge16608,egauge5198,egauge28351,egauge17073
0.9998321728342844,1.0000927845393965
0.9986959329077235,1.0006256722051365
0.997959663569802,1.0010408275374407
0.9972806104332674,1.0013066878522745
0.9996054430268523,1.0002426076067574
0.9991954604159599,1.0009777610547872
0.997005475406666,1.0004669524739795
0.9985935110483826,1.000729568915254
0.9985661707674229,1.000779053428806
0.9974858354199415,1.0008954023795016
0.9979343210321142,1.001095994904551
0.9973034265423785,1.0012627917579822
0.9965925581389733,1.001376499806188
0.9971570280496703,1.001648562624334
,,egauge23534,egauge22785,egauge24121,egauge8816,egauge20407,egauge18158,egauge7692,egauge9102,egauge33764,egauge3611
0.9962839451981537,1.000536816242412
0.9962839451981537,1.0006080438340523
0.9962839451981532,1.000952432514853
0.9962839451981532,1.001167583092161
0.9962839451981537,1.000536816242412
0.9962839451981537,1.000536816242412
0.8747846438705469,1.0177330886310672
0.9962839451981537,1.0009336330898129
0.9962839451981537,1.0006080438340523
0.9962839451981537,1.001087105031297
0.9962839451981532,1.0009889229765712
0.9962839451981532,1.001166525772609
0.9962839451981532,1.001377636322713
0.9952895699834976,1.0012184298599884
,,egauge15623,egauge18158,egauge14018,egauge22084,egauge7729,egauge26944,egauge8816,egauge2850,egauge23534,egauge17073
0.9962839451981537,1.000536816242412
0.9962839451981537,1.0006080438340523
0.9962637350840763,1.000685821737016
0.9960975469141282,1.0007635996787496
0.9962839451981537,1.000536816242412
0.9962839451981537,1.000599470814627
0.8747846438705469,1.0177330886310672
0.9962839451981537,1.0006080438340523
0.9962839451981537,1.0006080438340523
0.9960006125399992,1.000608043834052
0.9954965480460608,1.0006858217370158
0.9944122808233944,1.000685821737016
0.9959531773308182,1.0007635996787496
0.9959832161251664,1.0008936503991044
,,egauge22271,egauge27467,egauge20670,egauge19696,egauge7692,egauge16133,egauge3608,egauge14795,egauge19821,egauge21932
0.9968372032783936,1.000415709526481
0.9647858095836191,1.0047339723759776
0.9647858095836189,1.0047339723759774
0.9647858095836189,1.0047339723759774
0.9968372032783936,1.0005015382570175
0.9968372032783936,1.0008799682607465
0.9968372032783936,1.0006976488299446
0.904923143530165,1.0128197295949815
0.9647858095836191,1.0047339723759776
0.9647858095836191,1.0047339723759776
0.9647858095836187,1.0047339723759774
0.9647858095836189,1.0047339723759774
0.9647858095836189,1.0047339723759776
0.9647858095836189,1.0047339723759774
,,egauge28351,egauge16616,egauge13836,egauge15623,egauge23534,egauge17311,egauge5198,egauge22084,egauge7692,egauge28684
0.9962487590203791,1.001255186178501
0.9628726555778812,1.0124405057174928
0.9263936094429109,1.024650823075041
0.9258285612776672,1.0246452375511301
0.9962487590203791,1.001255186178501
0.9962487590203793,1.0012551861785006
0.9962487590203791,1.001255186178501
0.9628726555778812,1.0124405057174928
0.9628726555778812,1.0124405057174928
0.9628726555778812,1.0124405057174928
0.9263936094429107,1.0246508230750409
0.8663602409777177,1.0450787345798997
0.9258285612776674,1.0246452375511301
0.9248837622904997,1.0246358981302939
,,egauge13836,egauge18158,egauge3166,egauge8816,egauge7692,egauge16608,egauge15601,egauge22084,egauge20925,egauge17073
0.999848761427059,1.0000935523640246
0.998477244266946,1.0007022249299595
0.9976589305732916,1.0011227560282565
0.9976746728495751,1.0013646619214223
0.9995880810393497,1.0005702321197854
0.9990856840615758,1.0007365213214232
0.9992113312520553,1.0002579585054767
0.9967184321350826,1.0008201056927708
0.9974815850336614,1.0008435749502438
0.9983495032855405,1.0010322506244573
0.9971294451751418,1.0013178806569474
0.9974768663530944,1.0009416326608833
0.9976494715557435,1.0015290927593044
0.9968110834565177,1.0015273374293194
,,egauge15601,egauge4183,egauge26944,egauge27467,egauge5198,egauge16608,egauge3608,egauge22084,egauge8253,egauge13974
0.9998101553752358,1.0000864062752268
0.9985370112859618,1.0003890813032121
0.9971881065490141,1.0003585622198685
0.9965403828300837,1.0004571550449013
0.9984361386106378,1.0005915365327445
0.9994853705641403,1.0004911201084785
0.997294146149275,1.0007847644008472
0.9984836840299558,1.0007521967632307
0.9980631713642698,1.0005065167798015
0.9983329081208678,1.000738093612291
0.9967877259648491,1.0003503944730063
0.9969513666311149,1.0001678134805319
0.9959653779263724,1.000487019949526
0.9961944117586293,1.0006009285952058
,,egauge28351,egauge19810,egauge21932,egauge33764,egauge3611,egauge23534,egauge19696,egauge3166,egauge16133,egauge17311
0.9963816662020685,1.000261935479131
0.9641248922598521,1.00259726475028
0.9288558513906657,1.0051471354359212
0.8935942868302004,1.007697048147531
0.9963816662020685,1.000261935479131
0.9963816662020685,1.0006932227103065
0.9963816662020685,1.0008383321214889
0.9641248922598521,1.00259726475028
0.9641248922598521,1.00259726475028
0.9641248922598521,1.0025972647502803
0.928855849928921,1.0051471353135035
0.9288558513906657,1.0051471354359212
0.8535110988333174,1.0105963764930426
0.8935942868302003,1.007697048147531
,,egauge26086,egauge19821,egauge9102,egauge28684,egauge13830,egauge20670,egauge8617,egauge4183,egauge14795,egauge7692
0.9993623288800478,1.0001324410098527
0.9936842386398445,1.0007764258272833
0.987482572867124,1.0011765026201438
0.9812811512344262,1.0014663906244161
0.9993342944661778,1.0004699193246955
0.9988116968146807,1.0013048946817438
0.9983269785792096,1.0005314560817569
0.9936842386398445,1.0009008119105227
0.9936842386398445,1.0009688422633154
0.9936842386398445,1.0011713476156925
0.987482572867124,1.0011909518811037
0.987482572867124,1.001325218086082
0.974230347493827,1.001694275354202
0.9812811512344262,1.001615981555791
,,egauge8816,egauge20407,egauge14795,egauge3166,egauge8253,egauge28351,egauge27467,egauge28684,egauge2474,egauge18158
0.9998203597334921,1.000084178901908
0.9986667379440962,1.0007565932661284
0.9979036353045693,1.001398386824323
0.9972331772057058,1.0017183459805792
0.9978270829506741,1.0004270657885663
0.9981046122300327,1.0000195840049957
0.9977148845580214,1.00076182517809
0.998638572949912,1.0008066335034993
0.9977905888429243,1.0007973696885692
0.9972724848369349,1.0009206063484604
0.9978718697455947,1.0015364475470807
0.9978268409868749,1.0015970372511591
0.9966582899769454,1.0018437402760727
0.9969575466707584,1.002068939627126
,,egauge22785,egauge20407,egauge18158,egauge22271,egauge7692,egauge32290,egauge21932,egauge3611,egauge19821,egauge3166
0.9997908646029188,1.0000703752523932
0.9982924402230948,1.0007182686063967
0.9972905871427874,1.0012043000555315
0.9969456384062533,1.0016175720771008
0.9990082492801011,1.0001458603422198
0.9980981690476429,0.9999997190972407
0.9989434755650662,1.0007635109253108
0.9982592776008299,1.0010328545519314
0.9973144605214802,1.0008462548911292
0.9973290135830442,1.0005981694847565
0.9972905871427872,1.0012043000555315
0.9961922025796832,1.0013259615791827
0.9967810686430376,1.0020553355453308
0.9966108733024991,1.001664826266457
,,egauge15623,egauge5198,egauge28351,egauge2474,egauge8816,egauge27467,egauge19821,egauge3166,egauge23534,egauge13830
0.9993537303465428,1.00011176688765
0.9936877483066049,1.0009806657156375
0.9874987585229426,1.0015710482176705
0.9813216376599293,1.001779713706788
0.9993537303465428,1.000252116237161
0.9981743531328762,1.0005148799335266
0.9978483071310077,1.0004313931517947
0.9936877483066049,1.0012094932983977
0.9936877483066049,1.001120213642082
0.9936877483066049,1.0016046788071553
0.987490851420501,1.0018136087716234
0.9874987585229426,1.0016128678149425
0.9813216376599295,1.0020103611917133
0.9709935359246571,1.0020208007897173
,,egauge20925,egauge18544,egauge7731,egauge19821,egauge4183,egauge22785,egauge30039,egauge20358,egauge24121,egauge19696
0.9993649404464979,1.0001365344146858
0.9937090886589541,1.0009408450794222
0.9875314840988777,1.0014101133146804
0.9813541206858165,1.0016335565153427
0.9989445773532242,1.0003796659007163
0.9991554723099014,1.0008909922570213
0.9993649406173674,1.000854902886841
0.9937090886589541,1.0015350379590267
0.9937090886589541,1.0010772408641533
0.9937090886589541,1.00094515599299
0.9875314840988777,1.0015163909190883
0.9875314840988777,1.0015598223149795
0.9813541206858165,1.0017283045124334
0.9710256134104578,1.0018678357216149
,,egauge30378,egauge23534,egauge7692,egauge30039,egauge3167,egauge14018,egauge16616,egauge26086,egauge7731,egauge33764
0.9949717408750941,1.001275594972444
0.9501283134566697,1.0126312949253222
0.9010713086998654,1.0250249949937795
0.8520283099041401,1.0374197064827118
0.9949717408750941,1.001275594972444
0.9949717408750941,1.001275594972444
0.8747846438705469,1.008770652850403
0.9501283134566697,1.0126312949253222
0.9501283134566697,1.0126312949253222
0.9501283134566697,1.0126312949253222
0.9010713086998654,1.0250249949937795
0.9010713086998654,1.0250249949937795
0.7962848361879616,1.0374197064827118
0.838237983733741,1.0581466331675424
,,egauge3611,egauge8253,egauge17073,egauge30039,egauge14018,egauge33764,egauge18158,egauge2474,egauge17311,egauge7731
0.9949717408750941,1.001275594972444
0.9501283134566697,1.0126312949253222
0.9010713086998654,1.0250249949937795
0.8520283099041401,1.0374197064827118
0.9949717408750941,1.001275594972444
0.9949717408750941,1.001275594972444
0.8747846438705469,1.008770652850403
0.9501283134566697,1.0126312949253222
0.9501283134566697,1.0126312949253222
0.9501283134566697,1.0126312949253222
0.9010713086998654,1.0250249949937795
0.9010713086998654,1.0250249949937795
0.7962848361879616,1.0374197064827118
0.838237983733741,1.0581466331675424
,,egauge7729,egauge15601,egauge18544,egauge17073,egauge19810,egauge20358,egauge15623,egauge24121,egauge20407,egauge3167
0.9949682020610693,1.0012729984145956
0.9500890670020067,1.0126016693090312
0.9010340868729058,1.0249949419184254
0.8519931121261556,1.0373892259077306
0.9949682020610693,1.0012729984145956
0.9949682020610693,1.0012729984145954
0.8747814023475345,1.008770652858504
0.9500890670020067,1.012601669309031
0.9500890670020067,1.012601669309031
0.9499551865575273,1.0125065192220681
0.9010340868729058,1.0249949419184252
0.9010340868729058,1.0249949419184254
0.7962519389973435,1.0373892259077306
0.838177459282519,1.0581154376959647
,,egauge17073,egauge3608,egauge4183,egauge16133,egauge22271,egauge3611,egauge28684,egauge19821,egauge23534,egauge16616
0.9948381592259629,1.001265164984169
0.9488650855378158,1.01253219274776
0.8986562463804054,1.02483007468831
0.893016775390759,1.0371289438184712
0.9948381592259629,1.001265164984169
0.9948381592259629,1.001265164984169
0.9950145653060879,1.001265164984169
0.9488650855378158,1.01253219274776
0.9049231435301655,1.0128197295949815
0.9488650855378158,1.01253219274776
0.8986429817142284,1.02483007468831
0.8147697204963171,1.0248300746883103
0.8529649757245276,1.0511139954681308
0.893016775390759,1.0371289438184712
,,egauge3611,egauge3167,egauge3608,egauge13830,egauge5198,egauge13836,egauge26086,egauge27467,egauge7729,egauge14795
0.9948364464786621,1.001265164984169
0.9489049720459605,1.01253219274776
0.8986837013474618,1.02483007468831
0.8935303380426658,1.0371289438184712
0.9948364464786621,1.001265164984169
0.9948364464786621,1.001265164984169
0.9948364464786621,1.001265164984169
0.9489049720459605,1.01253219274776
0.9048450401629473,1.012747056647973
0.9489049720459605,1.01253219274776
0.8986837013474617,1.0302725981361682
0.8147946125665017,1.0248300746883103
0.8534506694326619,1.0511139954681308
0.8934897410508588,1.0371289438184712
,,egauge22785,egauge20670,egauge19821,egauge4183,egauge27467,egauge2850,egauge3167,egauge30378,egauge19696,egauge7729
0.9949717408750941,1.001275594972444
0.9501283134566697,1.0126312949253222
0.9010713086998654,1.0250249949937795
0.8520283099041401,1.0374197064827118
0.9949717408750941,1.001275594972444
0.9949717408750941,1.001275594972444
0.8747846438218716,1.0057117186408955
0.9501283134566697,1.0126312949253222
0.9501283134566697,1.0126312949253222
0.8580244313312035,1.0203365145221186
0.9010713086998654,1.0250249949937795
0.8673222342271948,1.0450906083530724
0.7962848361879616,1.0374197064827118
0.838237822302828,1.0581466331675424
,,egauge26086,egauge30378,egauge3611,egauge13830,egauge20925,egauge14018,egauge21932,egauge20670,egauge7692,egauge20358
0.9998104358692032,1.0001093742625513
0.9988378886498855,1.000821188377411
0.9980561589605428,1.001137966106662
0.9972546162578809,1.001325802499781
0.9992692737768595,1.0004527934234733
0.9984885494071953,1.000540312433354
0.9976099600216527,1.0003681989545903
0.9987860656763764,1.0010136149866744
0.9988224936106573,1.0010497562154952
0.9969470933678144,1.0015239621851384
0.9980561589605426,1.001137966106662
0.9977864674852704,1.0013535666918478
0.9963200312642433,1.0014275017197294
0.9972546162578814,1.0014903218754625
,,egauge23534,egauge27467,egauge15601,egauge30378,egauge17073,egauge18350,egauge9102,egauge14795,egauge2474,egauge26086
0.9951245181402969,1.0005255235802408
0.9633267530175261,1.0051968277557906
0.9273333238866057,1.0103518315269326
0.8957983448262812,1.0155321246267084
0.9951245181402969,1.0005255235802408
0.9951245181402969,1.0008182231647007
0.8737925487289565,1.0011534565133726
0.9632548713676178,1.0051009575122625
0.9633267530175259,1.0051968277557906
0.9633267530175261,1.0051968277557906
0.9273089621784957,1.0103347535191152
0.8672268440603546,1.018845329452799
0.8957983448262813,1.0155321246267084
0.8381384070371461,1.0241943262845548
,,egauge14795,egauge8253,egauge15601,egauge16616,egauge18544,egauge30378,egauge14018,egauge13830,egauge13974,egauge17073
0.9962779539213975,1.000130010878007
0.9962160758937955,1.0009260398671762
0.9962160758937952,1.0014363392276602
0.9962160758937952,1.0016148708322279
0.9962779539213975,1.0004611017951945
0.9962779539213975,1.0002357682843113
0.8747795169491527,1.0011373759420652
0.9961002476979766,1.000988723176431
0.9962160758937955,1.0012744073434567
0.9962160758937955,1.0013359151888759
0.9962160758937955,1.0015866980329207
0.9962160758937952,1.0016213580223285
0.9962160758937952,1.0017091835342806
0.9962160758937952,1.0017746943911692
,,egauge22084,egauge27467,egauge16133,egauge24121,egauge2850,egauge20407,egauge7731,egauge8253,egauge14018,egauge8617
0.9962779539213975,1.0000001152575517
0.9962160758937955,0.9999997190971766
0.9962160758937952,1.0002479094850134
0.9962160758937952,1.000439418397816
0.9962779539213975,0.9999997190971769
0.9962779539213975,1.000673370739803
0.8747795169491527,1.0002771016493588
0.9961002476979766,0.9999997190971763
0.9955075055455502,0.9999997190971766
0.9962160758937955,0.9999997190971766
0.9962160758937955,1.000395558447896
0.9956877338301345,1.000260468700502
0.9958480652724382,1.0006351173754073
0.9961378466234333,1.000514501576421
,,egauge14018,egauge16608,egauge8617,egauge20407,egauge4183,egauge3608,egauge16133,egauge8253,egauge28684,egauge9102
0.9997725776153973,1.0000606235089564
0.9980896113009123,1.0003005886362886
0.9969929500007385,1.000566053260857
0.9964625441857177,1.0007699126769687
0.9986575615507501,1.0004496772831473
0.9981953383680048,1.0005729033813577
0.9981522515999814,1.000325638754559
0.9978377972345659,1.0003005886362886
0.9979888437668175,1.000462036825643
0.9962124973238701,1.0009496845896002
0.9969525689345237,1.0006327927373382
0.9961454310731068,1.00092266651608
0.9963812990592902,1.000895763352951
0.9956951466443237,1.0009865202746175
,,egauge17073,egauge33764,egauge28684,egauge26086,egauge17311,egauge18544,egauge22271,egauge18158,egauge13836,egauge14795
0.9962839451967168,1.000528819779081
0.9962839451967166,1.0009970064737268
0.9962839451967164,1.0017557359944895
0.9962839451967166,1.002216199956541
0.9962839451967166,1.000528819779081
0.996283945196717,1.0006702290180283
0.8747846438218722,1.017724929712658
0.9962839451967164,1.0012976325985943
0.9962839451967164,1.001131516093139
0.9962839451967166,1.0016993784377763
0.9962839451967163,1.00188399001167
0.9962839451967164,1.002102047415932
0.9962839451967166,1.002547632631681
0.9962839451967164,1.002547507300778
,,egauge15623,egauge19810,egauge22271,egauge27467,egauge13830,egauge19821,egauge26086,egauge4183,egauge30039,egauge2850
0.9997885121159322,1.000036553045464
0.9981538127415458,1.0004309379567862
0.9967282617083588,1.0004304938740407
0.9953627443578454,1.0001799895017378
0.999577794834722,1.00018175374202
0.9976355782109524,1.0000127500171365
0.9990581403349313,1.0008536507442518
0.9981040723697973,1.0007350203884895
0.9981222814216071,1.000673156441186
0.997119170171218,1.001270867967694
0.9967304351003953,1.0005607077682062
0.9966225575433917,1.0005769733629846
0.9952994936711229,1.0003636168914192
0.9931725349828311,1.0000127500171363
,,egauge30039,egauge33764,egauge24121,egauge2850,egauge15623,egauge7731,egauge8253,egauge20925,egauge30378,egauge18544
0.9963258606857055,1.0005295971709718
0.9963258606857055,1.00070326880225
0.9963258606857051,1.000867879356374
0.9963258606857051,1.000867879356374
0.9963258606857055,1.0005295971709718
0.881474227040088,1.016568443501227
0.9963258606857055,1.0008519821533137
0.9959422911878136,1.0007032688022497
0.9963258606857055,1.0012972949980778
0.9963258606857055,1.0013162954961152
0.9963258606857051,1.000867879356374
0.9963258606857051,1.0011446244676916
0.9963258606857051,1.0008847858082404
0.9963258606857051,1.0010986417524996
,,egauge26086,egauge30039,egauge15623,egauge14795,egauge2850,egauge7731,egauge2474,egauge3167,egauge19821,egauge5198
0.9962839451965704,1.000528819779081
0.9962839451965702,1.0005288197790805
0.9962839451965697,1.000737343423936
0.9962839451965697,1.001183144395316
0.9962839451965704,1.000528819779081
0.9962839451965704,1.0007039884569637
0.8747846438169051,1.017724929712658
0.9962839451965702,1.0005288197790807
0.9961302617881195,1.0005288197790807
0.9962839451965702,1.0008945369469673
0.9962839451965697,1.0008265549920399
0.9962839451965697,1.0008507652766596
0.9962839451965697,1.0016104010044498
0.9962839451965697,1.0013071417118113
,,egauge26944,egauge22785,egauge19696,egauge7729,egauge8253,egauge33764,egauge3608,egauge28684,egauge28351,egauge20407
0.9962839451965704,1.000528819779081
0.9962839451965702,1.0005288197790805
0.9962839451965697,1.00052881977908
0.9962839451965697,1.00052881977908
0.9962839451965704,1.000528819779081
0.9962839451965704,1.0005288197790811
0.8747846438169051,1.017724929712658
0.9962839451965702,1.0005288197790807
0.9962839451965702,1.0005288197790807
0.9962839451965702,1.0007723743919914
0.9962839451965697,1.00052881977908
0.9962839451965697,1.00052881977908
0.9959131544172387,1.00052881977908
0.9958683156640747,1.00052881977908
,,egauge23534,egauge20358,egauge20925,egauge19821,egauge7729,egauge9102,egauge15623,egauge22084,egauge30039,egauge20407
0.9962994837918926,1.0012533498750207
0.9633670914599306,1.0124187554667667
0.9273717806567433,1.0246065517812761
0.9273717806567433,1.0246065517812761
0.9962994837918926,1.0012533498750207
0.9962994837918921,1.0012533498750207
0.9962994837918926,1.0012533498750207
0.9633670914599306,1.0124187554667667
0.9633670914599306,1.0124187554667667
0.9633670914599306,1.0124187554667667
0.9273473552052047,1.0245878630388003
0.8672623122405733,1.0450334243915678
0.9273717806567433,1.0246065517812764
0.9273717806567433,1.0246065517812761
,,egauge3167,egauge23534,egauge7692,egauge26086,egauge20670,egauge14795,egauge17073,egauge4183,egauge22271,egauge15601
0.9962994837918926,1.0012533498750207
0.9633670914599306,1.0124187554667667
0.9273717806567433,1.0246065517812761
0.9273717806567433,1.0246065517812761
0.9962994837918926,1.0012533498750207
0.9962994837918921,1.0012533498750207
0.9962994837918926,1.0012533498750207
0.9633670914599306,1.0124187554667667
0.9633670914599306,1.0124187554667667
0.9633670914599306,1.0124187554667667
0.9273473552052047,1.0245878630388003
0.8672623122405733,1.0450334243915678
0.9273717806567433,1.0246065517812764
0.9273717806567433,1.0246065517812761
,,egauge28351,egauge7731,egauge15601,egauge18544,egauge8816,egauge9102,egauge28684,egauge16608,egauge33764,egauge13830
0.9998573802323326,1.0001348777306658
0.9986146631257496,1.0009872820588406
0.9984429276903533,1.001514904070435
0.9981219341203265,1.001804572382209
0.9988628077003151,1.00029557540955
0.9995272809605453,1.0008248698136768
0.9971611576577551,1.0011457989078674
0.03328454196364548,0.03337423411674698
0.9967319189645438,1.00135600592436
0.9977771171547238,1.0013782398089117
0.9984163594906322,1.001586392661817
0.9983853812251351,1.001736996205676
0.997929974806391,1.0020102914280409
0.997858773765194,1.0019863925543824
,,egauge7731,egauge7692,egauge8617,egauge22785,egauge4183,egauge18158,egauge28351,egauge3166,egauge27467,egauge20358
0.9962994837918926,1.0012533498750207
0.9633670914599306,1.0124187554667667
0.9273717806567433,1.0246065517812761
0.9273717806567433,1.0246065517812761
0.9962994837918926,1.0012533498750207
0.9962994837918921,1.0012533498750207
0.9962994837918926,1.0012533498750207
0.9633670914599306,1.0124187554667667
0.9633670914599306,1.0124187554667667
0.9633670914599306,1.0124187554667667
0.9273473552052047,1.0245878630388003
0.8672623122405733,1.0450334243915678
0.9273717806567433,1.0246065517812764
0.9273717806567433,1.0246065517812761
,,egauge33764,egauge2850,egauge28684,egauge22271,egauge24121,egauge26944,egauge19821,egauge19696,egauge20358,egauge2474
0.9997674940143886,1.0000460727751217
0.9984934357446476,1.0010940580130678
0.9972969953742769,1.0018254996232532
0.9971809990490318,1.0020599834516082
0.999450884973116,1.0003315377239628
0.9956887674699095,0.9999997190978559
0.9989507626051065,1.0004554001865815
0.998311753370719,1.0013909381547292
0.998302730813709,1.001225759317686
0.03321742196602882,0.03339084552080556
0.9971552742352461,1.002068132980164
0.9958180385960784,1.0020598318494371
0.9970864619321946,1.0021618578817544
0.9964776644087893,1.002302243422678
,,egauge28351,egauge13830,egauge5198,egauge23534,egauge4183,egauge21932,egauge19696,egauge7731,egauge14018,egauge16133
0.9997891333326723,1.0001109477586236
0.9984148290063786,1.0008572800271955
0.997173046320851,1.001475353431364
0.9967909828069442,1.0017938303706213
0.9988063899429513,1.000268445566652
0.9991894025761441,1.0005854766693987
0.9979846425714044,1.0005485632699833
0.998064285382027,1.001194281833683
0.9982820067095037,1.0010181546766104
0.03328049430021262,0.03336190933423986
0.9966105358077951,1.0015687739209058
0.9971187094956105,1.0017713661811987
0.9967526943477564,1.0020588899713028
0.9962084518639603,1.0019365554134998
,,egauge32290,egauge16616,egauge18158,egauge7692,egauge18544,egauge14018,egauge13974,egauge8253,egauge7729,egauge27467
0.9998184967334217,1.000089456454653
0.9982946198317895,1.0008863039868312
0.9974079862512931,1.0012663933459802
0.9966754216027488,1.0015529369128005
0.9989176779755515,1.0000200123757883
0.999474453345949,1.0002131826185638
0.9989925838002534,1.000746751651261
0.9973257030713467,1.00101863132396
0.998219888255482,1.0012499563337023
0.03320691583500262,0.03338630439642868
0.9972463324783005,1.0013241271275246
0.996580574107312,1.0012854519798897
0.9958289221115993,1.0016649566170341
0.9965893703886138,1.001867325476563
,,egauge19821,egauge4183,egauge28351,egauge26086,egauge2474,egauge13974,egauge22084,egauge3608,egauge28684,egauge8617
0.9998221635684631,1.0000892474600998
0.998495964185402,1.0004132746983452
0.9976404891412212,1.0003948812854127
0.9975149419096532,1.0005007240344714
0.9993189741050597,1.0007169034904553
0.999483150085444,1.000504065819654
0.9978120536560336,1.000408756403728
0.998513613228828,1.000686769871962
0.9976653535757964,1.000641948980275
0.03325253404757408,0.033355563593367506
0.9975674280888541,1.000325355978539
0.9965996523763668,1.0003679920759527
0.9974485852359924,1.0005961176635683
0.997402600868667,1.0005374165181828
,,egauge26086,egauge20670,egauge15623,egauge9102,egauge2850,egauge30039,egauge15601,egauge7731,egauge3611,egauge33764
0.9951274669865318,1.0012533498750207
0.9516724086526539,1.0124187554667667
0.9041364964813993,1.0246065517812761
0.8566669906541396,1.0246065517812761
0.9951274669865318,1.0012533498750207
0.9951274669865318,1.0012533498750207
0.9951274669865318,1.0012533498750207
0.9516724086526539,1.0124187554667667
0.9516724086526539,1.0124187554667667
0.9516724086526539,1.0124187554667667
0.9041196956697555,1.0245878630388003
0.8672623122405733,1.0450334243915678
0.8027113639312506,1.0246065517812764
0.8566669906541398,1.0246065517812761
,,egauge8253,egauge7731,egauge8617,egauge18544,egauge22785,egauge16608,egauge4183,egauge14018,egauge18158,egauge20670
0.9998419234142494,1.0001120176554767
0.9989205058043386,1.0009173710904964
0.9981526196829532,1.001473694901715
0.9979934141954613,1.0017299117510607
0.9988703660544822,1.0001697303241077
0.9995046470723186,1.0008048030963788
0.9989243367828263,1.0002953356092505
0.9986276171198579,1.0013340518735565
0.9983537960401223,1.0009594154165837
0.9985908515955351,1.0012621181858787
0.9981328561346343,1.0015427003630786
0.996923563616753,1.0018633972006683
0.997748993712719,1.001888597928607
0.9976357665199216,1.001975746035084
,,egauge30378,egauge7692,egauge14795,egauge22084,egauge2850,egauge28351,egauge13836,egauge16608,egauge15601,egauge19696
0.9997441567090295,1.000034847339445
0.9979098539719194,1.000319291931129
0.9968801002934706,1.0008455196752302
0.9959504660292989,1.0012570029049754
0.9990296446696322,1.0002638316313819
0.9977832862961897,1.0003139283208675
0.9976903823040508,1.0007043133152982
0.9978104302283295,1.000319291931129
0.9963551551578264,1.000319291931129
0.9960809625238862,1.000678116882303
0.9968502315997357,1.000955404508061
0.9967861477603068,1.0010410507023297
0.9957521163254204,1.0014371279249763
0.9944705098618504,1.001680145997677
,,egauge13836,egauge16608,egauge19810,egauge2474,egauge3608,egauge23534,egauge15623,egauge13830,egauge15601,egauge7692
0.9962515720658474,1.000528819779081
0.9670725398298599,1.0047785157364229
0.9670725398298595,1.0047785157364224
0.9670725398298595,1.0047785157364222
0.9962515720658474,1.0005555676385778
0.9962515720658474,1.0005740438760475
0.8747569419003072,1.017724929712658
0.9670725398298599,1.004778515736423
0.9670725398298599,1.004778515736423
0.8597521766169754,1.0203365145221186
0.9670725398298595,1.0047785157364224
0.9670725398298595,1.0047785157364224
0.9670725398298595,1.0047785157364222
0.9670725398298595,1.0047785157364222
,,egauge8816,egauge7692,egauge22785,egauge14018,egauge3608,egauge28684,egauge17311,egauge20925,egauge3167,egauge14795
0.9962839451976323,1.000528819779081
0.9670725398298599,1.0047785157364229
0.9670725398298595,1.0047785157364224
0.9670725398298595,1.0047785157364222
0.9962839451976323,1.000528819779081
0.9962839451976323,1.0005288197790811
0.8747846438375175,1.017724929712658
0.9670725398298599,1.004778515736423
0.9670725398298599,1.004778515736423
0.8597521766169754,1.0203365145221186
0.9670725398298595,1.0047785157364224
0.9670725398298595,1.0047785157364224
0.9670725398298595,1.0047785157364222
0.9670725398298595,1.0047785157364222
,,egauge26086,egauge15601,egauge20925,egauge18544,egauge17073,egauge18158,egauge15623,egauge16133,egauge7731,egauge20407
0.9962839451976323,1.000528819779081
0.9670725398298599,1.0047785157364229
0.9670725398298595,1.0047785157364224
0.9670725398298595,1.0047785157364222
0.9962839451976323,1.000528819779081
0.9962839451976323,1.0010637775651479
0.8747846438375175,1.017724929712658
0.9670725398298599,1.004778515736423
0.9670725398298599,1.004778515736423
0.8597521766169754,1.0203365145221186
0.9670725398298595,1.0047785157364224
0.9670725398298595,1.0047785157364224
0.9670725398298595,1.0047785157364222
0.9670725398298595,1.0047785157364222
,,egauge14018,egauge26944,egauge16616,egauge30039,egauge22084,egauge23534,egauge7692,egauge16133,egauge2850,egauge22271
0.9997701523563459,1.000054936683817
0.9980761306907406,1.0003006031448949
0.9965662415541854,1.0003006031448947
0.9951655490163562,1.0003006031448947
0.9986432443511002,1.0003935096283936
0.9974602237385993,1.0006473062283538
0.9976756358991591,1.0009356661353808
0.9979801403819586,1.0003567039649548
0.9978737659269876,1.0006316229437733
0.9975300520051001,1.0007578179907477
0.9965400904296154,1.0003006031448947
0.9964217903170189,1.0003006031448947
0.9938200303524197,1.0003006031448947
0.9948022070116536,1.0003006031448942
,,egauge32290,egauge16133,egauge4183,egauge20670,egauge8816,egauge14795,egauge8617,egauge30039,egauge7729,egauge2850
0.9997433998439965,1.0000537901127147
0.9977627325280797,1.0002676654493416
0.9960233937919122,1.0002440949353157
0.9943015939699617,1.0002440949353157
0.998884345315087,1.0000537901127147
0.9976163172479144,1.0006152239155657
0.9976801402814576,1.0009298345537485
0.9976716296441688,1.0002676654493416
0.9958818871377123,1.000596547667009
0.9972192581864974,1.0005549895352819
0.9959831344434996,1.0002440949353155
0.9959255611053907,1.0004168636051334
0.9936909160266665,1.0002440949353157
0.9923206982663969,1.0002440949353157
,,egauge7731,egauge20925,egauge22271,egauge4183,egauge8253,egauge28684,egauge20358,egauge24121,egauge8816,egauge15601
0.9998230025494145,1.0001174480992412
0.9983549019287921,1.0007413095082933
0.9969061412876795,1.0012566063427266
0.995674014380838,1.0016036588356945
0.9997070272235827,1.0004571350966627
0.9980530145540022,1.000663320996283
0.9991839200029083,1.0009047689280257
0.9982332683300393,1.000877673138053
0.9977778306964772,1.0007607351203442
0.9982435922623338,1.0009945132619196
0.9968537986243491,1.0013143704467096
0.9966726380531045,1.0013958869425321
0.9943242161683973,1.0016833893273127
0.9955153354116789,1.0020667075769456
,,egauge14795,egauge17073,egauge13836,egauge33764,egauge30039,egauge3608,egauge32290,egauge2474,egauge18158,egauge18350
0.9968384581720686,1.0004118622977596
0.964741249753077,1.004689020228477
0.9288421672999942,1.0095416355185791
0.9288421672999942,1.0095416355185791
0.9968384581720686,1.0004629613655995
0.9968384581720686,1.000705330051909
0.9968384581720686,1.0010860129037293
0.964741249753077,1.004689020228477
0.96459249918523,1.0046114022055899
0.964741249753077,1.004689020228477
0.9044329282953439,1.0128414525281608
0.9288421672999942,1.0095416355185791
0.9288421672999945,1.0095416355185791
0.9288421672999942,1.0095416355185791
,,egauge20358,egauge22271,egauge20925,egauge4183,egauge19821,egauge2850,egauge27467,egauge19810,egauge5198,egauge17311
0.9998171731173704,1.0000321290627612
0.9981054660693166,1.0000647792232686
0.9975079378406831,1.000154688019899
0.996956104897181,1.0003451878000829
0.9997048350383447,1.0001224580872634
0.9991347483197017,1.0008007380961526
0.9979242540577771,1.0006201991363262
0.998005329854153,1.0002855357114173
0.9975627789364211,1.0005139310622793
0.9941495222003125,0.9999650336952565
0.9974391697707199,1.0002783773772523
0.9965621870463441,0.999964974415495
0.9963436711673005,1.0004823420379139
0.9969340392876601,1.0004891375166012
,,egauge27467,egauge8617,egauge30378,egauge7731,egauge14018,egauge18158,egauge19696,egauge16133,egauge20670,egauge28684
0.9968422525366298,1.0004117475903869
0.9647831573562042,1.004687713296222
0.9288822199957744,1.0095403211414227
0.9288822199957744,1.0095403211414227
0.9968422525366298,1.0004849013178279
0.9968422525366296,1.0004117475903873
0.9968422525366298,1.0006251669611403
0.9647831573562042,1.004687713296222
0.9647086801855024,1.0046078752817116
0.9647831573562042,1.004687713296222
0.9044717197790437,1.0128401330884054
0.9288822199957744,1.0095403211414227
0.9288822199957744,1.0095403211414227
0.9288822199957744,1.0095403211414227
,,egauge26944,egauge15601,egauge3167,egauge26086,egauge7692,egauge22785,egauge20670,egauge19696,egauge17311,egauge8617
0.9968077288237746,1.000371370223099
0.9644501503074062,1.0042862338113663
0.9282238583473947,1.0087443347641198
0.9278992425022312,1.0084162850207594
0.9968077288237743,1.0004107922290575
0.9968077288237746,1.001012141156902
0.9968077288237743,1.000371370223099
0.9644501503074062,1.0042862338113663
0.9643764276030271,1.004206433481917
0.9644501503074062,1.0042862338113663
0.9038341026287602,1.012041076247046
0.9281715162418691,1.0086407782609157
0.9278992425022312,1.0084162850207596
0.927356461589751,1.0078677623295247
,,egauge18158,egauge24121,egauge20670,egauge7692,egauge3608,egauge13836,egauge3611,egauge20925,egauge19810,egauge2474
0.9968392036187222,1.000405330182004
0.9647537440888445,1.0046239043314453
0.9288241065334597,1.0094138121884342
0.9288241065334597,1.0094138121884342
0.9968392036187225,1.000405330182004
0.9968392036187222,1.0004053301820044
0.9968392036187225,1.0006465613725375
0.9647537440888445,1.004623904331445
0.9646792696204295,1.0045440723062133
0.9647537440888445,1.0046239043314453
0.9044154372105448,1.012713136388019
0.9287716068658648,1.009310174559682
0.9288241065334597,1.0094138121884344
0.9288241065334597,1.0094138121884342
,,egauge2474,egauge7692,egauge8816,egauge22271,egauge20407,egauge20925,egauge15601,egauge3167,egauge23534,egauge16608
0.999368661810293,1.0000993662871118
0.9937512177550546,1.0007762748750924
0.9875733033742107,1.001324308851147
0.9813956301543807,1.0015327513539265
0.9990229644045899,1.0003462993470786
0.99785476657091,1.0003784685562642
0.9958549652093195,1.0008260702730825
0.9938236293688781,1.0010703984452698
0.9937512177550546,1.0005949473630547
0.9937512177550544,1.001212355953016
0.9875733033742107,1.0015194799135143
0.9875733033742107,1.0014122190092667
0.9813956301543807,1.0016452582492517
0.971066604885227,1.0017158321446533
,,egauge7731,egauge8253,egauge33764,egauge24121,egauge16133,egauge3166,egauge17073,egauge3608,egauge13830,egauge23534
0.9993552288269378,1.0000800713250546
0.9936015616481206,1.0005544751633981
0.9874081019309515,1.001000838579372
0.9812148846316778,1.0013385461224897
0.9993552288269378,1.0004602719110205
0.998007622973675,1.0002384621786689
0.9991095826301046,1.0006787920924014
0.9936015616481209,1.0006177177392142
0.9934456663088238,1.000691675246706
0.9936015616481206,1.0006774442053883
0.9874081019309515,1.001121218503082
0.9874081019309515,1.0008865138291214
0.981195678122256,1.0015001403547013
0.9708881143518017,1.0016805244610614
,,egauge19696,egauge13974,egauge14018,egauge16608,egauge8816,egauge20358,egauge3608,egauge22084,egauge18350,egauge22785
0.999339806096996,1.0000626442267637
0.9934603429333742,1.0002341836679942
0.987038527197332,1.000533655591685
0.9807820532260172,1.0008480865243516
0.9982002555948137,1.0004367674523427
0.9984389720619139,1.0003435995718986
0.9974059088462358,1.000841111212358
0.9934603429333742,1.00040993855014
0.9934603429333742,1.0005150963529266
0.9934603429333742,1.000530653373073
0.9870385271973318,1.0006599582752944
0.9867624883470109,1.0001989169630818
0.9806871874516546,1.000963295668541
0.9704607807946907,1.0012044147076162
,,egauge7729,egauge16616,egauge30378,egauge13830,egauge7692,egauge22084,egauge3166,egauge22271,egauge21932,egauge22785
0.998420471351622,1.0006555482507635
0.982249108057103,1.0074749031323504
0.9822491080571025,1.0074749031323502
0.9822491080571025,1.0074749031323502
0.998420471351622,1.0006555482507635
0.998420471351622,1.0006555482507635
0.9983285527396417,1.0006555482507635
0.9520124803569845,1.0202460696840838
0.982249108057103,1.0074749031323504
0.982249108057103,1.0074749031323504
0.9822491080571025,1.00747490313235
0.9822491080571023,1.0074749031323504
0.9822491080571025,1.0074749031323504
0.9822491080571023,1.0074749031323504
,,egauge14795,egauge21932,egauge30039,egauge16133,egauge28684,egauge18544,egauge3166,egauge20670,egauge7729,egauge3608
0.9993699954937533,1.0000937393367393
0.9982668112632173,1.0006448884562404
0.9969606258601106,1.0008870568277786
0.9956105077768216,1.0009780049605832
0.9988425095162838,1.000428363387599
0.9993699954937533,1.0000937393367393
0.9785236451383347,1.0008499636830595
0.9971907501357001,1.0007796896538639
0.9982110734014905,1.000777915597101
0.9981090092964172,1.0013344751076951
0.9969410982088615,1.000902232274688
0.9968666084914828,1.0011025935327664
0.9947650777628679,1.0010958919263377
0.9945963028197413,1.0009567140788262
,,egauge8253,egauge30378,egauge27467,egauge20670,egauge16133,egauge5198,egauge15623,egauge19821,egauge3167,egauge7729
0.9929179265030734,1.0006555482507635
0.9295949540126602,1.0074749031323504
0.8602357025350158,1.0095875908229497
0.7909011516273509,1.00958759082295
0.9929179265030734,1.0006555482507635
0.9929179265030732,1.0006555482507635
0.9929179265030734,1.0009007715026952
0.8995545286615273,1.0202460696840838
0.9295949540126602,1.0074749031323504
0.9295949540126602,1.0074749031323504
0.8602357025350158,1.0128875851076662
0.8602357025350158,1.00958759082295
0.7909011516273511,1.00958759082295
0.6750378199178424,1.0095875908229497
,,egauge8816,egauge20670,egauge26086,egauge8253,egauge13974,egauge18544,egauge24121,egauge30378,egauge5198,egauge20358
0.9929179265030734,1.0006555482507635
0.9295949540126602,1.0074749031323504
0.8602357025350158,1.0095875908229497
0.7909011516273509,1.00958759082295
0.9929179265030734,1.0006555482507635
0.9929179265030732,1.0006950458017279
0.9929179265030734,1.0009197426203773
0.8995545286615273,1.0202460696840838
0.9295949540126602,1.0074749031323504
0.9295949540126602,1.0074749031323504
0.8602357025350158,1.0128875851076662
0.8602357025350158,1.00958759082295
0.7909011516273511,1.00958759082295
0.6750378199178424,1.0095875908229497
,,egauge28684,egauge30039,egauge20670,egauge2850,egauge30378,egauge19821,egauge19696,egauge27467,egauge9102,egauge32290
0.9929179265030734,1.000667799954807
0.9295949540126602,1.0075965204204698
0.8602357025350158,1.0077148324525482
0.7909011516273509,1.007717485779091
0.9929179265030734,1.000667799954807
0.9929179265030732,1.0007483116825953
0.9929179265030734,1.0007047149808836
0.8995545286615273,1.0203695049039394
0.9295949540126602,1.0075965204204698
0.9295949540126602,1.0075965204204698
0.8602357025350158,1.0077129142156145
0.8602357025350158,1.0079129396678372
0.7909011516273511,1.0077205026432718
0.6750378199178424,1.007717485779091
,,egauge20358,egauge7729,egauge23534,egauge22084,egauge27467,egauge20670,egauge16616,egauge3167,egauge18350,egauge19696
0.9967525115589295,1.0005634783711548
0.9639651393883153,1.0065583120431931
0.9631269138876222,1.0056657194002467
0.9631269138876222,1.0056657194002467
0.9967525115589295,1.0005634783711548
0.9967525115589293,1.0005634783711548
0.9967525115589295,1.0007653044053106
0.9041630639832086,1.0193157735185308
0.9639651393883153,1.0065583120431933
0.9639651393883153,1.0065583120431931
0.9631269138876222,1.0056657194002467
0.9617253471000016,1.0041732468956046
0.9631269138876222,1.0056657194002467
0.9631269138876222,1.0056657194002467
,,egauge32290,egauge4183,egauge18158,egauge8617,egauge27467,egauge5198,egauge20407,egauge17073,egauge19810,egauge18544
0.9998335952147701,1.0000546948258975
0.9983704818726967,1.0003729722741812
0.9974081006047321,1.0005827565851593
0.9969156646261585,1.0008262780916897
0.9988996076751318,1.000030556679581
0.9994614779392529,1.0004750010570236
0.9990662690311839,1.0007538616782066
0.9969301896330361,1.0004568901406872
0.9982018148236168,1.0007329075727567
0.9967448799289634,1.0006213458827953
0.9970486652030169,1.0005827565851593
0.9972638022642455,1.000688233561291
0.9961947911343962,1.0008262780916897
0.9965666531718682,1.0012404732516869
,,egauge21932,egauge20670,egauge30039,egauge17073,egauge26944,egauge23534,egauge18158,egauge28684,egauge13830,egauge20407
0.9968249044118235,1.0006506024023507
0.9646499571589515,1.0074184236161805
0.9646499571589511,1.00741842361618
0.9646499571589511,1.00741842361618
0.9968249044118235,1.0006506024023507
0.9968249044118235,1.0006754212378626
0.9968249044118235,1.0008493478731308
0.9644091647491151,1.007322755830274
0.9047973221960284,1.0201887448954328
0.9646499571589515,1.0074184236161803
0.9646499571589511,1.00741842361618
0.9646499571589511,1.0074184236161798
0.9646499571589513,1.00741842361618
0.9646499571589511,1.0074184236161798
,,egauge2850,egauge20670,egauge18350,egauge23534,egauge22084,egauge13974,egauge3611,egauge21932,egauge33764,egauge13836
0.9968325263957374,1.0006524327812816
0.9647404904262425,1.0074438863118442
0.9646942026697083,1.0074136822004633
0.9646479149274088,1.007383478094888
0.9968325263957372,1.0006524327812816
0.9968325263957372,1.0006524327812814
0.9968325263957372,1.0006524327812816
0.9048811706357951,1.020214588775033
0.9647404904262425,1.0074438863118442
0.9647404904262425,1.0074438863118442
0.9646942026697083,1.0074136822004633
0.9646942026697083,1.0074136822004631
0.9646479149274088,1.007383478094888
0.9645705183363759,1.0073329745440096
,,egauge16133,egauge15623,egauge33764,egauge3166,egauge8617,egauge23534,egauge21932,egauge7692,egauge2474,egauge28351
0.9934890871701588,1.0010042388494504
0.9322655297143173,1.0102619443770764
0.898992672094174,1.0180069460513004
0.8657265126058963,1.0257523379609406
0.9934890871701588,1.0010042388494504
0.9934890871701586,1.0010042388494504
0.9934890871701588,1.0010042388494504
0.8748050267967051,1.0202145896239518
0.9322655297143173,1.0102619443770764
0.9322655297143173,1.0102619443770764
0.898992672094174,1.0180069460513004
0.898992672094174,1.0180069460513004
0.8657265126058964,1.0257523379609406
0.8101189209197488,1.0387040164259114
,,egauge19696,egauge28684,egauge3166,egauge18350,egauge13974,egauge7729,egauge28351,egauge30039,egauge14018,egauge8253
0.9968225309630309,1.000655548248032
0.9646436339363672,1.0074749022535592
0.9644984196765113,1.0074749015626296
0.9644984196765113,1.0074749015626296
0.9968225309630309,1.000655548248032
0.9968225309630309,1.0006555482480322
0.9968225309630309,1.000655548248032
0.9047914648490296,1.02024606805871
0.9646436339363672,1.007474902253559
0.9646436339363674,1.0074749022535594
0.9644984196765113,1.0074749015626296
0.9642556107100377,1.0074749004287944
0.9644984196765115,1.0074749015626296
0.9644984196765113,1.0074749015626296
,,egauge8253,egauge8816,egauge2850,egauge9102,egauge13836,egauge18350,egauge14018,egauge19821,egauge19696,egauge20925
0.9968372032771096,1.0006555482507635
0.9647858095695877,1.0074749031323504
0.9647858095695876,1.0074749031323502
0.9647858095695876,1.0074749031323502
0.9968372032771096,1.0006555482507635
0.9960007872872215,1.000733221856398
0.9953091186123403,1.0006555482507635
0.9049231434923777,1.0202460696840838
0.9647858095695877,1.0074749031323504
0.9647858095695877,1.0074749031323504
0.9647858095695876,1.00747490313235
0.9647858095695876,1.0074749031323504
0.9647858095695876,1.0074749031323504
0.9647858095695876,1.0074749031323504
,,egauge20358,egauge27467,egauge4183,egauge13836,egauge8617,egauge3608,egauge18350,egauge20925,egauge18158,egauge16608
0.9968368717753419,1.0006582150247618
0.9647825972669382,1.0075014524133712
0.9647793163173276,1.0075273060304597
0.9647760353677891,1.007553159651803
0.9968368717753419,1.0006582150247618
0.9968368717753419,1.0008459216754082
0.9968368717753419,1.0006582150247618
0.9049201683494327,1.020273015918649
0.9647825972669382,1.0075014524133712
0.9647825972669382,1.0075014524133712
0.9647793163173276,1.0075273060304597
0.9647793163173276,1.00752730603046
0.9647760353677891,1.007553159651803
0.9647705493718329,1.0075963888926711
,,egauge30378,egauge2850,egauge23534,egauge15601,egauge22084,egauge3608,egauge22271,egauge14795,egauge7729,egauge19821
0.9968372032771096,1.0006555482507635
0.9647858095695877,1.0074749031323504
0.9647858095695876,1.0074749031323502
0.9647858095695876,1.0074749031323502
0.9968372032771096,1.0006555482507635
0.9956542513702666,1.0006555482507635
0.9968372032771096,1.0006896382608186
0.9049231434923777,1.0202460696840838
0.9647858095695877,1.0074749031323504
0.9647858095695877,1.0074749031323504
0.9647858095695876,1.00747490313235
0.9647858095695876,1.0074749031323504
0.9647858095695876,1.0074749031323504
0.9647858095695876,1.0074749031323504
,,egauge20407,egauge18544,egauge26086,egauge15601,egauge20925,egauge22084,egauge16133,egauge2850,egauge30378,egauge8617
0.9938485504912851,1.0009736294089737
0.9322798988986454,1.0111172434098386
0.8978159191775059,1.0225191136333052
0.8978159191775059,1.0225191136333052
0.9938485504912851,1.0009736294089737
0.9938485504912851,1.0009736294089737
0.9938485504912851,1.0009736294089737
0.8748136695448635,1.020273015918649
0.9322798988986454,1.0111172434098386
0.9322798988986454,1.0111172434098383
0.8743824586781025,1.0302725981361682
0.8978159191775059,1.0225191136333052
0.897815919177506,1.0225191136333052
0.8978159191775059,1.0225191136333052
,,egauge8253,egauge26086,egauge8617,egauge23534,egauge13836,egauge2474,egauge18350,egauge28684,egauge16608,egauge14795
0.9901142193484868,1.0006555482507635
0.8993322368348211,1.0074749031323504
0.8322414191488492,1.0095875908229497
0.7651744995128966,1.00958759082295
0.9901142193484868,1.0006555482507635
0.9901142193484868,1.0008158602886301
0.9901142193484868,1.0006555482507635
0.8443055246022007,1.0202460696840838
0.8993322368348212,1.0074749031323504
0.8993322368348211,1.0074749031323504
0.8322414191488492,1.0128875851076662
0.8322414191488493,1.00958759082295
0.7651744995128966,1.00958759082295
0.6531005268556509,1.0095875908229497
,,egauge22785,egauge20670,egauge8253,egauge3611,egauge15623,egauge20407,egauge8816,egauge13974,egauge18158,egauge21932
0.9938485504912851,1.0009736294089737
0.9322798988986454,1.0111172434098386
0.8978159191775059,1.0225191136333052
0.8978159191775059,1.0225191136333052
0.9938485504912851,1.0009736294089737
0.9938485504912851,1.0009736294089737
0.9938485504912851,1.0009736294089737
0.8748136695448635,1.0196624869009476
0.9322798988986454,1.0111172434098386
0.9322798988986454,1.0111172434098383
0.8743824586781025,1.0302725981361682
0.8978159191775059,1.0225191136333052
0.897815919177506,1.0225191136333052
0.8978159191775059,1.0225191136333052
,,egauge3167,egauge8253,egauge3166,egauge20407,egauge18350,egauge18544,egauge7731,egauge19810,egauge14018,egauge8617
0.9968372032771096,1.0006555482507635
0.9647858095695877,1.0074749031323504
0.9289223801785241,1.009587590822902
0.9289223801785241,1.009587590822902
0.9968372032771096,1.0006555482507635
0.9968372032771093,1.0006555482507635
0.9968372032771096,1.0006555482507635
0.9049231434923777,1.0202460696840838
0.9647858095695877,1.0074749031323504
0.9647858095695877,1.0074749031323504
0.9045106144251055,1.0128875851076002
0.9289223801785241,1.0095875908229022
0.9289223801785241,1.009587590822902
0.9289223801785241,1.0095875908229022
,,egauge19810,egauge2474,egauge9102,egauge14795,egauge14018,egauge22084,egauge17311,egauge8816,egauge3611,egauge21932
0.9968372032771096,1.0006555482507635
0.9647858095695877,1.0074749031323504
0.9289223801785241,1.009587590822902
0.9289223801785241,1.009587590822902
0.9968372032771096,1.0006555482507635
0.9968372032771093,1.0006555482507635
0.9968372032771096,1.0006555482507635
0.9049231434923777,1.0202460696840838
0.9647858095695877,1.0074749031323504
0.9647858095695877,1.0074749031323504
0.9045106144251055,1.0128875851076002
0.9289223801785241,1.0095875908229022
0.9289223801785241,1.009587590822902
0.9289223801785241,1.0095875908229022
,,egauge17311,egauge16133,egauge19696,egauge15601,egauge18544,egauge7692,egauge21932,egauge14018,egauge30039,egauge18350
0.9968372032771096,1.0006555482507635
0.9647858095695877,1.0074749031323504
0.9647858095695876,1.0074749031323502
0.9647858095695876,1.0074749031323502
0.9968372032771096,1.0006555482507635
0.9968372032771093,1.0006555482507635
0.9967721885608419,1.0009130259548547
0.9647858095695877,1.0074749031323504
0.9049231434923777,1.0202460696840838
0.9647858095695877,1.0074749031323504
0.9647858095695876,1.00747490313235
0.9647858095695876,1.0074749031323504
0.9647858095695876,1.0074749031323504
0.9647858095695876,1.0074749031323504
,,egauge27467,egauge28684,egauge20670,egauge16616,egauge21932,egauge19821,egauge20925,egauge32290,egauge19810,egauge18350
0.9998756184288788,1.0000712435178607
0.9988590331875686,1.0003372661722456
0.9979235463042654,1.0004011217610664
0.9972516709454708,1.0004791350280104
0.9997034869740234,1.000464053664156
0.9991095303772667,1.0004146676837748
0.9991827131407152,1.0006566601118698
0.9987278206798929,1.000376052481411
0.9988590331875686,1.0007394969030399
0.9981798059446235,1.0014976756914424
0.99790761595864,1.0004011217610664
0.996978307550049,1.0004011217610664
0.996450688188248,1.0004791350280104
0.9971174094861236,1.0006167652633498
,,egauge19696,egauge26086,egauge2850,egauge5198,egauge30378,egauge3167,egauge23534,egauge16608,egauge3166,egauge13974
0.9968256378808891,1.000405565235557
0.9646680481450913,1.0046282117643939
0.9645951261104738,1.0045627464599034
0.9645222041111878,1.0044972811827577
0.9968256378808891,1.0004408324504903
0.9968256378808891,1.0008238720625178
0.9954223092329819,1.000405565235557
0.9646680481450913,1.0046282117643939
0.9048140776214127,1.0127129637785839
0.9645112848846183,1.004502709862136
0.9645951261104738,1.0045627464599034
0.9645951261104738,1.0045627464599034
0.9644392909867551,1.004422846424811
0.9645222041111878,1.004497281182758
,,egauge18158,egauge7731,egauge8253,egauge4183,egauge30039,egauge2474,egauge23534,egauge14018,egauge13974,egauge33764
0.9968256378872923,1.0004055652369652
0.9646680479805294,1.0046282118233825
0.9645951257724064,1.0045627465919074
0.9645222035996123,1.004497281387778
0.9968256378872923,1.0004185715642926
0.9968256378872923,1.0008120378922263
0.9968256378872923,1.0004055652369652
0.9646680479805294,1.0046282118233825
0.9048140772448373,1.0127129638867127
0.9645112849660293,1.0045027098159869
0.9645951257724064,1.0045627465919071
0.9645951257724061,1.0045627465919076
0.9644392902835282,1.0044228467112821
0.9645222035996123,1.004497281387778
,,egauge9102,egauge13974,egauge5198,egauge18158,egauge28351,egauge22084,egauge20670,egauge28684,egauge7692,egauge33764
0.999864947742214,1.000074524304616
0.998743322471463,1.0006157929483384
0.9979893533814714,1.0010787997963304
0.9973412287413922,1.0013021618627929
0.9991069253385637,1.0002971253214634
0.9984679425965157,1.0003579512796854
0.998075624262295,1.000497757479537
0.9984131611289546,1.000927808539027
0.9980051085599193,1.0007042849266623
0.9983529950502061,1.00028215614075
0.9979469219017615,1.001165446812981
0.9979167142109141,1.001266445417338
0.9966447499499971,1.001383003443124
0.997281752857975,1.0015812375424387
,,egauge32290,egauge30039,egauge18158,egauge26944,egauge21932,egauge13836,egauge22271,egauge5198,egauge23534,egauge13830
0.9968332796309548,1.0006555482489108
0.9647477896931852,1.0074749025232599
0.9647089572031922,1.0074749020446025
0.9647089572031922,1.0074749020446025
0.9968332796309549,1.0006555482489108
0.9968332796309548,1.000820319149387
0.9968332796309549,1.0008152913512653
0.9647477896931852,1.0074749025232599
0.9048879311807251,1.0202460685569488
0.9647477896931852,1.0074749025232599
0.9647089572031922,1.0074749020446025
0.9646440263466579,1.0074749012591209
0.9647089572031922,1.0074749020446025
0.9647089572031922,1.0074749020446025
,,egauge28351,egauge13974,egauge7731,egauge23534,egauge14795,egauge20670,egauge5198,egauge3611,egauge27467,egauge3166
0.9968341604519584,1.0006555482683097
0.9647521967811066,1.0074749026485061
0.9647521967811064,1.0074749026485057
0.9647521967811064,1.0074749026485057
0.9968341604519584,1.0006555482683097
0.9968341604519584,1.00065554826831
0.9968341604519584,1.0008644535945843
0.9647521967811066,1.0074749026485061
0.9048920128507013,1.0202460687645918
0.9646385501352599,1.0074749011534476
0.9647521967811064,1.0074749026485057
0.9647521967811064,1.007474902648506
0.9647521967811064,1.0074749026485057
0.9647521967811064,1.0074749026485057
,,egauge22271,egauge32290,egauge3611,egauge2850,egauge8816,egauge2474,egauge26086,egauge3167,egauge24121,egauge19696
0.9968341604519584,1.0006555482683097
0.9647521967811066,1.0074749026485061
0.9647521967811064,1.0074749026485057
0.9647521967811064,1.0074749026485057
0.9968341604519584,1.0006555482683097
0.9968341604519584,1.00065554826831
0.9968341604519584,1.0006555482683097
0.9647521967811066,1.0074749026485061
0.9048920128507013,1.0202460687645918
0.9646385501352599,1.0074749011534476
0.9647521967811064,1.0074749026485057
0.9647521967811064,1.007474902648506
0.9647521967811064,1.0074749026485057
0.9647521967811064,1.0074749026485057
,,egauge22785,egauge18350,egauge15623,egauge22084,egauge2850,egauge7731,egauge28351,egauge14018,egauge4183,egauge23534
0.9998002320929308,1.0000386154329133
0.9980353418695869,1.0003234035052555
0.9971072092157848,1.0007354621915618
0.9968831720299031,1.0010525511157613
0.9989841790006629,1.0000589332632328
0.9993878899990725,1.0002970318216926
0.9992750328273216,1.0003267958025688
0.9977700959622589,1.0003234035052555
0.9960095930717725,1.0006377341115424
0.9976696744627147,1.000921679616479
0.9967549938693119,1.0007674917291849
0.9965020997309315,1.0009511090751781
0.9967867447338401,1.0011785834021312
0.9966503701204272,1.0013974072735432
,,egauge3611,egauge28351,egauge8816,egauge3167,egauge32290,egauge24121,egauge17311,egauge23534,egauge20358,egauge16133
0.9968372032770296,1.0006555482507635
0.9647858095687106,1.0074749031323504
0.9647858095687105,1.0074749031323502
0.9647858095687105,1.0074749031323502
0.9968372032770296,1.0006555482507635
0.9968372032770296,1.0006555482507635
0.9958334276813834,1.0008363628738306
0.9647858095687106,1.0074749031323504
0.9049231434900151,1.0202460696840838
0.9647858095687105,1.0074749031323504
0.9647858095687105,1.00747490313235
0.9647858095687106,1.0074749031323504
0.9647858095687106,1.0074749031323504
0.9647858095687106,1.0074749031323504
,,egauge23534,egauge19821,egauge19696,egauge20358,egauge13974,egauge18544,egauge20925,egauge22271,egauge22084,egauge8816
0.9997188902203691,1.0001221155883473
0.9981456014094765,1.0007237239038633
0.9968946173521096,1.0010132019214337
0.9957308043216284,1.00097945720975
0.9994435098268123,1.0004010221997013
0.9988406731898387,1.0013165365466572
0.9966902523204368,1.0008557292263052
0.9980172166734411,1.000879209562258
0.9975504480414976,1.0008494454163315
0.997824113928519,1.0014075634312003
0.996869180350907,1.0011064830591758
0.9968114235319208,1.0013242829585784
0.9956586694977791,1.0008563057335103
0.9937508175180122,1.0011041387108979
,,egauge26944,egauge23534,egauge20358,egauge20925,egauge24121,egauge13830,egauge9102,egauge32290,egauge16608,egauge17311
0.9968372032770029,1.0006555482507635
0.9647858095684186,1.0074749031323504
0.9647858095684182,1.0074749031323502
0.9647858095684182,1.0074749031323502
0.9968372032770029,1.0006555482507635
0.9968372032770029,1.000691980625894
0.9968372032770029,1.0006555482507635
0.9647858095684186,1.0074749031323504
0.9049231434892281,1.0202460696840838
0.9647858095684186,1.0074749031323504
0.9647858095684182,1.00747490313235
0.9647858095684182,1.0074749031323504
0.9647858095684182,1.0074749031323504
0.964785809568418,1.0074749031323504
,,egauge24121,egauge26086,egauge21932,egauge2474,egauge3611,egauge3166,egauge7729,egauge32290,egauge19696,egauge15601
0.9998241937938773,1.0000896073447674
0.9982820189481694,1.0006938449473854
0.9970307895136283,1.0011520904573514
0.9960548632891199,1.0015995211104212
0.9990763457063576,1.0002287814481652
0.9986409208518233,1.000849890078642
0.9998241937938769,1.0000896073447674
0.03325967813898119,0.03336408650119564
0.9972742056747254,1.0007764053168
0.9982159537480306,1.0007692157099328
0.9967677254631757,1.0012190104841465
0.9966899555183941,1.0010640137415983
0.9950080946233614,1.0017641534205735
0.9949546757186625,1.0021055547879942
,,egauge21932,egauge32290,egauge3166,egauge14795,egauge18158,egauge13836,egauge22271,egauge3611,egauge8617,egauge7731
0.9967881385733514,1.0009663529416188
0.9642439655078042,1.0110401207236372
0.9642439684019927,1.011040120216784
0.9642439684019924,1.011040120216784
0.9967881385733514,1.0009663529416188
0.9967881385733514,1.000966352941619
0.9967881385733514,1.0009663529416188
0.9044213108820311,1.0300337607471335
0.963283609435668,1.0109169384013534
0.964243965507804,1.0110401207236372
0.9642439684019927,1.011040120216784
0.9642439731023366,1.0110401193889924
0.9642439684019924,1.011040120216784
0.9642439684019924,1.011040120216784
,,egauge18350,egauge24121,egauge17073,egauge26086,egauge20925,egauge23534,egauge15601,egauge17311,egauge9102,egauge22084
0.9968372032759065,1.0006555482507635
0.9647858095564337,1.0074749031323504
0.9647858095564334,1.0074749031323502
0.9647858095564334,1.0074749031323502
0.9968372032759065,1.0006555482507635
0.9968372032759065,1.0006555482507635
0.9968372032759065,1.0007933256004327
0.9647858095564337,1.0074749031323504
0.9049231434569522,1.0202460696840838
0.9647858095564337,1.0074749031323504
0.9647858095564334,1.00747490313235
0.9647858095564334,1.0074749031323504
0.9647858095564337,1.0074749031323504
0.9647858095564334,1.0074749031323504
,,egauge16608,egauge14795,egauge26086,egauge5198,egauge28351,egauge30039,egauge3611,egauge20407,egauge18158,egauge2850
0.9968372032582481,1.0006555482569908
0.9647858096374415,1.007474902961274
0.9647858096374412,1.0074749029612735
0.9647858096374412,1.0074749029612735
0.9968372032582481,1.000655548256991
0.9968372032582481,1.000655548256991
0.9968372032582481,1.0007936475863617
0.9647858096374415,1.007474902961274
0.9049231436682043,1.0202460693586874
0.9647858099445815,1.007474902432962
0.9647858096374412,1.0074749029612735
0.9647858096374413,1.0074749029612737
0.9647858096374413,1.0074749029612735
0.9647858096374413,1.0074749029612735
,,egauge2474,egauge16616,egauge27467,egauge13830,egauge20670,egauge19821,egauge26086,egauge14795,egauge32290,egauge18544
0.9968372032582481,1.0006555482569908
0.9647858096374415,1.007474902961274
0.9647858096374412,1.0074749029612735
0.9647858096374412,1.0074749029612735
0.9968372032582481,1.000655548256991
0.9968372032582481,1.000655548256991
0.9968372032582481,1.0008819680336263
0.9647858096374415,1.007474902961274
0.9049231436682043,1.0202460693586874
0.9647858099445815,1.007474902432962
0.9647858096374412,1.0074749029612735
0.9647858096374413,1.0074749029612737
0.9647858096374413,1.0074749029612735
0.9647858096374413,1.0074749029612735
,,egauge9102,egauge33764,egauge20358,egauge4183,egauge16616,egauge15623,egauge24121,egauge19810,egauge22785,egauge17073
0.9968372032759065,1.0006555482507635
0.9647858095564337,1.0074749031323504
0.9647858095564334,1.0074749031323502
0.9647858095564334,1.0074749031323502
0.9968372032759065,1.0006555482507635
0.9968372032759065,1.0006555482507635
0.9968372032759065,1.0006555482507635
0.9647858095564337,1.0074749031323504
0.9049231434569522,1.0202460696840838
0.9647858095564337,1.0074749031323504
0.9647858095564334,1.00747490313235
0.9647858095564334,1.0074749031323504
0.9647858095564337,1.0074749031323504
0.9647858095564334,1.0074749031323504
,,egauge28351,egauge22271,egauge18158,egauge26944,egauge13836,egauge20925,egauge22084,egauge3611,egauge20358,egauge14795
0.9968372032759065,1.0006555482507635
0.9647858095564337,1.0074749031323504
0.9647858095564334,1.0074749031323502
0.9647858095564334,1.0074749031323502
0.9968372032759065,1.0006555482507635
0.9968372032759065,1.0008382949058143
0.9968372032759065,1.0008057006171833
0.9647858095564337,1.0074749031323504
0.9049231434569522,1.0202460696840838
0.9647858095564337,1.0074749031323504
0.9647858095564334,1.00747490313235
0.9647858095564334,1.0074749031323504
0.9647858095564337,1.0074749031323504
0.9647858095564334,1.0074749031323504
,,egauge2850,egauge4183,egauge20670,egauge3166,egauge8253,egauge2474,egauge22084,egauge15623,egauge20925,egauge3608
0.9968372032759065,1.0006555482507635
0.9647858095564337,1.0074749031323504
0.9647858095564334,1.0074749031323502
0.9647858095564334,1.0074749031323502
0.9968372032759065,1.0006555482507635
0.9968372032759065,1.0006555482507635
0.9968372032759065,1.0006555482507635
0.9647858095564337,1.0074749031323504
0.9049231434569522,1.0202460696840838
0.9647858095564337,1.0074749031323504
0.9647858095564334,1.00747490313235
0.9647858095564334,1.0074749031323504
0.9647858095564337,1.0074749031323504
0.9647858095564334,1.0074749031323504
,,egauge8816,egauge7729,egauge14018,egauge18158,egauge23534,egauge13830,egauge14795,egauge19696,egauge7731,egauge17073
0.9968372032582481,1.0006555482569908
0.9647858096374415,1.007474902961274
0.9647858096374412,1.0074749029612735
0.9647858096374412,1.0074749029612735
0.9968372032582481,1.000655548256991
0.9968372032582481,1.000655548256991
0.9968372032582481,1.0009060268409915
0.9647858096374415,1.007474902961274
0.9049231436682043,1.0202460693586874
0.9647858099445815,1.007474902432962
0.9647858096374412,1.0074749029612735
0.9647858096374413,1.0074749029612737
0.9647858096374413,1.0074749029612735
0.9647858096374413,1.0074749029612735
,,egauge17311,egauge19810,egauge26086,egauge22271,egauge8617,egauge15601,egauge7731,egauge21932,egauge9102,egauge15623
0.9968372032582481,1.0006555482569908
0.9647858096374415,1.007474902961274
0.9647858096374412,1.0074749029612735
0.9647858096374412,1.0074749029612735
0.9968372032582481,1.000655548256991
0.9968372032582481,1.000655548256991
0.9968372032582481,1.000902293975216
0.9647858096374415,1.007474902961274
0.9049231436682043,1.0202460693586874
0.9647858099445815,1.007474902432962
0.9647858096374412,1.0074749029612735
0.9647858096374413,1.0074749029612737
0.9647858096374413,1.0074749029612735
0.9647858096374413,1.0074749029612735
,,egauge18544,egauge4183,egauge20670,egauge14018,egauge23534,egauge16616,egauge3167,egauge17073,egauge26086,egauge13974
0.9968372032582481,1.0006555482569908
0.9647858096374415,1.007474902961274
0.9647858096374412,1.0074749029612735
0.9647858096374412,1.0074749029612735
0.9968372032582481,1.000655548256991
0.9968372032582481,1.000655548256991
0.9968372032582481,1.0007357376551376
0.9647858096374415,1.007474902961274
0.9049231436682043,1.0202460693586874
0.9647858099445815,1.007474902432962
0.9647858096374412,1.0074749029612735
0.9647858096374413,1.0074749029612737
0.9647858096374413,1.0074749029612735
0.9647858096374413,1.0074749029612735
,,egauge8253,egauge20670,egauge26086,egauge4183,egauge21932,egauge16616,egauge22785,egauge19810,egauge3167,egauge7692
0.9963258606857055,1.0008404468080623
0.9963258606857055,1.000840446808062
0.9963258606857051,1.0008404468080616
0.9961232530100835,1.0008404468080616
0.9963258606857055,1.0008404468080623
0.8814742270400873,1.0262318122955205
0.9963258606857055,1.0008740215480902
0.9963258606857055,1.000840446808062
0.9963258606857055,1.000840446808062
0.9963258606857055,1.000840446808062
0.9963258606857051,1.0008404468080614
0.9956043008628419,1.0008404468080618
0.996080816156811,1.0010639716483702
0.9950772332504924,1.0008404468080616
,,egauge20670,egauge30378,egauge22084,egauge17311,egauge8816,egauge20925,egauge18350,egauge7731,egauge26086,egauge28684
0.9998421653174743,1.000076500418854
0.9986080480152222,1.0006955779615618
0.9984112422869326,1.001268377057255
0.99830427536546,1.0015446184804344
0.9990477963552246,1.0003821193037077
0.9984814278926579,1.000552606061764
0.9987119964065321,1.000014413319428
0.9985792146721185,1.000831378114813
0.996725318538417,1.0008200748790714
0.9978835347146626,1.001252203919177
0.9983892401420805,1.0013165736656784
0.9983151270181782,1.0016601356494543
0.9982246079700202,1.0017812714470506
0.9982425765665034,1.0016584967728936
,,egauge33764,egauge19696,egauge22785,egauge23534,egauge8253,egauge13830,egauge8617,egauge19821,egauge20925,egauge4183
0.9997813384558618,1.0001127344539422
0.998884955075542,1.000880258020755
0.998388720467152,1.0015128452512618
0.9982900887968378,1.001753148824616
0.9994849878418408,1.0003506182336934
0.9969093581963913,1.0007997732652414
0.9980381766670574,1.0002566624587141
0.9987400707185466,1.0010488946691691
0.9980102950935824,1.0009157215987774
0.9985250110004875,1.0012313994379463
0.9983517749361688,1.0015177600103937
0.9978147466607323,1.002156691861546
0.9982499555628489,1.0019195059057333
0.998184188691919,1.001910312414548
,,egauge28684,egauge18158,egauge2474,egauge3167,egauge20358,egauge15601,egauge19696,egauge16133,egauge8816,egauge3166
0.9997644005052653,1.0000993176989443
0.9976606717614682,1.0007725023542993
0.9954914774672323,1.0010932171149596
0.9942746444348549,1.0013225539682762
0.9995036724729325,1.0002952012413142
0.9991350647642476,1.0007457249976088
0.9981409277664716,1.000694242059177
0.9976012396743457,1.000855590730439
0.9975323039878523,1.000927996959043
0.9966018840564859,1.0016849727211241
0.9949282621032361,1.0011865954721395
0.9952839796820805,1.0012358241929924
0.9929270930433628,1.0015922960454386
0.9942217158995431,1.0013670333412548
,,egauge2474,egauge17073,egauge14018,egauge8617,egauge9102,egauge18544,egauge32290,egauge20670,egauge16616,egauge20407
0.9963258606857055,1.0007874868256332
0.9963258606857055,1.0007874868256332
0.9963258606857051,1.0007874868256328
0.9963258606857051,1.0007874868256328
0.9963258606857055,1.0007874868256332
0.8814742270400873,1.0245882874690324
0.9963258606857055,1.0008552380916604
0.9963258606857055,1.0007874868256332
0.9963258606857055,1.0007874868256332
0.9963258606857055,1.0011602256242627
0.9963258606857051,1.0007874868256326
0.9963258606857051,1.0007874868256328
0.9963258606857051,1.000787486825633
0.9963258606857051,1.0007874868256328
,,egauge15601,egauge17073,egauge27467,egauge13836,egauge5198,egauge8816,egauge16616,egauge17311,egauge3608,egauge3166
0.9963258606857055,1.0007874868256332
0.9963258606857055,1.0007874868256332
0.9963258606857051,1.0007874868256328
0.9963258606857051,1.0007874868256328
0.9963258606857055,1.0007874868256332
0.8814742270400873,1.0245882874690324
0.9963258606857055,1.000889915898252
0.9963258606857055,1.001007802396897
0.9963258606857055,1.0007874868256332
0.9948594687631208,1.0011802044645515
0.9963258606857051,1.0007874868256326
0.9963258606857051,1.0007901865163726
0.9963258606857051,1.000787486825633
0.9963258606857051,1.0007874868256328
,,egauge5198,egauge21932,egauge3166,egauge16616,egauge32290,egauge4183,egauge22785,egauge3167,egauge13836,egauge30378
0.9962881887344286,1.0007485225405137
0.9959273234571004,1.0005970723295026
0.9957357152537286,1.0010583349609714
0.9955441072865718,1.0014322568498262
0.9962881887344286,1.0007485225405137
0.8814416941018288,1.0245482280035705
0.9962881887344286,1.0007485225405137
0.9959273234571004,1.0006650823983811
0.9959273234571004,1.000531999472345
0.9952653362579242,1.000975922427214
0.9957357152537284,1.0010776910496577
0.9957357152537286,1.0011567816525315
0.9953262470490295,1.0017633832087307
0.9955441072865718,1.0015705334395177
,,egauge28684,egauge19821,egauge8816,egauge13974,egauge26944,egauge20407,egauge19810,egauge7692,egauge30378,egauge16608
0.9997343765278582,1.0000829408355936
0.9980515301943401,1.0003315006445426
0.9964677995142228,1.0004338704743718
0.9961810333845683,1.0006821223076015
0.9990450765909089,1.0002718148264758
0.9988188136603039,1.0012783631637154
0.9957787510693378,1.0008446264405224
0.9976453097140594,1.0004624817268166
0.9971792944398628,1.0006620431050701
0.9961892999392052,1.0000696308499433
0.9960114352253766,1.000277800843042
0.9954213518969707,1.0005799734483523
0.9958895205184068,1.0008365230212937
0.9961302347962788,1.0008701589216413
,,egauge17073,egauge17311,egauge18158,egauge28351,egauge2850,egauge23534,egauge18350,egauge20925,egauge27467,egauge22785
0.9998270546718624,1.0000423404818843
0.9983263781273739,1.0001006264159054
0.9980042649815651,1.0004044796831486
0.997440067012929,1.000616100359926
0.9994105585338007,1.0003987108642325
0.9982574960302857,1.0004016450582347
0.9990508409455606,1.0007188699751088
0.9977170777291279,1.0001858732153257
0.9962473385954789,0.9999997191738368
0.996189300203197,1.0006721679826822
0.9979717933444592,1.0004521625175329
0.997784858349417,1.0006044578279665
0.9973230011137488,1.0008707947731783
0.9965622190910044,1.0006540881213712
,,egauge3608,egauge8617,egauge13974,egauge8253,egauge33764,egauge19810,egauge20925,egauge22785,egauge14795,egauge2474
0.999775907549873,1.0000458023044259
0.9984474122184325,1.000381211968942
0.9973671524931297,1.0008456162617765
0.9965093131444255,1.0011791992671257
0.9987241978674686,1.0000245351021249
0.998940257261321,1.0001965260216397
0.9983242822585077,1.0003473549328963
0.9976060421020126,1.0003971522343467
0.998318154714653,1.000583338736068
0.9961892999392052,0.9999997193624363
0.9970780006021754,1.0009388789399511
0.9968522099385702,1.0009085789687584
0.9958606914875627,1.0014070067712355
0.9960288022458617,1.0014107612798717
,,egauge24121,egauge22785,egauge14018,egauge8253,egauge33764,egauge26944,egauge13974,egauge19821,egauge13836,egauge8617
0.9998331234918123,1.000127749551467
0.9987083688660151,1.0010422953881146
0.9980886774095139,1.0017229899663187
0.9980114108737161,1.0019488593359558
0.9990944483964198,1.0002682165451224
0.9982166738991018,1.0001820590227084
0.9974202648090806,1.0009062764483587
0.9979938894335747,1.001061727907929
0.9986225207562345,1.0012407610255354
0.996189300203197,1.0016735643994252
0.9977957410838042,1.0017765242278687
0.9977554052238903,1.0023518580641684
0.9979575361692083,1.0021806822268648
0.9978558255848716,1.0019856145960653
,,egauge26944,egauge7731,egauge20925,egauge30378,egauge14018,egauge7692,egauge19810,egauge28351,egauge9102,egauge15601
0.9963222815999451,1.000784042159409
0.9962853243286311,1.0007627984736658
0.996243807989378,1.0010326023384148
0.9962313726085784,1.0014344281813368
0.9963222815999451,1.000784042159409
0.8814711362123819,1.0245847459685753
0.9963222815999451,1.000784042159409
0.9962853243286311,1.000978326736781
0.9962853243286311,1.001131050816973
0.9962542534701662,1.0010324864393778
0.9962155768815271,1.0008774068541526
0.996243807989378,1.0011934705150274
0.9962311896069362,1.0015472741802844
0.9948631757411786,1.0019403632200432
,,egauge20925,egauge28684,egauge2474,egauge19821,egauge20407,egauge32290,egauge17073,egauge15601,egauge13830,egauge27467
0.9998510242369004,1.000121500789591
0.9988333187949501,1.000906104703361
0.9981569060210677,1.001594058775327
0.9981035481603773,1.0018870329679006
0.9986374800151148,1.0003849266993632
0.9991276158640491,1.0004608415186986
0.9981286786000363,1.000654264258932
0.9984854860489575,1.0014942488966787
0.9979765373894656,1.000724749385483
0.9971933633716913,1.0007711545747857
0.9981655605918254,1.0016568537157582
0.996786925075731,1.0021000892184826
0.9978610783558849,1.0020255509416196
0.9979313511981143,1.0022697701849064
,,egauge13830,egauge20925,egauge4183,egauge19696,egauge20670,egauge23534,egauge19821,egauge22084,egauge22271,egauge7731
0.9999084375115034,1.0001603304754902
0.9991559505729861,1.0007930080397578
0.998834350785959,1.001416399017966
0.9984665303964126,1.0017881314282349
0.9998479473876015,1.0006260640471962
0.9996768053450777,1.0020431138799466
0.9990538582368134,1.0003101039832758
0.03328063291919318,0.03336179183003648
0.9991660548691426,1.000975274708139
0.9988862017709264,1.0009282083531685
0.9988384725870015,1.0014577448279383
0.9985994681504337,1.0017700453725402
0.9978890251852622,1.002072217150358
0.9984442885406675,1.0021372480160933
,,egauge28351,egauge18158,egauge21932,egauge14018,egauge20925,egauge3611,egauge30378,egauge28684,egauge2474,egauge19821
0.9963023339063527,1.0005291961518772
0.963399174999624,1.0052456881504013
0.927436755879529,1.0103952817541226
0.927436755879529,1.0103952817541226
0.9963023337492527,1.000529196017037
0.9963023339063529,1.0007116180434301
0.9963023338059365,1.0005291960659644
0.963399174999624,1.0052456881504017
0.963399174999624,1.0052456881504017
0.963399174999624,1.0052456881504013
0.927436755879529,1.0103952817541226
0.8673222353819076,1.0190061489857494
0.927436755879529,1.0103952817541226
0.927436755879529,1.0103952817541226
,,egauge4183,egauge8617,egauge17073,egauge20670,egauge28684,egauge15623,egauge3608,egauge13836,egauge2474,egauge17311
0.9998548039016932,1.0000974244126188
0.9986448054826965,1.0007584076208307
0.997476762753373,1.0011661276429216
0.9969287694221207,1.0013451506732225
0.9997005310051386,1.0003179334271477
0.9975279956148785,1.0002611322885893
0.9984785723844837,1.0007888234836964
0.9985015045386766,1.000987763171255
0.9985523930311215,1.0009415584062764
0.9982249618382443,1.0010415625500144
0.9970748210896796,1.001152584871342
0.9974283439422345,1.0016447043044503
0.9963325143808144,1.0014704898179987
0.9968893316449242,1.0014601688056646
,,egauge17073,egauge14795,egauge27467,egauge18350,egauge33764,egauge13836,egauge7692,egauge15601,egauge18544,egauge22785
0.9994856304825548,1.000144623034464
0.9941816606050592,1.0010172421074381
0.9882252585910105,1.0016253441881622
0.9882252585910105,1.0018458890975515
0.999467742474738,1.0004136970591657
0.997902744291689,1.0007770693277351
0.9994856304825548,1.000929111504474
0.9941816606050592,1.0011053533534708
0.9941816606050592,1.0012351454325057
0.9941816606050592,1.0018706510619566
0.9841749635892358,1.0016830839212367
0.9882252585910105,1.0021313931651015
0.9882252585910105,1.0021038564419953
0.9882252585910105,1.0018352937672377
,,egauge15623,egauge14018,egauge33764,egauge19821,egauge28351,egauge3611,egauge18544,egauge19696,egauge8253,egauge20670
0.9998039091833281,1.0001331236381894
0.9981734917823921,1.001013359491297
0.9966462912690766,1.0015015894555028
0.9960570953459279,1.0016571632087452
0.9995295638011578,1.0002568683109678
0.9976081122975159,1.0008604157187166
0.9991237020785171,1.000713753906656
0.9977956246637335,1.0016076032392516
0.9972448222029097,1.0011607183621323
0.9963757950872636,1.0011911879118205
0.9966293481559608,1.001647927933403
0.9951195586402054,1.0017436899591718
0.9954498826648723,1.0016747073450598
0.9959648782064419,1.001905082735449
,,egauge3611,egauge13830,egauge30378,egauge26944,egauge15601,egauge21932,egauge27467,egauge13836,egauge5198,egauge26086
0.9998059887904625,1.000156325409543
0.9980157198167176,1.0007658192847337
0.996046091628252,1.0011840813036874
0.9946017538639118,1.001553928284946
0.9995918333141729,1.000789866228415
0.999742490153401,1.0015599589189348
0.9994254826684446,1.0010197474734692
0.998015719816718,1.0007658192847337
0.998015719816718,1.0009629722033089
0.998015719816718,1.0012488599341551
0.9956889014693827,1.0012106732090196
0.9960460916282518,1.0014529593189125
0.9935654947653008,1.0017142375287742
0.9937106397183653,1.001975021220987
,,egauge3166,egauge7729,egauge28351,egauge5198,egauge13974,egauge22084,egauge26086,egauge3611,egauge27467,egauge18158
0.9999167876572121,1.0001864191713599
0.9993645214287551,1.0011206903975272
0.9988837459620487,1.0017516160454731
0.9986706598070095,1.002049369847201
0.9999167876572119,1.0013791796869014
0.9987205030575418,1.0008865180206732
0.9995081472271445,1.0013831374609157
0.9989554395586037,1.0013942255887924
0.9992432587185905,1.0014225685346032
0.9992490767237687,1.0014492358771034
0.9988054347745731,1.0019005386206907
0.9985107291957785,1.0019445536833005
0.9985923694176914,1.0022949968563206
0.9983717716569516,1.0023522810954564
,,egauge13974,egauge16616,egauge2850,egauge33764,egauge8253,egauge13830,egauge23534,egauge19821,egauge14795,egauge20925
0.9962701223184527,1.0005141606266712
0.9961329679598924,1.0014030432736367
0.9960706074486099,1.0021897482448052
0.9960578757714365,1.0025257280967126
0.9962701223184527,1.0005141606266712
0.9962701223184527,1.0005141606266712
0.8747728153113336,1.0177099727267844
0.9959819745160314,1.0018997543507202
0.9961329679598924,1.001707083253715
0.9961329679598924,1.0017510384601762
0.9960541745730027,1.0023304686690746
0.9960280316490866,1.002597374699691
0.9960433997061888,1.0027420571703003
0.9960578757714365,1.0027693819605596
,,egauge20407,egauge24121,egauge30378,egauge28351,egauge19696,egauge4183,egauge16133,egauge26086,egauge21932,egauge20358
0.9988276073435439,1.0005295971706274
0.9936809562672029,1.0012269806646852
0.9874793150910828,1.0017513492441084
0.981277917906019,1.0018498022993707
0.9988276073435439,1.0006177553201425
0.9628985896964569,1.0165684434961924
0.9988276084633712,1.0022723105405302
0.9936809564506263,1.0017844380383691
0.9936809568164466,1.0013384136291759
0.9936809554155189,1.0018457080590204
0.9874793151916708,1.0019209597616119
0.9874793150910828,1.0020464515638603
0.974227141959557,1.0018498022993707
0.981277917906019,1.00201442342875
,,egauge8253,egauge9102,egauge28684,egauge33764,egauge21932,egauge2850,egauge14795,egauge18350,egauge23534,egauge18544
0.9988220394400231,1.000527253280317
0.9936637003944255,1.0005110343188235
0.9874443799486182,1.0005275474827031
0.9812432422998523,1.0008664086529901
0.9988163434936832,1.0005272532803176
0.9983226814799226,1.0005272530004885
0.9605054669338523,1.0177233313906886
0.9936637005784495,1.0005110342994001
0.9936637003944255,1.0005110343188235
0.9936637003944255,1.0005110343188235
0.9874321813289136,1.0006547030833082
0.9874443799486182,1.0006441999328113
0.9741927614384893,1.0010232764702838
0.9812432422998523,1.0012424108621238
,,egauge20358,egauge2850,egauge7729,egauge14795,egauge17073,egauge27467,egauge20670,egauge24121,egauge18350,egauge32290
0.9988236043134281,1.0005288197799975
0.9988236043470237,1.0007091984925762
0.9983603079396637,1.0009408163282554
0.9977613492753981,1.0009785775864959
0.9988236043134281,1.0005288197799975
0.979842523688517,1.0005288197799975
0.9605069608295189,1.0177249297148108
0.9988236043470237,1.000861066793505
0.9988236043470237,1.0009522138444444
0.9988236045306712,1.001402378717331
0.9983391287052256,1.0010397113920917
0.9981015739129563,1.0010357699184214
0.9977229676444204,1.0010667874178227
0.9968162928863742,1.000911996997033
,,egauge18158,egauge33764,egauge22271,egauge30039,egauge20670,egauge16608,egauge14795,egauge13830,egauge7692,egauge26086
0.9962771755392789,1.000528819774984
0.9962072588166138,1.00099742109979
0.9962072588166135,1.0015754295245975
0.9962072588166135,1.0018414351726697
0.9962771755392789,1.000528819774984
0.9962771760215934,1.0006773576434502
0.8747788508977145,1.0177249297050175
0.9960763832359003,1.001259936666836
0.9962072588166138,1.0012012934874899
0.9962072588166138,1.0013275618633088
0.9962072588166133,1.0017047739698597
0.9962072588166135,1.0017790731893368
0.9962072588166135,1.001943196283296
0.9962072588166135,1.0021365688369506
,,egauge7692,egauge5198,egauge32290,egauge30039,egauge27467,egauge18544,egauge19810,egauge24121,egauge23534,egauge19821
0.9963147787978595,1.0005522661387922
0.9962389954647363,1.0009133782551778
0.9961614376342889,1.0012154653402687
0.9958136682598757,1.0016993941268935
0.9963147787978595,1.0005522661387922
0.8814646555413962,1.0165915420057179
0.996314776365397,1.0006836968130854
0.9962389954647363,1.0012376653045112
0.9962389954647363,1.001276718216651
0.9962389954647363,1.0015459942101832
0.9962879379115993,1.0011062759306404
0.9963021974494347,1.0013481418105659
0.9958136682598757,1.001828946058866
0.9952321730569272,1.0023180447610849
,,egauge26944,egauge7729,egauge17073,egauge33764,egauge15601,egauge16608,egauge14018,egauge22271,egauge18350,egauge21932
0.996272865397829,1.0005514886478426
0.9961970863111791,1.0010014104777458
0.9961195328839776,1.0014625240999238
0.9957717829024195,1.0015163717579336
0.996272865397829,1.0005514886478426
0.996272865880183,1.0006358523327976
0.8747751628262944,1.0177480591392718
0.9960763832359003,1.0012036853724884
0.9961970863111791,1.0014796496358387
0.9961970863111791,1.0013382602785734
0.9962072588166133,1.0016128875547923
0.9962072588166135,1.0017866040402008
0.9957717829024197,1.0015775971986762
0.9951903200856369,1.0015163717579336
,,egauge18350,egauge27467,egauge7731,egauge2474,egauge22084,egauge8816,egauge4183,egauge28351,egauge14795,egauge16616
0.9962839451922634,1.000528819774074
0.9962839451922634,1.0005496369189568
0.9962839451922632,1.0009548214876185
0.9962839451922632,1.001184981835943
0.9962839451922634,1.000528819774074
0.996283945674582,1.000824362082073
0.8747846438570404,1.0177249297028779
0.9962839451922634,1.0007783480221624
0.9962839451922634,1.0005288197740738
0.9948701334746489,1.0007609368019512
0.9962839451922632,1.0010104780208917
0.9962839451922632,1.0011106202313156
0.9962839451922632,1.0014015946120858
0.9962839451922632,1.0012512797457485
,,egauge26944,egauge14795,egauge3608,egauge19821,egauge3167,egauge8253,egauge13830,egauge20925,egauge14018,egauge28351
0.9963190891464293,1.0005295971727381
0.9962491686568345,1.0010287437725431
0.996249168656834,1.00161475348647
0.996249168656834,1.0019442260329199
0.9963190891464293,1.0005295971727381
0.8814683789186493,1.0165684435106308
0.996319086714191,1.0006795178121293
0.9961182859736726,1.0016229983098361
0.9962491686568345,1.0011095783795372
0.9962491686568345,1.0010658118580344
0.996249168656834,1.001693342738278
0.9962491686568338,1.001856657014176
0.996249168656834,1.0022093327070587
0.9959546693013004,1.0021052673955624
,,egauge20670,egauge26086,egauge19821,egauge22785,egauge5198,egauge13836,egauge28684,egauge18350,egauge2474,egauge3167
0.9962790594120523,1.000970508007688
0.9647606740944276,1.011087712025519
0.9647339373252065,1.0110619843524566
0.9647339373252065,1.0110619843524569
0.9962790594120523,1.000970508007688
0.9962790594120523,1.000970508007688
0.8747804630317447,1.028088003106511
0.9048998641052101,1.0300824075511257
0.9647606740944276,1.011087712025519
0.9647606740944276,1.011087712025519
0.9647157563233533,1.0110444895358492
0.9647339373252065,1.0110619843524566
0.9647339373252067,1.0110619843524569
0.9647339373252065,1.0110619843524569
,,egauge14795,egauge19696,egauge7731,egauge20670,egauge17311,egauge30378,egauge9102,egauge14018,egauge8253,egauge3608
0.9997820158527793,1.0000766241342998
0.997883485746964,1.0005343810448237
0.9959650714660049,1.0007263700321247
0.9948421496502782,1.0006997825598203
0.9988637847696411,1.000411241416904
0.9969326815933933,1.000834853776501
0.9994350811435629,1.0008412437522587
0.9977474047812127,1.000834243979705
0.9978446758660185,1.0006563637571553
0.9976592461150936,1.0010015757155433
0.9956660583768698,1.000775862377566
0.9953702170249524,1.001014291566965
0.9942683046160181,1.0007285524980123
0.9938084399350793,1.0006258429148251
,,egauge2850,egauge9102,egauge19821,egauge7729,egauge32290,egauge20925,egauge20407,egauge13830,egauge16608,egauge22084
0.9962790594120523,1.000970508007688
0.9647606740944276,1.011087712025519
0.9647339373252065,1.0110619843524566
0.9647339373252065,1.0110619843524569
0.9962790594120523,1.000970508007688
0.9962790594120523,1.000970508007688
0.8747804630317447,1.028088003106511
0.9048998641052101,1.0300824075511257
0.9647606740944276,1.011087712025519
0.9647606740944276,1.011087712025519
0.9647157563233533,1.0110444895358492
0.9647339373252065,1.0110619843524566
0.9647339373252067,1.0110619843524569
0.9647339373252065,1.0110619843524569
,,egauge8816,egauge2474,egauge21932,egauge18350,egauge22271,egauge13974,egauge24121,egauge28684,egauge13836,egauge3608
0.996835120949214,1.000204190551447
0.9647628071832705,1.0023236302674743
0.9647383393785098,1.002296933660695
0.9647383393785098,1.002296933660695
0.996835120949214,1.0004537205949888
0.9968351209492138,1.0006432828463703
0.996835120949214,1.000204190551447
0.9647628071832705,1.002323630267474
0.9049018397241003,1.0063360669526689
0.9647628071832705,1.0023236302674743
0.964721701272292,1.0022787799692527
0.9647383393785098,1.002296933660695
0.9647383393785098,1.002296933660695
0.9647383393785098,1.002296933660695
,,egauge18350,egauge22084,egauge17073,egauge8253,egauge8617,egauge13830,egauge19810,egauge21932,egauge16133,egauge20670
0.9962811957729576,1.000970508007688
0.9647606740944276,1.011087712025519
0.9647339373252065,1.0110619843524566
0.9647339373252065,1.0110619843524569
0.9962811957729576,1.000970508007688
0.9962811957729576,1.000970508007688
0.8747822911222646,1.0177226442978091
0.9048998641052101,1.0300824075511257
0.9647606740944276,1.011087712025519
0.9647606740944276,1.011087712025519
0.9647157563233533,1.0110444895358492
0.9647339373252065,1.0110619843524566
0.9647339373252067,1.0110619843524569
0.9647339373252065,1.0110619843524569
,,egauge33764,egauge3608,egauge17073,egauge3611,egauge19696,egauge14795,egauge7731,egauge13830,egauge19810,egauge3166
0.9997523251205913,1.0000617378645926
0.9980648326249981,1.0004462081185832
0.9972104581612339,1.0005188879229967
0.9964573926595099,1.0003021436866866
0.9994802338095522,1.0003410568057034
0.9977466127497877,1.0000179628603916
0.9989217311013734,1.000720968234136
0.9977553547622005,1.000537331043401
0.9966199627415451,1.0006819994580671
0.9973249112192301,1.00105033938419
0.9971757123463525,1.0006329819602333
0.9969954849443835,1.000722277717938
0.9956665564673831,1.0000289839340148
0.996361209959848,1.0003414369207437
,,egauge32290,egauge27467,egauge30378,egauge13836,egauge13974,egauge8816,egauge4183,egauge28351,egauge28684,egauge26086
0.9998089714749104,1.0000991081794763
0.9982516572894158,1.000796131166993
0.9977335531283542,1.001227845618806
0.9975846758071156,1.0015472239891952
0.9989234496987978,1.0000272474540415
0.9995309746629316,1.0007997406656945
0.9983640491079278,1.0006229762990273
0.9981520283982189,1.001135536423183
0.997656428067343,1.0009251325752746
0.994859951063154,1.0015072246498717
0.9976910213736617,1.0012852403163797
0.99672517596452,1.0013887509075228
0.9975355895540657,1.0016915369211228
0.9974079274819143,1.0018921792475384
,,egauge23534,egauge7731,egauge16616,egauge20670,egauge16608,egauge30039,egauge28684,egauge14018,egauge8253,egauge13974
0.9962774265548288,1.0012475804010825
0.9647269713196327,1.0046764944041597
0.9646659018200766,1.0046192596390218
0.9646292979437194,1.0045882042998129
0.9962774265548288,1.0012475804010825
0.9962774265548288,1.0012475804010827
0.8747790657112205,1.0419593066240946
0.9048703046678671,1.0127617053281817
0.9048686500575847,1.0063142685946949
0.9647269713196327,1.0046764944041597
0.9646483856969537,1.0046014576323328
0.9646659018200766,1.0046192596390215
0.9646292979437197,1.0045882042998129
0.9645680935021095,1.0045362774214095
,,egauge17073,egauge8617,egauge24121,egauge3608,egauge14795,egauge7731,egauge27467,egauge20670,egauge26086,egauge18158
0.999874795242513,1.0001034384031298
0.998928168662448,1.0009049723423478
0.9984974797923385,1.0014765126691165
0.9981756984415345,1.0017481642666555
0.9994566759793592,1.0004072340208283
0.9989662052695051,1.0002451329487425
0.998165144427723,1.0003834221119388
0.9979127909914195,1.0008701715802586
0.9985380302313268,1.0012061768682456
0.9986898373185613,1.0014213228482984
0.9984313189830923,1.001595644773283
0.9982929984827571,1.0016850122787626
0.9978888509367856,1.0019450966760706
0.9980594910466285,1.0019127805596615
,,egauge32290,egauge27467,egauge22271,egauge30378,egauge3611,egauge22785,egauge26086,egauge20670,egauge33764,egauge15601
0.9962774265548288,1.0012475804010825
0.9647269713196327,1.0046764944041597
0.9646659018200766,1.0046192596390218
0.9646292979437194,1.0045882042998129
0.9962774265548288,1.0012475804010825
0.9962774265548288,1.0012475804010827
0.8747790657112205,1.0419593066240946
0.9048703046678671,1.0127617053281817
0.9048686500575847,1.0063142685946949
0.9647269713196327,1.0046764944041597
0.9646483856969537,1.0046014576323328
0.9646659018200766,1.0046192596390215
0.9646292979437197,1.0045882042998129
0.9645680935021095,1.0045362774214095
,,egauge24121,egauge13974,egauge22084,egauge20670,egauge16133,egauge2474,egauge21932,egauge14795,egauge17311,egauge28351
0.9962811957729576,1.000970508007688
0.9647606740944276,1.011087712025519
0.9647339373252065,1.0110619843524566
0.9647339373252065,1.0110619843524569
0.9962811957729576,1.000970508007688
0.9962811957729576,1.000970508007688
0.8747822911222646,1.0177226442978091
0.9048998641052101,1.0300824075511257
0.9647606740944276,1.011087712025519
0.9647606740944276,1.011087712025519
0.9647157563233533,1.0110444895358492
0.9647339373252065,1.0110619843524566
0.9647339373252067,1.0110619843524569
0.9647339373252065,1.0110619843524569
,,egauge13974,egauge30039,egauge18544,egauge22271,egauge14018,egauge3611,egauge8816,egauge19696,egauge22084,egauge16616
0.9962774265548288,1.0012475804010825
0.9647269713196327,1.0046764944041597
0.9646659018200766,1.0046192596390218
0.9646292979437194,1.0045882042998129
0.9962774265548288,1.0012475804010825
0.9962774265548288,1.0012475804010827
0.8747790657112205,1.0419593066240946
0.9048703046678671,1.0127617053281817
0.9048686500575847,1.0063142685946949
0.9647269713196327,1.0046764944041597
0.9646483856969537,1.0046014576323328
0.9646659018200766,1.0046192596390215
0.9646292979437197,1.0045882042998129
0.9645680935021095,1.0045362774214095
,,egauge16616,egauge20407,egauge9102,egauge28351,egauge3167,egauge30039,egauge19696,egauge2850,egauge7729,egauge20358
0.9997360213245507,0.9999997190971771
0.9974606954689975,0.9999997190971769
0.99570496432548,0.9999997190971769
0.995201205920466,0.9999997190971769
0.999522185329899,1.0000423097252082
0.9979859208792934,0.9999997190971771
0.9981892570023705,1.0004375895935604
0.9965014386061926,1.0000474664409034
0.9974177878273329,1.0000364666698602
0.9969126435162224,1.0004412040134096
0.9951333189326247,0.9999997190971766
0.9941298184491429,0.9999997190971769
0.9947214393385959,0.9999997190971769
0.9950644250207571,0.9999997190971769
,,egauge22785,egauge19821,egauge7731,egauge7692,egauge30039,egauge19696,egauge13836,egauge20670,egauge7729,egauge3167
0.9962774265548288,1.0012475804010825
0.9647269713196327,1.0046764944041597
0.9646659018200766,1.0046192596390218
0.9646292979437194,1.0045882042998129
0.9962774265548288,1.0012475804010825
0.9962774265548288,1.0013300394010716
0.8747790657112205,1.0419593066240946
0.9048703046678671,1.0127617053281817
0.9048686500575847,1.0063142685946949
0.9647269713196327,1.0046764944041597
0.9646483856969537,1.0046014576323328
0.9646659018200766,1.0046192596390215
0.9646292979437197,1.0045882042998129
0.9645680935021095,1.0045362774214095
,,egauge18544,egauge14018,egauge4183,egauge16616,egauge18350,egauge21932,egauge19821,egauge33764,egauge2850,egauge30039
0.9997803854830251,1.000054065138293
0.9981250896895971,1.0002691855285002
0.9963987627355327,1.000545232995242
0.9950326958452407,1.0005452329951958
0.9995133942689987,1.000443690429196
0.9975721758709175,1.0007571371767088
0.999416732784032,1.0005234392794196
0.9980104926511926,1.0002691855285002
0.9980848363431318,1.0002691855285002
0.9981250896895971,1.0002691855285004
0.9961776650205533,1.0007329453977911
0.9963400631689796,1.000545232995242
0.993542698602598,1.0005452329951958
0.9949397199178952,1.0005452329951183
,,egauge14795,egauge19696,egauge20407,egauge3167,egauge7729,egauge14018,egauge22785,egauge21932,egauge16133,egauge9102
0.9962839451981537,1.001253649250005
0.9647858095833223,1.0047339723759776
0.9647858095833219,1.0047339723759774
0.9647858095833219,1.0047339723759774
0.9962839451981537,1.001253649250005
0.9962839451981537,1.001253649250005
0.8747846438705469,1.0419656671334083
0.904923143530165,1.0128197295949815
0.904923143530165,1.0063623150215324
0.9647858095833223,1.0047339723759776
0.9647858095833219,1.0047339723759774
0.9647858095833219,1.0047339723759774
0.9647858095833222,1.0047339723759776
0.9647858095833219,1.0047339723759774
,,egauge28684,egauge18350,egauge8253,egauge16133,egauge22271,egauge26086,egauge3166,egauge4183,egauge3167,egauge15623
0.9962808683155429,1.0009687779915972
0.9647480183141383,1.0110737159257175
0.9647094193370831,1.0110354986232373
0.9646708203699264,1.0109972813300176
0.9962808683155429,1.0009687779915972
0.9962808683155429,1.0009687779915972
0.8747820108937214,1.0177216879386204
0.9048881426720436,1.0300681012655777
0.9647480183141383,1.0110737159257175
0.9647480183141383,1.0110737159257175
0.9647094193370831,1.0110354986232373
0.9647094193370831,1.0110354986232375
0.9646708203699264,1.0109972813300176
0.9646062799874879,1.010933379126284
,,egauge17073,egauge18158,egauge20670,egauge3608,egauge4183,egauge19810,egauge2850,egauge13974,egauge14795,egauge2474
0.9962798200626715,1.0012497657130783
0.9647499695544799,1.0047021740122344
0.9647133635258399,1.0046711167733673
0.9646767575061028,1.0046400595406548
0.9962798200626715,1.0012497657130783
0.9962798200626715,1.0012497657130783
0.8747811138919876,1.0419615969590559
0.9048970371005873,1.0127876290216602
0.9048899498481022,1.0063405140181718
0.9647499695544799,1.0047021740122344
0.9647133635258399,1.0046711167733673
0.9647133635258399,1.0046711167733673
0.964676757506103,1.0046400595406548
0.9646155494806011,1.0045881294961698
,,egauge7729,egauge20358,egauge13974,egauge30039,egauge19696,egauge16616,egauge7692,egauge18544,egauge24121,egauge33764
0.9962808683155429,1.0009687779915972
0.9647480183141383,1.0110737159257175
0.9647094193370831,1.0110354986232373
0.9646708203699264,1.0109972813300176
0.9962808683155429,1.0009687779915972
0.9962808683155429,1.0009687779915972
0.8747820108937214,1.0177216879386204
0.9048881426720436,1.0300681012655777
0.9647480183141383,1.0110737159257175
0.9647480183141383,1.0110737159257175
0.9647094193370831,1.0110354986232373
0.9647094193370831,1.0110354986232375
0.9646708203699264,1.0109972813300176
0.9646062799874879,1.010933379126284
,,egauge18544,egauge19821,egauge22271,egauge17311,egauge24121,egauge13830,egauge7692,egauge17073,egauge20358,egauge20925
0.9962798200626715,1.0012497657130783
0.9647499695544799,1.0047021740122344
0.9647133635258399,1.0046711167733673
0.9646767575061028,1.0046400595406548
0.9962798200626715,1.0012497657130783
0.9962798200626715,1.0012785719425799
0.8747811138919876,1.0419615969590559
0.9048970371005873,1.0127876290216602
0.9048899498481022,1.0063405140181718
0.9647499695544799,1.0047021740122344
0.9647133635258399,1.0046711167733673
0.9647133635258399,1.0046711167733673
0.964676757506103,1.0046400595406548
0.9646155494806011,1.0045881294961698
,,egauge19696,egauge13830,egauge15623,egauge13836,egauge32290,egauge19821,egauge20670,egauge22271,egauge18350,egauge27467
0.9962808683155429,1.0009687779915972
0.9647480183141383,1.0110737159257175
0.9647094193370831,1.0110354986232373
0.9646708203699264,1.0109972813300176
0.9962808683155429,1.0009687779915972
0.9962808683155429,1.0009687779915972
0.8747820108937214,1.0177216879386204
0.9048881426720436,1.0300681012655777
0.9647480183141383,1.0110737159257175
0.9647480183141383,1.0110737159257175
0.9647094193370831,1.0110354986232373
0.9647094193370831,1.0110354986232375
0.9646708203699264,1.0109972813300176
0.9646062799874879,1.010933379126284
,,egauge16608,egauge8253,egauge18544,egauge13974,egauge13836,egauge2474,egauge20670,egauge33764,egauge17073,egauge20407
0.9962798200626715,1.0012497657130783
0.9647499695544799,1.0047021740122344
0.9647133635258399,1.0046711167733673
0.9646767575061028,1.0046400595406548
0.9962798200626715,1.0012497657130783
0.9962798200626715,1.0012497657130783
0.8747811138919876,1.0419615969590559
0.9048970371005873,1.0127876290216602
0.9048899498481022,1.0063405140181718
0.9647499695544799,1.0047021740122344
0.9647133635258399,1.0046711167733673
0.9647133635258399,1.0046711167733673
0.964676757506103,1.0046400595406548
0.9646155494806011,1.0045881294961698
,,egauge26086,egauge28684,egauge21932,egauge3608,egauge16608,egauge19696,egauge16616,egauge17311,egauge5198,egauge30378
0.9998054294980435,1.000080116983345
0.9980749033145326,1.0005194088387896
0.9972084680996196,1.0008062395902793
0.9964732665244986,1.001046645881426
0.9992333643437493,1.0004875416752996
0.9991353331744041,1.0004758502223032
0.9998054294980435,1.000080116983345
0.9972164886927097,1.0006599722597447
0.9980205458051477,1.0007359922450785
0.9954426198373872,1.0011967993492397
0.9971282077195989,1.0008039831899853
0.9971863958854554,1.000925269051796
0.9958611838304035,1.0011606702054625
0.9961440799588583,1.0013090096308261
,,egauge3166,egauge2474,egauge3167,egauge30039,egauge20670,egauge33764,egauge7692,egauge21932,egauge14795,egauge26086
0.9998835877455564,1.0001660754030781
0.9987755558348411,1.000857672820306
0.9983738076511234,1.0014049253776678
0.9981113812754137,1.0017819184868504
0.9997709002344388,1.000647682075547
0.9998835877455562,1.0016367487544973
0.9998835877455564,1.0010655175868775
0.9983631726167932,1.0007868070558803
0.9975754049506943,1.001185131345705
0.9984400955334302,1.0010968859250462
0.998279069047236,1.0015207022820893
0.9983738076511234,1.0014049253776678
0.9979006728428579,1.0020098880894248
0.997764291085935,1.0020770314650735
,,egauge8816,egauge19821,egauge18350,egauge4183,egauge21932,egauge3167,egauge15601,egauge15623,egauge17311,egauge13836
0.9931274618843281,1.000528819779081
0.9612010730802687,1.0008356090088675
0.9611819418630446,1.001465711559649
0.9611628106482618,1.0018288452770379
0.9931274618843281,1.000528819779081
0.9931274618843281,1.0012687568984033
0.8720837476142583,1.017724929712658
0.901604783046617,1.0010342316167684
0.9612010730802687,1.0008356090088675
0.9612010730802687,1.0010131845216939
0.9611819418630446,1.0015853935864019
0.9611819418630446,1.0016178148168278
0.9611410582337268,1.0019103911300828
0.9611628106482618,1.0023161135260101
,,egauge24121,egauge27467,egauge20407,egauge4183,egauge33764,egauge28684,egauge8617,egauge28351,egauge8816,egauge26944
0.9931293954503323,1.000415709526481
0.9612198044418977,1.0047339723759776
0.9612198044418975,1.0047339723759774
0.9612198044418975,1.0047339723759774
0.9931293954503323,1.0004157095264812
0.9931293954503323,1.0007917831136237
0.8720854021275982,1.0004157095264812
0.9016221311127708,1.0128197295949815
0.9612198044418977,1.0047339723759776
0.9612198044418975,1.0047339723759776
0.9612198044418975,1.0047339723759774
0.9612198044418977,1.0047339723759774
0.9612198044418975,1.0047339723759776
0.9612198044418977,1.0047339723759774
,,egauge20670,egauge9102,egauge17073,egauge19821,egauge18158,egauge4183,egauge7731,egauge8816,egauge8253,egauge22785
0.9997741882282876,1.0001101060310444
0.9978861194657515,1.0007997396661785
0.9960631853243666,1.0011115609694683
0.9954814722011269,1.0011409600651622
0.9995444217534328,1.0004285291747754
0.9983729276146545,1.000544194359424
0.9989101908271707,1.00079341627039
0.9976988504841442,1.0014081339155807
0.9977829525414137,1.0011023230743965
0.997654260176461,1.0011311731245138
0.9960261898390835,1.001210569098479
0.994078768070199,1.0015014933849689
0.9954181423413119,1.0012008029479513
0.9946019398044987,1.0011647220752957
,,egauge7692,egauge18350,egauge17311,egauge21932,egauge30378,egauge33764,egauge16616,egauge22084,egauge3166,egauge14795
0.9931293954503323,1.0002064878030186
0.9612198044418977,1.002349754753111
0.9612198044418975,1.0023497547531108
0.9612198044418975,1.0023497547531108
0.9931293954503323,1.0002064878030186
0.9931293954503323,1.0002912935397037
0.8720854021275982,1.0004262993732693
0.9016221311127708,1.0063623150215324
0.9612198044418977,1.002349754753111
0.9612198044418975,1.0023497547531113
0.9612198044418975,1.0023497547531108
0.9612198044418977,1.002349754753111
0.9612198044418975,1.002349754753111
0.9612198044418977,1.0023497547531108
,,egauge30039,egauge5198,egauge20925,egauge17073,egauge15601,egauge33764,egauge9102,egauge20407,egauge3611,egauge8617
0.9931293954503323,1.000261437578583
0.9612198044418977,1.0005676557917889
0.9612198044418975,1.0006107929570003
0.9612198044418975,1.0006845319902173
0.9931293954503323,1.000464839042973
0.9931293954503323,1.0004865276140529
0.8720854021275982,1.008770652850403
0.9016221311127708,1.0007447207781972
0.9612198044418977,1.0010456500091913
0.9612198044418975,1.000953384900407
0.9612198044418975,1.0006747761669825
0.9612198044418977,1.0004191085970409
0.9612198044418975,1.0007552413601215
0.9612198044418977,1.0007183245951068
,,egauge14018,egauge22271,egauge18350,egauge20670,egauge17311,egauge19810,egauge20925,egauge19696,egauge16616,egauge19821
0.9998041525846104,1.0000828905877792
0.9981170996717762,1.0004340058855743
0.9969554466729014,1.000973115657557
0.996737022027791,1.0013887248014508
0.9986547192822294,1.0004651934974633
0.9991975830360761,1.000848223296974
0.9993806280315622,1.0003716213466667
0.9980285767744443,1.000718561406636
0.998072729427246,1.000565767622337
0.9959931901271704,0.9999997190971769
0.9969298612932754,1.0010670295567856
0.9954127415606588,1.0012072122668376
0.996618842385461,1.0014338170975512
0.9964005952274458,1.0020173447809972
,,egauge20358,egauge19821,egauge16133,egauge5198,egauge9102,egauge20407,egauge15623,egauge3608,egauge23534,egauge13974
0.9931275186373166,1.0002590305535706
0.9611991055092832,1.0003566359139549
0.9611770912221699,1.0006073915348408
0.9611770912221699,1.0007950126410532
0.9931275186373166,1.0002590305535706
0.9931275186373166,1.0012846977848844
0.8720837961063748,1.0087682216186076
0.9016029607002027,1.0004938631221891
0.9611991055092832,1.0005132347894397
0.961199105509283,1.0002341130344279
0.9611621215077609,1.0006645192837735
0.9611770912221699,1.0005856211797315
0.9611770912221701,1.000977372376299
0.9611770912221701,1.00093045184519
,,egauge15623,egauge15601,egauge14795,egauge4183,egauge3166,egauge22271,egauge16608,egauge7729,egauge8253,egauge20670
0.9998068036720272,1.0001171674150193
0.9987753492904332,1.0007074463583294
0.9977441971460141,1.0010503162509854
0.9971577237189556,1.001206407113752
0.9995015457320214,1.000262300215724
0.9972454432789519,1.0010615128872258
0.9977488300651607,1.0007866985425897
0.9986180123240206,1.0009283705391654
0.998740293816588,1.000774103312315
0.9982668304312531,1.0014478525458057
0.9977162701616832,1.0011286579743333
0.9964160279358572,1.00120395323902
0.9965560394474045,1.0012200170570071
0.9970619287383661,1.001478842581918
,,egauge14018,egauge32290,egauge33764,egauge28351,egauge5198,egauge19696,egauge17073,egauge17311,egauge7692,egauge18350
0.9998251189868468,1.000080430882022
0.998281077558947,1.000714771651495
0.9975316781345519,1.0011244372736485
0.9968714550858759,1.0012526260248042
0.998677088082405,1.0004304198596468
0.9981219100797143,0.9999997190971771
0.9991396575487381,1.0006865612414322
0.9974214119200996,1.0008058586584418
0.9975435603272645,1.0009244838589961
0.9955643572135479,1.001311328135895
0.9974875790886605,1.001259256227998
0.9974910097067711,1.0012635771574077
0.9961596806033557,1.00133611556258
0.9968142435832799,1.0013441887801027
,,egauge33764,egauge18544,egauge20358,egauge19821,egauge18158,egauge26944,egauge8253,egauge8816,egauge9102,egauge30378
0.9931275186373166,1.000204073189284
0.9611991055092832,1.0023222956338669
0.9611770912221699,1.0022942351685644
0.9611770912221699,1.0022942351685644
0.9931275186373166,1.0004093823251803
0.9931275186373166,1.0009168208771764
0.8720837961063748,1.0004613691225848
0.9016029607002027,1.006334726005256
0.9611991055092832,1.002322295633867
0.961199105509283,1.0023222956338669
0.9611621215077609,1.0022751540534491
0.9611770912221699,1.0022942351685644
0.9611770912221701,1.0022942351685644
0.9611770912221701,1.0022942351685644
,,egauge16608,egauge17073,egauge22271,egauge14795,egauge30378,egauge8253,egauge7692,egauge22785,egauge3611,egauge16616
0.9931275186373166,1.0002590305535706
0.9611991055092832,1.0005496726403165
0.9611770912221699,1.0007685408456979
0.9611770912221699,1.000870713000456
0.9931275186373166,1.0003217410677978
0.9931275186373166,1.0007010716502611
0.8720837961063748,1.0087682216186076
0.9016029607002027,1.0008613403313695
0.9611991055092832,1.000725536005108
0.961199105509283,1.00060572244197
0.9611621215077609,1.0008143941278898
0.9611770912221699,1.0008509154051233
0.9611770912221701,1.0009512889258099
0.9611770912221701,1.000923058700868
,,egauge30378,egauge22084,egauge20407,egauge28684,egauge18350,egauge7731,egauge14795,egauge13830,egauge7692,egauge16616
0.9998345984962049,1.0000551590836988
0.9988321927298649,1.0006874640371217
0.9978209066297845,1.0011021952451762
0.9970997774140189,1.0012255541343178
0.9990853005801996,1.0002820702966855
0.9987579699435972,0.9999997190971771
0.9979751720776128,0.9999997190971771
0.9987603435744553,1.000860258908461
0.9987781988209398,1.0007950481110683
0.9987359727161447,1.0011883144867662
0.9977072023692082,1.001225114767093
0.9976153395009503,1.001287141067268
0.9963880213759453,1.0013207299851534
0.9969406995564744,1.0012918552292622
,,egauge13836,egauge13830,egauge20358,egauge17311,egauge15623,egauge19696,egauge21932,egauge18544,egauge9102,egauge16608
0.9998611900878197,1.0000999179474783
0.9986396309231672,1.000678434138236
0.9981441841616886,1.0010472133627832
0.9976782720508611,1.00135074299347
0.9996210509024979,1.0005664594704504
0.9992044648534583,1.0005635403106623
0.9995577905751918,1.0004039143279766
0.9986248376280399,1.0007902561957387
0.9985951656433314,1.0008291100355233
0.9960109107555876,1.0013936246803459
0.9981441841616886,1.0010472133627832
0.9980948024648837,1.001487865476359
0.9971890198562944,1.0015070751278305
0.997618722253471,1.0016364997837628
,,egauge7731,egauge18350,egauge3166,egauge30378,egauge19810,egauge13836,egauge4183,egauge9102,egauge15623,egauge7729
0.9931270511153039,1.0002034447517856
0.9611970935707476,1.0023195614672262
0.9611738978924547,1.0022899953636324
0.9611738978924547,1.0022899953636324
0.9305398634053822,1.000458908744406
0.9931270511153041,1.0003358128539905
0.8720833960261117,1.0002705286145857
0.9016010973231354,1.006331978904283
0.9611970935707476,1.0023195614672262
0.9611970935707476,1.0023195614672262
0.9611738978924547,1.0022899953636322
0.9611351129619722,1.002240558600459
0.9611738978924547,1.0022899953636326
0.9611738978924547,1.0022899953636324
,,egauge32290,egauge3166,egauge14018,egauge22785,egauge26944,egauge20670,egauge3608,egauge13830,egauge20407,egauge20925
0.9998257419219081,1.0000629479236434
0.9984374581192884,1.0004641576609623
0.9974574849580307,1.0006026844658102
0.9968715097772483,1.000632539419997
0.9989029373957601,0.9999997190975297
0.9992716885272062,1.0002045982600967
0.9974298360530816,1.0008414136694426
0.9977100353586231,1.000482491797455
0.9974608709206529,1.000782353858239
0.998170020528135,1.0009108992863387
0.9973344488309973,1.0005944707648748
0.9971012329682187,1.0008060943986536
0.9962404386446101,1.000502181272591
0.9968197640020023,1.000874162576984
,,egauge14018,egauge20925,egauge22084,egauge20670,egauge16616,egauge2474,egauge7692,egauge18158,egauge17311,egauge20407
0.9931270511498017,1.0002034448063934
0.9611970938803327,1.002319561967195
0.9611738985096933,1.0022899963391791
0.9611507031426422,1.0022604307167544
0.9931270511498018,1.0004067435198396
0.9931270511498017,1.0006085123648711
0.8720833960556326,1.0002034448063934
0.9016010976098598,1.0063319794066168
0.9611970938803327,1.0023195619671952
0.9611970938803327,1.002319561967195
0.961173898509693,1.0022899963391794
0.9611738985096933,1.0022899963391794
0.9611243297428218,1.0022268142633677
0.9611507031426422,1.0022604307167544
,,egauge20407,egauge8617,egauge18544,egauge5198,egauge19696,egauge27467,egauge13836,egauge9102,egauge3611,egauge16608
0.9997902552360078,1.000090390503174
0.9983465776512488,1.000860941679036
0.9974908679218627,1.0013288049467004
0.9967795336026594,1.0015110362371122
0.9988569664525324,0.9999997190971771
0.9989791072540068,1.0002551215773818
0.9991574138210748,1.0009694870404304
0.9974968275009805,1.0009873206842823
0.9969675701464513,1.0012176568787003
0.9980245780010827,1.0015630699315465
0.997472053755195,1.0014583766486476
0.9967225313682532,1.0015007303365513
0.996037625402297,1.0015854047944304
0.9966683742413689,1.0017120692907462
,,egauge19696,egauge7692,egauge30039,egauge30378,egauge14018,egauge13836,egauge23534,egauge8816,egauge8617,egauge2474
0.9931270511498017,1.0002034448063934
0.9611970938803327,1.002319561967195
0.9611738985096933,1.0022899963391791
0.9611507031426422,1.0022604307167544
0.9931270511498018,1.0005171223236875
0.9931270511498017,1.0003981012242458
0.8720833960556326,1.0008316029645477
0.9016010976098598,1.0063319794066168
0.9611970938803327,1.0023195619671952
0.9611970938803327,1.002319561967195
0.961173898509693,1.0022899963391794
0.9611738985096933,1.0022899963391794
0.9611243297428218,1.0022268142633677
0.9611507031426422,1.0022604307167544
,,egauge18350,egauge13974,egauge7731,egauge28684,egauge19810,egauge13830,egauge8253,egauge20407,egauge8617,egauge30039
0.9931270511498017,1.0002584052933337
0.9611970938803327,1.0002693266029494
0.9611738985096933,1.0002693266028855
0.9611507031426422,1.000456384713238
0.9931270511498018,1.0002584052933337
0.9931270511498017,1.0003189101239314
0.8720833960556326,1.0087675900702804
0.9016010976098598,1.0002821048490576
0.9611970938803327,1.0002693266029494
0.9611970938803327,1.0011471842174262
0.961173898509693,1.0002693266028855
0.9611738985096933,1.0002693266028855
0.9611243297428218,1.0004669410694618
0.9611507031426422,1.0008247349330741
,,egauge2474,egauge14795,egauge26944,egauge33764,egauge18158,egauge19810,egauge16616,egauge8816,egauge15601,egauge30039
0.9931270511498017,1.0002034448063934
0.9611970938803327,1.002319561967195
0.9611738985096933,1.0022899963391791
0.9611507031426422,1.0022604307167544
0.9931270511498018,1.000351732238561
0.9931270511498017,1.0007327535162756
0.8720833960556326,1.0008091401730503
0.9016010976098598,1.0063319794066168
0.9611970938803327,1.0023195619671952
0.9611970938803327,1.002319561967195
0.961173898509693,1.0022899963391794
0.9611738985096933,1.0022899963391794
0.9611243297428218,1.0022268142633677
0.9611507031426422,1.0022604307167544
,,egauge13836,egauge20925,egauge3611,egauge17311,egauge13974,egauge7692,egauge2474,egauge8816,egauge23534,egauge5198
0.9931270511498017,1.0002584052933337
0.9611970938803327,1.0006069522893402
0.9611738985096933,1.0010956675729916
0.9611507031426422,1.0013793433195652
0.9931270511498018,1.0005652036153272
0.9931270511498017,1.0006656914391785
0.8720833960556326,1.0087675900702804
0.9016010976098598,1.0007250325287553
0.9611970938803327,1.0006850217517682
0.9611970938803327,1.0007961057253187
0.961173898509693,1.0012157072818426
0.9611738985096933,1.001363444217937
0.9611243297428218,1.0016217663836733
0.9611507031426422,1.0015870074389117
,,egauge21932,egauge20358,egauge16616,egauge24121,egauge14795,egauge19696,egauge3611,egauge19810,egauge4183,egauge7731
0.999792044732672,1.00005206248004
0.9979697991787293,1.0004550750935088
0.997090631968046,1.0005150500303075
0.9969591721185135,1.0007672837225263
0.9997920447326722,1.00005206248004
0.9995247884189751,1.000331387986692
0.9994066627389697,1.0001844913415288
0.9977307450995778,1.000586677047815
0.9976792198477639,1.0007561195798897
0.9952273804657658,1.0009205609245102
0.9970553072883649,1.000548732526496
0.9959272768300848,1.000110756495463
0.996870896035264,1.0008653262713676
0.9968691791656862,1.001069225246866
,,egauge26944,egauge8253,egauge19696,egauge33764,egauge8816,egauge22084,egauge13836,egauge4183,egauge19810,egauge24121
0.9929179292087783,1.0002584052389307
0.9295949897639652,1.0002650479638517
0.8602357766866099,1.0003536748812107
0.7909012630474394,1.0003216793664669
0.9929179292087783,1.0004025616495096
0.9929179292087783,1.0002584052389307
0.8720833960261117,1.0087675900153306
0.9016010973231354,1.0005506779062987
0.9295949897639652,1.0006334573626952
0.9295949897639652,1.0002313959090732
0.8602357766866099,1.0004849898831212
0.8602357787346867,1.0004977925125285
0.7909012630474394,1.0003216793664669
0.675037993338169,1.0005000211137385
